{
    "羞沾": [
        "羞沾",
        "Shame on",
        "可耻",
        [
            "可耻",
            "不负责任",
            "愚蠢",
            "无耻",
            "可笑",
            "轻蔑",
            "不能接受",
            "卑劣",
            "蔑视",
            "不能容忍"
        ]
    ],
    "牛马": [
        "牛马",
        "beasts of burden",
        "驮畜",
        []
    ],
    "青春": [
        "青春",
        "Youth",
        "青年",
        [
            "青年",
            "青年人",
            "大学生",
            "青少年",
            "中学生",
            "年青",
            "少年儿童",
            "年青人",
            "青年组",
            "菁英"
        ]
    ],
    "不再": [
        "不再",
        "No longer",
        "不再",
        [
            "不再",
            "仍然",
            "依然",
            "暂时",
            "不必",
            "才会",
            "便",
            "以后",
            "早已",
            "取而代之"
        ]
    ],
    "览": [
        "览",
        "View",
        "视角",
        [
            "视角",
            "视点",
            "角度",
            "第一人称",
            "多角度",
            "背景",
            "思路",
            "聚焦",
            "着重",
            "出发点"
        ]
    ],
    "友诗": [
        "友诗",
        "Friend poem",
        "朋友诗",
        [
            "朋友",
            "诗",
            "诗作",
            "好朋友",
            "好友",
            "诗句",
            "诗文",
            "朋友们",
            "作诗",
            "诗集",
            "诗词",
            "诗歌",
            "赋",
            "熟人",
            "老友",
            "同事",
            "吟咏",
            "密友",
            "老朋友",
            "女朋友"
        ]
    ],
    "三复": [
        "三复",
        "Three complex",
        "三个复合体",
        [
            "复合体",
            "复合物",
            "complex",
            "上皮细胞",
            "过氧化物",
            "N-",
            "游离",
            "复合",
            "一个大",
            "所在之处"
        ]
    ],
    "铿金": [
        "铿金",
        "Kenkin",
        "肯金",
        []
    ],
    "句句": [
        "句句",
        "Sentence",
        "句子",
        [
            "句子",
            "字词",
            "语句",
            "音节",
            "短语",
            "单词",
            "词组",
            "词语",
            "文法",
            "片语"
        ]
    ],
    "阳春": [
        "阳春",
        "spring",
        "弹簧",
        [
            "弹簧",
            "连杆",
            "轴承",
            "液压",
            "车轮",
            "油压",
            "刚性",
            "支架",
            "琴弦",
            "飞轮"
        ]
    ],
    "骇目": [
        "骇目",
        "Horrible eye",
        "可怕的眼睛",
        [
            "可怕",
            "眼睛",
            "双眼",
            "瞳孔",
            "耳朵",
            "鼻子",
            "嘴唇",
            "额头",
            "眼球",
            "嘴巴",
            "骇人",
            "胸部",
            "吓人",
            "愚蠢",
            "难以置信",
            "奇怪",
            "悲惨",
            "噩梦",
            "荒谬",
            "好像"
        ]
    ],
    "高吟": [
        "高吟",
        "Gao Yin",
        "印稿",
        []
    ],
    "楚骚": [
        "楚骚",
        "Chu Sao",
        "楚骚",
        []
    ],
    "蕴藉": [
        "蕴藉",
        "Implicitness",
        "隐含性",
        [
            "隐含",
            "性",
            "说明了",
            "暗示",
            "所谓",
            "特质",
            "暗含",
            "看成",
            "就是指",
            "持续性",
            "功能性",
            "比如说",
            "官能",
            "普遍性",
            "相关联",
            "病态",
            "便是",
            "连续性",
            "开放性",
            "适度"
        ]
    ],
    "元": [
        "元",
        "Element",
        "元素",
        [
            "元素",
            "要素",
            "原素",
            "成分",
            "金属元素",
            "类型",
            "锕系元素",
            "特性",
            "成份",
            "表达方式"
        ]
    ],
    "刘": [
        "刘",
        "Liu",
        "刘",
        [
            "刘",
            "陈",
            "赵",
            "吴",
            "杨",
            "李",
            "蔡",
            "徐",
            "姚",
            "郭"
        ]
    ],
    "幽栖志": [
        "幽栖志",
        "Living in seclusion",
        "隐居生活",
        [
            "隐居",
            "生活",
            "归隐",
            "退隐",
            "闲居",
            "寓居",
            "辞官",
            "终老",
            "避居",
            "寄居",
            "隐退",
            "贫困",
            "日常生活",
            "家庭",
            "与世隔绝",
            "穷困",
            "境遇",
            "生活习惯",
            "孤独",
            "社会生活"
        ]
    ],
    "翔": [
        "翔",
        "Xiang",
        "香",
        [
            "香",
            "梨",
            "莲",
            "木",
            "桐",
            "杏",
            "茗",
            "芳",
            "珠",
            "润"
        ]
    ],
    "丹凤": [
        "丹凤",
        "Danfeng",
        "冯丹",
        []
    ],
    "戛玉": [
        "戛玉",
        "Jia Yu",
        "贾玉",
        []
    ],
    "篇篇": [
        "篇篇",
        "Article",
        "文章",
        [
            "文章",
            "篇文章",
            "短文",
            "评论",
            "文中",
            "书评",
            "社论",
            "发表文章",
            "撰文",
            "篇名"
        ]
    ],
    "冰霜": [
        "冰霜",
        "Frost",
        "严寒",
        [
            "严寒",
            "寒冷",
            "炎热",
            "冬天",
            "严冬",
            "寒冬",
            "酷暑",
            "雨雪",
            "大雪",
            "暴风雪"
        ]
    ],
    "高雅": [
        "高雅",
        "Elegant",
        "优雅的",
        [
            "优雅",
            "高雅",
            "优美",
            "典雅",
            "华丽",
            "迷人",
            "庄重",
            "朴素",
            "雅致",
            "与众不同"
        ]
    ],
    "寡和": [
        "寡和",
        "Oligosum",
        "寡总和",
        [
            "寡",
            "总和",
            "少",
            "最少",
            "翻倍",
            "多于",
            "大于",
            "辄",
            "等于",
            "倍数",
            "毋",
            "千分之",
            "无以",
            "俱",
            "计",
            "二分",
            "；不",
            "也就是说",
            "唯",
            "若无"
        ]
    ],
    "陶艳": [
        "陶艳",
        "Tao Yan",
        "闫涛",
        []
    ],
    "陶谢": [
        "陶谢",
        "Tao Xie",
        "谢涛",
        []
    ],
    "寡和章": [
        "寡和章",
        "Oligochaeta chapter",
        "寡毛章",
        []
    ],
    "现玉": [
        "现玉",
        "Present jade",
        "现在的玉",
        [
            "现在",
            "玉",
            "今天",
            "如今",
            "以前",
            "现今",
            "过去",
            "今日",
            "锦",
            "珠",
            "凤",
            "麒麟",
            "直到现在",
            "那时候",
            "从前",
            "白玉",
            "苍",
            "芳",
            "芝",
            "和龙"
        ]
    ],
    "虬": [
        "虬",
        "Qiu",
        "邱",
        [
            "邱",
            "陈",
            "徐",
            "蔡",
            "杨",
            "辜",
            "麟",
            "邵",
            "昌",
            "洪"
        ]
    ],
    "无人敌": [
        "无人敌",
        "No enemy",
        "没有敌人",
        [
            "没有",
            "敌人",
            "没",
            "并未",
            "敌方",
            "无法",
            "不会",
            "不能",
            "从未",
            "未",
            "没有人",
            "很难",
            "敌军",
            "入侵者",
            "弱点",
            "己方",
            "轻易",
            "敌手",
            "敌",
            "同伴"
        ]
    ],
    "开编": [
        "开编",
        "Open edition",
        "开放版本",
        [
            "开放",
            "版本",
            "版",
            "原版",
            "对外开放",
            "新版本",
            "旧版",
            "正式版",
            "旧版本",
            "发行版",
            "完整版",
            "修改版",
            "封闭",
            "免费",
            "开放日",
            "闭馆",
            "停止使用",
            "解禁",
            "全站",
            "新开"
        ]
    ],
    "千镒贵": [
        "千镒贵",
        "Thousands of taels are expensive",
        "几千两很贵",
        [
            "贵",
            "喜",
            "良",
            "盛",
            "悦",
            "茂",
            "裕",
            "丰",
            "允",
            "聪"
        ]
    ],
    "旧闻": [
        "旧闻",
        "Old news",
        "旧消息",
        [
            "旧",
            "消息",
            "死讯",
            "假消息",
            "谣言",
            "传言",
            "传闻",
            "最新消息",
            "原有",
            "立即",
            "通告",
            "第一时间",
            "新",
            "原来",
            "上新",
            "原先",
            "原本",
            "从新",
            "从前",
            "才将"
        ]
    ],
    "姓字": [
        "姓字",
        "Last name",
        "姓",
        [
            "姓",
            "姓氏",
            "改姓",
            "汉姓",
            "复姓",
            "一姓",
            "后裔",
            "同姓",
            "原姓",
            "李姓"
        ]
    ],
    "不容": [
        "不容",
        "not allow",
        "不允许",
        [
            "允许",
            "容许",
            "强制",
            "准许",
            "无需",
            "必需",
            "受限制",
            "意味着",
            "而无须",
            "并不需要"
        ]
    ],
    "一字": [
        "一字",
        "One word",
        "一个字",
        [
            "字",
            "表字",
            "字元",
            "同音",
            "文",
            "读音",
            "字义",
            "别号",
            "小字",
            "本字"
        ]
    ],
    "风雅": [
        "风雅",
        "literary pursuits",
        "文学追求",
        [
            "文学",
            "追求",
            "古典文学",
            "现代文学",
            "散文",
            "文学作品",
            "诗歌",
            "文学创作",
            "文学史",
            "文学批评",
            "文学艺术",
            "执着",
            "渴望",
            "生活态度",
            "执著",
            "信念",
            "自觉",
            "真诚",
            "追寻",
            "渴求"
        ]
    ],
    "数篇": [
        "数篇",
        "Several articles",
        "几篇文章",
        [
            "文章",
            "篇文章",
            "短文",
            "评论",
            "文中",
            "书评",
            "社论",
            "发表文章",
            "撰文",
            "篇名"
        ]
    ],
    "可": [
        "可",
        "can",
        "能",
        []
    ],
    "举世": [
        "举世",
        "all over the world",
        "全世界",
        [
            "全世界",
            "全球",
            "世界",
            "世界各地",
            "在世界上",
            "全球性",
            "世界性",
            "当今世界",
            "世上",
            "迄今为止"
        ]
    ],
    "降": [
        "降",
        "lower",
        "降低",
        [
            "降低",
            "减少",
            "提高",
            "减低",
            "增加",
            "减小",
            "下降",
            "增高",
            "增大",
            "减缓"
        ]
    ],
    "万钧": [
        "万钧",
        "Wan jun",
        "万军",
        []
    ],
    "谁可": [
        "谁可",
        "Who can",
        "谁能",
        []
    ],
    "同流": [
        "同流",
        "With flow",
        "有流量",
        [
            "流量",
            "水量",
            "每秒",
            "水流量",
            "流速",
            "容量",
            "量",
            "输水",
            "容量大",
            "每秒钟"
        ]
    ],
    "今见": [
        "今见",
        "See you today",
        "今天见",
        [
            "今天",
            "见",
            "现在",
            "如今",
            "今日",
            "现今",
            "闻",
            "不见",
            "以前",
            "不知",
            "听闻",
            "时至今日",
            "方知",
            "只见",
            "却说",
            "那时候",
            "从前",
            "直到现在",
            "可知",
            "唯"
        ]
    ],
    "空畅": [
        "空畅",
        "Empty and smooth",
        "空而光滑",
        [
            "光滑",
            "平滑",
            "柔软",
            "粗糙",
            "凸起",
            "胚",
            "卷曲",
            "较厚",
            "凸",
            "粗大"
        ]
    ],
    "十篇": [
        "十篇",
        "Ten articles",
        "十篇文章",
        [
            "文章",
            "篇文章",
            "短文",
            "评论",
            "文中",
            "书评",
            "社论",
            "发表文章",
            "撰文",
            "篇名"
        ]
    ],
    "费": [
        "费",
        "Fee",
        "费用",
        [
            "费用",
            "开销",
            "支出",
            "开支",
            "经费",
            "花费",
            "款项",
            "额度",
            "费",
            "服务费"
        ]
    ],
    "琢磨": [
        "琢磨",
        "polish",
        "擦亮",
        []
    ],
    "七字": [
        "七字",
        "Seven words",
        "七个字",
        [
            "字",
            "表字",
            "字元",
            "同音",
            "文",
            "读音",
            "字义",
            "别号",
            "小字",
            "本字"
        ]
    ],
    "妙堪贫": [
        "妙堪贫",
        "Wonderful poverty",
        "极度贫困",
        [
            "极度",
            "贫困",
            "贫穷",
            "穷困",
            "极为",
            "极其",
            "十分",
            "贫苦",
            "极不",
            "愈发",
            "困苦",
            "过分",
            "失业",
            "穷苦",
            "穷人",
            "贫困人口",
            "近乎",
            "却是",
            "境遇",
            "以致于"
        ]
    ],
    "与观": [
        "与观",
        "Harmony view",
        "和谐观",
        [
            "和谐",
            "观",
            "禅",
            "玄妙",
            "人与自然",
            "包容",
            "共存",
            "佛家",
            "中道",
            "静",
            "名曰",
            "造化",
            "真如",
            "华严",
            "自然",
            "共处",
            "有序",
            "统一性",
            "并存",
            "平和"
        ]
    ],
    "咏": [
        "咏",
        "Wing",
        "翼",
        [
            "翼",
            "翼尖",
            "双翼",
            "前缘",
            "小翼",
            "机尾",
            "前部",
            "阔大",
            "身下",
            "羽翼"
        ]
    ],
    "眼前": [
        "眼前",
        "now",
        "现在",
        [
            "现在",
            "今天",
            "如今",
            "以前",
            "现今",
            "过去",
            "今日",
            "直到现在",
            "那时候",
            "从前"
        ]
    ],
    "如对": [
        "如对",
        "If yes",
        "如果是的话",
        []
    ],
    "中谈": [
        "中谈",
        "Talk about",
        "讨论",
        [
            "讨论",
            "辩论",
            "争论",
            "探讨",
            "研讨",
            "谈论",
            "发表意见",
            "争辩",
            "咨询",
            "提问"
        ]
    ],
    "汲汲": [
        "汲汲",
        "anxious",
        "渴望的",
        [
            "渴望",
            "渴求",
            "向往",
            "盼望",
            "热情",
            "心中",
            "想要",
            "执著",
            "普通人",
            "执着"
        ]
    ],
    "藜": [
        "藜",
        "goosefoot",
        "鹅脚",
        []
    ],
    "火": [
        "火",
        "Fire",
        "火",
        [
            "火",
            "火焰",
            "烧",
            "烈焰",
            "火光",
            "燃",
            "雨",
            "火神",
            "雷公",
            "雷电"
        ]
    ],
    "展卷": [
        "展卷",
        "Spreading roll",
        "展开辊",
        [
            "展开",
            "辊",
            "进行",
            "工件",
            "开展",
            "压延",
            "告一段落",
            "螺杆",
            "落幕",
            "受力",
            "揭开",
            "烧结",
            "轴承",
            "作准备",
            "纺丝",
            "穿孔",
            "揭开序幕",
            "径向",
            "进行时",
            "一触即发"
        ]
    ],
    "披卷": [
        "披卷",
        "read",
        "阅读",
        [
            "阅读",
            "读者",
            "写作",
            "读物",
            "学习者",
            "书本",
            "朗读",
            "写出",
            "读到",
            "选读"
        ]
    ],
    "时习": [
        "时习",
        "Time and practice",
        "时间和实践",
        [
            "时间",
            "实践",
            "星期",
            "一段时间",
            "小时",
            "实践中",
            "间隔时间",
            "倡导",
            "方法论",
            "整整",
            "时长",
            "时间段",
            "等待时间",
            "短时间",
            "实证",
            "系统化",
            "在实践中",
            "概念化",
            "出发点",
            "有系统"
        ]
    ],
    "克私": [
        "克私",
        "Crest",
        "冠",
        [
            "冠",
            "硕大",
            "背",
            "麒麟",
            "赖氏",
            "次于",
            "更以",
            "可称",
            "Pardosa",
            "</s>"
        ]
    ],
    "夜诵": [
        "夜诵",
        "Night recitation",
        "夜间朗诵",
        [
            "夜间",
            "朗诵",
            "白天",
            "夜晚",
            "日间",
            "朗读",
            "诵读",
            "傍晚",
            "昼间",
            "吟诵",
            "吟唱",
            "歌咏",
            "合唱队",
            "深夜",
            "圣诗",
            "即席",
            "定时",
            "日夜",
            "午后",
            "和诗"
        ]
    ],
    "图书": [
        "图书",
        "Books",
        "书",
        [
            "书",
            "著作",
            "序言",
            "序文",
            "文中",
            "笔记",
            "论著",
            "前言",
            "注解",
            "著书"
        ]
    ],
    "沉涵": [
        "沉涵",
        "Sink culvert",
        "水槽涵洞",
        [
            "水槽",
            "涵洞",
            "水管",
            "浴缸",
            "水池",
            "水龙头",
            "马桶",
            "的水",
            "排水沟",
            "水沟",
            "水桶",
            "浴室",
            "水渠",
            "桥下",
            "将水",
            "巷道",
            "洞口",
            "人行",
            "主路",
            "桥头"
        ]
    ],
    "兰室": [
        "兰室",
        "Blue chamber",
        "蓝色室",
        [
            "蓝色",
            "室",
            "红色",
            "深蓝色",
            "白色",
            "黄色",
            "粉红色",
            "橙色",
            "紫色",
            "金色",
            "浅蓝色",
            "二楼",
            "四楼",
            "一楼",
            "会议室",
            "房",
            "三楼",
            "寝室",
            "楼内",
            "过道"
        ]
    ],
    "百回": [
        "百回",
        "One hundred times",
        "一百次",
        []
    ],
    "孜孜": [
        "孜孜",
        "diligent",
        "用功的",
        [
            "用功",
            "刻苦",
            "才学",
            "发奋",
            "勤奋",
            "谦虚",
            "勤学",
            "得意",
            "用心",
            "上进"
        ]
    ],
    "日新": [
        "日新",
        "New day",
        "新的一天",
        [
            "新的",
            "新",
            "重新",
            "最初",
            "原先",
            "更进一步",
            "取而代之",
            "属于自己",
            "一新",
            "在此之后"
        ]
    ],
    "察理": [
        "察理",
        "Richard",
        "理查德",
        [
            "理查德",
            "霍利",
            "安德鲁",
            "迈克尔",
            "罗伯特",
            "弗兰克",
            "马修",
            "托马斯",
            "斯图尔特",
            "马丁"
        ]
    ],
    "晨吟": [
        "晨吟",
        "Morning songs",
        "晨歌",
        []
    ],
    "讲贯": [
        "讲贯",
        "Speak through",
        "讲清楚",
        []
    ],
    "芝窗": [
        "芝窗",
        "Cheese window",
        "干酪窗",
        [
            "干酪",
            "窗",
            "芝士",
            "奶酪",
            "起司",
            "乳酪",
            "奶油",
            "番茄酱",
            "酱汁",
            "阳台",
            "馅饼",
            "门窗",
            "天窗",
            "小窗",
            "玻璃窗",
            "蜂蜜",
            "回廊",
            "拱形",
            "墙面",
            "墙身"
        ]
    ],
    "窗前": [
        "窗前",
        "Window",
        "窗户",
        [
            "窗户",
            "玻璃窗",
            "墙壁",
            "天花板",
            "屋顶",
            "阳台",
            "房顶",
            "楼梯间",
            "窗子",
            "窗台"
        ]
    ],
    "新得妙": [
        "新得妙",
        "New and wonderful",
        "新的精彩",
        [
            "新的",
            "精彩",
            "精采",
            "新",
            "令人难忘",
            "重新",
            "惊艳",
            "动人",
            "引人入胜",
            "有趣",
            "扣人心弦",
            "难忘",
            "轻松",
            "最初",
            "原先",
            "更进一步",
            "取而代之",
            "属于自己",
            "一新",
            "在此之后"
        ]
    ],
    "儒志苦": [
        "儒志苦",
        "Confucianism is bitter",
        "儒家思想是苦涩的",
        [
            "儒家思想",
            "苦涩",
            "儒家",
            "儒教",
            "儒家文化",
            "儒学",
            "中华文化",
            "汉文化",
            "中国文化",
            "传统文化",
            "儒者",
            "滋味",
            "忧伤",
            "感伤",
            "甜蜜",
            "陶醉",
            "有种",
            "暗喻",
            "往昔",
            "；也"
        ]
    ],
    "无穷": [
        "无穷",
        "Infinite",
        "无限",
        []
    ],
    "生意": [
        "生意",
        "Business",
        "商业",
        [
            "商业",
            "商业性",
            "商业活动",
            "零售",
            "商贸",
            "商业化",
            "金融业",
            "零售业",
            "娱乐业",
            "赢利"
        ]
    ],
    "内蕴": [
        "内蕴",
        "hold",
        "控制",
        [
            "控制",
            "掌控",
            "操控",
            "支配",
            "压制",
            "操纵",
            "管控",
            "依靠",
            "遏制",
            "高度集中"
        ]
    ],
    "多文": [
        "多文",
        "Doven",
        "鸽子",
        [
            "鸽子",
            "猴子",
            "公鸡",
            "乌鸦",
            "兔子",
            "小动物",
            "山羊",
            "鸭子",
            "蚊子",
            "树梢"
        ]
    ],
    "岂为": [
        "岂为",
        "Is it",
        "是吗",
        []
    ],
    "心常": [
        "心常",
        "Heart rate",
        "心率",
        [
            "心率",
            "血压",
            "自转",
            "倾角",
            "偏心率",
            "运动速度",
            "角速度",
            "敏感度",
            "逆行",
            "长周期"
        ]
    ],
    "潜": [
        "潜",
        "hidden",
        "隐藏的",
        [
            "隐藏",
            "隐蔽",
            "伪装",
            "隐密",
            "黑影",
            "背后",
            "隐秘",
            "暗藏",
            "隐匿",
            "像是"
        ]
    ],
    "大业": [
        "大业",
        "great cause",
        "伟大的事业",
        [
            "伟大",
            "事业",
            "最出色",
            "毫无疑问",
            "演艺事业",
            "伟人",
            "全心",
            "了不起",
            "无与伦比",
            "杰作",
            "心目中",
            "鼓舞人心",
            "赞美",
            "努力",
            "投身于",
            "志业",
            "专注",
            "出版事业",
            "运输业",
            "娱乐业"
        ]
    ],
    "三月": [
        "三月",
        "March",
        "行进",
        [
            "行进",
            "前进",
            "前行",
            "移动",
            "穿越",
            "穿过",
            "进发",
            "行经",
            "驶去",
            "飘移"
        ]
    ],
    "檠": [
        "檠",
        "A discussion",
        "讨论",
        [
            "讨论",
            "辩论",
            "争论",
            "探讨",
            "研讨",
            "谈论",
            "发表意见",
            "争辩",
            "咨询",
            "提问"
        ]
    ],
    "旧": [
        "旧",
        "Old",
        "老的",
        [
            "老",
            "杨家",
            "据说",
            "外公",
            "从前",
            "据传",
            "来由",
            "据闻",
            "Pardosa",
            "</s>"
        ]
    ],
    "通融": [
        "通融",
        "get around regulations",
        "绕开规定",
        [
            "绕开",
            "规定",
            "明确规定",
            "规章",
            "明文规定",
            "明定",
            "法规",
            "按规定",
            "规范",
            "原则上",
            "订明",
            "绕过",
            "规避",
            "避开",
            "另辟",
            "加以控制",
            "借助于",
            "这样一来",
            "</s>",
            "Pardosa"
        ]
    ],
    "圣门": [
        "圣门",
        "Holy gate",
        "圣门",
        []
    ],
    "不了": [
        "不了",
        "No.",
        "不。",
        []
    ],
    "旁通": [
        "旁通",
        "bypass",
        "忽视",
        [
            "忽视",
            "忽略",
            "漠视",
            "容忍",
            "过分",
            "无视",
            "回避",
            "显然",
            "被忽视",
            "无论如何"
        ]
    ],
    "只尊": [
        "只尊",
        "Only honour",
        "只有荣誉",
        [
            "荣誉",
            "荣誉奖",
            "颁发",
            "殊荣",
            "荣衔",
            "名誉博士",
            "名誉",
            "获奖者",
            "金质奖章",
            "桂冠"
        ]
    ],
    "手不": [
        "手不",
        "Hand no",
        "手不",
        [
            "手",
            "左手",
            "右手",
            "双手",
            "挥",
            "握",
            "弓",
            "手脚",
            "一手",
            "在手"
        ]
    ],
    "释群经": [
        "释群经",
        "Interpretation of the group sutra",
        "《群经》解读",
        [
            "解读",
            "理解",
            "解释",
            "阐释",
            "说明",
            "表述",
            "探究",
            "点出",
            "暗示",
            "说明了"
        ]
    ],
    "锐意": [
        "锐意",
        "with keen determination",
        "以坚定的决心",
        [
            "坚定",
            "决心",
            "决意",
            "下定决心",
            "忠诚",
            "不屈不挠",
            "急于",
            "一心",
            "坚信",
            "竭力",
            "宽容",
            "尽力",
            "坚持",
            "坚决",
            "下决心",
            "不顾一切",
            "执意",
            "坚定不移",
            "始终如一",
            "忠于"
        ]
    ],
    "论诗": [
        "论诗",
        "On Poetry",
        "论诗歌",
        [
            "诗歌",
            "抒情诗",
            "诗作",
            "文学作品",
            "散文",
            "文学",
            "诗篇",
            "诗词",
            "诗",
            "短诗"
        ]
    ],
    "礼": [
        "礼",
        "ceremony",
        "仪式",
        [
            "仪式",
            "典礼",
            "宗教仪式",
            "庆典",
            "葬礼",
            "丧礼",
            "婚礼",
            "祈祷",
            "礼拜",
            "大礼"
        ]
    ],
    "休辞": [
        "休辞",
        "Stop saying",
        "别说了",
        []
    ],
    "连夜": [
        "连夜",
        "the same night",
        "同一天晚上",
        [
            "同一天",
            "晚上",
            "早上",
            "中午",
            "傍晚",
            "下午",
            "凌晨",
            "晚间",
            "清晨",
            "早晨",
            "午夜",
            "当天",
            "前不久",
            "几天后",
            "紧接著",
            "不久前",
            "同一时间",
            "月末",
            "稍晚",
            "先于"
        ]
    ]
}