{
    "金貂": [
        "金貂",
        "Golden mink",
        "金貂皮",
        [
            "貂皮",
            "羊毛",
            "毛皮",
            "鹿皮",
            "绢",
            "皮毛",
            "绸缎",
            "羊皮",
            "驼",
            "带子"
        ]
    ],
    "贳": [
        "贳",
        "rent out",
        "出租",
        [
            "出租",
            "租赁",
            "租用",
            "租",
            "租给",
            "承租",
            "私人",
            "转售",
            "自用",
            "月租"
        ]
    ],
    "酒仙": [
        "酒仙",
        "Brewmaster",
        "酿酒师",
        [
            "酿酒师",
            "葡萄酒",
            "酿制",
            "香槟酒",
            "酒商",
            "烈酒",
            "内科医生",
            "面包师",
            "拉图",
            "了了"
        ]
    ],
    "宫花": [
        "宫花",
        "Miyagi",
        "宫城",
        [
            "宫城",
            "城郭",
            "子城",
            "内城",
            "二条城",
            "石垣",
            "月城",
            "南大门",
            "北城",
            "大谷"
        ]
    ],
    "插帽": [
        "插帽",
        "Plug cap",
        "插头",
        [
            "插头",
            "插座",
            "连接器",
            "插槽",
            "接地",
            "接头",
            "主机板",
            "连接埠",
            "缆线",
            "插口"
        ]
    ],
    "抽毫": [
        "抽毫",
        "Draw hair",
        "画头发",
        [
            "画",
            "头发",
            "所画",
            "短发",
            "脸上",
            "胡须",
            "长发",
            "衣服",
            "毛发",
            "指甲",
            "眉毛",
            "描画",
            "画作",
            "图画",
            "肖像画",
            "素描",
            "画像",
            "头上",
            "手绘",
            "速写"
        ]
    ],
    "侍": [
        "侍",
        "Waiter",
        "服务员",
        [
            "服务员",
            "空服员",
            "服务生",
            "职员",
            "护士",
            "侍应",
            "空姐",
            "地勤人员",
            "实习生",
            "酒保"
        ]
    ],
    "冕旒": [
        "冕旒",
        "Mian Yi",
        "棉衣",
        []
    ],
    "总": [
        "总",
        "Total",
        "总数",
        [
            "总数",
            "总人数",
            "数目",
            "半数",
            "分之一",
            "总共",
            "总计",
            "多达",
            "据统计",
            "为数"
        ]
    ],
    "漕": [
        "漕",
        "Cao",
        "首席行政官",
        [
            "首席",
            "行政官",
            "总监",
            "行政官员",
            "总裁兼",
            "助理",
            "长官",
            "首长",
            "顾问",
            "执行官",
            "省督",
            "首席法官",
            "身兼",
            "主管",
            "副手",
            "事务官",
            "高级顾问",
            "首脑",
            "指派"
        ]
    ],
    "胪": [
        "胪",
        "Luan",
        "一种烹调的菜肴",
        [
            "烹调",
            "菜肴",
            "菜式",
            "菜色",
            "烹饪",
            "道菜",
            "调味",
            "食材",
            "佳肴",
            "烹煮",
            "烹制",
            "调料",
            "糕点",
            "腌制",
            "酱料",
            "点心",
            "调味料",
            "油炸",
            "配料"
        ]
    ],
    "金穴": [
        "金穴",
        "Golden cave",
        "金色洞穴",
        [
            "金色",
            "洞穴",
            "银色",
            "蓝色",
            "白色",
            "红色",
            "岩洞",
            "黑色",
            "紫色",
            "山洞",
            "洞内",
            "黄色",
            "岩石",
            "地洞",
            "粉红色",
            "深蓝色",
            "巢穴",
            "洞窟",
            "岩壁",
            "深处"
        ]
    ],
    "傧赞": [
        "傧赞",
        "Xi Zan",
        "喜赞",
        []
    ],
    "九宾": [
        "九宾",
        "Nine guests",
        "九位客人",
        [
            "九位",
            "客人",
            "顾客",
            "食客",
            "宾客",
            "用餐",
            "吃饭",
            "招呼",
            "服务生",
            "侍应",
            "喝茶",
            "前三位",
            "列名",
            "几位",
            "次于",
            "并列",
            "共五",
            "位与",
            "Pardosa",
            "</s>"
        ]
    ],
    "重译": [
        "重译",
        "retranslate",
        "重译",
        [
            "重译",
            "译出",
            "刊印",
            "译文",
            "印行",
            "底本",
            "译者",
            "修订本",
            "初版",
            "编者"
        ]
    ],
    "来朝": [
        "来朝",
        "Come to Korea",
        "来韩国",
        [
            "韩国",
            "南韩",
            "北韩",
            "日本",
            "朝鲜",
            "韩国政府",
            "北朝鲜",
            "大韩民国",
            "中韩",
            "日韩"
        ]
    ],
    "鹿门": [
        "鹿门",
        "Deer gate",
        "鹿门",
        []
    ],
    "罗条": [
        "罗条",
        "Rows",
        "行",
        [
            "行",
            "讫",
            "言道",
            "引",
            "不依",
            "自为",
            "唯",
            "；大",
            "先为",
            "在行"
        ]
    ],
    "百职": [
        "百职",
        "100 jobs",
        "100份工作",
        [
            "工作",
            "管理工作",
            "岗位",
            "实习",
            "兼职",
            "临时工",
            "指导",
            "文书工作",
            "社会活动",
            "指导工作"
        ]
    ],
    "九仪": [
        "九仪",
        "Nine instruments",
        "九种仪器",
        [
            "九种",
            "仪器",
            "测量仪器",
            "科学仪器",
            "设备",
            "器材",
            "光学仪器",
            "精密",
            "电子设备",
            "光学设备",
            "的设备",
            "大类",
            "几类",
            "可分",
            "可有",
            "另有",
            "则有",
            "都可",
            "各别",
            "都有"
        ]
    ],
    "允正": [
        "允正",
        "Allow to be correct",
        "允许正确",
        [
            "允许",
            "正确",
            "准确",
            "容许",
            "恰当",
            "错误",
            "正确地",
            "适当",
            "合理",
            "强制",
            "准许",
            "无需",
            "应该",
            "确实",
            "必需",
            "受限制",
            "无论如何",
            "意味着",
            "而无须",
            "并不需要"
        ]
    ],
    "礼部": [
        "礼部",
        "the ministry of rites in feudal china",
        "封建中国的礼部",
        [
            "封建",
            "中国",
            "礼部",
            "吏部",
            "兵部",
            "户部",
            "刑部",
            "封建制度",
            "工部",
            "工部尚书",
            "封建社会",
            "专制",
            "君主专制",
            "太常寺",
            "光禄寺",
            "统治阶级",
            "社会制度",
            "工部侍郎",
            "专制主义",
            "等级制度",
            "封建时代",
            "我国",
            "中华人民共和国",
            "欧美",
            "华南地区",
            "东亚",
            "西方",
            "中国人",
            "华北地区",
            "近现代"
        ]
    ],
    "司书": [
        "司书",
        "Book division",
        "图书部",
        [
            "图书",
            "图书馆",
            "书籍",
            "书刊",
            "馆藏",
            "图书资料",
            "书目",
            "参考书",
            "善本",
            "影印"
        ]
    ],
    "台斗": [
        "台斗",
        "Table bucket",
        "工作台铲斗",
        [
            "工作台",
            "木板",
            "构件",
            "木条",
            "木头",
            "金属板",
            "门板",
            "支架",
            "窗框",
            "铁环"
        ]
    ],
    "仪曹": [
        "仪曹",
        "Yicao",
        "一草",
        []
    ],
    "清冠": [
        "清冠",
        "Clear crown",
        "透明冠",
        [
            "透明",
            "冠",
            "半透明",
            "光亮",
            "薄膜",
            "表面",
            "透光",
            "绿色",
            "乳白色",
            "粉红色",
            "紫色",
            "硕大",
            "背",
            "麒麟",
            "赖氏",
            "次于",
            "更以",
            "可称",
            "Pardosa",
            "</s>"
        ]
    ],
    "百僚": [
        "百僚",
        "Bai Liao",
        "廖白",
        []
    ],
    "六十": [
        "六十",
        "Sixty",
        "六十",
        []
    ],
    "宗伯": [
        "宗伯",
        "Zongbo",
        "宗博",
        []
    ],
    "司礼": [
        "司礼",
        "Si Li",
        "李思",
        [
            "李思",
            "允",
            "张彦",
            "俭",
            "李英",
            "王思",
            "聪",
            "悦",
            "李彦",
            "斌"
        ]
    ],
    "仪型": [
        "仪型",
        "Instrument type",
        "仪器类型",
        [
            "仪器",
            "类型",
            "测量仪器",
            "科学仪器",
            "类别",
            "设备",
            "器材",
            "种类",
            "光学仪器",
            "精密",
            "电子设备",
            "光学设备",
            "特性",
            "各种类型",
            "的设备",
            "一般来说",
            "子类",
            "多种类型",
            "型式",
            "并不一定"
        ]
    ],
    "万国": [
        "万国",
        "All Nations",
        "所有国家",
        [
            "国家",
            "国家所",
            "国家政府",
            "第三世界",
            "发展中国家",
            "发达国家",
            "国际组织",
            "国内",
            "东欧国家",
            "各地区"
        ]
    ],
    "曲礼": [
        "曲礼",
        "Quli",
        "曲丽",
        []
    ],
    "典秩": [
        "典秩",
        "Canonical rank",
        "规范秩",
        [
            "规范",
            "秩",
            "法规",
            "标准",
            "规章",
            "准则",
            "标准化",
            "原则",
            "约束",
            "标准规范",
            "规约",
            "父",
            "百石",
            "庶子",
            "文武",
            "辅",
            "谒",
            "大行",
            "记作",
            "以次"
        ]
    ],
    "宗礼": [
        "宗礼",
        "Zongli",
        "李宗",
        [
            "李宗",
            "郑",
            "李振",
            "王铎",
            "徐谦",
            "张继",
            "王庆",
            "熹",
            "玑",
            "</s>"
        ]
    ],
    "掌主": [
        "掌主",
        "Palm Lord",
        "掌主",
        []
    ],
    "客膳": [
        "客膳",
        "Guest meal",
        "客饭",
        []
    ],
    "明白": [
        "明白",
        "Understand",
        "明白；理解",
        [
            "明白",
            "理解",
            "知道",
            "解读",
            "解释",
            "说出",
            "了解",
            "思考",
            "认知",
            "忘记",
            "想到",
            "认清",
            "表达出来",
            "心里",
            "阐释",
            "忽略",
            "确信",
            "坚信",
            "无论如何"
        ]
    ],
    "百王制": [
        "百王制",
        "100 - king system",
        "100国王系统",
        [
            "国王",
            "系统",
            "该系统",
            "君主",
            "统治者",
            "控制系统",
            "子系统",
            "的系统",
            "王室",
            "摄政王",
            "王后",
            "世",
            "王储",
            "女王",
            "管理系统",
            "王子",
            "系统会",
            "系统设计",
            "系统对",
            "种系统"
        ]
    ],
    "握春": [
        "握春",
        "Hold spring",
        "保持弹簧",
        [
            "保持",
            "弹簧",
            "维持",
            "始终保持",
            "连杆",
            "保持稳定",
            "轴承",
            "液压",
            "保有",
            "车轮",
            "油压",
            "刚性",
            "支架",
            "琴弦",
            "飞轮",
            "保证",
            "保持良好",
            "持续保持",
            "依然",
            "保持一致"
        ]
    ],
    "署衡": [
        "署衡",
        "Department scale",
        "部门规模",
        [
            "部门",
            "规模",
            "机构",
            "政府部门",
            "主管",
            "政府机构",
            "其他部门",
            "业务部门",
            "管理工作",
            "管理机构",
            "行政部门",
            "数量",
            "需求量",
            "体量",
            "影响力也",
            "数目",
            "生产能力",
            "覆盖面",
            "现有",
            "为数"
        ]
    ],
    "判制": [
        "判制",
        "Adjudication system",
        "裁决制度",
        [
            "裁决",
            "制度",
            "判决",
            "裁定",
            "体制",
            "上诉",
            "法院",
            "最高法院",
            "管理制度",
            "法庭",
            "政治体制",
            "税制",
            "仲裁",
            "政治制度",
            "联邦最高法院",
            "新制度",
            "制度化",
            "法制",
            "重审",
            "社会制度"
        ]
    ],
    "科": [
        "科",
        "Family",
        "家庭的",
        [
            "家庭",
            "中产阶级",
            "家庭成员",
            "大家庭",
            "贫穷",
            "父母",
            "家庭主妇",
            "父母亲",
            "兄弟姐妹",
            "普通家庭"
        ]
    ],
    "书吏": [
        "书吏",
        "Book collectors",
        "图书收藏家",
        [
            "图书",
            "收藏家",
            "收藏",
            "图书馆",
            "书籍",
            "书刊",
            "古董",
            "收藏品",
            "馆藏",
            "图书资料",
            "书目",
            "珍品",
            "艺术品",
            "藏家",
            "珍藏",
            "鉴赏家",
            "参考书",
            "善本",
            "收藏者",
            "影印"
        ]
    ],
    "丹书": [
        "丹书",
        "Dan Shu",
        "丹叔",
        []
    ],
    "粮": [
        "粮",
        "food",
        "食物",
        [
            "食物",
            "肉类",
            "营养",
            "进食",
            "食用",
            "饲料",
            "粪便",
            "食材",
            "腐肉",
            "蜂蜜"
        ]
    ],
    "挽粟": [
        "挽粟",
        "Pulling millet",
        "拔小米",
        [
            "拔",
            "小米",
            "忽",
            "苹果",
            "迭",
            "吐",
            "俟",
            "罕",
            "秃",
            "悉",
            "留",
            "呼",
            "新品",
            "黑莓",
            "系列产品",
            "桔",
            "土豆",
            "竹叶",
            "瓜子",
            "</s>"
        ]
    ],
    "陈因": [
        "陈因",
        "Chen yin",
        "陈印",
        []
    ],
    "飞刍": [
        "飞刍",
        "Fei Chu",
        "飞珠",
        []
    ],
    "调发": [
        "调发",
        "Hair adjustment",
        "头发调整",
        [
            "头发",
            "调整",
            "变更",
            "短发",
            "脸上",
            "胡须",
            "长发",
            "衣服",
            "毛发",
            "指甲",
            "眉毛",
            "变动",
            "头上",
            "修正",
            "修改",
            "微调",
            "缩减",
            "更改",
            "优化",
            "相应"
        ]
    ],
    "资利": [
        "资利",
        "Capital gains",
        "资本收益",
        [
            "资本",
            "收益",
            "利润",
            "收入",
            "盈利",
            "盈余",
            "资产",
            "投资者",
            "融资",
            "获利",
            "外汇",
            "投资",
            "外资",
            "储蓄",
            "企业",
            "利息",
            "支出",
            "现金流",
            "金融市场",
            "额度"
        ]
    ],
    "藉": [
        "藉",
        "By",
        "经过",
        []
    ],
    "木牛助": [
        "木牛助",
        "Wooden Cow Aid",
        "木制牛援助",
        [
            "牛",
            "援助",
            "军事援助",
            "经济援助",
            "羊",
            "猪",
            "提供援助",
            "鸡",
            "鹿",
            "水牛",
            "山羊",
            "头",
            "骆驼",
            "急需",
            "贷款",
            "军援",
            "金援",
            "两头",
            "资助",
            "救助"
        ]
    ],
    "镇抚功": [
        "镇抚功",
        "Zhen Fu Gong",
        "甄宓宫",
        [
            "宫",
            "宫为",
            "殿",
            "皇宫",
            "王宫",
            "宫在",
            "行宫",
            "离宫",
            "宫是",
            "宫前"
        ]
    ],
    "利开": [
        "利开",
        "Likai",
        "李凯",
        []
    ],
    "滻": [
        "滻",
        "Xun",
        "荀",
        [
            "荀",
            "魏",
            "陆逊",
            "陆机",
            "桓",
            "张温",
            "晏",
            "贾逵",
            "攸",
            "张华"
        ]
    ],
    "光奉": [
        "光奉",
        "Light service",
        "轻型服务",
        [
            "服务",
            "公共服务",
            "免费",
            "咨询服务",
            "一站式",
            "服务项目",
            "客户服务",
            "维修服务",
            "增值",
            "服务于"
        ]
    ],
    "制函": [
        "制函",
        "Letter of restraint",
        "克制函",
        [
            "克制",
            "函",
            "抗拒",
            "容忍",
            "顾忌",
            "公文",
            "专一",
            "一味",
            "下述",
            "回避",
            "等价",
            "固执",
            "实例",
            "虚",
            "回击",
            "作对",
            "恒等",
            "逆",
            "可执行",
            "由此可知"
        ]
    ],
    "千艘": [
        "千艘",
        "Thousands of ships",
        "成千上万艘船",
        [
            "成千上万",
            "船",
            "船只",
            "数以千计",
            "小船",
            "船上",
            "货船",
            "轮船",
            "船队",
            "一艘船",
            "大船",
            "数以万计",
            "数以百计",
            "船舰",
            "成百上千",
            "上百",
            "据称",
            "为数众多",
            "有数",
            "在在"
        ]
    ],
    "衔尾": [
        "衔尾",
        "Bit tail",
        "钻头尾部",
        [
            "钻头",
            "尾部",
            "背部",
            "头部",
            "前端",
            "尾端",
            "钻孔",
            "后部",
            "颈部",
            "前部",
            "口部",
            "末端",
            "工件",
            "钻机",
            "螺杆",
            "切削",
            "套管",
            "螺丝",
            "刀具",
            "链条"
        ]
    ],
    "小册": [
        "小册",
        "brochure",
        "小册子",
        [
            "小册子",
            "小册",
            "册子",
            "传单",
            "出版物",
            "文章",
            "篇文章",
            "宣传册",
            "一本书",
            "短文"
        ]
    ],
    "记粮": [
        "记粮",
        "Record grain",
        "记录谷物",
        [
            "记录",
            "谷物",
            "纪录",
            "小麦",
            "历史记录",
            "记录下来",
            "肉类",
            "棉花",
            "玉米",
            "大米",
            "谷类",
            "马铃薯",
            "历史纪录",
            "蔬果",
            "大麦",
            "日志",
            "记事",
            "详细描述",
            "就有",
            "据信"
        ]
    ],
    "权助": [
        "权助",
        "Right to help",
        "帮助权",
        [
            "帮助",
            "权",
            "协助",
            "努力",
            "设法",
            "希望",
            "权利",
            "管理权",
            "无权",
            "鼓励",
            "试图",
            "有权",
            "尽力",
            "特权",
            "决策权",
            "全权",
            "许可权",
            "使用权",
            "借助",
            "为了让"
        ]
    ],
    "军": [
        "军",
        "Army",
        "军队",
        [
            "军队",
            "的军队",
            "部队",
            "的部队",
            "士兵",
            "正规军",
            "他的军队",
            "雇佣军",
            "驻军",
            "支军队"
        ]
    ],
    "享成": [
        "享成",
        "Enjoy success",
        "享受成功",
        [
            "享受",
            "成功",
            "顺利",
            "取得成功",
            "获得成功",
            "失败",
            "享用",
            "享有",
            "最终",
            "尝试",
            "尽情",
            "急于",
            "事与愿违",
            "珍惜",
            "渴望",
            "独享",
            "渴求",
            "出乎意料",
            "忘却",
            "更有"
        ]
    ],
    "充": [
        "充",
        "full",
        "全部",
        []
    ],
    "转运": [
        "转运",
        "Transport",
        "运输",
        [
            "运输",
            "交通运输",
            "铁路运输",
            "货物运输",
            "运送",
            "输送",
            "空运",
            "运输工具",
            "货运",
            "海上运输"
        ]
    ],
    "计": [
        "计",
        "Meter",
        "米",
        []
    ],
    "积起": [
        "积起",
        "Accumulate up",
        "积累起来",
        [
            "积累",
            "起来",
            "累积",
            "吸取",
            "获取",
            "积攒",
            "积聚",
            "一起",
            "紧紧",
            "出去",
            "痛快",
            "依靠",
            "获益",
            "慢慢地",
            "受益",
            "上去",
            "好像",
            "造就",
            "大大的",
            "上来"
        ]
    ],
    "盟津": [
        "盟津",
        "Meng Jin",
        "金梦",
        []
    ],
    "荣持": [
        "荣持",
        "Rongji",
        "荣基",
        []
    ],
    "漕节": [
        "漕节",
        "Cao festival",
        "曹节",
        [
            "曹节",
            "灵帝",
            "桓帝",
            "汉灵帝",
            "延熹",
            "中平",
            "张华",
            "高肇",
            "张温",
            "杨雄"
        ]
    ],
    "万灶": [
        "万灶",
        "Wan Zao",
        "万藻",
        []
    ],
    "连营": [
        "连营",
        "Company camp",
        "连营",
        [
            "连营",
            "连夜",
            "镬",
            "请出",
            "部属",
            "近日",
            "数百人",
            "一时之间",
            "<tr>",
            "</s>"
        ]
    ],
    "大仓": [
        "大仓",
        "Big bin",
        "大垃圾箱",
        [
            "垃圾箱",
            "垃圾桶",
            "箱子",
            "浴缸",
            "橱柜",
            "塑料袋",
            "屋子",
            "衣橱",
            "进去",
            "垃圾场"
        ]
    ],
    "积粟": [
        "积粟",
        "Millet accumulation",
        "小米积累",
        [
            "小米",
            "积累",
            "累积",
            "苹果",
            "吸取",
            "获取",
            "积攒",
            "积聚",
            "依靠",
            "获益",
            "受益",
            "新品",
            "黑莓",
            "造就",
            "系列产品",
            "桔",
            "土豆",
            "竹叶",
            "瓜子",
            "</s>"
        ]
    ],
    "惠及": [
        "惠及",
        "Benefit",
        "利益",
        [
            "利益",
            "个人利益",
            "商业利益",
            "公共利益",
            "利益集团",
            "权益",
            "共同利益",
            "国家主权",
            "私利",
            "既得利益"
        ]
    ],
    "黎民": [
        "黎民",
        "the common people",
        "普通人",
        [
            "普通人",
            "一个人",
            "的人",
            "现代人",
            "单纯",
            "只不过",
            "大多数人",
            "在生活中",
            "却是",
            "无论如何"
        ]
    ],
    "天文": [
        "天文",
        "astronomical",
        "天文学的",
        [
            "天文学",
            "天文",
            "天体力学",
            "天体物理学",
            "物理学",
            "占星",
            "地图学",
            "科学",
            "星图",
            "自然科学"
        ]
    ],
    "使入": [
        "使入",
        "Bring in",
        "带进来",
        []
    ],
    "龙骧奋": [
        "龙骧奋",
        "Long Xiang Fen",
        "龙香粉",
        [
            "龙",
            "香粉",
            "龙的",
            "龙科",
            "翼龙",
            "龙是",
            "龙是种",
            "龙有",
            "龙及",
            "蜥脚类",
            "禽",
            "冰室",
            "猪脚",
            "水碓",
            "桂花",
            "樱桃",
            "碧云",
            "荣华",
            "茶山",
            "大白"
        ]
    ],
    "将征": [
        "将征",
        "Will sign",
        "会签名",
        [
            "会",
            "签名",
            "不会",
            "都会",
            "可能会",
            "则会",
            "就会",
            "才会",
            "时会",
            "亦会",
            "但会",
            "亲笔签名",
            "寄出",
            "收据",
            "匿名",
            "手写",
            "邮寄",
            "单张",
            "署名",
            "收件"
        ]
    ],
    "任土贡": [
        "任土贡",
        "Ren Tugong",
        "任屠红",
        []
    ],
    "地土": [
        "地土",
        "Ground soil",
        "地面土壤",
        [
            "地面",
            "土壤",
            "植被",
            "土层",
            "高处",
            "泥土",
            "酸性",
            "土质",
            "障碍物",
            "表土",
            "有机质",
            "地上",
            "沙土",
            "垂直",
            "含水",
            "顶部",
            "底部",
            "高空",
            "离地",
            "斜坡"
        ]
    ],
    "觉钱流": [
        "觉钱流",
        "Sleep money flow",
        "睡眠资金流",
        [
            "睡眠",
            "睡眠中",
            "呼吸",
            "清醒",
            "REM",
            "生理",
            "知觉",
            "排便",
            "失眠",
            "痉挛"
        ]
    ],
    "千夫": [
        "千夫",
        "numerous people",
        "无数人",
        []
    ],
    "旅骄": [
        "旅骄",
        "Travel pride",
        "旅行骄傲",
        [
            "旅行",
            "骄傲",
            "自豪",
            "旅程",
            "旅途",
            "之旅",
            "漫游",
            "环游世界",
            "环游",
            "耻辱",
            "旅行者",
            "敬佩",
            "勇敢",
            "羡慕",
            "羞耻",
            "历险",
            "周游世界",
            "引以为傲",
            "钟爱",
            "毫无疑问"
        ]
    ],
    "更拨": [
        "更拨",
        "More dial",
        "更多刻度盘",
        [
            "更",
            "更加",
            "更为",
            "非常",
            "越来越",
            "愈来愈",
            "不够",
            "格外",
            "来得",
            "更是"
        ]
    ],
    "济川舟": [
        "济川舟",
        "Jichuan boat",
        "济川船",
        []
    ],
    "验封": [
        "验封",
        "Check seal",
        "检查密封",
        [
            "检查",
            "密封",
            "容器",
            "检验",
            "检查和",
            "检测",
            "安全检查",
            "密闭",
            "加压",
            "贮存",
            "核查",
            "装入",
            "中空",
            "物料",
            "填充",
            "体检",
            "盖子",
            "健康检查",
            "核对",
            "定期检查"
        ]
    ],
    "司封": [
        "司封",
        "Seal",
        "印章",
        [
            "印章",
            "图章",
            "印玺",
            "印鉴",
            "钱币",
            "印文",
            "刻字",
            "名片",
            "装饰品",
            "原件"
        ]
    ],
    "量功": [
        "量功",
        "Quantity work",
        "数量工作",
        [
            "数量",
            "工作",
            "数目",
            "总数",
            "比例",
            "需求量",
            "生产量",
            "管理工作",
            "存量",
            "量",
            "使用量",
            "为数",
            "岗位",
            "实习",
            "兼职",
            "临时工",
            "指导",
            "文书工作",
            "社会活动",
            "指导工作"
        ]
    ],
    "愧": [
        "愧",
        "Shame",
        "羞愧",
        [
            "羞愧",
            "后悔",
            "内疚",
            "生气",
            "气愤",
            "不悦",
            "愤恨",
            "懊悔",
            "不快",
            "羞耻"
        ]
    ],
    "画师": [
        "画师",
        "Painter",
        "油漆匠",
        []
    ],
    "执秩": [
        "执秩",
        "Executive rank",
        "行政级别",
        [
            "行政级别",
            "副省级",
            "派出机构",
            "级别",
            "层级",
            "平级",
            "行政机构",
            "国家机构",
            "的省",
            "直管"
        ]
    ],
    "表直": [
        "表直",
        "Table straight",
        "桌子直",
        [
            "桌子",
            "直",
            "椅子",
            "盘子",
            "桌上",
            "沙发",
            "书桌",
            "客厅",
            "把手",
            "柜子",
            "窗子",
            "平",
            "旋",
            "正大",
            "交",
            "显",
            "椿",
            "面有",
            "大治",
            "；大"
        ]
    ],
    "用笔": [
        "用笔",
        "With a pen",
        "用笔",
        [
            "用笔",
            "笔法",
            "笔墨",
            "墨色",
            "白描",
            "笔触",
            "摹",
            "描",
            "说理",
            "不拘泥"
        ]
    ],
    "盐运司": [
        "盐运司",
        "Salt transportation department",
        "盐运输部",
        [
            "盐",
            "运输部",
            "食盐",
            "交通部",
            "卤",
            "矿",
            "皂",
            "水",
            "醋",
            "美国国土安全部",
            "铁路公司",
            "长芦",
            "邮政署",
            "灶",
            "海盐",
            "民用航空",
            "宾州铁路",
            "航空运输",
            "铁路工程",
            "该委员会"
        ]
    ],
    "盐策": [
        "盐策",
        "Salt policy",
        "盐政策",
        [
            "盐",
            "政策",
            "方针",
            "措施",
            "举措",
            "外交政策",
            "食盐",
            "政府",
            "财政政策",
            "税制",
            "国策",
            "新政策",
            "卤",
            "矿",
            "皂",
            "水",
            "醋",
            "长芦",
            "灶",
            "海盐"
        ]
    ],
    "榷": [
        "榷",
        "Que",
        "扁鹊",
        [
            "扁鹊",
            "孙思邈",
            "董仲舒",
            "孟子",
            "张仲景",
            "小儿",
            "针灸",
            "周易",
            "墨子",
            "传为"
        ]
    ]
}