{
    "舌耕": [
        "舌耕",
        "Tongue tillage",
        "舌耕",
        []
    ],
    "竞辰": [
        "竞辰",
        "Competition day",
        "竞赛日",
        [
            "竞赛",
            "大赛",
            "体育竞赛",
            "选拔赛",
            "竞技",
            "对抗赛",
            "获胜者",
            "赛跑",
            "国际性",
            "优胜者"
        ]
    ],
    "黄卷": [
        "黄卷",
        "Yellow roll",
        "黄色卷",
        [
            "黄色",
            "红色",
            "白色",
            "紫色",
            "粉红色",
            "橙色",
            "黄绿色",
            "蓝色",
            "橙黄色",
            "深蓝色"
        ]
    ],
    "随月读": [
        "随月读",
        "Read with the moon",
        "和月亮一起阅读",
        [
            "月亮",
            "一起",
            "阅读",
            "星星",
            "太阳",
            "一同",
            "读者",
            "天空",
            "满月",
            "星辰",
            "写作",
            "独自",
            "月光",
            "读物",
            "天上",
            "朋友们",
            "学习者",
            "闪耀",
            "书本",
            "两人",
            "朗读",
            "大地",
            "三人",
            "独自一人",
            "写出",
            "读到",
            "选读",
            "两兄弟",
            "四人",
            "一齐"
        ]
    ],
    "窗下业": [
        "窗下业",
        "Window industry",
        "窗户行业",
        [
            "窗户",
            "行业",
            "玻璃窗",
            "墙壁",
            "天花板",
            "屋顶",
            "企业",
            "阳台",
            "房顶",
            "楼梯间",
            "服务业",
            "产业",
            "窗子",
            "窗台",
            "零售业",
            "金融业",
            "从业人员",
            "大型企业",
            "餐饮业",
            "从业者"
        ]
    ],
    "凿壁": [
        "凿壁",
        "Cut a wall",
        "砍墙",
        [
            "砍",
            "墙",
            "围墙",
            "一堵",
            "墙壁",
            "矮墙",
            "斧头",
            "高墙",
            "砍掉",
            "砍下",
            "门楼",
            "内墙",
            "回廊",
            "墙外",
            "抓",
            "刀子",
            "挥刀",
            "挥",
            "吊",
            "扑"
        ]
    ],
    "警枕": [
        "警枕",
        "Police pillow",
        "警用枕头",
        [
            "枕头",
            "床垫",
            "垫",
            "椅子",
            "毛巾",
            "床",
            "脚上",
            "睡觉时",
            "火炉",
            "大块"
        ]
    ],
    "映雪": [
        "映雪",
        "Snow reflecting",
        "雪反射",
        [
            "雪",
            "反射",
            "光线",
            "折射",
            "反射光",
            "照射",
            "散射",
            "入射",
            "太阳光",
            "透射",
            "叠加",
            "雨",
            "霜",
            "露",
            "雾",
            "枯",
            "寒",
            "白雪",
            "碧",
            "喜"
        ]
    ],
    "笃志": [
        "笃志",
        "Loyalty",
        "忠诚",
        [
            "忠诚",
            "忠心",
            "坚定",
            "忠于",
            "正直",
            "谦逊",
            "衷心",
            "负责任",
            "不屈不挠",
            "忠贞"
        ]
    ],
    "引锥": [
        "引锥",
        "Lead cone",
        "铅锥",
        [
            "铅",
            "锥",
            "汞",
            "镍",
            "锌",
            "铬",
            "水银",
            "铝",
            "砷",
            "铍",
            "钴",
            "锥形",
            "锥体",
            "凸",
            "楔",
            "三角",
            "柱形",
            "叉",
            "圆锥",
            "尖头"
        ]
    ],
    "继晷": [
        "继晷",
        "The sundial",
        "日晷",
        [
            "日晷",
            "晷",
            "圆柱",
            "时钟",
            "日规",
            "指南针",
            "方位角",
            "圆锥",
            "星象",
            "罗盘"
        ]
    ],
    "带经": [
        "带经",
        "Belt warp",
        "皮带经纱",
        [
            "皮带",
            "绳子",
            "把手",
            "支架",
            "棍子",
            "布料",
            "链条",
            "外套",
            "金属制",
            "铁环"
        ]
    ],
    "锄": [
        "锄",
        "Hoe",
        "锄头",
        [
            "锄头",
            "斧头",
            "镰刀",
            "木棍",
            "砍刀",
            "棍子",
            "铲子",
            "铁锤",
            "烟斗",
            "地里"
        ]
    ],
    "腹中": [
        "腹中",
        "Belly",
        "腹部",
        [
            "腹部",
            "背部",
            "胸部",
            "头部",
            "颈部",
            "四肢",
            "躯干",
            "喉部",
            "臀部",
            "口部"
        ]
    ],
    "休嗤": [
        "休嗤",
        "Hugh scoffs",
        "休嘲笑道",
        [
            "休",
            "嘲笑",
            "取笑",
            "嘲弄",
            "嘲讽",
            "责骂",
            "讥笑",
            "讥讽",
            "戏弄",
            "羞辱",
            "轻蔑",
            "毕",
            "荣",
            "堪",
            "谬",
            "劳",
            "许",
            "简",
            "彻",
            "德明"
        ]
    ],
    "味道": [
        "味道",
        "Taste",
        "尝",
        [
            "尝",
            "辄",
            "闻",
            "未尝",
            "言",
            "犹有",
            "谓",
            "忘",
            "叹",
            "惜"
        ]
    ],
    "道究": [
        "道究",
        "Tao research",
        "陶研究",
        [
            "陶",
            "研究",
            "研究工作",
            "深入研究",
            "科学研究",
            "研究者",
            "分析",
            "研究成果",
            "学术研究",
            "研究课题",
            "数据分析",
            "铭",
            "舒",
            "锡",
            "潘",
            "扬",
            "齐",
            "邢",
            "明为",
            "金和"
        ]
    ],
    "天人奥": [
        "天人奥",
        "Heaven and man",
        "天堂和人",
        [
            "天堂",
            "地狱",
            "天国",
            "炼狱",
            "魔鬼",
            "国度",
            "尘世",
            "深渊",
            "彼岸",
            "天梯"
        ]
    ],
    "闭孙户": [
        "闭孙户",
        "Close your grandchildren",
        "关闭你的孙子",
        [
            "关闭",
            "孙子",
            "侄子",
            "外孙",
            "次子",
            "长子",
            "重开",
            "外甥",
            "关停",
            "停用",
            "堂弟",
            "女婿",
            "暂停",
            "重新启动",
            "堂兄弟",
            "停止",
            "侄儿",
            "停止使用",
            "封闭",
            "废弃"
        ]
    ],
    "方对": [
        "方对",
        "Party pair",
        "聚会对",
        [
            "聚会",
            "布道",
            "聚餐",
            "礼拜",
            "派对",
            "宴会",
            "讲道",
            "做礼拜",
            "会友",
            "亲朋好友"
        ]
    ],
    "圣贤": [
        "圣贤",
        "oracle",
        "神谕",
        [
            "神谕",
            "众神",
            "宙斯",
            "神灵",
            "诸神",
            "弥斯",
            "预言者",
            "河神",
            "海神",
            "圣者"
        ]
    ],
    "语": [
        "语",
        "Language",
        "语言",
        [
            "语言",
            "语法",
            "词汇",
            "自然语言",
            "母语",
            "第二语言",
            "语种",
            "语言学",
            "口语",
            "句法"
        ]
    ],
    "籯": [
        "籯",
        "Bars",
        "酒吧",
        [
            "酒吧",
            "夜总会",
            "餐厅",
            "咖啡馆",
            "夜店",
            "咖啡店",
            "酒馆",
            "舞厅",
            "餐馆",
            "旅馆"
        ]
    ],
    "披文": [
        "披文",
        "Piwen",
        "皮温",
        []
    ],
    "目": [
        "目",
        "Order",
        "命令",
        [
            "命令",
            "下令",
            "指示",
            "指令",
            "下达",
            "请求",
            "立即",
            "军令",
            "号令",
            "擅自"
        ]
    ],
    "言探": [
        "言探",
        "Talk to me",
        "跟我说话",
        [
            "说话",
            "说出",
            "交谈",
            "言语",
            "讲出",
            "讲",
            "说谎",
            "好像",
            "话语",
            "咒骂"
        ]
    ],
    "圣哲": [
        "圣哲",
        "sage",
        "明智的",
        [
            "明智",
            "斋藤",
            "慎重",
            "固执",
            "深思熟虑",
            "高明",
            "无论如何",
            "自大",
            "理应",
            "早先"
        ]
    ],
    "董园": [
        "董园",
        "Dong yuan",
        "东元",
        [
            "东",
            "西",
            "北",
            "南端",
            "西北",
            "西南",
            "东北",
            "东向",
            "北端",
            "东端"
        ]
    ],
    "车马": [
        "车马",
        "Horses and chariots",
        "车马",
        [
            "车马",
            "仪仗",
            "车驾",
            "舆服",
            "乘马",
            "牛车",
            "厩",
            "驿站",
            "缯",
            "扈从"
        ]
    ],
    "经籍": [
        "经籍",
        "Classics",
        "经典",
        [
            "经典",
            "经典之作",
            "经典作品",
            "当代",
            "精华",
            "经典电影",
            "定格",
            "独创",
            "当今",
            "开端"
        ]
    ],
    "赤轴": [
        "赤轴",
        "Red axis",
        "红色轴",
        [
            "红色",
            "轴",
            "黄色",
            "白色",
            "蓝色",
            "橙色",
            "紫色",
            "黑色",
            "粉红色",
            "金色",
            "深蓝色",
            "连杆",
            "齿轮",
            "轴向",
            "径向",
            "直线",
            "轴承",
            "传动装置",
            "轮轴",
            "中轴"
        ]
    ],
    "汗": [
        "汗",
        "Sweat",
        "焦急",
        [
            "焦急",
            "惊恐",
            "伤心",
            "惊慌",
            "难过",
            "不知所措",
            "惊愕",
            "急切",
            "欣喜",
            "茫然"
        ]
    ],
    "简": [
        "简",
        "Jane",
        "简",
        [
            "简",
            "珍",
            "福",
            "敏",
            "和文",
            "特为",
            "容",
            "来由",
            "Pardosa",
            "</s>"
        ]
    ],
    "史籍": [
        "史籍",
        "history",
        "历史",
        [
            "历史",
            "近代",
            "在历史上",
            "历史背景",
            "历史记录",
            "文化史",
            "发展史",
            "上曾",
            "近现代",
            "历史文化"
        ]
    ],
    "九经": [
        "九经",
        "Nine classics",
        "九部经典",
        [
            "九部",
            "经典",
            "四部",
            "三部",
            "经典之作",
            "经典作品",
            "当代",
            "两部",
            "五部",
            "精华",
            "经典电影",
            "第四部",
            "定格",
            "独创",
            "当今",
            "开端",
            "共五",
            "分作",
            "</s>",
            "Pardosa"
        ]
    ],
    "断简": [
        "断简",
        "Broken Jane",
        "破碎的简",
        [
            "破碎",
            "简",
            "碎裂",
            "碎片",
            "支离破碎",
            "珍",
            "边缘",
            "撕裂",
            "打碎",
            "大块",
            "近乎",
            "福",
            "敏",
            "和文",
            "特为",
            "容",
            "经年累月",
            "来由",
            "Pardosa",
            "</s>"
        ]
    ],
    "蠹鱼": [
        "蠹鱼",
        "silverfish",
        "蠹虫",
        []
    ],
    "鼓吹": [
        "鼓吹",
        "Advocacy",
        "支持",
        [
            "支持",
            "反对",
            "拥护",
            "支持者",
            "赞同",
            "赞成",
            "大力支持",
            "全力支持",
            "默许",
            "背书"
        ]
    ],
    "亥": [
        "亥",
        "Hai",
        "海",
        [
            "海",
            "海中",
            "海湾",
            "湾内",
            "海角",
            "小岛",
            "的海",
            "洋",
            "西海",
            "海岸边"
        ]
    ],
    "豕": [
        "豕",
        "hog",
        "猪",
        [
            "猪",
            "鸡",
            "牛",
            "狗",
            "肉",
            "羊",
            "山羊",
            "奶",
            "绵羊",
            "两头"
        ]
    ],
    "石渠": [
        "石渠",
        "Stone canal",
        "石运河",
        [
            "石",
            "运河",
            "水道",
            "堤坝",
            "海港",
            "桥梁",
            "水路",
            "大运河",
            "大石",
            "堤道",
            "北岸",
            "水闸",
            "石板",
            "青石",
            "石质",
            "山下",
            "石和",
            "白玉",
            "盆",
            "故称"
        ]
    ],
    "弥": [
        "弥",
        "Mi",
        "大音阶的第三音",
        [
            "音",
            "发音",
            "音调",
            "读音",
            "韵",
            "浊音",
            "同音",
            "鼻音",
            "上声",
            "读法"
        ]
    ],
    "明治": [
        "明治",
        "Meiji",
        "明治",
        [
            "明治",
            "大正",
            "昭和",
            "于明治",
            "明治时代",
            "庆应",
            "于大正",
            "安政",
            "明治维新",
            "元禄"
        ]
    ],
    "漆书": [
        "漆书",
        "Paint book",
        "油漆簿",
        [
            "油漆",
            "簿",
            "涂料",
            "喷漆",
            "喷涂",
            "涂",
            "漆",
            "纸板",
            "帆布",
            "县尉",
            "涂上",
            "记室",
            "通判",
            "粉笔",
            "参军事",
            "录事",
            "丞",
            "尉",
            "宁朔",
            "饶州"
        ]
    ],
    "经书": [
        "经书",
        "Scripture",
        "经文",
        [
            "经文",
            "古兰经",
            "圣经",
            "旧约",
            "经书",
            "书卷",
            "律法",
            "马太福音",
            "文句",
            "希伯来文"
        ]
    ],
    "残编": [
        "残编",
        "Remnants",
        "残余",
        [
            "残余",
            "瓦解",
            "残存",
            "残留",
            "残部",
            "侵入",
            "崩解",
            "覆没",
            "剩余",
            "打散"
        ]
    ],
    "三史": [
        "三史",
        "Three histories",
        "三部历史",
        [
            "三部",
            "历史",
            "第二部",
            "第三部",
            "两部",
            "近代",
            "在历史上",
            "外传",
            "九部",
            "历史背景",
            "第一部",
            "第四部",
            "历史记录",
            "文化史",
            "发展史",
            "上曾",
            "近现代",
            "历史文化",
            "四部",
            "序章"
        ]
    ],
    "蝌蚪": [
        "蝌蚪",
        "Tadpoles",
        "蝌蚪",
        [
            "蝌蚪",
            "幼体",
            "幼虫",
            "成体",
            "昆虫",
            "蚯蚓",
            "毛虫",
            "蛆",
            "爬虫类",
            "水栖"
        ]
    ],
    "四库": [
        "四库",
        "Four banks",
        "四家银行",
        [
            "银行",
            "金融机构",
            "的银行",
            "商业银行",
            "分行",
            "证券",
            "中央银行",
            "该银行",
            "银行业",
            "汇丰银行"
        ]
    ],
    "讲明": [
        "讲明",
        "explain",
        "解释",
        [
            "解释",
            "说明",
            "解读",
            "理解",
            "暗示",
            "推论",
            "表述",
            "断言",
            "阐释",
            "说明了"
        ]
    ],
    "笙簧": [
        "笙簧",
        "Sheng spring",
        "笙簧",
        []
    ],
    "鲁鱼": [
        "鲁鱼",
        "Luyu",
        "鲁豫",
        []
    ],
    "白虎": [
        "白虎",
        "White tiger",
        "白虎",
        [
            "白虎",
            "青龙",
            "玄武",
            "朱雀",
            "黄龙",
            "龙王",
            "大神",
            "麒麟",
            "天马",
            "天将"
        ]
    ],
    "贯": [
        "贯",
        "pierce",
        "进入",
        [
            "进入",
            "转入",
            "离开",
            "踏入",
            "转到",
            "转回",
            "重回",
            "进到",
            "转至",
            "带入"
        ]
    ],
    "斗牛": [
        "斗牛",
        "Bullfight",
        "斗牛",
        [
            "斗牛",
            "斗牛场",
            "斗鸡",
            "公鸡",
            "重头戏",
            "老虎",
            "拔河",
            "水牛",
            "赤脚",
            "</s>"
        ]
    ],
    "安危": [
        "安危",
        "safety",
        "安全",
        [
            "安全",
            "安全性",
            "安全及",
            "公共安全",
            "确保",
            "安全和",
            "必要",
            "人身安全",
            "确保安全",
            "必需"
        ]
    ],
    "秦灰尽": [
        "秦灰尽",
        "Qin Huiquan",
        "秦惠泉",
        []
    ],
    "贤从": [
        "贤从",
        "Xian Cong",
        "贤聪",
        []
    ],
    "此学": [
        "此学",
        "This study",
        "这项研究",
        [
            "研究",
            "研究工作",
            "深入研究",
            "科学研究",
            "研究者",
            "分析",
            "研究成果",
            "学术研究",
            "研究课题",
            "数据分析"
        ]
    ],
    "至教": [
        "至教",
        "To teach",
        "教书",
        [
            "教书",
            "任教",
            "读书",
            "求学",
            "念书",
            "完成学业",
            "就学",
            "学成",
            "肄业",
            "应聘"
        ]
    ],
    "遗": [
        "遗",
        "Heritage",
        "遗产",
        [
            "遗产",
            "财产",
            "资产",
            "遗赠",
            "个人财产",
            "纪念物",
            "收藏品",
            "宝藏",
            "所有者",
            "先父"
        ]
    ],
    "优冠": [
        "优冠",
        "Excellent crown",
        "极好的皇冠",
        [
            "极好",
            "皇冠",
            "极佳",
            "很好",
            "王冠",
            "绝佳",
            "较好",
            "很差",
            "斗篷",
            "更佳",
            "金色",
            "不亚于",
            "难得",
            "腰带",
            "冠冕",
            "项链",
            "宝石",
            "披风",
            "钻石",
            "正因如此"
        ]
    ],
    "四民": [
        "四民",
        "Four people",
        "四个人",
        []
    ],
    "诗逸": [
        "诗逸",
        "Poem escape",
        "诗逃避",
        [
            "诗",
            "逃避",
            "诗作",
            "诗句",
            "诗文",
            "作诗",
            "诗集",
            "诗词",
            "诗歌",
            "赋",
            "躲避",
            "吟咏",
            "免于",
            "避开",
            "抛弃",
            "逃过",
            "驱使",
            "深知",
            "付出代价",
            "任由"
        ]
    ],
    "何逸": [
        "何逸",
        "He yi",
        "何益",
        []
    ],
    "古字": [
        "古字",
        "Ancient characters",
        "古代文字",
        [
            "古代",
            "文字",
            "书写",
            "古时",
            "文本",
            "古",
            "汉代",
            "上古时代",
            "手写",
            "楔形文字",
            "象形文字",
            "神话传说",
            "上古",
            "字词",
            "自古以来",
            "自古",
            "中古时代",
            "文句",
            "注释",
            "注解"
        ]
    ],
    "度日": [
        "度日",
        "make a living",
        "谋生",
        [
            "谋生",
            "经商",
            "糊口",
            "为生",
            "打工",
            "做生意",
            "卖艺",
            "营生",
            "维生",
            "养活"
        ]
    ],
    "一编": [
        "一编",
        "Part I",
        "第一部分",
        [
            "部分",
            "部份",
            "大部分",
            "一小",
            "其余部分",
            "外",
            "大多",
            "之外",
            "以外",
            "均"
        ]
    ],
    "鲁壁存": [
        "鲁壁存",
        "Lu Bi Cun",
        "卢碧村",
        []
    ],
    "贵向": [
        "贵向",
        "Your direction",
        "你的方向",
        [
            "方向",
            "朝向",
            "路径",
            "顺时针",
            "侧向",
            "同方向",
            "一段距离",
            "斜向",
            "朝著",
            "正向"
        ]
    ],
    "斯求": [
        "斯求",
        "Asking",
        "请求",
        [
            "请求",
            "催促",
            "劝说",
            "请",
            "允诺",
            "乞求",
            "恳求",
            "立即",
            "恳请",
            "劝告"
        ]
    ],
    "播": [
        "播",
        "spread",
        "范围",
        [
            "范围",
            "范围内",
            "区域",
            "覆盖范围",
            "区域内",
            "适用范围",
            "全域",
            "以内",
            "仅限于",
            "之内"
        ]
    ],
    "六经": [
        "六经",
        "the six channels",
        "六个频道",
        [
            "频道",
            "电视频道",
            "卫星频道",
            "新闻频道",
            "电视网",
            "电视台",
            "开播",
            "新闻节目",
            "国际台",
            "TV"
        ]
    ],
    "精通": [
        "精通",
        "Master",
        "掌握",
        [
            "掌握",
            "掌控",
            "握有",
            "依靠",
            "把握",
            "把持",
            "驾驭",
            "借助",
            "做到",
            "受制于"
        ]
    ],
    "六艺": [
        "六艺",
        "Six Skills",
        "六种技能",
        [
            "技能",
            "能力",
            "技巧",
            "专业技能",
            "精神力",
            "专业知识",
            "战技",
            "熟练",
            "习得",
            "职业技能"
        ]
    ],
    "书焚": [
        "书焚",
        "Book burning",
        "书籍燃烧",
        [
            "书籍",
            "燃烧",
            "书本",
            "书刊",
            "图书",
            "出版物",
            "读物",
            "自燃",
            "点燃",
            "著作",
            "火焰",
            "点火",
            "类书籍",
            "参考书",
            "历史书籍",
            "挥发",
            "着火",
            "氢气",
            "熔化",
            "氮气"
        ]
    ],
    "道": [
        "道",
        "way",
        "方法",
        [
            "方法",
            "方式",
            "新方法",
            "原理",
            "工具",
            "步骤",
            "分析方法",
            "方法有",
            "法则",
            "作法"
        ]
    ],
    "焚": [
        "焚",
        "Burn",
        "烧伤",
        [
            "烧伤",
            "灼伤",
            "割伤",
            "枪伤",
            "冻伤",
            "擦伤",
            "烫伤",
            "伤到",
            "伤及",
            "划伤"
        ]
    ],
    "新编": [
        "新编",
        "newly organized",
        "新组织的",
        [
            "新",
            "组织",
            "的组织",
            "新的",
            "该组织",
            "秘密组织",
            "有组织",
            "一个组织",
            "民间组织",
            "其组织",
            "组织起来",
            "许多组织",
            "原先",
            "另行",
            "最初",
            "一新",
            "从新",
            "取而代之",
            "新近",
            "上新"
        ]
    ],
    "剔": [
        "剔",
        "pick",
        "选择",
        [
            "选择",
            "自由选择",
            "可选择",
            "考虑",
            "选项",
            "选取",
            "同样",
            "必需",
            "并不需要",
            "为了让"
        ]
    ],
    "怀人": [
        "怀人",
        "Pregnant people",
        "孕妇",
        [
            "孕妇",
            "产妇",
            "婴儿",
            "妊娠",
            "怀孕",
            "分娩",
            "哺乳",
            "新生儿",
            "产后",
            "病者"
        ]
    ],
    "狂吟": [
        "狂吟",
        "Crazy songs",
        "疯狂的歌",
        [
            "疯狂",
            "歌",
            "曲",
            "名曲",
            "此曲",
            "颂歌",
            "可怕",
            "狂热",
            "恐怖",
            "颂",
            "童谣",
            "古怪",
            "谣",
            "惊奇",
            "原曲",
            "恶作剧",
            "噩梦",
            "合唱曲",
            "诡异",
            "白痴"
        ]
    ],
    "六朝": [
        "六朝",
        "six dynasties",
        "六朝",
        [
            "六朝",
            "魏晋",
            "唐宋",
            "秦汉",
            "宋元",
            "隋唐",
            "唐代",
            "两汉",
            "晚唐",
            "汉魏"
        ]
    ],
    "骚章": [
        "骚章",
        "SAO Zhang",
        "骚章",
        []
    ],
    "笔阵": [
        "笔阵",
        "Pen array",
        "笔阵列",
        [
            "笔",
            "阵列",
            "纸",
            "元件",
            "钱",
            "感测器",
            "反射镜",
            "侦测器",
            "随手",
            "模组",
            "串列",
            "自适应",
            "缓冲器",
            "刷",
            "一组",
            "铜板",
            "琢",
            "攒",
            "未收",
            "用者"
        ]
    ],
    "铿锵": [
        "铿锵",
        "ring",
        "戒指",
        [
            "戒指",
            "项链",
            "指环",
            "腰带",
            "魔杖",
            "斗篷",
            "护身符",
            "手环",
            "宝石",
            "怀表"
        ]
    ],
    "元无俗": [
        "元无俗",
        "Yuan has no customs",
        "元没有习俗",
        [
            "没有",
            "习俗",
            "没",
            "风俗",
            "并未",
            "传统习俗",
            "无法",
            "不会",
            "不能",
            "从未",
            "未",
            "没有人",
            "礼俗",
            "很难",
            "风俗习惯",
            "端午节",
            "传统",
            "祖先崇拜",
            "丧葬",
            "习惯"
        ]
    ],
    "元白垒": [
        "元白垒",
        "Yuan Bai base",
        "白元基地",
        [
            "基地",
            "军事基地",
            "的基地",
            "军事设施",
            "该基地",
            "雷达站",
            "补给站",
            "指挥中心",
            "前哨",
            "两处"
        ]
    ],
    "唾": [
        "唾",
        "Salivary",
        "唾液的",
        [
            "唾液",
            "尿液",
            "粪便",
            "肠道",
            "分泌物",
            "体液",
            "口腔",
            "皮肤上",
            "消化道",
            "肠胃"
        ]
    ],
    "醉墨": [
        "醉墨",
        "Drunk ink",
        "醉墨",
        []
    ],
    "四始": [
        "四始",
        "Four beginnings",
        "四个开始",
        []
    ],
    "丽句": [
        "丽句",
        "Li sentence",
        "李句",
        []
    ],
    "隽逸": [
        "隽逸",
        "Meaningful escape",
        "有意义的逃脱",
        [
            "意义",
            "逃脱",
            "脱逃",
            "逃出",
            "救出",
            "逃离",
            "逃跑",
            "逃走",
            "涵义",
            "解救",
            "脱身",
            "逃过一劫",
            "含义",
            "意涵",
            "内涵",
            "象征意义",
            "本质",
            "含意",
            "意味",
            "普遍性"
        ]
    ],
    "诗坛": [
        "诗坛",
        "Parnassus",
        "诗坛",
        [
            "诗坛",
            "文坛",
            "现代诗",
            "文学界",
            "画坛",
            "诗风",
            "新诗",
            "文人",
            "诗作",
            "思想界"
        ]
    ],
    "挥洒": [
        "挥洒",
        "spray",
        "喷雾",
        [
            "喷雾",
            "喷剂",
            "催泪弹",
            "警棍",
            "胡椒",
            "水炮",
            "烟雾弹",
            "喷",
            "喷洒",
            "灭火器"
        ]
    ],
    "本自清": [
        "本自清",
        "Ben Ziqing",
        "本·自清",
        []
    ],
    "泣鬼神": [
        "泣鬼神",
        "Crying ghosts and gods",
        "哭泣的鬼神",
        [
            "哭泣",
            "鬼神",
            "神灵",
            "流泪",
            "哭",
            "神",
            "看着",
            "神明",
            "想起",
            "大笑",
            "神人",
            "要死",
            "忍不住",
            "恶鬼",
            "神仙",
            "不禁",
            "恶",
            "可怜",
            "生灵",
            "有神"
        ]
    ],
    "首": [
        "首",
        "First",
        "第一",
        []
    ],
    "词藻": [
        "词藻",
        "Rhetoric",
        "修辞学",
        [
            "修辞学",
            "哲学",
            "修辞",
            "与哲学",
            "和哲学",
            "人文学科",
            "逻辑学",
            "语法学",
            "诗学",
            "诡辩"
        ]
    ],
    "富": [
        "富",
        "Rich",
        "富有的",
        [
            "富有",
            "富裕",
            "极富",
            "极具",
            "富于",
            "高贵",
            "优雅",
            "充满活力",
            "与众不同",
            "更有"
        ]
    ]
}