{
    "天红": [
        "天红",
        "Sky red",
        "天红",
        []
    ],
    "结瑞房": [
        "结瑞房",
        "Rachel's room",
        "瑞秋的房间",
        [
            "瑞秋",
            "房间",
            "房间内",
            "卧室",
            "屋子",
            "莫妮卡",
            "浴室",
            "客厅",
            "菲比",
            "小房间",
            "地下室",
            "窗户",
            "佩妮",
            "钱德",
            "房内",
            "乔伊",
            "杰西",
            "杰米",
            "凯蒂",
            "丹尼"
        ]
    ],
    "繑红": [
        "繑红",
        "Red",
        "红色",
        [
            "红色",
            "黄色",
            "白色",
            "蓝色",
            "橙色",
            "紫色",
            "黑色",
            "粉红色",
            "金色",
            "深蓝色"
        ]
    ],
    "衬": [
        "衬",
        "Lining",
        "衬里",
        []
    ],
    "晚霞": [
        "晚霞",
        "Sunset glow",
        "晚霞",
        [
            "晚霞",
            "水色",
            "飘",
            "红叶",
            "点点",
            "晴天",
            "朝霞",
            "白云",
            "白雪",
            "红日"
        ]
    ],
    "宿露": [
        "宿露",
        "Sulu",
        "苏禄",
        [
            "苏禄",
            "马六甲",
            "文莱",
            "亚齐",
            "爪哇",
            "汶莱",
            "暹罗",
            "苏门答腊",
            "帝汶",
            "廖内"
        ]
    ],
    "低莲脸": [
        "低莲脸",
        "Low lotus face",
        "低莲花脸",
        [
            "低",
            "莲花",
            "脸",
            "较低",
            "较高",
            "高",
            "更高",
            "极低",
            "很低",
            "高于",
            "偏高",
            "较差",
            "书上",
            "脸上",
            "宝瓶",
            "梅花",
            "莲",
            "荷花",
            "麒麟",
            "脸颊",
            "如意",
            "微笑",
            "马鞍",
            "贴",
            "脸部",
            "脸孔",
            "暗讽",
            "撕",
            "垂花",
            "顶上"
        ]
    ],
    "借绮霞": [
        "借绮霞",
        "Borrow yee - ha",
        "借绮霞",
        []
    ],
    "幽庭": [
        "幽庭",
        "Quiet court",
        "安静的法庭",
        [
            "安静",
            "法庭",
            "法院",
            "法官",
            "陪审团",
            "裁决",
            "宁静",
            "法庭上",
            "最高法院",
            "联邦法院",
            "平静",
            "被告",
            "高等法院",
            "悠闲",
            "平常",
            "沉静",
            "耐心",
            "寂静",
            "安详",
            "往常"
        ]
    ],
    "残夏": [
        "残夏",
        "Residual summer",
        "剩余夏季",
        [
            "剩余",
            "夏季",
            "冬季",
            "剩下",
            "余下",
            "全数",
            "春季",
            "秋季",
            "奥林匹克运动会中国代表团",
            "一小",
            "多余",
            "只剩",
            "夏天",
            "剩",
            "排球比赛",
            "悉数",
            "索契",
            "篮球比赛",
            "冬奥",
            "这样一来"
        ]
    ],
    "庭边": [
        "庭边",
        "Court edge",
        "法庭边缘",
        [
            "法庭",
            "边缘",
            "法院",
            "法官",
            "陪审团",
            "边沿",
            "裁决",
            "法庭上",
            "最高法院",
            "联邦法院",
            "被告",
            "高等法院",
            "外缘",
            "锯齿状",
            "底部",
            "内侧",
            "破碎",
            "楔形",
            "大块",
            "向外"
        ]
    ],
    "点地": [
        "点地",
        "Spot ground",
        "点接地",
        [
            "接地",
            "短路",
            "导线",
            "插头",
            "线圈",
            "电源",
            "接点",
            "缆线",
            "断开",
            "灯丝"
        ]
    ],
    "蜂采": [
        "蜂采",
        "Bee picking",
        "蜜蜂采摘",
        [
            "蜜蜂",
            "采摘",
            "采收",
            "蜂",
            "播种",
            "栽种",
            "蜂巢",
            "蚂蚁",
            "蜘蛛",
            "收成",
            "虫子",
            "葡萄",
            "收割",
            "蟑螂",
            "蚊子",
            "苍蝇",
            "果树",
            "跳蚤",
            "除草",
            "稻谷"
        ]
    ],
    "百行": [
        "百行",
        "100 lines",
        "100行",
        [
            "行",
            "讫",
            "言道",
            "引",
            "不依",
            "自为",
            "唯",
            "；大",
            "先为",
            "在行"
        ]
    ],
    "早秋": [
        "早秋",
        "Early autumn",
        "初秋",
        [
            "初秋",
            "初夏",
            "春季",
            "夏末",
            "初春",
            "夏天",
            "春天",
            "秋天",
            "秋季",
            "晚秋"
        ]
    ],
    "屯云": [
        "屯云",
        "Tun yun",
        "屯运",
        []
    ],
    "聂": [
        "聂",
        "Nie",
        "聂",
        [
            "聂",
            "周扬",
            "潘",
            "鲍",
            "斯托",
            "方方",
            "春和",
            "先为",
            "</s>",
            "Pardosa"
        ]
    ],
    "公庭幄": [
        "公庭幄",
        "Public court",
        "公共法院",
        [
            "法院",
            "法庭",
            "最高法院",
            "联邦法院",
            "法官",
            "高等法院",
            "上诉法院",
            "判决",
            "裁决",
            "原告"
        ]
    ],
    "书影": [
        "书影",
        "printed matter that indicates the type form or partial content of books and periodicals",
        "表明书籍和期刊的类型形式或部分内容的印刷品",
        [
            "表明",
            "书籍",
            "期刊",
            "类型",
            "形式",
            "部分",
            "内容",
            "印刷品",
            "学术期刊",
            "部份",
            "学术刊物",
            "印刷",
            "大部分",
            "指出",
            "方式",
            "书本",
            "书刊",
            "刊物",
            "图书",
            "出版物",
            "读物",
            "医学期刊",
            "学报",
            "季刊",
            "著作",
            "类别",
            "Journal",
            "一小",
            "证明",
            "科学杂志",
            "类书籍",
            "参考书",
            "暗示",
            "断定",
            "得出结论",
            "说明",
            "种类",
            "历史书籍",
            "声称",
            "说明了",
            "细节",
            "印制",
            "章节",
            "纸张",
            "内容可",
            "确实",
            "其余部分",
            "外",
            "印刷技术",
            "型式",
            "特性",
            "各种类型",
            "表现形式",
            "大多",
            "表达方式",
            "之外",
            "手写",
            "素材",
            "以外",
            "一般来说",
            "段落",
            "版画",
            "均",
            "主旨",
            "子类",
            "印刷出版",
            "具体内容",
            "基本",
            "多种类型",
            "范例",
            "基本上",
            "概要",
            "以下内容",
            "并不一定",
            "基本概念",
            "多种形式"
        ]
    ],
    "笼青禁": [
        "笼青禁",
        "Cage green ban",
        "笼式绿带",
        [
            "绿带",
            "市中心区",
            "绿化带",
            "条带",
            "区域内",
            "河滨",
            "新月形",
            "比邻",
            "</s>",
            "Pardosa"
        ]
    ],
    "笼芳蕊": [
        "笼芳蕊",
        "Cage core",
        "笼芯",
        []
    ],
    "色被": [
        "色被",
        "Color quilt",
        "彩色被子",
        [
            "被子",
            "床上",
            "棉被",
            "夜里",
            "桌子",
            "裸身",
            "毛巾",
            "裹",
            "房顶",
            "于是就"
        ]
    ],
    "枫宸": [
        "枫宸",
        "Maple Chen",
        "陈枫",
        []
    ],
    "飞残菊": [
        "飞残菊",
        "Fly chrysanthemums",
        "菊花",
        [
            "菊花",
            "梅花",
            "牡丹",
            "荷花",
            "菊",
            "桂花",
            "牡丹花",
            "兰花",
            "海棠",
            "红豆"
        ]
    ],
    "忙催": [
        "忙催",
        "Busy rush",
        "忙碌的匆忙",
        [
            "忙碌",
            "匆忙",
            "仓促",
            "来不及",
            "急忙",
            "辛苦",
            "连夜",
            "立刻",
            "正要",
            "马上",
            "厌烦",
            "几天后",
            "无聊",
            "落寞",
            "平常",
            "整天",
            "遇到困难",
            "时日",
            "不久前",
            "往常"
        ]
    ],
    "举子": [
        "举子",
        "Lift",
        "电梯",
        [
            "电梯",
            "升降机",
            "楼梯",
            "扶梯",
            "扶手",
            "自动扶梯",
            "楼层",
            "洗手间",
            "顶楼",
            "3楼"
        ]
    ],
    "拂紫宸": [
        "拂紫宸",
        "Fu zichen",
        "傅陈子",
        []
    ],
    "柔阴": [
        "柔阴",
        "Soft yin",
        "软阴",
        []
    ],
    "染淡金": [
        "染淡金",
        "Dyed light gold",
        "染色浅金",
        [
            "染色",
            "染料",
            "染色剂",
            "颜料",
            "上色",
            "切片",
            "皮肤上",
            "染",
            "着色",
            "漂白"
        ]
    ],
    "驿路": [
        "驿路",
        "Post road",
        "邮政道路",
        [
            "邮政",
            "道路",
            "干道",
            "路段",
            "沿路",
            "柏油路",
            "邮局",
            "高架桥",
            "路面",
            "高架道路",
            "邮政署",
            "交通设施",
            "巷道",
            "电报局",
            "邮务",
            "邮政总局",
            "邮政局",
            "邮递",
            "海关",
            "中国邮政"
        ]
    ],
    "梅": [
        "梅",
        "plum",
        "李子",
        [
            "李子",
            "红薯",
            "柿子",
            "绿豆",
            "菠萝",
            "梨",
            "茸",
            "芒果",
            "红豆",
            "</s>"
        ]
    ],
    "早芳": [
        "早芳",
        "Early aromatic",
        "早期芳香剂",
        [
            "早期",
            "后期",
            "晚期",
            "20世纪",
            "中期",
            "现代",
            "以前",
            "最初",
            "更早",
            "一时期"
        ]
    ],
    "清绝": [
        "清绝",
        "Clear off",
        "摆脱",
        [
            "摆脱",
            "挣脱",
            "抛弃",
            "破灭",
            "逃避",
            "消除",
            "认清",
            "屈从",
            "沦落",
            "抛开"
        ]
    ],
    "临溪": [
        "临溪",
        "Linxi",
        "林西",
        [
            "林西",
            "多伦",
            "沙德",
            "梅",
            "和安",
            "普利",
            "德勒",
            "铁西街道",
            "</s>",
            "Pardosa"
        ]
    ],
    "仙袂": [
        "仙袂",
        "Fairy attire",
        "仙女服装",
        [
            "仙女",
            "服装",
            "服饰",
            "装扮",
            "衣著",
            "衣装",
            "着装",
            "西装",
            "化妆",
            "仙子",
            "衣饰",
            "饰品",
            "许仙",
            "织女",
            "海神",
            "白蛇",
            "神仙",
            "龙王",
            "化作",
            "王母"
        ]
    ],
    "染碧": [
        "染碧",
        "Dye blue",
        "染蓝",
        []
    ],
    "应厌": [
        "应厌",
        "Should be disgusted",
        "应该感到厌恶",
        [
            "应该",
            "感到",
            "厌恶",
            "应当",
            "深感",
            "觉得",
            "反感",
            "令人",
            "不应",
            "憎恨",
            "鄙视",
            "痛恨",
            "倍感",
            "嫉妒",
            "不该",
            "轻视",
            "憎恶",
            "极度",
            "不已",
            "必要",
            "无法忍受",
            "蔑视",
            "沮丧",
            "惧怕",
            "感觉到",
            "一定会",
            "无论如何",
            "确实",
            "应",
            "某种程度"
        ]
    ],
    "椒": [
        "椒",
        "Pepper",
        "辣椒",
        [
            "辣椒",
            "酱料",
            "酱汁",
            "调料",
            "蜂蜜",
            "辣",
            "水果",
            "大蒜",
            "调味品",
            "西瓜"
        ]
    ],
    "香泛": [
        "香泛",
        "Fragrant pan",
        "香锅",
        []
    ],
    "额洗": [
        "额洗",
        "Frontal wash",
        "正面洗涤",
        [
            "洗涤",
            "洗净",
            "冲洗",
            "烘干",
            "净化",
            "净水",
            "灌入",
            "干净",
            "浇",
            "温水"
        ]
    ],
    "尚嫌": [
        "尚嫌",
        "Not enough",
        "不够的",
        [
            "不够",
            "过于",
            "够",
            "实在",
            "欠缺",
            "过分",
            "不算",
            "缺少",
            "以致于",
            "毕竟"
        ]
    ],
    "翠娥": [
        "翠娥",
        "Cui e",
        "崔娥",
        []
    ],
    "翠条": [
        "翠条",
        "Cui stripe",
        "翠条纹",
        [
            "翠",
            "条纹",
            "斑纹",
            "斑点",
            "深褐色",
            "斑块",
            "色带",
            "横纹",
            "背部",
            "橘红色",
            "白点",
            "珊",
            "莲",
            "珍",
            "茜",
            "丽",
            "碧",
            "茵",
            "筱",
            "芳"
        ]
    ],
    "韵友": [
        "韵友",
        "Rhyming friend",
        "押韵的朋友",
        [
            "押韵",
            "朋友",
            "好朋友",
            "好友",
            "朋友们",
            "韵脚",
            "格律",
            "熟人",
            "老友",
            "同事",
            "密友",
            "老朋友",
            "女朋友",
            "词句",
            "平仄",
            "用字",
            "韵文",
            "诗体",
            "五音",
            "调子"
        ]
    ],
    "青条": [
        "青条",
        "Green stripe",
        "绿色条纹",
        [
            "绿色",
            "条纹",
            "斑纹",
            "斑点",
            "橙色",
            "黄色",
            "红色",
            "蓝色",
            "白色",
            "粉红色",
            "深褐色",
            "紫色",
            "浅绿色",
            "斑块",
            "色带",
            "深蓝色",
            "横纹",
            "背部",
            "橘红色",
            "白点"
        ]
    ],
    "纷蕊": [
        "纷蕊",
        "Fenrui",
        "芬瑞",
        []
    ],
    "泥材": [
        "泥材",
        "Mud material",
        "泥浆材料",
        [
            "泥浆",
            "材料",
            "物料",
            "泥土",
            "材质",
            "工艺",
            "涂层",
            "污泥",
            "塑料",
            "胶合板",
            "的水",
            "金属材料",
            "碎石",
            "涂料",
            "泥水",
            "密封",
            "沙子",
            "水",
            "水或",
            "碳化"
        ]
    ],
    "挂雨": [
        "挂雨",
        "Rain",
        "雨",
        [
            "雨",
            "雾",
            "风雨",
            "雪",
            "寒",
            "枯",
            "夜",
            "飘",
            "月光",
            "雨天"
        ]
    ],
    "泣露": [
        "泣露",
        "Tear dew",
        "泪珠",
        []
    ],
    "宫妆": [
        "宫妆",
        "Palace makeup",
        "宫廷化妆",
        [
            "宫廷",
            "化妆",
            "宫庭",
            "宫廷中",
            "服装",
            "皇室",
            "美容",
            "装扮",
            "王室",
            "宫中",
            "服装设计",
            "皇宫",
            "后宫",
            "衣著",
            "化妆师",
            "衣饰",
            "丝袜",
            "上层社会",
            "王公贵族",
            "剪发"
        ]
    ],
    "雪颗": [
        "雪颗",
        "Snow particle",
        "雪粒",
        []
    ],
    "银葩": [
        "银葩",
        "Silver dollar",
        "银元",
        [
            "银元",
            "银圆",
            "银币",
            "白银",
            "币",
            "金币",
            "新币",
            "面值",
            "钞票",
            "纸钞"
        ]
    ],
    "盘英": [
        "盘英",
        "Pan ying",
        "潘英",
        []
    ],
    "酒韵": [
        "酒韵",
        "Wine rhyme",
        "酒韵",
        []
    ],
    "云条": [
        "云条",
        "Cloud stripe",
        "云条纹",
        [
            "云",
            "条纹",
            "斑纹",
            "斑点",
            "深褐色",
            "斑块",
            "色带",
            "横纹",
            "背部",
            "橘红色",
            "白点",
            "尘",
            "幽",
            "寒",
            "阳",
            "名曰",
            "碧",
            "皓",
            "虹",
            "容"
        ]
    ],
    "台畔": [
        "台畔",
        "Taiwan bank",
        "台湾银行",
        [
            "台湾银行",
            "中国农民银行",
            "经济部",
            "交通银行",
            "中华民国财政部",
            "台糖",
            "合作金库",
            "中国银行",
            "华南银行",
            "台银"
        ]
    ],
    "碎朵": [
        "碎朵",
        "Broken flower",
        "碎花",
        []
    ],
    "飞英会": [
        "飞英会",
        "Flying English",
        "飞行英语",
        [
            "飞行",
            "英语",
            "英文",
            "飞行中",
            "滑翔",
            "飞行器",
            "法语",
            "中文",
            "滑行",
            "美式英语",
            "着陆",
            "飞机",
            "航空器",
            "法文",
            "跳伞",
            "起飞",
            "直译",
            "西班牙语",
            "English",
            "印度语"
        ]
    ],
    "翠络": [
        "翠络",
        "Cui Luo",
        "崔洛",
        []
    ],
    "缟色": [
        "缟色",
        "Hanging color",
        "悬挂颜色",
        [
            "悬挂",
            "颜色",
            "色调",
            "黄色",
            "红色",
            "紫色",
            "蓝色",
            "白色",
            "粉红色",
            "橙色",
            "挂",
            "色",
            "挂起",
            "挂有",
            "旗杆",
            "竖立",
            "放置",
            "摆放",
            "安放",
            "置放"
        ]
    ],
    "晓啼": [
        "晓啼",
        "Xiaoti",
        "晓蒂",
        []
    ],
    "珠露": [
        "珠露",
        "Pearl dew",
        "珍珠露",
        [
            "珍珠",
            "露",
            "贝壳",
            "宝石",
            "丝",
            "钻石",
            "莎",
            "萝",
            "琥珀",
            "翡翠",
            "茜",
            "石榴",
            "绿宝石",
            "雪",
            "莲",
            "文蛤",
            "缇",
            "茉莉",
            "碧",
            "透"
        ]
    ],
    "铺空": [
        "铺空",
        "Shop empty",
        "商店空着",
        [
            "商店",
            "店铺",
            "的商店",
            "超市",
            "店面",
            "百货公司",
            "零售店",
            "餐馆",
            "小店",
            "商家"
        ]
    ],
    "枕囊": [
        "枕囊",
        "Occipital sac",
        "枕囊",
        []
    ],
    "淡净": [
        "淡净",
        "Light clean",
        "轻度清洁",
        [
            "清洁",
            "洗手",
            "消毒",
            "保养",
            "干净",
            "清扫",
            "整洁",
            "洁净",
            "漂白",
            "洗涤"
        ]
    ],
    "寒食": [
        "寒食",
        "after the day of no fire",
        "在无火的一天之后",
        [
            "之后",
            "以后",
            "后来",
            "此后",
            "便",
            "不久",
            "再次",
            "在此之后",
            "之前",
            "最后"
        ]
    ],
    "舞霓白": [
        "舞霓白",
        "Dancing neon white",
        "舞动的霓虹白色",
        [
            "舞动",
            "霓虹",
            "白色",
            "黄色",
            "红色",
            "黑色",
            "粉红色",
            "紫色",
            "蓝色",
            "深蓝色",
            "暗红色",
            "金色",
            "闪耀",
            "霓虹灯",
            "闪亮",
            "微笑",
            "群星",
            "灯",
            "欢乐",
            "招牌",
            "载歌载舞",
            "变幻",
            "飘",
            "心动",
            "坐椅",
            "顶上",
            "灯台",
            "；还有",
            "</s>",
            "Pardosa"
        ]
    ],
    "百卉": [
        "百卉",
        "Baihui",
        "百会",
        [
            "会",
            "不会",
            "都会",
            "可能会",
            "则会",
            "就会",
            "才会",
            "时会",
            "亦会",
            "但会"
        ]
    ],
    "含羞": [
        "含羞",
        "bashfully",
        "羞怯地",
        [
            "羞怯",
            "害羞",
            "胆小",
            "冷漠",
            "胆怯",
            "特立独行",
            "身姿",
            "自恋",
            "率直",
            "坦率"
        ]
    ],
    "绣簇": [
        "绣簇",
        "Embroidery cluster",
        "刺绣簇",
        [
            "刺绣",
            "织锦",
            "剪纸",
            "绣花",
            "木雕",
            "缝制",
            "梳子",
            "版画",
            "手工艺",
            "金丝"
        ]
    ],
    "罗裙": [
        "罗裙",
        "skirt of thin silk",
        "薄绸裙",
        []
    ],
    "淡匀": [
        "淡匀",
        "Light and even",
        "轻而均匀",
        [
            "均匀",
            "均匀分布",
            "微小",
            "平滑",
            "表面",
            "各向同性",
            "光滑",
            "不规则",
            "匀",
            "分量"
        ]
    ],
    "无华": [
        "无华",
        "simple and unadorned",
        "简单而朴实",
        [
            "简单",
            "朴实",
            "质朴",
            "非常简单",
            "直观",
            "纯朴",
            "朴素",
            "简便",
            "稳重",
            "有用",
            "简朴",
            "比较简单",
            "最简单",
            "典雅",
            "淳朴",
            "平易近人",
            "高雅",
            "有趣",
            "单纯",
            "恰当"
        ]
    ],
    "正好": [
        "正好",
        "Just right",
        "正好",
        []
    ],
    "前赏": [
        "前赏",
        "Pre - reward",
        "预先奖励",
        [
            "预先",
            "奖励",
            "事先",
            "奖赏",
            "事前",
            "表彰",
            "加分",
            "先行",
            "自行",
            "表扬",
            "先",
            "必需",
            "定时",
            "而无须",
            "可先",
            "奖给",
            "激励",
            "每项",
            "颁予",
            "给与"
        ]
    ],
    "影动": [
        "影动",
        "Shadow movement",
        "阴影运动",
        [
            "阴影",
            "运动",
            "黑暗",
            "文学运动",
            "阴霾",
            "青年运动",
            "群众运动",
            "爱国运动",
            "边缘",
            "光环",
            "运动所",
            "影子",
            "革新运动",
            "社会活动",
            "民族运动",
            "镜子",
            "国家主义",
            "双眼",
            "噩梦",
            "恶梦"
        ]
    ],
    "香微": [
        "香微",
        "Fragrant micro",
        "芳香微",
        [
            "芳香",
            "微",
            "香气",
            "醇",
            "衍生物",
            "精油",
            "类物质",
            "扰",
            "酚",
            "醇类",
            "重氮",
            "大蒜",
            "质",
            "凝",
            "薄",
            "纤",
            "透",
            "旋",
            "不显",
            "</s>"
        ]
    ],
    "雕琼萼": [
        "雕琼萼",
        "Diaoqiongcalyx",
        "刁琼萼",
        []
    ],
    "丛叶": [
        "丛叶",
        "Plexus leaf",
        "丛叶",
        []
    ],
    "扶金蕊": [
        "扶金蕊",
        "Help Jin Rui",
        "帮助金瑞",
        [
            "帮助",
            "协助",
            "努力",
            "设法",
            "希望",
            "鼓励",
            "试图",
            "尽力",
            "借助",
            "为了让"
        ]
    ],
    "午风": [
        "午风",
        "Afternoon wind",
        "午后风",
        [
            "午后",
            "风",
            "时分",
            "清晨",
            "傍晚",
            "风吹",
            "午夜",
            "西风",
            "吹拂",
            "黄昏",
            "吹",
            "北风",
            "半夜",
            "大风",
            "深夜",
            "暴风",
            "四时",
            "雨",
            "和风",
            "隔日"
        ]
    ],
    "轻泛": [
        "轻泛",
        "Light flooding",
        "轻度洪水",
        [
            "洪水",
            "洪水泛滥",
            "山洪",
            "泥石流",
            "大水",
            "淹没",
            "水淹",
            "泛滥",
            "决堤",
            "山洪暴发"
        ]
    ],
    "玉面": [
        "玉面",
        "Jade noodles",
        "玉面",
        []
    ],
    "自天香": [
        "自天香",
        "Zitianxiang",
        "梓天香",
        []
    ],
    "尤宜": [
        "尤宜",
        "Especially appropriate",
        "特别合适",
        [
            "特别",
            "合适",
            "适合",
            "适当",
            "恰当",
            "最合适",
            "更好",
            "尤其",
            "适宜",
            "合理",
            "有用",
            "同样",
            "适合于",
            "之外",
            "相当多",
            "值得注意",
            "引人注意",
            "除此以外",
            "都有",
            "比如说"
        ]
    ],
    "花寒": [
        "花寒",
        "Flowers are cold",
        "花很冷",
        [
            "花",
            "花上",
            "小花",
            "萝卜",
            "兰花",
            "白花",
            "牵牛",
            "大花",
            "光阴",
            "红豆"
        ]
    ],
    "仙禽": [
        "仙禽",
        "Fairy fowl",
        "仙禽",
        []
    ],
    "仙菊衣": [
        "仙菊衣",
        "Immortal chrysanthemum clothes",
        "不朽的菊花服装",
        [
            "菊花",
            "服装",
            "服饰",
            "装扮",
            "衣著",
            "衣装",
            "着装",
            "西装",
            "化妆",
            "梅花",
            "衣饰",
            "饰品",
            "牡丹",
            "荷花",
            "菊",
            "桂花",
            "牡丹花",
            "兰花",
            "海棠",
            "红豆"
        ]
    ],
    "微风": [
        "微风",
        "Breeze",
        "微风",
        [
            "微风",
            "日出",
            "哀愁",
            "乐声",
            "夏季时",
            "海鸥",
            "和风",
            "春天",
            "</s>",
            "Pardosa"
        ]
    ],
    "动玉枝": [
        "动玉枝",
        "Moving jade branch",
        "移动玉枝",
        [
            "移动",
            "行进",
            "旋转",
            "方向移动",
            "静止",
            "飘移",
            "快速移动",
            "漂移",
            "伸展",
            "回转"
        ]
    ],
    "楼子": [
        "楼子",
        "Louzi",
        "娄子",
        []
    ],
    "映牖": [
        "映牖",
        "Ying You",
        "迎你",
        [
            "迎",
            "迎接",
            "召",
            "拜谒",
            "诣",
            "庆贺",
            "遣",
            "献",
            "谒",
            "祝寿"
        ]
    ],
    "牵风": [
        "牵风",
        "Wind traction",
        "风力牵引",
        [
            "风力",
            "牵引",
            "风速",
            "阵风",
            "强风",
            "风势",
            "强度",
            "机车",
            "烈风",
            "重联",
            "气压",
            "雨势",
            "狂风",
            "除雪",
            "列车运行",
            "本务",
            "驱动",
            "动车",
            "供电系统",
            "两台"
        ]
    ],
    "云栖": [
        "云栖",
        "Cloud habitat",
        "云栖息地",
        [
            "云",
            "栖息地",
            "栖地",
            "生境",
            "繁殖地",
            "种群",
            "群落",
            "野生动物",
            "生态环境",
            "生态系统",
            "雨林",
            "尘",
            "幽",
            "寒",
            "阳",
            "名曰",
            "碧",
            "皓",
            "虹",
            "容"
        ]
    ],
    "同药": [
        "同药",
        "Same medicine",
        "同样的药",
        [
            "同样",
            "药",
            "药物",
            "药剂",
            "止痛",
            "药性",
            "泻药",
            "毒药",
            "解毒",
            "小儿",
            "制剂",
            "某种程度",
            "举例来说",
            "或多或少",
            "比如说",
            "值得注意",
            "比方说",
            "都只",
            "正因如此",
            "除此以外"
        ]
    ],
    "楼瑞玉": [
        "楼瑞玉",
        "Louruiyu",
        "卢瑞宇",
        []
    ],
    "诸品": [
        "诸品",
        "All kinds of goods",
        "各种商品",
        [
            "商品",
            "产品",
            "货品",
            "消费者",
            "消费",
            "商家",
            "零售商",
            "消费品",
            "卖家",
            "的产品"
        ]
    ],
    "青帝": [
        "青帝",
        "Qing Di",
        "狄青",
        [
            "狄青",
            "展昭",
            "救驾",
            "李靖",
            "韩琦",
            "出师",
            "叛将",
            "边城",
            "义兄",
            "连城"
        ]
    ],
    "勤点": [
        "勤点",
        "Be diligent",
        "勤奋点",
        [
            "勤奋",
            "刻苦",
            "勤劳",
            "勤学",
            "勤勉",
            "努力工作",
            "敬业",
            "正直",
            "谦和",
            "用心"
        ]
    ],
    "开暖日": [
        "开暖日",
        "Warm - up Day",
        "热身日",
        [
            "热身",
            "赛前",
            "揭幕战",
            "赛会",
            "主队",
            "退场",
            "两场",
            "三场",
            "第二场",
            "下一场"
        ]
    ]
}