{
    "归休": [
        "归休",
        "Return to rest",
        "返回休息",
        [
            "返回",
            "休息",
            "回到",
            "离开",
            "前往",
            "留在",
            "送回",
            "赶回",
            "来到",
            "调回",
            "睡觉",
            "返国",
            "休息时间",
            "走动",
            "歇息",
            "过夜",
            "等待",
            "喝水",
            "如常",
            "往常"
        ]
    ],
    "东山": [
        "东山",
        "Dongshan",
        "东山",
        [
            "东山",
            "南山",
            "北山",
            "龙山",
            "石牌",
            "前山",
            "象山",
            "灵山",
            "永福",
            "后山"
        ]
    ],
    "真乐": [
        "真乐",
        "True joy",
        "真正的快乐",
        [
            "真正",
            "快乐",
            "幸福",
            "确实",
            "或许",
            "美好",
            "根本",
            "欢乐",
            "开心",
            "无论如何",
            "只不过",
            "似乎",
            "其实",
            "毫无疑问",
            "无忧无虑",
            "愉快",
            "孤独",
            "甜蜜",
            "显然",
            "寂寞"
        ]
    ],
    "拂衣": [
        "拂衣",
        "Brushing clothes",
        "刷衣服",
        [
            "刷",
            "衣服",
            "鞋子",
            "衣物",
            "穿着",
            "大衣",
            "外套",
            "裤子",
            "鞋",
            "衣裳",
            "外衣",
            "翻",
            "贴",
            "板",
            "剪",
            "擦",
            "滚",
            "用者",
            "样",
            "在手"
        ]
    ],
    "得策": [
        "得策",
        "Policy",
        "政策",
        [
            "政策",
            "方针",
            "措施",
            "举措",
            "外交政策",
            "政府",
            "财政政策",
            "税制",
            "国策",
            "新政策"
        ]
    ],
    "好好": [
        "好好",
        "Well",
        "良好的",
        [
            "良好",
            "较好",
            "极佳",
            "很好",
            "极好",
            "较佳",
            "更佳",
            "不错",
            "较差",
            "很差"
        ]
    ],
    "黄鹄举": [
        "黄鹄举",
        "The oriole lift",
        "黄鹂电梯",
        [
            "黄鹂",
            "电梯",
            "升降机",
            "楼梯",
            "扶梯",
            "扶手",
            "自动扶梯",
            "楼层",
            "洗手间",
            "顶楼",
            "3楼",
            "鸥",
            "夜来香",
            "鹭",
            "鸣声",
            "雨燕",
            "洛神",
            "婉转",
            "鹞",
            "燕雀"
        ]
    ],
    "真天爵": [
        "真天爵",
        "True Lord of Heaven",
        "真正的天堂之主",
        [
            "真正",
            "天堂",
            "确实",
            "或许",
            "地狱",
            "根本",
            "无论如何",
            "天国",
            "只不过",
            "似乎",
            "其实",
            "炼狱",
            "毫无疑问",
            "显然",
            "魔鬼",
            "国度",
            "尘世",
            "深渊",
            "彼岸",
            "天梯"
        ]
    ],
    "青竹": [
        "青竹",
        "Bamboo",
        "竹子",
        [
            "竹子",
            "芦苇",
            "竹节",
            "原木",
            "木头",
            "葫芦",
            "桑树",
            "大树",
            "竹叶",
            "栽"
        ]
    ],
    "杖": [
        "杖",
        "rod",
        "杆",
        [
            "杆",
            "板",
            "针",
            "车轮",
            "锤",
            "扳",
            "推杆",
            "拇指",
            "底板",
            "把手"
        ]
    ],
    "早避": [
        "早避",
        "Early avoidance",
        "早期回避",
        [
            "早期",
            "回避",
            "后期",
            "晚期",
            "规避",
            "20世纪",
            "中期",
            "现代",
            "忽视",
            "无视",
            "以前",
            "最初",
            "更早",
            "一时期",
            "避开",
            "忽略",
            "顾虑",
            "补救",
            "尽量避免",
            "不对"
        ]
    ],
    "喧烦": [
        "喧烦",
        "Loud annoyance",
        "大声烦恼",
        [
            "大声",
            "烦恼",
            "大叫",
            "大喊",
            "高声",
            "听见",
            "呼喊",
            "苦恼",
            "台下",
            "起身",
            "低头",
            "叫喊",
            "世间",
            "因缘",
            "疑惑",
            "无常",
            "执著",
            "困惑",
            "觉悟",
            "自觉"
        ]
    ],
    "七不": [
        "七不",
        "Seven no",
        "七不",
        []
    ],
    "堪中": [
        "堪中",
        "Kanzhong",
        "坎中",
        []
    ],
    "伏枥": [
        "伏枥",
        "Fu Yu",
        "傅宇",
        []
    ],
    "老归": [
        "老归",
        "Old man",
        "丈夫",
        [
            "丈夫",
            "妻子",
            "女儿",
            "母亲",
            "前妻",
            "前夫",
            "未婚妻",
            "未婚夫",
            "太太",
            "妹妹"
        ]
    ],
    "结社": [
        "结社",
        "tong",
        "帮会",
        [
            "帮会",
            "三合会",
            "黑社会",
            "青帮",
            "帮派",
            "洪门",
            "黑道",
            "黑帮",
            "犯罪集团",
            "老大"
        ]
    ],
    "垂钩": [
        "垂钩",
        "Vertical hook",
        "垂直钩",
        [
            "垂直",
            "钩",
            "横向",
            "度角",
            "侧向",
            "叉",
            "直线",
            "向下",
            "竖直",
            "斜向",
            "柄",
            "纵向",
            "向上",
            "针",
            "舌",
            "钝",
            "尖头",
            "锯",
            "楔",
            "背"
        ]
    ],
    "收功": [
        "收功",
        "Work collection",
        "作品收藏",
        [
            "作品",
            "收藏",
            "珍藏",
            "藏品",
            "收藏品",
            "收藏家",
            "小说",
            "艺术品",
            "创作",
            "馆藏",
            "经典作品",
            "珍品",
            "展品",
            "文学作品",
            "杰作",
            "代表作",
            "剧作",
            "创作者",
            "几部",
            "美术品"
        ]
    ],
    "赋休": [
        "赋休",
        "Fu xiu",
        "傅秀",
        []
    ],
    "休": [
        "休",
        "Hugh",
        "休",
        [
            "休",
            "毕",
            "荣",
            "堪",
            "谬",
            "劳",
            "许",
            "简",
            "彻",
            "德明"
        ]
    ],
    "白鸥盟": [
        "白鸥盟",
        "Bai Ou League",
        "白鸥联盟",
        [
            "联盟",
            "该联盟",
            "的联盟",
            "Alliance",
            "自由联盟",
            "新联盟",
            "国家联盟",
            "Union",
            "三巨头",
            "的组织"
        ]
    ],
    "纶巾": [
        "纶巾",
        "Black silk scarf",
        "黑色丝巾",
        [
            "黑色",
            "丝巾",
            "白色",
            "红色",
            "黄色",
            "灰色",
            "银色",
            "粉红色",
            "紫色",
            "蓝色",
            "金色",
            "围巾",
            "内衣",
            "丝袜",
            "领带",
            "毛衣",
            "长袖",
            "外套",
            "纯白",
            "金丝"
        ]
    ],
    "未逢": [
        "未逢",
        "Not yet",
        "还没有",
        [
            "没有",
            "没",
            "并未",
            "无法",
            "不会",
            "不能",
            "从未",
            "未",
            "没有人",
            "很难"
        ]
    ],
    "荣辱": [
        "荣辱",
        "honour or disgrace",
        "荣誉还是耻辱",
        [
            "荣誉",
            "耻辱",
            "羞耻",
            "荣誉奖",
            "颁发",
            "屈辱",
            "殊荣",
            "荣衔",
            "骄傲",
            "侮辱",
            "羞辱",
            "名誉博士",
            "名誉",
            "难堪",
            "获奖者",
            "金质奖章",
            "污辱",
            "可耻",
            "桂冠",
            "蔑视"
        ]
    ],
    "三宜": [
        "三宜",
        "Sanyi",
        "三一",
        []
    ],
    "休外": [
        "休外",
        "Off duty",
        "下班",
        [
            "下班",
            "上班",
            "上下班",
            "放学",
            "出门",
            "等候",
            "平日",
            "午饭",
            "深夜",
            "傍晚"
        ]
    ],
    "闲钓": [
        "闲钓",
        "Idle fishing",
        "闲置捕鱼",
        [
            "闲置",
            "捕鱼",
            "捕捞",
            "渔业",
            "捕猎",
            "渔猎",
            "渔民",
            "占用",
            "钓鱼",
            "荒废",
            "废弃",
            "空置",
            "渔夫",
            "渔场",
            "打鱼",
            "搬离",
            "迁走",
            "拆掉",
            "资金不足",
            "清空"
        ]
    ],
    "书留": [
        "书留",
        "Book retention",
        "书籍保留",
        [
            "书籍",
            "保留",
            "书本",
            "书刊",
            "保有",
            "图书",
            "出版物",
            "读物",
            "著作",
            "保存",
            "留存",
            "类书籍",
            "参考书",
            "沿用",
            "历史书籍",
            "原有",
            "延续",
            "存留",
            "保持一致",
            "移去"
        ]
    ],
    "儿读": [
        "儿读",
        "Read",
        "阅读",
        [
            "阅读",
            "读者",
            "写作",
            "读物",
            "学习者",
            "书本",
            "朗读",
            "写出",
            "读到",
            "选读"
        ]
    ],
    "早到": [
        "早到",
        "Arrive early",
        "提前到达",
        [
            "提前",
            "到达",
            "抵达",
            "提早",
            "出发",
            "进发",
            "驶向",
            "延后",
            "穿过",
            "驶离",
            "开到",
            "穿越",
            "驶出",
            "原定",
            "如期",
            "月内",
            "提前结束",
            "天内",
            "月份",
            "日前"
        ]
    ],
    "林泉": [
        "林泉",
        "Nymphs",
        "稚虫",
        [
            "稚虫",
            "幼虫",
            "若虫",
            "配子体",
            "幼体",
            "成体",
            "蝌蚪",
            "软体动物",
            "蜻蜓",
            "水栖"
        ]
    ],
    "求先": [
        "求先",
        "First, please",
        "首先，请",
        [
            "请",
            "请求",
            "劝",
            "问",
            "恳请",
            "商量",
            "叮嘱",
            "代为",
            "再三",
            "特地"
        ]
    ],
    "退想": [
        "退想",
        "Think back",
        "回想",
        [
            "回想",
            "回忆起",
            "想起",
            "记得",
            "回忆",
            "诉说",
            "记起",
            "想到",
            "述说",
            "说起"
        ]
    ],
    "裴公野": [
        "裴公野",
        "Pei gongye",
        "裴·叶公",
        [
            "裴",
            "崔",
            "李",
            "杨",
            "曹",
            "薛",
            "皇甫",
            "范",
            "樊",
            "顾"
        ]
    ],
    "避贤": [
        "避贤",
        "Avoid sage",
        "避开圣人",
        [
            "避开",
            "圣人",
            "殉道者",
            "避免",
            "殉道",
            "天主",
            "躲避",
            "殉教者",
            "殉教",
            "回避",
            "宗徒",
            "逃避",
            "规避",
            "圣者",
            "尽量避免",
            "升天",
            "尽量减少",
            "圣本笃",
            "碰到",
            "能避免"
        ]
    ],
    "田为": [
        "田为",
        "Tian Wei",
        "田伟",
        []
    ],
    "鹤谋": [
        "鹤谋",
        "Crane scheme",
        "起重机方案",
        [
            "起重机",
            "方案",
            "吊车",
            "计划",
            "设计方案",
            "建议书",
            "提案",
            "建议",
            "可行性",
            "驳船",
            "钢缆",
            "挖掘机",
            "轮子",
            "钢架",
            "解决方案",
            "消防车",
            "机架",
            "提议",
            "推土机",
            "拟议"
        ]
    ],
    "今抛": [
        "今抛",
        "Today",
        "今天",
        [
            "今天",
            "现在",
            "如今",
            "今日",
            "现今",
            "以前",
            "时至今日",
            "那时候",
            "从前",
            "直到现在"
        ]
    ],
    "簪绶": [
        "簪绶",
        "Zan ribbon",
        "赞丝带",
        [
            "赞",
            "丝带",
            "缎带",
            "彩带",
            "胸前",
            "围巾",
            "金色",
            "圆点",
            "粉红色",
            "外套",
            "紫色",
            "拜",
            "罕",
            "加",
            "卜",
            "拉姆",
            "王及",
            "克里",
            "特为",
            "先为"
        ]
    ],
    "归闲": [
        "归闲",
        "Return to leisure",
        "回归休闲",
        [
            "回归",
            "休闲",
            "休闲娱乐",
            "餐饮",
            "游憩",
            "休闲度假",
            "休闲活动",
            "消闲",
            "重返",
            "娱乐区",
            "好去处",
            "复出",
            "旅游观光",
            "重回",
            "重生",
            "重归",
            "复归",
            "转回",
            "紧接",
            "紧接著"
        ]
    ],
    "不厌": [
        "不厌",
        "not object to",
        "不反对",
        [
            "反对",
            "赞成",
            "抵制",
            "坚决",
            "谴责",
            "支持",
            "指责",
            "赞同",
            "拥护",
            "反对者"
        ]
    ],
    "归思": [
        "归思",
        "thought of return",
        "返回的想法",
        [
            "返回",
            "想法",
            "回到",
            "离开",
            "前往",
            "留在",
            "送回",
            "赶回",
            "来到",
            "调回",
            "返国",
            "点子",
            "想要",
            "尝试",
            "或许",
            "思路",
            "初衷",
            "设想",
            "意念",
            "期望"
        ]
    ],
    "乐圣": [
        "乐圣",
        "Roksan",
        "罗克桑",
        []
    ],
    "乃衔": [
        "乃衔",
        "Is the title",
        "是标题吗",
        [
            "标题",
            "副标题",
            "开头",
            "原文",
            "书名",
            "曲名",
            "结尾",
            "歌名",
            "末尾",
            "篇名"
        ]
    ],
    "贵显": [
        "贵显",
        "Your display",
        "你的展示",
        [
            "展示",
            "展出",
            "展览",
            "展现",
            "演示",
            "展示出",
            "展览品",
            "重现",
            "示范",
            "简介"
        ]
    ],
    "玉带": [
        "玉带",
        "jade belt",
        "玉带",
        [
            "玉带",
            "绢",
            "铜镜",
            "缯",
            "珠玉",
            "蟠龙",
            "金带",
            "砚",
            "玲珑",
            "金顶"
        ]
    ],
    "致": [
        "致",
        "To",
        "到",
        []
    ],
    "通籍": [
        "通籍",
        "General register",
        "通用寄存器",
        []
    ],
    "十轮": [
        "十轮",
        "Ten rounds",
        "十轮",
        []
    ],
    "画戟": [
        "画戟",
        "Painting halberd",
        "画戟",
        []
    ],
    "貂蝉": [
        "貂蝉",
        "Chan Diao",
        "陈调",
        []
    ],
    "金鱼": [
        "金鱼",
        "Goldfish",
        "金鱼",
        [
            "金鱼",
            "鲫鱼",
            "锦鲤",
            "鲤鱼",
            "鸳鸯",
            "麻雀",
            "鸭子",
            "小动物",
            "鳗鱼",
            "螃蟹"
        ]
    ],
    "垂组": [
        "垂组",
        "Vertical group",
        "垂直团体",
        [
            "垂直",
            "团体",
            "横向",
            "度角",
            "社团",
            "侧向",
            "直线",
            "向下",
            "竖直",
            "斜向",
            "纵向",
            "向上",
            "成员",
            "宗教团体",
            "组织",
            "民间组织",
            "的组织",
            "民间团体",
            "学生组织",
            "小团体"
        ]
    ],
    "万石": [
        "万石",
        "Wanshi",
        "石湾",
        [
            "石湾",
            "云浮市",
            "狮山",
            "田心",
            "斗门",
            "新洲",
            "桥头",
            "黄田",
            "清远",
            "古村"
        ]
    ],
    "亨衢": [
        "亨衢",
        "Heng qu",
        "横曲",
        []
    ],
    "列戟": [
        "列戟",
        "Column halberd",
        "柱戟",
        []
    ],
    "华毂": [
        "华毂",
        "Hub",
        "中心",
        [
            "中心",
            "的中心",
            "该中心",
            "其中心",
            "外围",
            "教育中心",
            "区域内",
            "一个中心",
            "中心地带",
            "为中心"
        ]
    ],
    "黄扉": [
        "黄扉",
        "Yellow leaf",
        "黄叶",
        []
    ],
    "海市": [
        "海市",
        "Sea city",
        "海滨城市",
        [
            "海滨",
            "城市",
            "的城市",
            "大城市",
            "郊区",
            "大都市",
            "卫星城",
            "海边",
            "小城镇",
            "周边地区",
            "长廊",
            "小城市",
            "和城市",
            "海港",
            "沙滩",
            "海滨公园",
            "港湾",
            "临海",
            "中心地带",
            "临近"
        ]
    ],
    "马如龙": [
        "马如龙",
        "Rulong Ma",
        "马如龙",
        [
            "马如龙",
            "陈锦",
            "徐若瑄",
            "斌",
            "陈德",
            "王杰",
            "杨林",
            "刘明",
            "四人",
            "</s>"
        ]
    ],
    "神仙": [
        "神仙",
        "Immortal",
        "不朽的",
        []
    ],
    "新筑": [
        "新筑",
        "New building",
        "新建筑",
        [
            "新",
            "建筑",
            "建筑物",
            "建筑群",
            "建筑风格",
            "宗教建筑",
            "新的",
            "公共建筑",
            "塔楼",
            "建物",
            "建筑设计",
            "巴洛克式",
            "原先",
            "另行",
            "最初",
            "一新",
            "从新",
            "取而代之",
            "新近",
            "上新"
        ]
    ],
    "沙堤": [
        "沙堤",
        "Sand dike",
        "砂堤",
        []
    ],
    "籍通": [
        "籍通",
        "Pass through",
        "经历",
        [
            "经历",
            "历经",
            "漫长",
            "历程",
            "亲身经历",
            "境遇",
            "年中",
            "个人经历",
            "境况",
            "随之而来"
        ]
    ],
    "界": [
        "界",
        "circles",
        "环",
        [
            "环",
            "的环",
            "环中",
            "环状",
            "一个环",
            "外环",
            "末端",
            "内侧",
            "马蹄形",
            "内层"
        ]
    ],
    "锦骑": [
        "锦骑",
        "Jin qi",
        "金琪",
        []
    ],
    "随猎": [
        "随猎",
        "Hunting",
        "打猎",
        [
            "打猎",
            "狩猎",
            "骑马",
            "放牧",
            "游猎",
            "射猎",
            "牧羊",
            "牧牛",
            "户外活动",
            "农夫"
        ]
    ],
    "要路": [
        "要路",
        "Way to go",
        "要走的路",
        [
            "走",
            "路",
            "路口",
            "北路",
            "南路",
            "东路",
            "西路",
            "二路",
            "回头",
            "中华路",
            "前行",
            "四路",
            "走到",
            "交叉路口",
            "走去",
            "跟着",
            "丢下",
            "走回",
            "放",
            "停下来"
        ]
    ],
    "朱轮": [
        "朱轮",
        "Zhu wheel",
        "朱轮",
        []
    ],
    "紫阁": [
        "紫阁",
        "Purple pavilion",
        "紫色馆",
        [
            "紫色",
            "馆",
            "黄色",
            "粉红色",
            "白色",
            "红色",
            "黄绿色",
            "蓝色",
            "紫红色",
            "深红色",
            "深蓝色",
            "馆内",
            "展示馆",
            "本馆",
            "分馆",
            "厅",
            "展览馆",
            "馆里",
            "图书室",
            "馆主"
        ]
    ],
    "冰山": [
        "冰山",
        "Iceberg",
        "冰山",
        [
            "冰山",
            "冰",
            "冰河",
            "海中",
            "大海",
            "波涛",
            "极光",
            "云海",
            "湖上",
            "白雪"
        ]
    ],
    "车似": [
        "车似",
        "Car - like",
        "像汽车一样",
        [
            "汽车",
            "摩托车",
            "的汽车",
            "卡车",
            "轿车",
            "货车",
            "车主",
            "汽车公司",
            "小汽车",
            "车也"
        ]
    ],
    "始分": [
        "始分",
        "Initial score",
        "初始分数",
        [
            "分数",
            "总分",
            "评分",
            "得分",
            "名次",
            "点数",
            "积分",
            "高分",
            "最高分",
            "平均分"
        ]
    ],
    "茅土": [
        "茅土",
        "Mound soil",
        "土堆土",
        [
            "土堆",
            "土",
            "土丘",
            "土墩",
            "巨石",
            "土堤",
            "卵石",
            "石板",
            "沙土",
            "石质",
            "木",
            "瓮",
            "高台",
            "赤",
            "幔",
            "荒",
            "故称",
            "秦人",
            "；大",
            "</s>"
        ]
    ],
    "身侍": [
        "身侍",
        "Body attendant",
        "身体护理员",
        [
            "身体",
            "躯体",
            "全身",
            "肌肉",
            "四肢",
            "眼睛",
            "身躯",
            "双腿",
            "双脚",
            "胸部"
        ]
    ],
    "甘泉": [
        "甘泉",
        "Oasis",
        "绿洲",
        [
            "绿洲",
            "沙漠",
            "沙漠中",
            "草原",
            "荒漠",
            "富饶",
            "的沙漠",
            "沙丘",
            "沼泽地",
            "布鲁"
        ]
    ],
    "金莲": [
        "金莲",
        "bound feet of a woman",
        "束缚女人的脚",
        [
            "束缚",
            "女人",
            "脚",
            "男人",
            "女孩",
            "拘束",
            "女人们",
            "新娘",
            "头",
            "妳",
            "爱人",
            "脚上",
            "腿",
            "老婆",
            "情人",
            "约束",
            "踩",
            "甜蜜",
            "压抑",
            "足",
            "后脚",
            "右脚",
            "双脚",
            "挣脱",
            "枷锁",
            "手脚",
            "桎梏",
            "抗拒",
            "排斥",
            "驱使"
        ]
    ],
    "赋诗": [
        "赋诗",
        "Poetry writing",
        "诗歌写作",
        [
            "诗歌",
            "写作",
            "抒情诗",
            "诗作",
            "文学作品",
            "散文",
            "文学",
            "诗篇",
            "诗词",
            "诗",
            "短诗",
            "文学创作",
            "创作",
            "写诗",
            "写出",
            "写成",
            "作者",
            "写书",
            "文学评论",
            "短文"
        ]
    ],
    "御鞍": [
        "御鞍",
        "Royal saddle",
        "皇家马鞍",
        [
            "皇家",
            "马鞍",
            "Royal",
            "英国皇家",
            "英国王室",
            "莲花",
            "牛角",
            "英王",
            "威灵顿",
            "塞维利亚",
            "圣乔治",
            "根特",
            "虎头",
            "考文垂",
            "天鹅",
            "梅花",
            "海鸥",
            "马蹄",
            "三脚",
            "</s>"
        ]
    ],
    "金腰": [
        "金腰",
        "Gold waist",
        "金腰",
        []
    ],
    "褭": [
        "褭",
        "The loop",
        "循环",
        [
            "循环",
            "反应器",
            "周而复始",
            "气化",
            "重复",
            "可逆",
            "循环系统",
            "反转",
            "尿素",
            "反向"
        ]
    ],
    "真": [
        "真",
        "Really",
        "事实上",
        []
    ],
    "老觉": [
        "老觉",
        "Old sleep",
        "旧梦",
        []
    ],
    "腰金重": [
        "腰金重",
        "Waist gold weight",
        "腰部黄金重量",
        [
            "腰部",
            "黄金",
            "重量",
            "总重量",
            "胸部",
            "臀部",
            "膝盖",
            "肩部",
            "总重",
            "腿部",
            "肩膀",
            "大腿",
            "尺寸",
            "背部",
            "配重",
            "体积",
            "小腿",
            "车重",
            "载重量",
            "载重",
            "宝石",
            "载荷",
            "白银",
            "贵金属",
            "钻石",
            "黄金和",
            "绿宝石",
            "玉石",
            "蓝宝石",
            "金子"
        ]
    ],
    "官砚": [
        "官砚",
        "Official inkstone",
        "官方砚台",
        [
            "官方",
            "砚台",
            "官方网站",
            "砚",
            "公开",
            "茶具",
            "官网",
            "毛笔",
            "壶",
            "正式",
            "字画",
            "扇子",
            "对外",
            "官方所",
            "钢笔",
            "墨迹",
            "其网站",
            "在此之前",
            "白玉",
            "此前"
        ]
    ],
    "蟾蜍": [
        "蟾蜍",
        "Toad",
        "蟾蜍",
        [
            "蟾蜍",
            "蛙",
            "蛇",
            "蝾螈",
            "豚鼠",
            "伯劳",
            "羚羊",
            "獭",
            "蟒蛇",
            "壁虎"
        ]
    ],
    "座上": [
        "座上",
        "Seat",
        "座位",
        [
            "座位",
            "座席",
            "可容纳",
            "能容纳",
            "观众席",
            "长椅",
            "坐位",
            "露天",
            "一层楼",
            "正中央"
        ]
    ],
    "艳": [
        "艳",
        "Yan",
        "燕",
        [
            "燕",
            "后赵",
            "燕国",
            "凉",
            "北燕",
            "秦",
            "曹国",
            "代王",
            "汉王",
            "孤"
        ]
    ],
    "慵安": [
        "慵安",
        "Careless safety",
        "粗心的安全",
        [
            "安全",
            "安全性",
            "安全及",
            "公共安全",
            "确保",
            "安全和",
            "必要",
            "人身安全",
            "确保安全",
            "必需"
        ]
    ],
    "枕玉凉": [
        "枕玉凉",
        "Pillow jade is cool",
        "枕玉很酷",
        [
            "很酷",
            "很棒",
            "有趣",
            "有意思",
            "开玩笑",
            "平淡无奇",
            "与众不同",
            "坦率",
            "一点点",
            "众所周知"
        ]
    ],
    "遭遇": [
        "遭遇",
        "Encounter",
        "遭遇",
        [
            "遭遇",
            "遇到",
            "遭受",
            "遇上",
            "面对",
            "碰上",
            "身陷",
            "遭逢",
            "接踵而至",
            "接踵而来"
        ]
    ],
    "鱼水": [
        "鱼水",
        "fish and water",
        "鱼和水",
        []
    ],
    "结袜": [
        "结袜",
        "Socks",
        "袜子",
        [
            "袜子",
            "鞋子",
            "裤子",
            "衬衫",
            "外套",
            "鞋",
            "上衣",
            "领带",
            "靴子",
            "短裤"
        ]
    ],
    "攀": [
        "攀",
        "climb",
        "攀爬",
        [
            "攀爬",
            "爬上",
            "爬到",
            "攀登",
            "爬",
            "滑下",
            "弹跳",
            "高处",
            "梯子",
            "攀"
        ]
    ],
    "前席": [
        "前席",
        "Front seat",
        "前排座椅",
        [
            "前排",
            "座椅",
            "后排",
            "椅背",
            "车顶",
            "车厢",
            "车窗",
            "车头",
            "客舱",
            "挡风玻璃",
            "天窗",
            "坐椅",
            "就坐",
            "左边",
            "站位",
            "右边",
            "并排",
            "上站",
            "后边",
            "的中央"
        ]
    ],
    "攀龙": [
        "攀龙",
        "Climbing dragon",
        "攀龙",
        []
    ],
    "歌短": [
        "歌短",
        "Song short",
        "歌曲短片",
        [
            "歌曲",
            "短片",
            "首歌曲",
            "首歌",
            "此曲",
            "影片",
            "歌词",
            "曲目",
            "流行歌曲",
            "曲子",
            "经典歌曲",
            "曲",
            "纪录片",
            "记录片",
            "电影",
            "片段",
            "动画短片",
            "预告片",
            "微电影",
            "首集"
        ]
    ],
    "攀桂上": [
        "攀桂上",
        "Climb the laurel",
        "爬月桂树",
        [
            "爬",
            "爬到",
            "爬上",
            "跳下",
            "爬出",
            "钻进",
            "踩",
            "碰到",
            "丢下",
            "攀"
        ]
    ],
    "一言": [
        "一言",
        "A word",
        "一句话",
        [
            "一句话",
            "一段话",
            "话说",
            "名言",
            "说道",
            "这段话",
            "说什么",
            "记得",
            "原话",
            "刚才"
        ]
    ]
}