{
    "分丽": [
        "分丽",
        "Split Li",
        "李开复",
        [
            "李开复",
            "李彦宏",
            "马云",
            "网易",
            "辟谣",
            "博文",
            "同行",
            "不约而同",
            "<tr>",
            "</s>"
        ]
    ],
    "汉水": [
        "汉水",
        "Han river",
        "汉江",
        [
            "汉江",
            "鸭绿江",
            "长江",
            "汉水",
            "洛东江",
            "清川江",
            "大同江",
            "嘉陵江",
            "丹江",
            "锦江"
        ]
    ],
    "数珠": [
        "数珠",
        "beads",
        "珠子",
        [
            "珠子",
            "项链",
            "贝壳",
            "竹节",
            "枕头",
            "串珠",
            "波纹",
            "彩花",
            "大块",
            "</s>"
        ]
    ],
    "修心": [
        "修心",
        "Repair the heart",
        "修复心脏",
        [
            "修复",
            "心脏",
            "修缮",
            "整修",
            "重建",
            "复原",
            "大修",
            "翻修",
            "肾脏",
            "修补",
            "肺部",
            "脑部",
            "复建",
            "修整",
            "肝脏",
            "脑干",
            "胸腔",
            "瓣膜",
            "脊柱",
            "肺脏"
        ]
    ],
    "念佛": [
        "念佛",
        "pray to buddha",
        "向佛陀祈祷",
        [
            "佛陀",
            "祈祷",
            "祷告",
            "释迦牟尼",
            "礼拜",
            "比丘",
            "敬拜",
            "成佛",
            "世尊",
            "诵经",
            "涅槃",
            "阿难",
            "宗教仪式",
            "弥勒",
            "诸佛",
            "祝福",
            "忏悔",
            "尊者",
            "祷文",
            "奉献"
        ]
    ],
    "参禅": [
        "参禅",
        "Zen meditation",
        "禅坐",
        [
            "禅",
            "坐",
            "观",
            "禅宗",
            "天台宗",
            "禅法",
            "跪",
            "道场",
            "菩提",
            "抬",
            "坐着",
            "觉",
            "坐下",
            "驾",
            "厢",
            "华严",
            "取法",
            "吊",
            "只见",
            "仰"
        ]
    ],
    "系念": [
        "系念",
        "worry about",
        "烦恼",
        [
            "烦恼",
            "苦恼",
            "世间",
            "因缘",
            "疑惑",
            "无常",
            "执著",
            "困惑",
            "觉悟",
            "自觉"
        ]
    ],
    "看经": [
        "看经",
        "Look at the scriptures",
        "看看圣经",
        [
            "看看",
            "圣经",
            "旧约",
            "经文",
            "福音书",
            "马太福音",
            "新约",
            "路加福音",
            "想到",
            "约翰福音",
            "希伯来文",
            "马可福音",
            "是不是",
            "刚才",
            "想想",
            "进去",
            "到底",
            "忘了",
            "就让",
            "再来"
        ]
    ],
    "说法": [
        "说法",
        "Statement",
        "声明",
        [
            "声明",
            "公开信",
            "发表声明",
            "书面声明",
            "新闻稿",
            "回应",
            "道歉信",
            "通告",
            "单方面",
            "表示遗憾"
        ]
    ],
    "胸前": [
        "胸前",
        "Chest",
        "胸部",
        [
            "胸部",
            "头部",
            "腹部",
            "颈部",
            "臀部",
            "腰部",
            "背部",
            "脸部",
            "面部",
            "腿部"
        ]
    ],
    "数分": [
        "数分",
        "Number of points",
        "点数",
        [
            "点数",
            "经验值",
            "分数",
            "卡牌",
            "卡片",
            "筹码",
            "庄家",
            "下注",
            "牌手",
            "骰子"
        ]
    ],
    "休论": [
        "休论",
        "Hugh theory",
        "休理论",
        [
            "休",
            "理论",
            "学说",
            "假说",
            "方法论",
            "概念",
            "论点",
            "原理",
            "观点",
            "理论模型",
            "分析方法",
            "毕",
            "荣",
            "堪",
            "谬",
            "劳",
            "许",
            "简",
            "彻",
            "德明"
        ]
    ],
    "数": [
        "数",
        "Number",
        "数字",
        [
            "数字",
            "位数",
            "小数点",
            "倍数",
            "进制",
            "十进制",
            "二进制",
            "大写字母",
            "十六进制",
            "小数"
        ]
    ],
    "念善": [
        "念善",
        "Read good",
        "读得好",
        []
    ],
    "头头": [
        "头头",
        "guru",
        "领袖",
        [
            "领袖",
            "领导者",
            "领导人",
            "领袖人物",
            "精神领袖",
            "领导",
            "首脑",
            "领袖们",
            "拥护",
            "改革者"
        ]
    ],
    "谁言": [
        "谁言",
        "Who said that",
        "谁说的",
        [
            "说",
            "说道",
            "问道",
            "说是",
            "却说",
            "知道",
            "时说",
            "话说",
            "感叹",
            "真是"
        ]
    ],
    "积数": [
        "积数",
        "Product number",
        "产品编号",
        []
    ],
    "尘难": [
        "尘难",
        "Dust is hard",
        "灰尘很硬",
        [
            "灰尘",
            "硬",
            "软",
            "尘埃",
            "烟雾",
            "污垢",
            "尘土",
            "有毒气体",
            "微粒",
            "碎屑",
            "坑洞",
            "较硬",
            "质地",
            "烟尘",
            "夹",
            "硬质",
            "粗",
            "粗大",
            "硬式",
            "大块"
        ]
    ],
    "谈玄": [
        "谈玄",
        "On Xuan",
        "玄论",
        []
    ],
    "善满": [
        "善满",
        "Good full",
        "好满",
        []
    ],
    "须忘": [
        "须忘",
        "Must forget",
        "必须忘记",
        [
            "必须",
            "忘记",
            "必需",
            "需要",
            "记得",
            "不能",
            "能够",
            "想到",
            "忘了",
            "不必",
            "忘掉",
            "才会",
            "需",
            "只能",
            "明白",
            "须要",
            "记起",
            "知道",
            "想起",
            "回想"
        ]
    ],
    "垢": [
        "垢",
        "disgrace",
        "耻辱",
        [
            "耻辱",
            "羞耻",
            "屈辱",
            "骄傲",
            "侮辱",
            "羞辱",
            "难堪",
            "污辱",
            "可耻",
            "蔑视"
        ]
    ],
    "随心": [
        "随心",
        "be satisfied",
        "满意",
        [
            "满意",
            "失望",
            "令人满意",
            "恼火",
            "十分满意",
            "懊恼",
            "差劲",
            "不快",
            "吃惊",
            "情愿"
        ]
    ],
    "能节": [
        "能节",
        "Energy festival",
        "能源节",
        [
            "能源",
            "可再生",
            "核能",
            "新能源",
            "再生能源",
            "太阳能",
            "自然资源",
            "风能",
            "能源供应",
            "可持续"
        ]
    ],
    "海潮": [
        "海潮",
        "tide",
        "潮汐",
        [
            "潮汐",
            "重力",
            "海流",
            "引力",
            "海浪",
            "沉降",
            "湍流",
            "下沉",
            "波浪",
            "星体"
        ]
    ],
    "微穿": [
        "微穿",
        "Micro - threading",
        "微螺纹",
        [
            "微",
            "螺纹",
            "螺丝",
            "螺栓",
            "凹槽",
            "前端",
            "扳手",
            "曲柄",
            "螺钉",
            "箍",
            "扰",
            "栓",
            "质",
            "凝",
            "薄",
            "纤",
            "透",
            "旋",
            "不显",
            "</s>"
        ]
    ],
    "九府": [
        "九府",
        "Nine houses",
        "九栋房子",
        [
            "房子",
            "屋子",
            "小屋",
            "公寓",
            "院子",
            "住所",
            "小木屋",
            "后院",
            "邻居",
            "隔壁"
        ]
    ],
    "凿井": [
        "凿井",
        "shaft sinking",
        "凿井",
        [
            "凿井",
            "井水",
            "汲水",
            "水井",
            "两口",
            "涌泉",
            "小溪",
            "打水",
            "沙石",
            "东庄"
        ]
    ],
    "选一": [
        "选一",
        "Choose one",
        "选择一个",
        [
            "选择",
            "自由选择",
            "可选择",
            "考虑",
            "选项",
            "选取",
            "同样",
            "必需",
            "并不需要",
            "为了让"
        ]
    ],
    "九麻": [
        "九麻",
        "Nine hemp",
        "九麻",
        []
    ],
    "化蝶": [
        "化蝶",
        "Become a butterfly",
        "变成蝴蝶",
        [
            "变成",
            "蝴蝶",
            "变为",
            "变回",
            "消失",
            "转变成",
            "转化成",
            "演变成",
            "蜻蜓",
            "换成",
            "转成",
            "兰花",
            "替换成",
            "猫头鹰",
            "彩虹",
            "蝙蝠",
            "风铃",
            "燕子",
            "茉莉",
            "螳螂"
        ]
    ],
    "体圆": [
        "体圆",
        "Body circle",
        "体圆",
        []
    ],
    "方兄": [
        "方兄",
        "Brother Fang",
        "方兄",
        []
    ],
    "龙文": [
        "龙文",
        "Long Wen",
        "龙文",
        [
            "龙文",
            "遁",
            "瑛",
            "峨眉",
            "张纯",
            "平川",
            "石山",
            "吉氏",
            "名曰",
            "王瑞"
        ]
    ],
    "流通": [
        "流通",
        "Circulation",
        "流通",
        [
            "流通",
            "通货",
            "兑换",
            "纸币",
            "商品交易",
            "外币",
            "纸钞",
            "贵金属",
            "流通量",
            "存量"
        ]
    ],
    "青铜": [
        "青铜",
        "Bronze",
        "青铜",
        [
            "青铜",
            "铜制",
            "石制",
            "铜器",
            "镀金",
            "铜质",
            "鎏金",
            "铁制",
            "铜",
            "装饰品"
        ]
    ],
    "泉流": [
        "泉流",
        "Spring current",
        "弹簧电流",
        [
            "弹簧",
            "电流",
            "电压",
            "电阻",
            "电场",
            "线圈",
            "阻抗",
            "电容器",
            "电位",
            "电路",
            "连杆",
            "电容",
            "轴承",
            "液压",
            "车轮",
            "油压",
            "刚性",
            "支架",
            "琴弦",
            "飞轮"
        ]
    ],
    "子母": [
        "子母",
        "Picture",
        "画",
        [
            "画",
            "所画",
            "描画",
            "画作",
            "图画",
            "肖像画",
            "素描",
            "画像",
            "手绘",
            "速写"
        ]
    ],
    "成塘": [
        "成塘",
        "Pool formation",
        "池形成",
        [
            "池",
            "形成",
            "水池",
            "池中",
            "构成",
            "成形",
            "池水",
            "呈现出",
            "转变成",
            "产生",
            "演化成",
            "池塘",
            "过渡到",
            "人工湖",
            "池边",
            "出水口",
            "成型",
            "逐步形成",
            "水",
            "湖内"
        ]
    ],
    "授三": [
        "授三",
        "Grant 3",
        "赠款3",
        [
            "赠款",
            "贷款",
            "捐助",
            "捐款",
            "资助",
            "无偿",
            "捐助者",
            "慈善组织",
            "全额",
            "支助"
        ]
    ],
    "蚨": [
        "蚨",
        "Chi",
        "志",
        [
            "志",
            "录",
            "记",
            "览",
            "鉴",
            "卷首",
            "载于",
            "所撰",
            "金石",
            "中有"
        ]
    ],
    "孔方": [
        "孔方",
        "Kong Fang",
        "孔方",
        []
    ],
    "堵物": [
        "堵物",
        "Blocking matter",
        "阻塞物质",
        [
            "阻塞",
            "物质",
            "堵塞",
            "微粒",
            "化学物质",
            "固体",
            "颗粒",
            "有机物",
            "生物体",
            "液体",
            "杂质",
            "气态",
            "截断",
            "溢出",
            "阻断",
            "漏出",
            "封闭",
            "阻碍",
            "溢",
            "情况严重"
        ]
    ],
    "鹅眼": [
        "鹅眼",
        "Goose eye",
        "鹅眼",
        []
    ],
    "鼓铸": [
        "鼓铸",
        "Drum casting",
        "鼓形铸造",
        [
            "鼓形",
            "铸造",
            "铸",
            "铸币",
            "铸成",
            "铜制",
            "铜币",
            "铸铁",
            "造币",
            "铜质",
            "银制",
            "板式",
            "底板",
            "角形",
            "棒状",
            "凹形",
            "碟形",
            "下部",
            "的单",
            "都为"
        ]
    ],
    "纸裹": [
        "纸裹",
        "Paper wrapping",
        "包装纸",
        []
    ],
    "圆法立": [
        "圆法立",
        "Circular method",
        "循环法",
        []
    ],
    "货泉": [
        "货泉",
        "Cargo spring",
        "货物弹簧",
        [
            "货物",
            "弹簧",
            "连杆",
            "货运",
            "货物运输",
            "运输",
            "集装箱",
            "轴承",
            "液压",
            "装卸",
            "车轮",
            "油压",
            "刚性",
            "支架",
            "船舶",
            "琴弦",
            "飞轮",
            "装运",
            "船运",
            "中转"
        ]
    ],
    "地上": [
        "地上",
        "The ground",
        "地面",
        [
            "地面",
            "高处",
            "障碍物",
            "地上",
            "垂直",
            "顶部",
            "底部",
            "高空",
            "离地",
            "斜坡"
        ]
    ],
    "天龙": [
        "天龙",
        "Tianlong",
        "天龙",
        [
            "天龙",
            "伊吹",
            "凌云",
            "飞龙",
            "佐野",
            "华山",
            "天马",
            "<tr>",
            "</s>",
            "Pardosa"
        ]
    ],
    "带泉宝": [
        "带泉宝",
        "With Spring Treasure",
        "春天的宝藏",
        [
            "春天",
            "宝藏",
            "秋天",
            "夏天",
            "宝物",
            "初夏",
            "冬天",
            "秋季",
            "财宝",
            "春季",
            "夏末",
            "深秋",
            "遗物",
            "宝库",
            "盛夏",
            "金银财宝",
            "藏宝图",
            "圣物",
            "宝石",
            "寻宝"
        ]
    ],
    "守为": [
        "守为",
        "Keep to",
        "遵守",
        [
            "遵守",
            "遵从",
            "严格遵守",
            "违背",
            "服从",
            "约束",
            "履行",
            "遵行",
            "恪守",
            "严守"
        ]
    ],
    "虏": [
        "虏",
        "Lu",
        "陆",
        []
    ],
    "汉日": [
        "汉日",
        "Han and Japan",
        "汉和日本",
        [
            "汉",
            "日本",
            "韩国",
            "冲绳",
            "欧美",
            "日本帝国",
            "秦",
            "南韩",
            "日本人",
            "东洋",
            "日本国",
            "长崎",
            "唐",
            "齐",
            "岱",
            "秦人",
            "兴",
            "当是",
            "和文",
            "先为"
        ]
    ],
    "有制": [
        "有制",
        "Have a system",
        "有一个系统",
        [
            "系统",
            "该系统",
            "控制系统",
            "子系统",
            "的系统",
            "管理系统",
            "系统会",
            "系统设计",
            "系统对",
            "种系统"
        ]
    ],
    "利源": [
        "利源",
        "Profit source",
        "利润来源",
        [
            "利润",
            "来源",
            "收益",
            "盈利",
            "获利",
            "收入",
            "资本",
            "盈余",
            "佣金",
            "利息",
            "营收",
            "可能",
            "缺少",
            "来源不明",
            "相关联",
            "是从",
            "举例",
            "举例来说",
            "；也",
            "比如说"
        ]
    ],
    "圆法": [
        "圆法",
        "Circle method",
        "圆法",
        []
    ],
    "民间": [
        "民间",
        "folk",
        "民间的",
        [
            "民间",
            "社会上",
            "民俗",
            "乡民",
            "文人",
            "民间组织",
            "社会公众",
            "近年来",
            "；也",
            "亦有"
        ]
    ],
    "地马": [
        "地马",
        "Land horse",
        "陆地马",
        [
            "陆地",
            "马",
            "陆地上",
            "内陆",
            "水体",
            "该岛",
            "海洋",
            "海岛",
            "海中",
            "两匹",
            "暗礁",
            "马和",
            "牛",
            "大洋",
            "驼",
            "一匹马",
            "马在",
            "白马",
            "福",
            "</s>"
        ]
    ],
    "列金沟": [
        "列金沟",
        "Ranking ditch",
        "分级沟",
        [
            "分级",
            "沟",
            "水沟",
            "口",
            "分级制度",
            "故得名",
            "级别",
            "洼",
            "故名",
            "河沟",
            "标准",
            "峡",
            "深沟",
            "基准",
            "山后",
            "AO",
            "国际标准",
            "评定",
            "PG",
            "这两项"
        ]
    ],
    "俗眼": [
        "俗眼",
        "Common eye",
        "普通眼睛",
        [
            "普通",
            "眼睛",
            "双眼",
            "瞳孔",
            "耳朵",
            "鼻子",
            "嘴唇",
            "额头",
            "眼球",
            "嘴巴",
            "胸部",
            "一般来说",
            "平常",
            "大多",
            "一般而言",
            "基本上",
            "都可",
            "都是",
            "比如说",
            "除此以外"
        ]
    ],
    "诧如神": [
        "诧如神",
        "- like a god",
        "-像上帝一样",
        [
            "-",
            "上帝",
            "耶和华",
            "祂",
            "圣灵",
            "真主",
            "恩典",
            "基督",
            "造物主",
            "安拉",
            "启示",
            "干",
            "安",
            "--",
            "先于",
            "在在",
            "时是",
            "<tr>",
            "Pardosa",
            "</s>"
        ]
    ],
    "姬年": [
        "姬年",
        "Ji Nian",
        "纪年",
        [
            "纪年",
            "历法",
            "干支",
            "岁首",
            "公历",
            "历",
            "夏历",
            "太阳历",
            "年表",
            "考订"
        ]
    ],
    "能符": [
        "能符",
        "Energy symbol",
        "能量符号",
        [
            "能量",
            "符号",
            "动能",
            "总能量",
            "记号",
            "热能",
            "热量",
            "字母",
            "大写字母",
            "小写字母",
            "高能量",
            "表示法",
            "光子",
            "标记",
            "光能",
            "小写",
            "下标",
            "大写",
            "能量密度",
            "电磁场"
        ]
    ],
    "光武起": [
        "光武起",
        "Guangwu qi",
        "光武之气",
        [
            "光武",
            "文治",
            "新朝",
            "汉光武帝",
            "嘉平",
            "永平",
            "大治",
            "明德",
            "永光",
            "天和"
        ]
    ],
    "不救": [
        "不救",
        "No rescue",
        "没有救援",
        [
            "没有",
            "救援",
            "没",
            "并未",
            "无法",
            "不会",
            "不能",
            "从未",
            "未",
            "没有人",
            "很难",
            "援救",
            "搜救",
            "救援工作",
            "营救",
            "解救",
            "脱困",
            "救援队",
            "截击",
            "后援"
        ]
    ],
    "邓通": [
        "邓通",
        "Deng Tong",
        "邓通",
        []
    ],
    "蜀国": [
        "蜀国",
        "Shu",
        "舒尼病毒",
        [
            "病毒",
            "病原体",
            "感染",
            "病毒感染",
            "流感病毒",
            "菌株",
            "病原",
            "大肠杆菌",
            "HIV",
            "狂犬病"
        ]
    ],
    "织文": [
        "织文",
        "Woven text",
        "编织文本",
        [
            "编织",
            "文本",
            "文档",
            "文字",
            "注释",
            "译文",
            "织成",
            "编织成",
            "自然语言",
            "缝制",
            "刺绣",
            "句法",
            "缝纫",
            "剪刀",
            "梳子",
            "藤条",
            "花样",
            "评注",
            "脚注",
            "重构"
        ]
    ],
    "挑字": [
        "挑字",
        "Pick words",
        "挑选单词",
        [
            "挑选",
            "单词",
            "单字",
            "挑选出",
            "词语",
            "短语",
            "字词",
            "词根",
            "词组",
            "词汇",
            "后缀",
            "片语",
            "选取",
            "拣选",
            "筛选",
            "物色",
            "中选",
            "选定",
            "分派",
            "所选"
        ]
    ],
    "绿地": [
        "绿地",
        "Green space",
        "绿地",
        [
            "绿地",
            "公园",
            "绿化带",
            "草坪",
            "空地",
            "市中心区",
            "中央公园",
            "园内",
            "公园内",
            "市区内"
        ]
    ],
    "文龙": [
        "文龙",
        "WINLONG",
        "温龙",
        []
    ],
    "蜀江": [
        "蜀江",
        "Shu river",
        "蜀河",
        []
    ],
    "缠头": [
        "缠头",
        "Head binding",
        "头部装订",
        [
            "头部",
            "装订",
            "颈部",
            "背部",
            "胸部",
            "腹部",
            "四肢",
            "腿部",
            "躯干",
            "尾部",
            "臀部",
            "印刷",
            "纸张",
            "印刷出版",
            "影印",
            "印刷品",
            "纸",
            "装裱",
            "用纸",
            "原稿"
        ]
    ],
    "秦川": [
        "秦川",
        "Qinchuan",
        "秦川",
        [
            "秦川",
            "天水",
            "南阳",
            "韩城",
            "上蔡",
            "济源",
            "白水",
            "安康",
            "诸城",
            "于田"
        ]
    ],
    "段": [
        "段",
        "paragraph",
        "段落",
        [
            "段落",
            "章节",
            "副歌",
            "篇章",
            "结尾处",
            "片断",
            "大段",
            "前半部",
            "整段",
            "第三段"
        ]
    ],
    "识诗": [
        "识诗",
        "Knowledge of poetry",
        "诗歌知识",
        [
            "诗歌",
            "知识",
            "抒情诗",
            "诗作",
            "科学知识",
            "文学作品",
            "散文",
            "文学",
            "诗篇",
            "诗词",
            "诗",
            "短诗",
            "专业知识",
            "经验",
            "科学",
            "方法论",
            "学问",
            "常识",
            "基础知识",
            "基本知识"
        ]
    ],
    "朱雀": [
        "朱雀",
        "Rosefinch",
        "朱雀",
        [
            "朱雀",
            "青龙",
            "白虎",
            "玄武",
            "盘龙",
            "麒麟",
            "七星",
            "和龙",
            "椿",
            "大鹰"
        ]
    ],
    "千端": [
        "千端",
        "Thousand ends",
        "千端",
        []
    ],
    "舞凤": [
        "舞凤",
        "Dance phoenix",
        "跳舞凤凰",
        [
            "跳舞",
            "凤凰",
            "唱歌",
            "表演",
            "弹吉他",
            "唱歌跳舞",
            "舞者",
            "弹钢琴",
            "玩乐",
            "表演者",
            "接吻",
            "大鹏",
            "麒麟",
            "龙神",
            "朝阳",
            "七星",
            "飞龙",
            "天马",
            "Pardosa",
            "</s>"
        ]
    ],
    "雪麻": [
        "雪麻",
        "Snow hemp",
        "雪麻",
        []
    ],
    "束发": [
        "束发",
        "hairdo",
        "发型",
        [
            "发型",
            "装扮",
            "衣著",
            "长发",
            "短发",
            "服装",
            "裙子",
            "外貌",
            "短裙",
            "样貌"
        ]
    ],
    "织字": [
        "织字",
        "Woven character",
        "编织字符",
        [
            "编织",
            "字符",
            "字符串",
            "个字符",
            "字节",
            "Unicode",
            "codice_",
            "大写字母",
            "空格",
            "符号",
            "小写字母",
            "织成",
            "编织成",
            "缝制",
            "刺绣",
            "缝纫",
            "剪刀",
            "梳子",
            "藤条",
            "花样"
        ]
    ],
    "步帐": [
        "步帐",
        "Step account",
        "阶梯帐户",
        [
            "阶梯",
            "帐户",
            "账户",
            "帐号",
            "台阶",
            "账号",
            "银行帐户",
            "走道",
            "石阶",
            "拱门",
            "斜坡",
            "个人资料",
            "门廊",
            "入口",
            "PayPal",
            "圆顶",
            "的网站",
            "电邮",
            "Gmail",
            "拾级而上"
        ]
    ],
    "十样": [
        "十样",
        "Ten samples",
        "十个样品",
        [
            "样品",
            "样本",
            "试样",
            "电子束",
            "仪器",
            "探针",
            "容器",
            "材料",
            "混合物",
            "探头"
        ]
    ],
    "夸奇": [
        "夸奇",
        "Quach",
        "夸奇",
        []
    ],
    "疑步障": [
        "疑步障",
        "Suspected obstacle",
        "可疑障碍物",
        [
            "可疑",
            "障碍物",
            "地面",
            "怀疑",
            "知情",
            "疑似",
            "高处",
            "栅栏",
            "知悉",
            "斜坡",
            "梯子",
            "嫌犯",
            "篱笆",
            "孔洞",
            "快速移动",
            "行凶",
            "短距离",
            "确实",
            "出事",
            "寻常"
        ]
    ],
    "火布": [
        "火布",
        "Fire cloth",
        "防火布",
        []
    ],
    "维舟": [
        "维舟",
        "Dimension boat",
        "尺寸船",
        [
            "尺寸",
            "船",
            "船只",
            "小船",
            "船上",
            "大小",
            "货船",
            "轮船",
            "体积",
            "船队",
            "一艘船",
            "大船",
            "重量",
            "厚度",
            "船舰",
            "宽度",
            "规格",
            "材质",
            "尺码",
            "外观上"
        ]
    ],
    "添花": [
        "添花",
        "Add flowers",
        "加花",
        []
    ],
    "霞生": [
        "霞生",
        "Xiasheng",
        "夏生",
        []
    ],
    "织出": [
        "织出",
        "Woven out",
        "编织出来的",
        [
            "编织",
            "织成",
            "编织成",
            "缝制",
            "刺绣",
            "缝纫",
            "剪刀",
            "梳子",
            "藤条",
            "花样"
        ]
    ],
    "三时": [
        "三时",
        "Three hours",
        "三个小时",
        [
            "小时",
            "星期",
            "时长",
            "天内",
            "两星期",
            "全程",
            "不间断",
            "足足",
            "每隔",
            "同一时间"
        ]
    ],
    "不废": [
        "不废",
        "No waste",
        "没有浪费",
        [
            "没有",
            "浪费",
            "没",
            "并未",
            "无法",
            "不会",
            "不能",
            "从未",
            "未",
            "没有人",
            "很难",
            "节省",
            "耗费",
            "多余",
            "不必要",
            "太多",
            "节约",
            "过多",
            "无用",
            "不合理"
        ]
    ],
    "吹起": [
        "吹起",
        "blow afloat",
        "漂浮",
        [
            "漂浮",
            "飘浮",
            "悬浮",
            "水面",
            "海中",
            "浮",
            "飞溅",
            "浮起",
            "倾倒",
            "有如"
        ]
    ],
    "作晴虹": [
        "作晴虹",
        "Make a sunny rainbow",
        "做一道阳光灿烂的彩虹",
        [
            "做",
            "一道",
            "阳光灿烂",
            "彩虹",
            "做到",
            "认真",
            "好好",
            "想到",
            "两道",
            "闪耀",
            "星星",
            "第一道",
            "花钱",
            "动手",
            "小马",
            "继续做",
            "三道",
            "要用",
            "七彩",
            "蝴蝶",
            "月光",
            "黎明",
            "闪亮",
            "来作",
            "沙漏",
            "第二道",
            "顶上",
            "冬日",
            "夏日",
            "夏天",
            "边上",
            "春天",
            "姊妹篇",
            "美好时光",
            "一个大",
            "常在",
            "<BR>",
            "在在",
            "Pardosa",
            "</s>"
        ]
    ],
    "织羡": [
        "织羡",
        "Weaving envy",
        "编织嫉妒",
        [
            "编织",
            "嫉妒",
            "妒忌",
            "怨恨",
            "憎恨",
            "爱慕",
            "厌恶",
            "忌妒",
            "憎恶",
            "妒嫉",
            "羡慕",
            "织成",
            "编织成",
            "缝制",
            "刺绣",
            "缝纫",
            "剪刀",
            "梳子",
            "藤条",
            "花样"
        ]
    ],
    "夸障": [
        "夸障",
        "Quarrel barrier",
        "争吵障碍",
        [
            "争吵",
            "障碍",
            "争执",
            "吵架",
            "发生争执",
            "口角",
            "争斗",
            "大打出手",
            "不和",
            "一夜情",
            "纠缠",
            "阻碍",
            "身心",
            "语言障碍",
            "妨碍",
            "失常",
            "持续性",
            "精神上",
            "心理障碍",
            "盲点"
        ]
    ],
    "粲粲": [
        "粲粲",
        "Charm",
        "魅力",
        [
            "魅力",
            "气质",
            "幽默感",
            "活力",
            "感染力",
            "自信",
            "特质",
            "吸引力",
            "迷人",
            "个人风格"
        ]
    ],
    "闲时": [
        "闲时",
        "When idle",
        "空闲时",
        [
            "空闲",
            "闲暇",
            "休息",
            "只读",
            "整天",
            "平常",
            "往常",
            "那时候",
            "都只",
            "在在"
        ]
    ]
}