{
    "燕子": [
        "燕子",
        "Swallow",
        "燕子",
        [
            "燕子",
            "鸳鸯",
            "仙鹤",
            "虎头",
            "玲珑",
            "白鹤",
            "老虎",
            "百花",
            "大白",
            "椿"
        ]
    ],
    "水成": [
        "水成",
        "Water formation",
        "水的形成",
        [
            "水",
            "形成",
            "的水",
            "井水",
            "水后",
            "构成",
            "成形",
            "池中",
            "呈现出",
            "冷水",
            "出水",
            "流水",
            "转变成",
            "产生",
            "浮",
            "演化成",
            "中水",
            "过渡到",
            "成型",
            "逐步形成"
        ]
    ],
    "嫩": [
        "嫩",
        "tender",
        "温柔的",
        [
            "温柔",
            "开朗",
            "可爱",
            "善良",
            "柔弱",
            "天真",
            "体贴",
            "任性",
            "纯真",
            "冷酷"
        ]
    ],
    "熙有": [
        "熙有",
        "Hee - yee",
        "嘻嘻",
        []
    ],
    "登台": [
        "登台",
        "mount a platform",
        "安装平台",
        [
            "安装",
            "平台",
            "加装",
            "装设",
            "装上",
            "装配",
            "装有",
            "配备",
            "配置",
            "重新安装",
            "内置",
            "的平台",
            "游戏平台",
            "跨平台",
            "应用软件",
            "模拟器",
            "SDK",
            "该平台",
            "网络服务",
            "和平台"
        ]
    ],
    "暄和": [
        "暄和",
        "Xuan he",
        "玄和",
        [
            "玄",
            "渊",
            "幽",
            "鸾",
            "衡",
            "守一",
            "诠",
            "肇",
            "望月",
            "湛"
        ]
    ],
    "催鸟韵": [
        "催鸟韵",
        "Bird - urging rhyme",
        "催鸟韵",
        []
    ],
    "影迟": [
        "影迟",
        "Shadow delay",
        "阴影延迟",
        [
            "阴影",
            "延迟",
            "延后",
            "推迟",
            "延期",
            "延误",
            "提前",
            "提早",
            "延时",
            "黑暗",
            "阴霾",
            "过长",
            "边缘",
            "光环",
            "时间延迟",
            "影子",
            "镜子",
            "双眼",
            "噩梦",
            "恶梦"
        ]
    ],
    "红杏坞": [
        "红杏坞",
        "Red apricot dock",
        "红杏码头",
        [
            "码头",
            "渡轮",
            "海港",
            "船坞",
            "避风塘",
            "内港",
            "海滨公园",
            "货仓",
            "渡船",
            "外港"
        ]
    ],
    "消尽": [
        "消尽",
        "Elimination",
        "淘汰",
        [
            "淘汰",
            "出局",
            "输给",
            "止步",
            "三轮",
            "首轮",
            "落败",
            "垫底",
            "卫冕冠军",
            "无缘"
        ]
    ],
    "暖睡": [
        "暖睡",
        "Warm sleep",
        "温暖的睡眠",
        [
            "温暖",
            "睡眠",
            "寒冷",
            "凉爽",
            "暖和",
            "炎热",
            "睡眠中",
            "呼吸",
            "清醒",
            "较冷",
            "REM",
            "生理",
            "吹拂",
            "夏天",
            "宁静",
            "知觉",
            "排便",
            "失眠",
            "一年四季",
            "痉挛"
        ]
    ],
    "鸳鸯": [
        "鸳鸯",
        "Mandarin duck",
        "鸳鸯",
        [
            "鸳鸯",
            "燕子",
            "玲珑",
            "箫",
            "金鱼",
            "梅花",
            "金丝",
            "凤",
            "虎头",
            "大白"
        ]
    ],
    "花变": [
        "花变",
        "Flower change",
        "换花",
        []
    ],
    "新红": [
        "新红",
        "New red",
        "新红",
        []
    ],
    "舒回": [
        "舒回",
        "Shuhui",
        "舒慧",
        []
    ],
    "化国长": [
        "化国长",
        "Minister of chemical industry",
        "化学工业部长",
        [
            "化学工业",
            "部长",
            "副部长",
            "化工",
            "局长",
            "教育部长",
            "工业",
            "副总理",
            "石油化工",
            "农业部长",
            "秘书长",
            "国防部长",
            "内政部长",
            "次长",
            "工业生产",
            "食品工业",
            "纺织",
            "军工",
            "冶金",
            "化工业"
        ]
    ],
    "明丽": [
        "明丽",
        "bright and beautiful",
        "明亮美丽",
        [
            "明亮",
            "美丽",
            "暗淡",
            "迷人",
            "光亮",
            "漂亮",
            "最美",
            "昏暗",
            "优雅",
            "黯淡",
            "可爱",
            "美妙",
            "美好",
            "甜美",
            "耀眼",
            "灿烂",
            "夜空",
            "醒目",
            "蓝白色",
            "亮"
        ]
    ],
    "压花": [
        "压花",
        "Embossing",
        "压花",
        []
    ],
    "光转": [
        "光转",
        "Light rotation",
        "光旋转",
        [
            "光",
            "旋转",
            "转动",
            "旋转轴",
            "摆动",
            "滑动",
            "翻转",
            "螺旋",
            "垂直",
            "轴向",
            "回转",
            "瞳",
            "红光",
            "暗",
            "光和",
            "白光",
            "亮",
            "和光",
            "日光",
            "虹"
        ]
    ],
    "杨堤": [
        "杨堤",
        "Di Yang",
        "地阳",
        []
    ],
    "春雨": [
        "春雨",
        "Spring rain",
        "春雨",
        [
            "春雨",
            "风雨",
            "风雪",
            "秋风",
            "时雨",
            "秋雨",
            "苍",
            "初春",
            "呐喊",
            "初夏"
        ]
    ],
    "湿柳": [
        "湿柳",
        "Wet willow",
        "湿柳",
        []
    ],
    "湿花": [
        "湿花",
        "Wet flower",
        "湿花",
        []
    ],
    "有泪": [
        "有泪",
        "Tears",
        "眼泪",
        [
            "眼泪",
            "泪水",
            "流下",
            "泪",
            "流泪",
            "哭泣",
            "悲伤",
            "心痛",
            "想念",
            "心碎"
        ]
    ],
    "入眼": [
        "入眼",
        "Eye entry",
        "眼入口",
        [
            "眼",
            "入口",
            "正门",
            "大门",
            "双眼",
            "门廊",
            "对面",
            "走道",
            "入口处",
            "出口处",
            "斑",
            "眼睛",
            "中庭",
            "红斑",
            "正对面",
            "眼眶",
            "晕",
            "海马",
            "暗",
            "白点"
        ]
    ],
    "飞烟": [
        "飞烟",
        "Fly smoke",
        "飞烟",
        []
    ],
    "应候": [
        "应候",
        "Waiting",
        "等待",
        [
            "等待",
            "等候",
            "继续前进",
            "赶紧",
            "准备好",
            "马上",
            "下次",
            "回头",
            "到时",
            "才会"
        ]
    ],
    "催花": [
        "催花",
        "flower forcing",
        "催花",
        []
    ],
    "添柳": [
        "添柳",
        "Tim Liu",
        "刘添",
        []
    ],
    "如膏": [
        "如膏",
        "Such as ointment",
        "例如软膏",
        []
    ],
    "卷雾": [
        "卷雾",
        "Roll fog",
        "滚雾",
        []
    ],
    "生春": [
        "生春",
        "Spring",
        "弹簧",
        [
            "弹簧",
            "连杆",
            "轴承",
            "液压",
            "车轮",
            "油压",
            "刚性",
            "支架",
            "琴弦",
            "飞轮"
        ]
    ],
    "卧花": [
        "卧花",
        "Lying flower",
        "卧花",
        []
    ],
    "陇麦": [
        "陇麦",
        "Longmai",
        "龙脉",
        [
            "龙脉",
            "石敢当",
            "龙神",
            "铁柱",
            "蒙山",
            "金顶",
            "故称",
            "灵山",
            "天梯",
            "传为"
        ]
    ],
    "蕙": [
        "蕙",
        "Hui",
        "回",
        [
            "回",
            "返",
            "回来",
            "回去",
            "完",
            "归来",
            "回老家",
            "起程",
            "终",
            "下回"
        ]
    ],
    "叶": [
        "叶",
        "Leaf",
        "叶子",
        [
            "叶子",
            "花朵",
            "枝条",
            "树叶",
            "树干",
            "果实",
            "枝叶",
            "嫩叶",
            "小叶",
            "茎叶"
        ]
    ],
    "披雨": [
        "披雨",
        "Rain",
        "雨",
        [
            "雨",
            "雾",
            "风雨",
            "雪",
            "寒",
            "枯",
            "夜",
            "飘",
            "月光",
            "雨天"
        ]
    ],
    "红杏重": [
        "红杏重",
        "Red apricot weight",
        "红杏重量",
        [
            "重量",
            "总重量",
            "总重",
            "尺寸",
            "配重",
            "体积",
            "车重",
            "载重量",
            "载重",
            "载荷"
        ]
    ],
    "添柳重": [
        "添柳重",
        "Add willow weight",
        "添加柳树重量",
        [
            "添加",
            "柳树",
            "重量",
            "总重量",
            "加到",
            "加进",
            "总重",
            "尺寸",
            "去除",
            "配重",
            "体积",
            "榆树",
            "移除",
            "车重",
            "松树",
            "载重量",
            "载重",
            "柏树",
            "去掉",
            "载荷",
            "附加",
            "枫树",
            "填充",
            "掺入",
            "替换成",
            "枫香",
            "桑树",
            "槐树",
            "青草",
            "菱角"
        ]
    ],
    "晨烟湿": [
        "晨烟湿",
        "Morning smoke wet",
        "早晨烟雾潮湿",
        [
            "早晨",
            "烟雾",
            "潮湿",
            "干燥",
            "傍晚",
            "湿润",
            "晚上",
            "早上",
            "午夜",
            "寒冷",
            "深夜",
            "清晨",
            "时分",
            "中午",
            "浓烟",
            "炎热",
            "干旱",
            "有毒气体",
            "凉爽",
            "灰尘",
            "半夜",
            "落叶",
            "茂密",
            "烟尘",
            "雾气",
            "湿",
            "火光",
            "粉尘",
            "煤烟",
            "闪光"
        ]
    ],
    "滋麦": [
        "滋麦",
        "Zi mai",
        "子麦",
        []
    ],
    "剪": [
        "剪",
        "Cut",
        "切口",
        [
            "切口",
            "凹槽",
            "切开",
            "凸起",
            "突起",
            "穿孔",
            "孔洞",
            "斜向",
            "侧边",
            "圆锥"
        ]
    ],
    "韭": [
        "韭",
        "leek",
        "韭葱",
        []
    ],
    "四泽": [
        "四泽",
        "Size",
        "大小",
        [
            "大小",
            "尺寸",
            "形状",
            "体积",
            "较小",
            "不等",
            "个数",
            "微小",
            "大小不一",
            "一般来说"
        ]
    ],
    "园花": [
        "园花",
        "Garden flower",
        "花园花",
        [
            "花园",
            "花",
            "庭院",
            "别墅",
            "长廊",
            "洋房",
            "庭园",
            "凉亭",
            "中庭",
            "花上",
            "游乐场",
            "小花",
            "玫瑰园",
            "萝卜",
            "兰花",
            "白花",
            "牵牛",
            "大花",
            "光阴",
            "红豆"
        ]
    ],
    "花房": [
        "花房",
        "Greenhouse",
        "温室",
        [
            "温室",
            "二氧化碳",
            "节约能源",
            "可再生",
            "有毒气体",
            "荧光灯",
            "能源消耗",
            "室外",
            "保护环境",
            "植物所"
        ]
    ],
    "桃花": [
        "桃花",
        "Peach blossom",
        "桃花",
        [
            "桃花",
            "白云",
            "牡丹",
            "海棠",
            "百花",
            "芙蓉",
            "苍",
            "清风",
            "燕子",
            "故称"
        ]
    ],
    "烟湿": [
        "烟湿",
        "Smoke wetness",
        "烟雾湿度",
        [
            "烟雾",
            "湿度",
            "相对湿度",
            "温度",
            "浓烟",
            "环境温度",
            "有毒气体",
            "灰尘",
            "高温",
            "干燥",
            "烟尘",
            "雾气",
            "低温",
            "潮湿",
            "湿润",
            "火光",
            "粉尘",
            "煤烟",
            "闪光",
            "光照"
        ]
    ],
    "带泥": [
        "带泥",
        "With mud",
        "用泥浆",
        [
            "泥浆",
            "泥土",
            "污泥",
            "的水",
            "碎石",
            "泥水",
            "密封",
            "沙子",
            "水",
            "水或"
        ]
    ],
    "耕": [
        "耕",
        "plow",
        "犁",
        [
            "犁",
            "铁制",
            "耙",
            "竖",
            "勺",
            "铜锣",
            "三脚",
            "磨",
            "头",
            "两头"
        ]
    ],
    "杨": [
        "杨",
        "Yang",
        "杨",
        [
            "杨",
            "李",
            "陈",
            "徐",
            "刘",
            "吴",
            "郭",
            "蔡",
            "朱",
            "邵"
        ]
    ],
    "花匀": [
        "花匀",
        "Flower evenly",
        "均匀开花",
        [
            "均匀",
            "开花",
            "花期",
            "发芽",
            "盛开",
            "均匀分布",
            "微小",
            "采收",
            "早春",
            "平滑",
            "时节",
            "表面",
            "各向同性",
            "初夏",
            "光滑",
            "秋冬季",
            "夏末",
            "不规则",
            "匀",
            "分量"
        ]
    ],
    "湿梨云": [
        "湿梨云",
        "Wet pear cloud",
        "湿梨云",
        []
    ],
    "翻翠浪": [
        "翻翠浪",
        "Turquoise waves",
        "绿松石波",
        [
            "绿松石",
            "波",
            "玉石",
            "青金石",
            "加里",
            "宝石",
            "佩",
            "玛瑙",
            "托",
            "奈",
            "钻石",
            "雷",
            "金质",
            "莫",
            "特",
            "朱红色",
            "珍珠",
            "白玉",
            "波波",
            "的卡"
        ]
    ],
    "肥": [
        "肥",
        "Fertilizer",
        "肥料",
        [
            "肥料",
            "饲料",
            "原料",
            "农药",
            "蔬菜",
            "谷物",
            "食粮",
            "稻谷",
            "大豆",
            "蔗糖"
        ]
    ],
    "香菜": [
        "香菜",
        "Coriander",
        "香菜",
        [
            "香菜",
            "调料",
            "汁",
            "去皮",
            "葡萄干",
            "酱汁",
            "芹菜",
            "香菇",
            "茸",
            "大蒜"
        ]
    ],
    "滋陇麦": [
        "滋陇麦",
        "Zi Long Mai",
        "齐·龙脉",
        [
            "齐",
            "龙脉",
            "楚",
            "魏",
            "申",
            "滕",
            "伯",
            "辛",
            "石敢当",
            "龙神",
            "朋",
            "博",
            "仲",
            "铁柱",
            "蒙山",
            "金顶",
            "故称",
            "灵山",
            "天梯",
            "传为"
        ]
    ],
    "柳耳添": [
        "柳耳添",
        "Liu Er Tian",
        "刘二田",
        []
    ],
    "三农": [
        "三农",
        "Agriculture, countryside and farmers",
        "农业、农村和农民",
        [
            "农业",
            "农村",
            "农民",
            "畜牧业",
            "农牧业",
            "畜牧",
            "林业",
            "贫农",
            "地主",
            "农产品",
            "工业",
            "农耕",
            "工商业",
            "佃农",
            "农户",
            "富农",
            "农牧",
            "农村居民",
            "劳动",
            "自耕农",
            "贫苦",
            "牧民",
            "小城镇",
            "乡村",
            "村镇",
            "城镇居民",
            "小城市",
            "贫困家庭",
            "小村"
        ]
    ],
    "庆": [
        "庆",
        "Celebration",
        "庆祝",
        [
            "庆祝",
            "庆典",
            "欢庆",
            "纪念日",
            "节日",
            "新年",
            "纪念活动",
            "圣诞节",
            "庆贺",
            "欢度"
        ]
    ],
    "势密": [
        "势密",
        "Potential density",
        "电位密度",
        [
            "电位",
            "密度",
            "电压",
            "电流",
            "阻抗",
            "电势",
            "体积",
            "能量密度",
            "电导率",
            "电平",
            "通量",
            "反射率",
            "阈值",
            "电极",
            "高密度",
            "量",
            "运动速度",
            "表面积",
            "梯度",
            "电化学"
        ]
    ],
    "悬麻": [
        "悬麻",
        "Suspended hemp",
        "悬浮大麻",
        [
            "悬浮",
            "大麻",
            "可卡因",
            "毒品",
            "酒精饮料",
            "漂浮",
            "海洛因",
            "微粒",
            "酒精",
            "烟草",
            "吗啡",
            "海洛英",
            "吸附",
            "水滴",
            "凝胶",
            "胶体",
            "泥浆",
            "冰毒",
            "碎屑",
            "水或"
        ]
    ],
    "草痕": [
        "草痕",
        "Grass mark",
        "草痕",
        []
    ],
    "底映": [
        "底映",
        "Bottom reflection",
        "底部反射",
        [
            "底部",
            "反射",
            "顶部",
            "顶端",
            "上方",
            "下方",
            "光线",
            "上端",
            "折射",
            "反射光",
            "照射",
            "散射",
            "上部",
            "下部",
            "内侧",
            "前端",
            "入射",
            "太阳光",
            "透射",
            "叠加"
        ]
    ],
    "燕剪": [
        "燕剪",
        "Yan scissors",
        "燕剪刀",
        [
            "燕",
            "剪刀",
            "后赵",
            "捏",
            "燕国",
            "钳子",
            "凉",
            "斧头",
            "刨",
            "小刀",
            "北燕",
            "钉",
            "秦",
            "棍子",
            "绞",
            "做成",
            "曹国",
            "代王",
            "汉王",
            "孤"
        ]
    ],
    "冲帘湿": [
        "冲帘湿",
        "Wet curtain",
        "湿帘",
        []
    ],
    "翻桃浪": [
        "翻桃浪",
        "Peach wave",
        "桃波",
        []
    ],
    "开轻丝": [
        "开轻丝",
        "Open light wire",
        "开放式灯线",
        []
    ],
    "渍": [
        "渍",
        "soak",
        "吸入",
        [
            "吸入",
            "排出",
            "喷出",
            "窒息",
            "粉尘",
            "有毒",
            "排泄",
            "呼吸道",
            "高热",
            "诱发"
        ]
    ],
    "绿苔": [
        "绿苔",
        "green paint",
        "绿色油漆",
        [
            "绿色",
            "油漆",
            "橙色",
            "黄色",
            "红色",
            "蓝色",
            "涂料",
            "喷漆",
            "白色",
            "粉红色",
            "紫色",
            "浅绿色",
            "喷涂",
            "深蓝色",
            "涂",
            "漆",
            "纸板",
            "帆布",
            "涂上",
            "粉笔"
        ]
    ],
    "湿林莺": [
        "湿林莺",
        "Wet warbler",
        "湿莺",
        []
    ],
    "花脸": [
        "花脸",
        "Flower face",
        "花脸",
        [
            "花脸",
            "武生",
            "昆剧",
            "京剧演员",
            "脸谱",
            "旦",
            "正印",
            "丑",
            "椿",
            "中人"
        ]
    ],
    "百谷": [
        "百谷",
        "Baigu",
        "古柏",
        [
            "古柏",
            "谷神星",
            "天卫",
            "早先",
            "斯塔夫基",
            "的有",
            "；还有",
            "<tr>",
            "Pardosa",
            "</s>"
        ]
    ],
    "声稀": [
        "声稀",
        "Sound rarefaction",
        "声音稀疏",
        [
            "声音",
            "稀疏",
            "声响",
            "歌声",
            "稠密",
            "笑声",
            "密集",
            "人声",
            "感觉",
            "稀少",
            "音调",
            "刺耳",
            "沙哑",
            "声效",
            "浓密",
            "细小",
            "零散",
            "极小",
            "均匀分布",
            "比较大"
        ]
    ],
    "鼓瑟": [
        "鼓瑟",
        "Trumpet",
        "喇叭",
        [
            "喇叭",
            "扬声器",
            "麦克风",
            "音箱",
            "扩音器",
            "声响",
            "踏板",
            "外置",
            "响",
            "铃铛"
        ]
    ],
    "水色": [
        "水色",
        "water",
        "水",
        [
            "水",
            "的水",
            "井水",
            "水后",
            "池中",
            "冷水",
            "出水",
            "流水",
            "浮",
            "中水"
        ]
    ],
    "远浮": [
        "远浮",
        "Far float",
        "远浮子",
        [
            "远",
            "近",
            "已远",
            "更远",
            "少",
            "多于",
            "几倍",
            "数倍",
            "距离远",
            "<tr>"
        ]
    ],
    "蓝": [
        "蓝",
        "Blue",
        "蓝色",
        [
            "蓝色",
            "红色",
            "深蓝色",
            "白色",
            "黄色",
            "粉红色",
            "橙色",
            "紫色",
            "金色",
            "浅蓝色"
        ]
    ],
    "莺梭": [
        "莺梭",
        "Warbler shuttle",
        "莺梭",
        [
            "莺",
            "梭",
            "雀",
            "尾",
            "雨燕",
            "柳莺",
            "棕",
            "褐",
            "画眉",
            "啄木鸟",
            "利",
            "薮",
            "博",
            "贝尔",
            "磨",
            "普利",
            "锐",
            "德勒",
            "克里",
            "</s>"
        ]
    ],
    "织柳迟": [
        "织柳迟",
        "Weaving willow late",
        "晚织柳树",
        [
            "柳树",
            "榆树",
            "松树",
            "柏树",
            "枫树",
            "枫香",
            "桑树",
            "槐树",
            "青草",
            "菱角"
        ]
    ],
    "细添": [
        "细添",
        "Fine addition",
        "精细添加",
        [
            "精细",
            "添加",
            "细致",
            "加到",
            "精巧",
            "加进",
            "精致",
            "去除",
            "移除",
            "粗糙",
            "繁复",
            "细密",
            "简单",
            "去掉",
            "附加",
            "精准",
            "精密",
            "填充",
            "掺入",
            "替换成"
        ]
    ],
    "气润": [
        "气润",
        "Gas lubrication",
        "气体润滑",
        [
            "气体",
            "润滑",
            "氢气",
            "液体",
            "氮气",
            "微粒",
            "空气",
            "气态",
            "二氧化碳",
            "润滑剂",
            "水蒸气",
            "润滑油",
            "液态",
            "轴承",
            "机油",
            "热处理",
            "通气",
            "弹性体",
            "油脂",
            "机械性"
        ]
    ],
    "雨细": [
        "雨细",
        "The rain is fine",
        "雨很好",
        [
            "雨",
            "很好",
            "不错",
            "极好",
            "更好",
            "良好",
            "很差",
            "较好",
            "最好",
            "极佳",
            "雾",
            "风雨",
            "不太好",
            "雪",
            "寒",
            "枯",
            "夜",
            "飘",
            "月光",
            "雨天"
        ]
    ],
    "疑无点": [
        "疑无点",
        "No doubt",
        "无疑地",
        [
            "无疑",
            "毫无疑问",
            "显然",
            "或许",
            "毕竟",
            "也许",
            "却是",
            "无论如何",
            "不可否认",
            "正因如此"
        ]
    ],
    "轻逐": [
        "轻逐",
        "Step by step",
        "逐步地",
        []
    ],
    "暖风": [
        "暖风",
        "Warm wind",
        "暖风",
        []
    ],
    "云低": [
        "云低",
        "Cloud low",
        "云低",
        []
    ],
    "解冻": [
        "解冻",
        "Thaw",
        "融雪",
        [
            "融雪",
            "雨水",
            "河水",
            "融水",
            "安加拉河",
            "冰封",
            "初冬",
            "冰冻",
            "溢出",
            "卡马"
        ]
    ],
    "吹花": [
        "吹花",
        "Blow flowers",
        "吹花",
        []
    ],
    "泛兰": [
        "泛兰",
        "Pan LAN",
        "泛兰",
        []
    ],
    "雁斜": [
        "雁斜",
        "Goose slant",
        "鹅斜面",
        [
            "鹅",
            "斜面",
            "鸡",
            "斜坡",
            "侧向",
            "滑动",
            "垂直",
            "鸭",
            "向上",
            "向下",
            "横向",
            "羊",
            "斜向",
            "猪",
            "面上",
            "山羊",
            "奶",
            "雁",
            "小鸡",
            "鸭子"
        ]
    ],
    "融冰": [
        "融冰",
        "de-icing",
        "除冰",
        [
            "除冰",
            "滑行",
            "保养",
            "校准",
            "加压",
            "飞行中",
            "润滑油",
            "定期检查",
            "PA",
            "的测试"
        ]
    ],
    "淡荡": [
        "淡荡",
        "Light swing",
        "轻摆",
        []
    ],
    "轻拂": [
        "轻拂",
        "kiss",
        "吻",
        [
            "吻",
            "颌",
            "颔",
            "钝",
            "唇",
            "鳞",
            "舌",
            "咽",
            "颊",
            "锯"
        ]
    ],
    "习习": [
        "习习",
        "blow gently",
        "轻轻地吹",
        [
            "吹",
            "刮起",
            "风",
            "吹起",
            "风吹",
            "刮",
            "吹出",
            "无风",
            "落",
            "卷起"
        ]
    ],
    "飘红": [
        "飘红",
        "Flying red",
        "飞红",
        []
    ],
    "展草": [
        "展草",
        "Spreading grass",
        "铺草",
        []
    ],
    "舒柳": [
        "舒柳",
        "Shu Liu",
        "刘舒",
        []
    ],
    "惊尘": [
        "惊尘",
        "Shocked dust",
        "震动灰尘",
        [
            "震动",
            "灰尘",
            "尘埃",
            "烟雾",
            "污垢",
            "尘土",
            "有毒气体",
            "震荡",
            "振动",
            "微粒",
            "碎屑",
            "坑洞",
            "烟尘",
            "声响",
            "摇晃",
            "摩擦",
            "冲击",
            "震撼",
            "摇动",
            "受压"
        ]
    ],
    "转蕙": [
        "转蕙",
        "Transfer of sticks",
        "棒的转移",
        [
            "棒",
            "转移",
            "移往",
            "移到",
            "分散",
            "重新分配",
            "移转到",
            "转到",
            "集中于",
            "篮",
            "转回",
            "手",
            "移出",
            "棒子",
            "挑",
            "拿手",
            "四支",
            "在手",
            "<BR>",
            "</s>"
        ]
    ]
}