{
    "葛垂": [
        "葛垂",
        "Gertrude",
        "格特鲁德",
        [
            "格特鲁德",
            "玛格丽特",
            "路易丝",
            "恩斯特",
            "约翰娜",
            "结婚前",
            "夫妻俩",
            "贝克曼",
            "兄弟俩",
            "两兄弟"
        ]
    ],
    "芹生": [
        "芹生",
        "Celery birth",
        "芹菜出生",
        [
            "芹菜",
            "出生",
            "出生于",
            "生于",
            "出生地",
            "长大",
            "胡萝卜",
            "葱",
            "出世",
            "外祖母",
            "幼时",
            "外祖父",
            "萝卜",
            "香菇",
            "祖父母",
            "大蒜",
            "茄子",
            "花生",
            "柚子",
            "草莓"
        ]
    ],
    "大泽": [
        "大泽",
        "Daze",
        "使茫然",
        [
            "茫然",
            "徬徨",
            "迷茫",
            "落寞",
            "想起",
            "回想",
            "诉说",
            "充满希望",
            "冒失",
            "恰巧"
        ]
    ],
    "时陈": [
        "时陈",
        "Time and age",
        "时间和年龄",
        [
            "时间",
            "年龄",
            "年纪",
            "岁数",
            "星期",
            "一段时间",
            "平均年龄",
            "小时",
            "间隔时间",
            "整整",
            "时长",
            "时间段",
            "等待时间",
            "成年",
            "短时间",
            "成年人",
            "年岁",
            "比率",
            "年龄组",
            "年长"
        ]
    ],
    "祖德": [
        "祖德",
        "Zude",
        "祖德",
        [
            "祖德",
            "克勤",
            "绂",
            "绰",
            "子明",
            "德基",
            "颙",
            "尚德",
            "明达",
            "德明"
        ]
    ],
    "森如": [
        "森如",
        "Senru",
        "森茹",
        []
    ],
    "竹立": [
        "竹立",
        "Bamboo stand",
        "竹架",
        []
    ],
    "粟出": [
        "粟出",
        "Millet out",
        "小米出来了",
        [
            "小米",
            "苹果",
            "新品",
            "黑莓",
            "系列产品",
            "桔",
            "土豆",
            "竹叶",
            "瓜子",
            "</s>"
        ]
    ],
    "西离": [
        "西离",
        "Western separation",
        "西方分离",
        [
            "西方",
            "分离",
            "欧美",
            "西欧",
            "中国文化",
            "现代",
            "东西方",
            "分离出来",
            "西方人",
            "分开",
            "和西方",
            "分立",
            "转化",
            "欧美国家",
            "的西方",
            "剥离",
            "裂解",
            "受控",
            "复合",
            "除去"
        ]
    ],
    "婚姻": [
        "婚姻",
        "Marriage",
        "结婚",
        [
            "结婚",
            "成婚",
            "再婚",
            "婚后",
            "订婚",
            "离婚",
            "结婚后",
            "完婚",
            "结了婚",
            "迎娶"
        ]
    ],
    "朱陈": [
        "朱陈",
        "Zhu Chen",
        "朱晨",
        []
    ],
    "种玉": [
        "种玉",
        "Growing jade",
        "生长玉",
        [
            "生长",
            "玉",
            "栖息于",
            "潮湿",
            "湿润",
            "繁殖",
            "植被",
            "土壤",
            "锦",
            "发育",
            "落叶",
            "珠",
            "多见于",
            "凤",
            "麒麟",
            "白玉",
            "苍",
            "芳",
            "芝",
            "和龙"
        ]
    ],
    "凤占": [
        "凤占",
        "Fengzhan",
        "展锋",
        []
    ],
    "玉台": [
        "玉台",
        "Jade table",
        "玉石桌",
        [
            "玉石",
            "桌",
            "玉器",
            "绿松石",
            "桌上",
            "象牙",
            "铜器",
            "工艺品",
            "桌子",
            "宝石",
            "白玉",
            "椅",
            "椅子",
            "玉",
            "摆",
            "床",
            "棚内",
            "保龄球",
            "三楼",
            "故称"
        ]
    ],
    "屏雀": [
        "屏雀",
        "Screen finch",
        "屏幕雀",
        [
            "屏幕",
            "雀",
            "萤幕",
            "显示屏",
            "画面",
            "鼠标",
            "萤幕上",
            "摄像头",
            "触摸屏",
            "图标",
            "大屏幕",
            "鹦鹉",
            "鸦",
            "蜂鸟",
            "鹊",
            "灰",
            "啄木鸟",
            "兔",
            "褐",
            "棕"
        ]
    ],
    "星期": [
        "星期",
        "Week",
        "周",
        []
    ],
    "玉杵": [
        "玉杵",
        "Jade pestle",
        "玉杵",
        []
    ],
    "执雁": [
        "执雁",
        "Holding geese",
        "抱着鹅",
        [
            "抱着",
            "鹅",
            "看着",
            "鸡",
            "抱",
            "鸭",
            "怀中",
            "背著",
            "起身",
            "假装",
            "丢下",
            "怀抱",
            "羊",
            "猪",
            "山羊",
            "奶",
            "就让",
            "雁",
            "小鸡",
            "鸭子"
        ]
    ],
    "匹": [
        "匹",
        "Match",
        "比赛",
        [
            "比赛",
            "赛事",
            "球赛",
            "决赛",
            "预赛",
            "赛",
            "半决赛",
            "热身赛",
            "对抗赛",
            "表演赛"
        ]
    ],
    "双": [
        "双",
        "Double",
        "两倍",
        []
    ],
    "雀屏": [
        "雀屏",
        "Bird screen",
        "鸟屏",
        []
    ],
    "莲花": [
        "莲花",
        "Lotus",
        "莲花",
        [
            "莲花",
            "宝瓶",
            "梅花",
            "莲",
            "荷花",
            "麒麟",
            "如意",
            "马鞍",
            "垂花",
            "顶上"
        ]
    ],
    "吹箫": [
        "吹箫",
        "Blowjob",
        "口交",
        [
            "口交",
            "性交",
            "肛交",
            "性行为",
            "性爱",
            "自慰",
            "爱抚",
            "手淫",
            "虐恋",
            "前戏"
        ]
    ],
    "女": [
        "女",
        "female",
        "女性的",
        [
            "女性",
            "男性",
            "妇女",
            "男士",
            "男人",
            "异性恋",
            "成年人",
            "女同性恋",
            "未婚",
            "男同性恋"
        ]
    ],
    "秦晋": [
        "秦晋",
        "Qin Jin",
        "秦晋",
        [
            "秦晋",
            "亳",
            "二国",
            "卫国",
            "濮",
            "曹国",
            "许国",
            "三晋",
            "鲍氏",
            "秦人"
        ]
    ],
    "雁币": [
        "雁币",
        "Goose coin",
        "鹅硬币",
        [
            "鹅",
            "硬币",
            "金币",
            "纪念币",
            "银币",
            "镍币",
            "新币",
            "纸币",
            "钞票",
            "面值",
            "钱币",
            "鸡",
            "鸭",
            "羊",
            "猪",
            "山羊",
            "奶",
            "雁",
            "小鸡",
            "鸭子"
        ]
    ],
    "河鲂": [
        "河鲂",
        "River bream",
        "布雷姆河",
        [
            "布雷",
            "姆",
            "河",
            "支流",
            "河上",
            "河口",
            "沃",
            "河谷",
            "什",
            "兹",
            "河东岸",
            "瑟",
            "里斯",
            "默",
            "湖",
            "帕",
            "弗",
            "迈",
            "右岸",
            "洛河",
            "河南岸",
            "埃利",
            "波尔",
            "普利",
            "科西",
            "歇",
            "茹",
            "德勒",
            "</s>",
            "Pardosa"
        ]
    ],
    "朱丝": [
        "朱丝",
        "Zhu si",
        "朱思",
        []
    ],
    "凤鸣": [
        "凤鸣",
        "Fengming",
        "冯明",
        []
    ],
    "九子": [
        "九子",
        "Nine sons",
        "九个儿子",
        [
            "儿子",
            "弟弟",
            "女儿",
            "兄长",
            "妻子",
            "哥哥",
            "侄子",
            "孙子",
            "幼子",
            "侄儿"
        ]
    ],
    "墨": [
        "墨",
        "Ink",
        "墨水",
        [
            "墨水",
            "纸张",
            "油墨",
            "铅笔",
            "钢笔",
            "颜料",
            "纸",
            "画布",
            "沾",
            "水银"
        ]
    ],
    "镜台": [
        "镜台",
        "dressing table",
        "梳妆台",
        []
    ],
    "郎": [
        "郎",
        "my darling",
        "亲爱的",
        [
            "亲爱的",
            "爱人",
            "对不起",
            "爱",
            "爸爸",
            "我家",
            "老婆",
            "最爱",
            "挚爱",
            "一句话"
        ]
    ],
    "路入": [
        "路入",
        "Road in",
        "道路进入",
        [
            "道路",
            "进入",
            "干道",
            "路段",
            "转入",
            "离开",
            "沿路",
            "柏油路",
            "高架桥",
            "路面",
            "高架道路",
            "交通设施",
            "巷道",
            "踏入",
            "转到",
            "转回",
            "重回",
            "进到",
            "转至",
            "带入"
        ]
    ],
    "桃园": [
        "桃园",
        "Taoyuan",
        "桃源",
        [
            "桃源",
            "龙潭",
            "青溪",
            "蓬莱",
            "关山",
            "龙泉",
            "华山",
            "金湖",
            "象山",
            "长宁"
        ]
    ],
    "翠凤": [
        "翠凤",
        "Cuifeng",
        "翠凤",
        []
    ],
    "花殷": [
        "花殷",
        "Flowers",
        "花",
        [
            "花",
            "花上",
            "小花",
            "萝卜",
            "兰花",
            "白花",
            "牵牛",
            "大花",
            "光阴",
            "红豆"
        ]
    ],
    "烛烂": [
        "烛烂",
        "Candle rot",
        "蜡烛腐烂",
        [
            "蜡烛",
            "腐烂",
            "枯萎",
            "火把",
            "发霉",
            "腐坏",
            "点燃",
            "油灯",
            "篝火",
            "掩埋",
            "鲜花",
            "泥土",
            "盛放",
            "烧焦",
            "灯台",
            "爆竹",
            "排泄物",
            "变黑",
            "圣诞树",
            "倾倒"
        ]
    ],
    "良夜": [
        "良夜",
        "Good night",
        "晚安",
        [
            "晚安",
            "再见",
            "散文集",
            "摇篮曲",
            "微笑",
            "再会",
            "呼唤",
            "你好",
            "每天晚上",
            "小王子"
        ]
    ],
    "月寻": [
        "月寻",
        "Monthly search",
        "每月搜索",
        [
            "搜索",
            "搜寻",
            "追踪",
            "跟踪",
            "查找",
            "查询",
            "侦查",
            "关键字",
            "查看",
            "抓取"
        ]
    ],
    "仙配": [
        "仙配",
        "Fairy match",
        "仙女火柴",
        [
            "仙女",
            "火柴",
            "仙子",
            "火柴厂",
            "许仙",
            "织女",
            "香烟",
            "卷烟",
            "海神",
            "煤油",
            "白蛇",
            "神仙",
            "肥皂",
            "龙王",
            "化作",
            "王母",
            "面粉厂",
            "洗衣机",
            "爆竹",
            "罐头"
        ]
    ],
    "少": [
        "少",
        "Less",
        "较少的",
        [
            "较少",
            "较多",
            "极少",
            "很少",
            "更少",
            "相当多",
            "大多",
            "多于",
            "非常少",
            "少"
        ]
    ],
    "桥横": [
        "桥横",
        "Bridge cross",
        "桥十字",
        [
            "桥",
            "大桥",
            "新桥",
            "吊桥",
            "木桥",
            "桥上",
            "拱桥",
            "石桥",
            "铁路桥",
            "桥下"
        ]
    ],
    "银汉": [
        "银汉",
        "Silver Han",
        "银汉",
        [
            "银汉",
            "鳀",
            "下口",
            "石首",
            "巨口",
            "鲻",
            "魣蜥",
            "蝴蝶鱼",
            "蛇绵",
            "海猪"
        ]
    ],
    "红叶": [
        "红叶",
        "Red leaves",
        "红叶",
        [
            "红叶",
            "海棠",
            "山野",
            "枫",
            "松林",
            "热海",
            "观音山",
            "蓬莱",
            "合欢",
            "冬日"
        ]
    ],
    "良媒": [
        "良媒",
        "Good media",
        "好媒体",
        [
            "媒体",
            "新闻媒体",
            "传媒",
            "报导",
            "平面媒体",
            "舆论",
            "新闻界",
            "大媒体",
            "电子媒体",
            "新闻报导"
        ]
    ],
    "云娇": [
        "云娇",
        "Cloud jiao",
        "云娇",
        []
    ],
    "溶": [
        "溶",
        "Dissolution",
        "溶解",
        [
            "溶解",
            "沉淀",
            "挥发",
            "蒸发",
            "分解",
            "凝固",
            "熔化",
            "混合物",
            "结晶",
            "硫酸"
        ]
    ],
    "灵津": [
        "灵津",
        "Lingjin",
        "金玲",
        []
    ],
    "驾鹊": [
        "驾鹊",
        "Driving magpie",
        "赶喜鹊",
        [
            "喜鹊",
            "乌鸦",
            "红嘴",
            "雁",
            "老虎",
            "渡鸦",
            "白头翁",
            "燕子",
            "白头",
            "大白"
        ]
    ],
    "星向": [
        "星向",
        "Star direction",
        "起始方向",
        [
            "起始",
            "方向",
            "朝向",
            "路径",
            "顺时针",
            "侧向",
            "同方向",
            "一段距离",
            "斜向",
            "朝著",
            "正向",
            "接续",
            "算起",
            "是从",
            "开端",
            "应在",
            "都是在",
            "在在",
            "</s>",
            "Pardosa"
        ]
    ],
    "鹊桥": [
        "鹊桥",
        "Magpie Bridge",
        "喜鹊桥",
        [
            "喜鹊",
            "桥",
            "大桥",
            "新桥",
            "吊桥",
            "木桥",
            "桥上",
            "拱桥",
            "石桥",
            "铁路桥",
            "桥下",
            "乌鸦",
            "红嘴",
            "雁",
            "老虎",
            "渡鸦",
            "白头翁",
            "燕子",
            "白头",
            "大白"
        ]
    ],
    "飞": [
        "飞",
        "Fly",
        "飞",
        [
            "飞",
            "飞来",
            "空",
            "飞去",
            "扑",
            "挥",
            "飞龙",
            "飘",
            "大鹏",
            "苍鹰"
        ]
    ],
    "云骈": [
        "云骈",
        "Cloud parallel",
        "平行云",
        [
            "平行",
            "云",
            "直线",
            "直角",
            "横向",
            "交叉",
            "垂直",
            "分岔",
            "重合",
            "两条线",
            "尘",
            "并行",
            "幽",
            "寒",
            "阳",
            "名曰",
            "碧",
            "皓",
            "虹",
            "容"
        ]
    ],
    "悼亡": [
        "悼亡",
        "Mourning death",
        "哀悼死亡",
        [
            "哀悼",
            "死亡",
            "致哀",
            "悼念",
            "默哀",
            "丧生",
            "失踪",
            "丧命",
            "致死",
            "葬礼",
            "敬意",
            "幸存者",
            "生还",
            "致意",
            "追思",
            "追悼",
            "悼词",
            "遇害",
            "死亡者",
            "被害"
        ]
    ],
    "吹": [
        "吹",
        "Blow",
        "吹",
        [
            "吹",
            "刮起",
            "风",
            "吹起",
            "风吹",
            "刮",
            "吹出",
            "无风",
            "落",
            "卷起"
        ]
    ],
    "灶": [
        "灶",
        "Stove",
        "窑",
        [
            "窑",
            "砖",
            "窑炉",
            "作坊",
            "窖",
            "瓷",
            "葫芦",
            "水磨",
            "灶",
            "石屋"
        ]
    ],
    "朱愁": [
        "朱愁",
        "Zhu sorrow",
        "朱愁",
        []
    ],
    "琵琶": [
        "琵琶",
        "Pipa",
        "琵琶",
        [
            "琵琶",
            "古琴",
            "筝",
            "琴",
            "古筝",
            "二胡",
            "笛子",
            "箫",
            "笙",
            "管弦"
        ]
    ],
    "锦梭": [
        "锦梭",
        "Brocade shuttle",
        "织锦梭子",
        [
            "织锦",
            "刺绣",
            "瓷",
            "绣花",
            "织造",
            "绸",
            "砚",
            "团花",
            "缯",
            "匠人"
        ]
    ],
    "歌扇": [
        "歌扇",
        "Song fan",
        "宋范",
        []
    ],
    "炊臼": [
        "炊臼",
        "Cooking mortar",
        "烹调灰浆",
        [
            "烹调",
            "烹饪",
            "调味",
            "烹煮",
            "烹制",
            "腌制",
            "食材",
            "调味料",
            "油炸",
            "配料"
        ]
    ],
    "粉瘦": [
        "粉瘦",
        "Thin pink",
        "薄粉色",
        [
            "薄",
            "粉色",
            "粉红色",
            "紫色",
            "蓝色",
            "黄色",
            "厚",
            "白色",
            "红色",
            "较厚",
            "深蓝色",
            "橙色",
            "粗糙",
            "橘色",
            "粗",
            "细",
            "微",
            "质",
            "裹",
            "稀"
        ]
    ],
    "罗袜": [
        "罗袜",
        "Socks",
        "袜子",
        [
            "袜子",
            "鞋子",
            "裤子",
            "衬衫",
            "外套",
            "鞋",
            "上衣",
            "领带",
            "靴子",
            "短裤"
        ]
    ],
    "舞衣": [
        "舞衣",
        "Dance costume",
        "舞蹈服装",
        []
    ],
    "彩云": [
        "彩云",
        "Clouds",
        "云",
        [
            "云",
            "尘",
            "幽",
            "寒",
            "阳",
            "名曰",
            "碧",
            "皓",
            "虹",
            "容"
        ]
    ],
    "泣": [
        "泣",
        "Tears",
        "眼泪",
        [
            "眼泪",
            "泪水",
            "流下",
            "泪",
            "流泪",
            "哭泣",
            "悲伤",
            "心痛",
            "想念",
            "心碎"
        ]
    ],
    "镜": [
        "镜",
        "Mirror",
        "镜子",
        [
            "镜子",
            "一面镜子",
            "桌子",
            "盒子",
            "好像",
            "看不见",
            "衣橱",
            "沙漏",
            "影子",
            "看得见"
        ]
    ],
    "悲难": [
        "悲难",
        "Sad and difficult",
        "悲伤和困难",
        [
            "悲伤",
            "困难",
            "哀伤",
            "忧伤",
            "悲痛",
            "伤心",
            "悲哀",
            "思念",
            "伤感",
            "难过",
            "忧郁",
            "艰难",
            "麻烦",
            "不便",
            "吃力",
            "十分困难",
            "瓶颈",
            "难于",
            "紧迫",
            "不方便"
        ]
    ],
    "肠犹转": [
        "肠犹转",
        "The intestine still turns",
        "肠仍在转动",
        [
            "肠",
            "转动",
            "旋转",
            "摆动",
            "滑动",
            "振动",
            "胃",
            "旋转轴",
            "小肠",
            "肝",
            "大肠",
            "肾",
            "翻转",
            "转轴",
            "静止",
            "肉",
            "飞轮",
            "脾",
            "肠胃",
            "乳"
        ]
    ],
    "桃源": [
        "桃源",
        "the land of peach blossoms",
        "桃花之地",
        [
            "桃花",
            "白云",
            "牡丹",
            "海棠",
            "百花",
            "芙蓉",
            "苍",
            "清风",
            "燕子",
            "故称"
        ]
    ],
    "风散": [
        "风散",
        "Wind dispersion",
        "风频散",
        [
            "散",
            "骑侍郎",
            "员外",
            "敛",
            "微",
            "俱",
            "凝",
            "稀",
            "由此可知",
            "</s>"
        ]
    ],
    "帐添": [
        "帐添",
        "Account adding",
        "帐户添加",
        [
            "帐户",
            "添加",
            "账户",
            "帐号",
            "加到",
            "加进",
            "去除",
            "账号",
            "银行帐户",
            "移除",
            "个人资料",
            "去掉",
            "附加",
            "PayPal",
            "填充",
            "掺入",
            "替换成",
            "的网站",
            "电邮",
            "Gmail"
        ]
    ],
    "翡翠": [
        "翡翠",
        "Emerald",
        "绿宝石",
        [
            "绿宝石",
            "宝石",
            "蓝宝石",
            "钻石",
            "水晶",
            "红宝石",
            "翡翠",
            "珍珠",
            "项链",
            "黄金"
        ]
    ],
    "留歌": [
        "留歌",
        "Leave a song",
        "留下一首歌",
        [
            "留下",
            "留给",
            "留下来",
            "留有",
            "遗失",
            "遗留",
            "丢失",
            "遗留下来",
            "埋没",
            "遗留下"
        ]
    ],
    "金钿": [
        "金钿",
        "Gold twinkle",
        "金闪烁",
        [
            "闪烁",
            "闪光",
            "发光",
            "红光",
            "灯光",
            "闪耀",
            "发亮",
            "光亮",
            "光点",
            "白光"
        ]
    ],
    "断弦": [
        "断弦",
        "Broken string",
        "断弦",
        []
    ],
    "凤楼": [
        "凤楼",
        "Phoenix building",
        "凤凰大厦",
        [
            "凤凰",
            "大厦",
            "大楼",
            "办公大楼",
            "层高",
            "楼高",
            "写字楼",
            "商业大厦",
            "楼",
            "办公楼",
            "商业大楼",
            "大鹏",
            "麒麟",
            "龙神",
            "朝阳",
            "七星",
            "飞龙",
            "天马",
            "Pardosa",
            "</s>"
        ]
    ],
    "更长": [
        "更长",
        "Longer",
        "更长的",
        [
            "更长",
            "较长",
            "较短",
            "很短",
            "更少",
            "变长",
            "短",
            "极短",
            "加长",
            "更慢"
        ]
    ],
    "泪未": [
        "泪未",
        "No tears",
        "没有眼泪",
        [
            "没有",
            "眼泪",
            "没",
            "并未",
            "无法",
            "不会",
            "不能",
            "从未",
            "泪水",
            "未",
            "没有人",
            "很难",
            "流下",
            "泪",
            "流泪",
            "哭泣",
            "悲伤",
            "心痛",
            "想念",
            "心碎"
        ]
    ],
    "干": [
        "干",
        "Dry",
        "干燥的",
        [
            "干燥",
            "潮湿",
            "湿润",
            "干旱",
            "寒冷",
            "低温",
            "高温",
            "湿气",
            "湿",
            "炎热"
        ]
    ],
    "海遥": [
        "海遥",
        "Hai Yao",
        "海妖",
        [
            "海",
            "妖",
            "妖魔",
            "魔",
            "鬼",
            "龙王",
            "邪魔",
            "海中",
            "白蛇",
            "巫",
            "黑龙",
            "附身",
            "海湾",
            "湾内",
            "海角",
            "小岛",
            "的海",
            "洋",
            "西海",
            "海岸边"
        ]
    ],
    "蓬岛": [
        "蓬岛",
        "Peng island",
        "彭岛",
        []
    ],
    "霜飘": [
        "霜飘",
        "Frost drifts",
        "霜冻漂移",
        [
            "霜冻",
            "漂移",
            "飘移",
            "偏转",
            "振荡",
            "偏移",
            "干热",
            "冰雹",
            "地球磁场",
            "阴雨",
            "反转",
            "多雨",
            "下雪",
            "翻转",
            "严冬",
            "日晒",
            "的移动",
            "秋冬季",
            "更为严重",
            "相对于"
        ]
    ],
    "寒菊": [
        "寒菊",
        "Chrysanthemum morifolium",
        "杭菊",
        []
    ],
    "佩冷": [
        "佩冷",
        "Palin Leng",
        "佩林愣",
        [
            "佩林",
            "詹金斯",
            "詹姆森",
            "凯利",
            "黛博拉",
            "桑德斯",
            "拉亚",
            "布洛克",
            "不止一次",
            "早些时候"
        ]
    ],
    "朱": [
        "朱",
        "Zhu",
        "朱先生",
        []
    ],
    "珠玑": [
        "珠玑",
        "pearl",
        "珍珠",
        [
            "珍珠",
            "贝壳",
            "宝石",
            "钻石",
            "琥珀",
            "翡翠",
            "石榴",
            "绿宝石",
            "文蛤",
            "茉莉"
        ]
    ],
    "残云": [
        "残云",
        "Residual cloud",
        "残余云",
        [
            "残余",
            "云",
            "瓦解",
            "残存",
            "残留",
            "残部",
            "侵入",
            "尘",
            "幽",
            "寒",
            "阳",
            "崩解",
            "覆没",
            "名曰",
            "碧",
            "剩余",
            "打散",
            "皓",
            "虹",
            "容"
        ]
    ],
    "散舞衣": [
        "散舞衣",
        "Dancing clothes",
        "跳舞服装",
        [
            "跳舞",
            "服装",
            "服饰",
            "唱歌",
            "装扮",
            "衣著",
            "衣装",
            "表演",
            "着装",
            "西装",
            "化妆",
            "弹吉他",
            "衣饰",
            "饰品",
            "唱歌跳舞",
            "舞者",
            "弹钢琴",
            "玩乐",
            "表演者",
            "接吻"
        ]
    ],
    "尘入": [
        "尘入",
        "Dust entry",
        "灰尘进入",
        [
            "灰尘",
            "进入",
            "尘埃",
            "烟雾",
            "转入",
            "污垢",
            "离开",
            "尘土",
            "有毒气体",
            "微粒",
            "碎屑",
            "坑洞",
            "烟尘",
            "踏入",
            "转到",
            "转回",
            "重回",
            "进到",
            "转至",
            "带入"
        ]
    ],
    "罗衣暗": [
        "罗衣暗",
        "Luo Yi is dark",
        "罗毅是黑暗的",
        [
            "黑暗",
            "邪恶",
            "守护者",
            "恶魔",
            "沉睡",
            "深渊",
            "暗影",
            "黑夜",
            "堕落",
            "黑影"
        ]
    ],
    "终期": [
        "终期",
        "telophase",
        "末期",
        [
            "末期",
            "中期",
            "后期",
            "初期",
            "中后期",
            "晚期",
            "前期",
            "末",
            "初",
            "后半期"
        ]
    ],
    "弹琴": [
        "弹琴",
        "on hearing a lute-player",
        "一听到琵琶演奏家",
        [
            "听到",
            "琵琶",
            "演奏家",
            "听见",
            "钢琴家",
            "小提琴家",
            "指挥家",
            "音乐家",
            "作曲家",
            "传来",
            "见到",
            "看到",
            "歌唱家",
            "想起",
            "惊醒",
            "小提琴",
            "听得",
            "想到",
            "大提琴家",
            "听完",
            "古琴",
            "筝",
            "长笛",
            "琴",
            "古筝",
            "二胡",
            "笛子",
            "箫",
            "笙",
            "管弦"
        ]
    ],
    "闲鲁馆": [
        "闲鲁馆",
        "Idle Lu Pavilion",
        "闲庐阁",
        [
            "阁",
            "亭",
            "楼",
            "堂前",
            "御书",
            "轩",
            "山门",
            "苑",
            "斋",
            "名曰"
        ]
    ],
    "香沉": [
        "香沉",
        "Fragrant sink",
        "芳香水槽",
        [
            "芳香",
            "水槽",
            "水管",
            "浴缸",
            "香气",
            "水池",
            "水龙头",
            "醇",
            "马桶",
            "衍生物",
            "的水",
            "精油",
            "类物质",
            "水桶",
            "酚",
            "浴室",
            "醇类",
            "重氮",
            "大蒜",
            "将水"
        ]
    ],
    "玉篆": [
        "玉篆",
        "Jade seal",
        "玉玺",
        [
            "玉玺",
            "传国",
            "宝物",
            "宝剑",
            "玺",
            "印玺",
            "印绶",
            "玉印",
            "手上",
            "铜人"
        ]
    ],
    "消": [
        "消",
        "eliminate",
        "消除",
        [
            "消除",
            "避免",
            "减轻",
            "去除",
            "抑制",
            "抵消",
            "补救",
            "扫除",
            "抑止",
            "除去"
        ]
    ],
    "何惮": [
        "何惮",
        "What fears",
        "什么恐惧",
        [
            "恐惧",
            "不安",
            "焦虑",
            "愤怒",
            "厌恶",
            "绝望",
            "害怕",
            "畏惧",
            "惧怕",
            "憎恨"
        ]
    ],
    "鼓盆歌": [
        "鼓盆歌",
        "Drum song",
        "鼓声",
        [
            "鼓声",
            "鼓点",
            "笑声",
            "击鼓",
            "嘹亮",
            "欢快",
            "人声",
            "夜色",
            "口哨",
            "呐喊"
        ]
    ]
}