{
    "摇尾": [
        "摇尾",
        "Swing tail",
        "摆动尾巴",
        [
            "摆动",
            "尾巴",
            "四肢",
            "翅膀",
            "前肢",
            "转动",
            "爪子",
            "晃动",
            "旋转",
            "颈部",
            "后肢",
            "尾部",
            "脚掌",
            "鬃毛",
            "弯曲",
            "侧向",
            "前倾",
            "扭动",
            "摇动",
            "回转"
        ]
    ],
    "雷威": [
        "雷威",
        "Ravel",
        "拉威尔",
        [
            "拉威尔",
            "肖邦",
            "萧邦",
            "马勒",
            "勃拉姆斯",
            "莫扎特",
            "布鲁克纳",
            "瓦格纳",
            "莫札特",
            "巴哈"
        ]
    ],
    "眈眈": [
        "眈眈",
        "glaring covetously",
        "贪婪地瞪眼",
        [
            "贪婪",
            "自私",
            "残暴",
            "暴虐",
            "虚荣",
            "阴险",
            "虚伪",
            "无知",
            "贪财",
            "狂妄"
        ]
    ],
    "啸谷": [
        "啸谷",
        "Xiao gu",
        "小姑",
        [
            "小姑",
            "寡妇",
            "母女",
            "媳妇",
            "郭家",
            "儿媳",
            "结发",
            "养父",
            "孙家",
            "马氏"
        ]
    ],
    "牛吞": [
        "牛吞",
        "Cattle swallow",
        "牛燕子",
        [
            "牛",
            "燕子",
            "羊",
            "猪",
            "鸡",
            "鸳鸯",
            "鹿",
            "水牛",
            "山羊",
            "头",
            "骆驼",
            "仙鹤",
            "两头",
            "虎头",
            "玲珑",
            "白鹤",
            "老虎",
            "百花",
            "大白",
            "椿"
        ]
    ],
    "磨牙": [
        "磨牙",
        "grind one's teeth",
        "咬牙切齿",
        []
    ],
    "震怒": [
        "震怒",
        "wax",
        "蜡",
        [
            "蜡",
            "制成",
            "伞",
            "树脂",
            "蜂蜡",
            "滴",
            "胭脂",
            "垫",
            "纸制",
            "皂"
        ]
    ],
    "锯牙": [
        "锯牙",
        "Saw teeth",
        "锯齿",
        [
            "锯齿",
            "锯齿状",
            "叶缘",
            "棘刺",
            "全缘",
            "齿状",
            "钝",
            "突起",
            "楔形",
            "棱角"
        ]
    ],
    "猛烈": [
        "猛烈",
        "Violent",
        "猛烈的",
        [
            "猛烈",
            "激烈",
            "炮火",
            "猛烈地",
            "炮轰",
            "顽抗",
            "还击",
            "强力",
            "连番",
            "回击"
        ]
    ],
    "斑皮": [
        "斑皮",
        "Spot skin",
        "斑点皮肤",
        [
            "斑点",
            "皮肤",
            "斑纹",
            "皮肤上",
            "黑斑",
            "条纹",
            "表皮",
            "斑块",
            "白斑",
            "毛发",
            "肌肤",
            "黏膜",
            "眼部",
            "黄褐色",
            "红斑",
            "深褐色",
            "白点",
            "指甲",
            "脸部",
            "面部"
        ]
    ],
    "决蹈": [
        "决蹈",
        "Never dance",
        "从不跳舞",
        [
            "从不",
            "跳舞",
            "唱歌",
            "从来不",
            "毫不",
            "绝不",
            "表演",
            "不曾",
            "弹吉他",
            "没人",
            "唱歌跳舞",
            "从没",
            "舞者",
            "弹钢琴",
            "总是",
            "不该",
            "玩乐",
            "表演者",
            "接吻",
            "绝不会"
        ]
    ],
    "蹈": [
        "蹈",
        "Dance",
        "跳舞",
        [
            "跳舞",
            "唱歌",
            "表演",
            "弹吉他",
            "唱歌跳舞",
            "舞者",
            "弹钢琴",
            "玩乐",
            "表演者",
            "接吻"
        ]
    ],
    "炯炯": [
        "炯炯",
        "Jiongjiongjiongjiong",
        "炯炯有神",
        []
    ],
    "低头": [
        "低头",
        "Bow",
        "弓",
        [
            "弓",
            "刀",
            "刀刃",
            "手",
            "刃",
            "绳",
            "腰",
            "镰",
            "槌",
            "头"
        ]
    ],
    "电威": [
        "电威",
        "Electric power",
        "电力",
        [
            "电力",
            "电能",
            "的电力",
            "电网",
            "供电",
            "电力系统",
            "能源",
            "用电",
            "供电系统",
            "电力公司"
        ]
    ],
    "随武": [
        "随武",
        "With arms",
        "用武器",
        [
            "武器",
            "弹药",
            "武器装备",
            "装备",
            "兵器",
            "枪械",
            "枪枝",
            "枪",
            "新武器",
            "近战"
        ]
    ],
    "李耳": [
        "李耳",
        "Li er",
        "李儿",
        []
    ],
    "高崖": [
        "高崖",
        "High cliff",
        "高高的悬崖",
        [
            "悬崖",
            "峭壁",
            "山崖",
            "岩壁",
            "山坡上",
            "高处",
            "悬崖峭壁",
            "山丘",
            "斜坡",
            "海岸边"
        ]
    ],
    "发啸": [
        "发啸",
        "Whistling",
        "吹笛",
        [
            "吹笛",
            "弹琴",
            "取乐",
            "多才多艺",
            "原指",
            "而出名",
            "常为",
            "起先",
            "据闻",
            "</s>"
        ]
    ],
    "炳文": [
        "炳文",
        "Bing Wen",
        "炳文",
        []
    ],
    "同豹": [
        "同豹",
        "Same leopard",
        "同一只豹子",
        [
            "豹子",
            "狮子",
            "乌鸦",
            "羚羊",
            "野猪",
            "长颈鹿",
            "白马",
            "水牛",
            "苍鹰",
            "老虎"
        ]
    ],
    "雷吼": [
        "雷吼",
        "Ray roar",
        "雷吼",
        []
    ],
    "出界": [
        "出界",
        "outside",
        "在外面",
        [
            "外面",
            "进去",
            "里面",
            "角落",
            "好像",
            "外边",
            "窗子",
            "外头",
            "隔壁",
            "底下"
        ]
    ],
    "编须": [
        "编须",
        "Compiling requirements",
        "汇编要求",
        [
            "汇编",
            "要求",
            "拒绝",
            "编撰",
            "敦促",
            "决定",
            "尽快",
            "承诺",
            "促请",
            "建议",
            "立即",
            "允许",
            "增补",
            "编订",
            "编著",
            "选集",
            "评注",
            "摘要",
            "摘录",
            "概要"
        ]
    ],
    "哮哮": [
        "哮哮",
        "Asthma",
        "哮喘",
        [
            "哮喘",
            "高血压",
            "糖尿病",
            "病症",
            "关节炎",
            "脑膜炎",
            "肾病",
            "癫痫",
            "结核病",
            "痛风"
        ]
    ],
    "凝姿": [
        "凝姿",
        "Condensation posture",
        "冷凝姿态",
        [
            "冷凝",
            "姿态",
            "冷却",
            "蒸发",
            "凝结",
            "姿势",
            "熔融",
            "汽化",
            "身姿",
            "液态",
            "水蒸气",
            "气化",
            "升华",
            "姿",
            "摆出",
            "双脚",
            "时而",
            "光环",
            "勇往直前",
            "关键时刻"
        ]
    ],
    "唤波": [
        "唤波",
        "Call wave",
        "呼叫波",
        [
            "呼叫",
            "波",
            "调用",
            "指令",
            "发送",
            "回传",
            "加里",
            "佩",
            "应答",
            "重定向",
            "托",
            "奈",
            "控制台",
            "叫喊",
            "雷",
            "莫",
            "特",
            "示意",
            "波波",
            "的卡"
        ]
    ],
    "卢": [
        "卢",
        "Lou",
        "卢",
        []
    ],
    "绝壑": [
        "绝壑",
        "Abrupt gully",
        "陡沟",
        []
    ],
    "自生风": [
        "自生风",
        "Self - generated wind",
        "自生风",
        []
    ],
    "鼓勇": [
        "鼓勇",
        "Drum Yong",
        "鼓勇",
        []
    ],
    "狐疑": [
        "狐疑",
        "doubt",
        "怀疑",
        [
            "怀疑",
            "猜测",
            "可疑",
            "相信",
            "猜疑",
            "坚称",
            "欺骗",
            "知悉",
            "声称",
            "不以为然"
        ]
    ],
    "万壑雄": [
        "万壑雄",
        "Wan He Xiong",
        "万和雄",
        []
    ],
    "文炳": [
        "文炳",
        "Wen bing",
        "文冰",
        []
    ],
    "斑三锦": [
        "斑三锦",
        "Spotted brocade",
        "斑点锦缎",
        [
            "斑点",
            "锦缎",
            "斑纹",
            "黑斑",
            "条纹",
            "斑块",
            "白斑",
            "黄褐色",
            "红斑",
            "深褐色",
            "白点",
            "绢",
            "丝绸",
            "绸",
            "缝制",
            "首饰",
            "布料",
            "绸缎",
            "衣料",
            "都用"
        ]
    ],
    "莫负": [
        "莫负",
        "Don't be negative",
        "不要消极",
        [
            "不要",
            "消极",
            "不想",
            "不该",
            "不让",
            "不必",
            "绝不会",
            "绝不",
            "免得",
            "切勿",
            "不用",
            "软弱",
            "过激",
            "姑息",
            "过分",
            "冲动",
            "放任",
            "盲目",
            "相反",
            "不作为"
        ]
    ],
    "勇": [
        "勇",
        "Yong",
        "勇",
        [
            "勇",
            "浩",
            "忠义",
            "俊",
            "幸",
            "小林",
            "振",
            "帅",
            "武",
            "壮"
        ]
    ],
    "名居": [
        "名居",
        "Famous residence",
        "著名住宅",
        [
            "著名",
            "住宅",
            "知名",
            "有名",
            "住宅区",
            "房屋",
            "洋房",
            "出名",
            "豪宅",
            "楼房",
            "闻名",
            "公寓",
            "平房",
            "层高",
            "房舍",
            "闻名于世",
            "曾为",
            "享有盛誉",
            "广为人知",
            "都曾"
        ]
    ],
    "百兽": [
        "百兽",
        "Beasts",
        "野兽",
        [
            "野兽",
            "怪物",
            "恶魔",
            "狼人",
            "女巫",
            "魔鬼",
            "狐狸",
            "蝎子",
            "青蛙",
            "梦魇"
        ]
    ],
    "牙磨": [
        "牙磨",
        "Tooth grinding",
        "牙齿磨削",
        [
            "牙齿",
            "下颚",
            "骨头",
            "下颌",
            "臼齿",
            "口鼻",
            "颚骨",
            "犬齿",
            "颅骨",
            "颈部"
        ]
    ],
    "凛二霜": [
        "凛二霜",
        "Rin Er Shuang",
        "林二双",
        []
    ],
    "须怀": [
        "须怀",
        "Be pregnant",
        "怀孕",
        [
            "怀孕",
            "分娩",
            "早产",
            "妊娠",
            "受孕",
            "孕妇",
            "流产",
            "生孩子",
            "婴儿",
            "男婴"
        ]
    ],
    "履尾": [
        "履尾",
        "Footing on the tail",
        "踩在尾巴上",
        [
            "踩",
            "尾巴",
            "四肢",
            "翅膀",
            "前肢",
            "爪子",
            "颈部",
            "后肢",
            "尾部",
            "脚掌",
            "摔",
            "鬃毛",
            "踹",
            "抬起",
            "踏",
            "脚踏",
            "吊",
            "脚",
            "扯",
            "碰"
        ]
    ],
    "病马": [
        "病马",
        "Sick horse",
        "病马",
        []
    ],
    "瘦骨": [
        "瘦骨",
        "Thin bone",
        "薄骨",
        []
    ],
    "毛焦": [
        "毛焦",
        "Hair coke",
        "发焦",
        []
    ],
    "无润": [
        "无润",
        "No wetting",
        "不润湿",
        [
            "润湿",
            "吸水",
            "漂白",
            "滴",
            "溶化",
            "洗涤",
            "变黑",
            "变色",
            "压平",
            "需注意"
        ]
    ],
    "难进": [
        "难进",
        "Difficult entry",
        "难以进入",
        [
            "难以",
            "进入",
            "无法",
            "很难",
            "难于",
            "不易",
            "较难",
            "不能",
            "容易",
            "不足以",
            "根本无法",
            "转入",
            "离开",
            "踏入",
            "转到",
            "转回",
            "重回",
            "进到",
            "转至",
            "带入"
        ]
    ],
    "尾蟠": [
        "尾蟠",
        "Tail pan",
        "尾盘",
        []
    ],
    "伤心": [
        "伤心",
        "Sad",
        "悲哀的",
        [
            "悲哀",
            "悲伤",
            "苦闷",
            "忧伤",
            "哀伤",
            "伤感",
            "凄凉",
            "孤独",
            "孤寂",
            "诉说"
        ]
    ],
    "疮皮": [
        "疮皮",
        "Skin sore",
        "皮肤酸痛",
        [
            "皮肤",
            "酸痛",
            "皮肤上",
            "表皮",
            "毛发",
            "肌肤",
            "黏膜",
            "眼部",
            "指甲",
            "脸部",
            "面部",
            "疼痛",
            "肿胀",
            "脱臼",
            "腰痛",
            "溃烂",
            "肿",
            "胃痛",
            "腹痛",
            "小腿"
        ]
    ],
    "力惫": [
        "力惫",
        "Force exhausted",
        "力耗尽",
        [
            "力",
            "耗尽",
            "消耗",
            "用尽",
            "消耗掉",
            "枯竭",
            "压",
            "剩下",
            "耗竭",
            "剩余",
            "用光",
            "所剩无几",
            "气力",
            "意志力",
            "出力",
            "合力",
            "气",
            "强力",
            "力作",
            "关键在于"
        ]
    ],
    "独寒": [
        "独寒",
        "Cold alone",
        "独自寒冷",
        [
            "独自",
            "寒冷",
            "严寒",
            "炎热",
            "独自一人",
            "潮湿",
            "凉爽",
            "温暖",
            "冬天",
            "酷热",
            "较冷",
            "暖和",
            "一同",
            "一起",
            "好不容易",
            "跟著",
            "执意",
            "三人",
            "自已",
            "起先"
        ]
    ],
    "兔毛": [
        "兔毛",
        "Rabbit hair",
        "兔毛",
        []
    ],
    "头瘁": [
        "头瘁",
        "Head and shoulders",
        "头和肩膀",
        [
            "头",
            "肩膀",
            "大腿",
            "手臂",
            "臀部",
            "腿部",
            "小腿",
            "膝盖",
            "双脚",
            "肩部",
            "腰部",
            "两头",
            "脚",
            "尾",
            "牛",
            "一头",
            "背",
            "背脊",
            "竖",
            "后头"
        ]
    ],
    "尘中": [
        "尘中",
        "In the dust",
        "死了",
        [
            "死",
            "杀",
            "死去",
            "亡",
            "临死",
            "至死",
            "临死前",
            "惨死",
            "活着",
            "临终时"
        ]
    ],
    "尽力": [
        "尽力",
        "try one's best",
        "尽力而为",
        []
    ],
    "文革": [
        "文革",
        "The cultural revolution",
        "文化大革命",
        [
            "文化大革命",
            "文革",
            "大跃进",
            "抗日战争",
            "文革时期",
            "反右",
            "整风运动",
            "批斗",
            "红卫兵",
            "中共十一届三中全会"
        ]
    ],
    "享": [
        "享",
        "Enjoy",
        "享受",
        [
            "享受",
            "享用",
            "享有",
            "尽情",
            "珍惜",
            "渴望",
            "独享",
            "渴求",
            "忘却",
            "更有"
        ]
    ],
    "炳蔚": [
        "炳蔚",
        "Bing Wei",
        "冰威",
        []
    ],
    "食铁": [
        "食铁",
        "Food iron",
        "食物铁",
        [
            "食物",
            "铁",
            "肉类",
            "营养",
            "进食",
            "食用",
            "饲料",
            "粪便",
            "食材",
            "腐肉",
            "蜂蜜",
            "鉄",
            "电",
            "锰",
            "铜",
            "锻",
            "急电",
            "炭",
            "铁质",
            "线或"
        ]
    ],
    "变虎": [
        "变虎",
        "Become a tiger",
        "变成老虎",
        [
            "变成",
            "老虎",
            "变为",
            "变回",
            "消失",
            "转变成",
            "转化成",
            "演变成",
            "狐狸",
            "乌鸦",
            "狗",
            "猴子",
            "兔子",
            "换成",
            "蟒蛇",
            "转成",
            "乌龟",
            "替换成",
            "猿猴",
            "燕子"
        ]
    ],
    "斑毛": [
        "斑毛",
        "Spot hair",
        "斑点头发",
        [
            "斑点",
            "头发",
            "斑纹",
            "黑斑",
            "条纹",
            "斑块",
            "白斑",
            "短发",
            "黄褐色",
            "红斑",
            "脸上",
            "深褐色",
            "胡须",
            "长发",
            "白点",
            "衣服",
            "毛发",
            "指甲",
            "眉毛",
            "头上"
        ]
    ],
    "艾叶": [
        "艾叶",
        "Leaves",
        "离开",
        [
            "离开",
            "离开了",
            "返回",
            "回到",
            "留在",
            "来到",
            "离去",
            "逃离",
            "进入",
            "重回"
        ]
    ],
    "烂斑": [
        "烂斑",
        "Rotten spot",
        "沼穴",
        []
    ],
    "辟邪": [
        "辟邪",
        "exorcise evil spirits",
        "驱邪",
        [
            "驱邪",
            "避邪",
            "辟邪",
            "消灾",
            "驱鬼",
            "神明",
            "恶鬼",
            "符咒",
            "桃木",
            "焚香"
        ]
    ],
    "学艺": [
        "学艺",
        "learn an artistic skill",
        "学习艺术技巧",
        [
            "学习",
            "艺术",
            "技巧",
            "自学",
            "美学",
            "美术",
            "艺术创作",
            "进修",
            "绘画",
            "表演艺术",
            "求学",
            "研读",
            "研习",
            "当代艺术",
            "视觉艺术",
            "熟练",
            "深造",
            "技能",
            "艺术作品",
            "摄影艺术",
            "修习",
            "擅于",
            "研修",
            "努力学习",
            "善于",
            "精准",
            "擅长",
            "即兴",
            "高难度",
            "长处"
        ]
    ],
    "七日": [
        "七日",
        "Seven days",
        "七天",
        []
    ],
    "饰": [
        "饰",
        "ornaments",
        "装饰品",
        [
            "装饰品",
            "饰品",
            "饰物",
            "装饰物",
            "工艺品",
            "餐具",
            "衣饰",
            "器皿",
            "摆设",
            "纸制"
        ]
    ],
    "窥管": [
        "窥管",
        "Peeping tube",
        "窥视管",
        [
            "窥视",
            "偷窥",
            "窥探",
            "窥见",
            "置身于",
            "深藏",
            "迷惑",
            "不放过",
            "犹如",
            "</s>"
        ]
    ],
    "殊": [
        "殊",
        "Special",
        "专门的",
        [
            "专门",
            "专为",
            "专门从事",
            "专供",
            "最初",
            "的机构",
            "主要用途",
            "各种类型",
            "都由",
            "除此以外"
        ]
    ],
    "鼷鼠": [
        "鼷鼠",
        "The shrew",
        "泼妇",
        []
    ],
    "生雄": [
        "生雄",
        "Male",
        "男性的",
        [
            "男性",
            "女性",
            "成年人",
            "异性恋",
            "未成年",
            "成年",
            "年长者",
            "男同性恋",
            "成人",
            "年长"
        ]
    ],
    "三子": [
        "三子",
        "Third son",
        "三儿子",
        [
            "儿子",
            "弟弟",
            "女儿",
            "兄长",
            "妻子",
            "哥哥",
            "侄子",
            "孙子",
            "幼子",
            "侄儿"
        ]
    ],
    "隐南": [
        "隐南",
        "Yinnan",
        "尹楠",
        []
    ],
    "山雾": [
        "山雾",
        "Mountain fog",
        "山雾",
        []
    ],
    "超羊": [
        "超羊",
        "Super sheep",
        "超级绵羊",
        [
            "绵羊",
            "山羊",
            "奶牛",
            "羊",
            "骆驼",
            "羊驼",
            "狗",
            "猪",
            "牧羊人",
            "骡"
        ]
    ],
    "还将": [
        "还将",
        "Will also",
        "也会",
        [
            "会",
            "不会",
            "都会",
            "可能会",
            "则会",
            "就会",
            "才会",
            "时会",
            "亦会",
            "但会"
        ]
    ],
    "称果": [
        "称果",
        "Weigh fruit",
        "称水果重量",
        [
            "称",
            "水果",
            "重量",
            "蔬菜",
            "总重量",
            "总重",
            "玉米",
            "尺寸",
            "配重",
            "蔬果",
            "称之为",
            "体积",
            "可食用",
            "豆类",
            "蜂蜜",
            "果树",
            "引述",
            "马铃薯",
            "车重",
            "载重量",
            "载重",
            "花生",
            "援引",
            "载荷",
            "所称",
            "指",
            "称作",
            "并称",
            "指为",
            "说是"
        ]
    ],
    "异犬羊": [
        "异犬羊",
        "Dog sheep",
        "狗羊",
        [
            "狗",
            "羊",
            "猫",
            "老鼠",
            "牛",
            "猴子",
            "兔子",
            "犬",
            "驴",
            "山羊",
            "狐狸",
            "猪",
            "一只猫",
            "小狗",
            "绵羊",
            "驼",
            "鸡",
            "骡"
        ]
    ],
    "死擅": [
        "死擅",
        "Good at death",
        "擅长死亡",
        [
            "擅长",
            "死亡",
            "擅长于",
            "擅于",
            "善于",
            "精于",
            "娴熟",
            "丧生",
            "失踪",
            "丧命",
            "拿手",
            "酷爱",
            "致死",
            "擅",
            "多才多艺",
            "幸存者",
            "生还",
            "遇害",
            "死亡者",
            "被害"
        ]
    ],
    "受北": [
        "受北",
        "North receiving",
        "北接收",
        [
            "北",
            "接收",
            "西",
            "东",
            "西南",
            "东南",
            "西北",
            "南端",
            "以东",
            "北端",
            "北边",
            "接管",
            "转送",
            "转交",
            "交还",
            "送达",
            "分派",
            "调拨",
            "发送到",
            "转给"
        ]
    ],
    "国皮": [
        "国皮",
        "Country skin",
        "乡村皮肤",
        [
            "乡村",
            "皮肤",
            "皮肤上",
            "表皮",
            "毛发",
            "乡间",
            "肌肤",
            "黏膜",
            "眼部",
            "指甲",
            "脸部",
            "面部",
            "农庄",
            "郊区",
            "乡下",
            "和城市",
            "小城镇",
            "小城市",
            "村镇",
            "小村"
        ]
    ],
    "飞名": [
        "飞名",
        "Flying name",
        "飞行名称",
        [
            "飞行",
            "名称",
            "命名",
            "名字",
            "飞行中",
            "滑翔",
            "飞行器",
            "英文名称",
            "中文名称",
            "滑行",
            "称谓",
            "着陆",
            "飞机",
            "地名",
            "称呼",
            "航空器",
            "跳伞",
            "起飞",
            "重新命名",
            "旧名"
        ]
    ],
    "列虎侯": [
        "列虎侯",
        "Lehu Hou",
        "乐虎侯",
        []
    ],
    "来蕴": [
        "来蕴",
        "To accumulate",
        "积累",
        [
            "积累",
            "累积",
            "吸取",
            "获取",
            "积攒",
            "积聚",
            "依靠",
            "获益",
            "受益",
            "造就"
        ]
    ],
    "太公": [
        "太公",
        "great-grandfather",
        "曾祖父",
        [
            "曾祖父",
            "祖父",
            "曾孙",
            "高祖父",
            "世孙",
            "玄孙",
            "父",
            "外祖父",
            "堂弟",
            "孙子"
        ]
    ],
    "此": [
        "此",
        "This",
        "这",
        []
    ],
    "日斑": [
        "日斑",
        "sunspot",
        "雀斑",
        [
            "雀斑",
            "睫毛",
            "蚊子",
            "红眼",
            "双带",
            "索斯尼夫卡",
            "----",
            "<tr>",
            "Pardosa",
            "</s>"
        ]
    ],
    "宛西": [
        "宛西",
        "Wanxi",
        "皖西",
        [
            "皖西",
            "大别山",
            "赣东北",
            "鄂东",
            "赣南",
            "豫南",
            "豫东",
            "六安",
            "皖南",
            "两湖"
        ]
    ],
    "践雪": [
        "践雪",
        "Practice snow",
        "练习坡地",
        [
            "练习",
            "坡地",
            "山坡",
            "山坡地",
            "锻炼",
            "山地",
            "沟谷",
            "跑步",
            "平地",
            "缓坡",
            "草坡",
            "河滩",
            "练球",
            "沟边",
            "磨练",
            "唱歌",
            "体能训练",
            "苦练",
            "练",
            "练功"
        ]
    ],
    "如龙": [
        "如龙",
        "Like a dragon",
        "像龙一样",
        [
            "龙",
            "龙的",
            "龙科",
            "翼龙",
            "龙是",
            "龙是种",
            "龙有",
            "龙及",
            "蜥脚类",
            "禽"
        ]
    ],
    "污血": [
        "污血",
        "Dirty blood",
        "肮脏的血液",
        [
            "肮脏",
            "血液",
            "血浆",
            "尿液",
            "肝脏",
            "体液",
            "体内",
            "血清",
            "肠道",
            "血液循环",
            "肾脏",
            "可怕",
            "愚蠢",
            "简直",
            "声名狼藉",
            "可笑",
            "像是",
            "好像",
            "下流",
            "无法无天"
        ]
    ],
    "金羁": [
        "金羁",
        "Kim Ji",
        "金姬",
        []
    ],
    "奔星": [
        "奔星",
        "Running star",
        "跑步明星",
        [
            "跑步",
            "明星",
            "当红",
            "艺人",
            "练习",
            "慢跑",
            "影星",
            "新人",
            "大明星",
            "电影明星",
            "歌星",
            "男模",
            "户外活动",
            "赛跑",
            "骑行",
            "负重",
            "爬山",
            "骑车",
            "女明星",
            "跳绳"
        ]
    ],
    "嘶风": [
        "嘶风",
        "HSS wind",
        "嘶风",
        []
    ],
    "干象": [
        "干象",
        "Dry image",
        "干图像",
        [
            "干",
            "图像",
            "影像",
            "图形",
            "图片",
            "三维",
            "图象",
            "投影",
            "图表",
            "缩放",
            "位图",
            "腊",
            "拔",
            "脱",
            "拓",
            "温",
            "容",
            "天和",
            "先为",
            "</s>"
        ]
    ],
    "骐": [
        "骐",
        "Qi",
        "气",
        [
            "气",
            "精",
            "氛",
            "炼",
            "和气",
            "燃",
            "心",
            "凝",
            "融",
            "一气"
        ]
    ],
    "廾": [
        "廾",
        "Ji",
        "纪",
        [
            "纪",
            "纪中",
            "纪时",
            "纪初",
            "八世纪",
            "六世纪",
            "十世纪",
            "2世纪",
            "著者",
            "的时代"
        ]
    ],
    "似鹿": [
        "似鹿",
        "Like a deer",
        "像鹿一样",
        [
            "鹿",
            "牛",
            "水牛",
            "梅花鹿",
            "虎",
            "野猪",
            "头",
            "蜈蚣",
            "兜",
            "两头"
        ]
    ]
}