{
    "扫径": [
        "扫径",
        "Sweep diameter",
        "扫描直径",
        [
            "扫描",
            "直径",
            "直径约",
            "扫瞄",
            "成像",
            "厚度",
            "宽度",
            "球形",
            "高约",
            "半径",
            "cm",
            "图像",
            "椭圆形",
            "圆形",
            "读取",
            "打印",
            "显像",
            "显影",
            "追踪",
            "照相"
        ]
    ],
    "迎三益": [
        "迎三益",
        "Ying Sanyi",
        "应三义",
        [
            "应",
            "三义",
            "不应",
            "应当",
            "不宜",
            "应该",
            "应以",
            "龙潭",
            "应将",
            "大溪",
            "铜锣",
            "龙井",
            "头城",
            "杨梅",
            "可不",
            "其所",
            "香山",
            "理应",
            "大湖",
            "大安"
        ]
    ],
    "旧作": [
        "旧作",
        "Old work",
        "旧作品",
        [
            "旧",
            "作品",
            "小说",
            "创作",
            "经典作品",
            "文学作品",
            "杰作",
            "代表作",
            "剧作",
            "创作者",
            "几部",
            "原有",
            "新",
            "原来",
            "上新",
            "原先",
            "原本",
            "从新",
            "从前",
            "才将"
        ]
    ],
    "长结": [
        "长结",
        "Long knot",
        "长结",
        []
    ],
    "盟": [
        "盟",
        "Union",
        "联盟",
        [
            "联盟",
            "该联盟",
            "的联盟",
            "Alliance",
            "自由联盟",
            "新联盟",
            "国家联盟",
            "Union",
            "三巨头",
            "的组织"
        ]
    ],
    "诗高": [
        "诗高",
        "Poem height",
        "诗高",
        []
    ],
    "傲五侯": [
        "傲五侯",
        "Aowu Hou",
        "敖武侯",
        [
            "敖",
            "武侯",
            "朱然",
            "衡",
            "襄",
            "僖",
            "悼",
            "恪",
            "闾",
            "沛",
            "阜",
            "牟",
            "张翼",
            "乐平",
            "邹",
            "杲",
            "先为",
            "铁西街道",
            "Pardosa",
            "</s>"
        ]
    ],
    "村居": [
        "村居",
        "Village residence",
        "乡村住宅",
        [
            "乡村",
            "住宅",
            "住宅区",
            "房屋",
            "洋房",
            "乡间",
            "豪宅",
            "楼房",
            "公寓",
            "平房",
            "层高",
            "房舍",
            "农庄",
            "郊区",
            "乡下",
            "和城市",
            "小城镇",
            "小城市",
            "村镇",
            "小村"
        ]
    ],
    "种茶": [
        "种茶",
        "Kind of tea.",
        "一种茶。",
        [
            "茶",
            "茶叶",
            "红茶",
            "酒",
            "泡茶",
            "白酒",
            "黄酒",
            "名茶",
            "饮茶",
            "燕窝"
        ]
    ],
    "荆花": [
        "荆花",
        "Jinghua",
        "京华",
        [
            "京华",
            "新京报",
            "新华",
            "朝阳",
            "澎湃",
            "号外",
            "近日",
            "</s>",
            "<tr>",
            "Pardosa"
        ]
    ],
    "鲁桑": [
        "鲁桑",
        "Lucan",
        "卢坎",
        []
    ],
    "种豆": [
        "种豆",
        "Seed beans",
        "种子豆",
        [
            "种子",
            "豆",
            "果实",
            "鸡",
            "叶子",
            "根茎",
            "栗",
            "果",
            "葱",
            "坚果",
            "可食用",
            "椒",
            "茎叶",
            "猪",
            "冬瓜",
            "嫩枝",
            "姜",
            "红豆",
            "种籽",
            "幼苗"
        ]
    ],
    "莎径": [
        "莎径",
        "Saskatchewan",
        "萨斯喀彻温省",
        [
            "萨斯喀彻温省",
            "安大略省",
            "艾伯塔省",
            "马尼托巴省",
            "新斯科舍省",
            "曼尼托巴",
            "安大略",
            "阿尔伯塔省",
            "魁北克省",
            "温尼伯"
        ]
    ],
    "夜织": [
        "夜织",
        "Night weaving",
        "夜间编织",
        [
            "夜间",
            "编织",
            "白天",
            "夜晚",
            "日间",
            "傍晚",
            "织成",
            "编织成",
            "缝制",
            "刺绣",
            "昼间",
            "缝纫",
            "剪刀",
            "梳子",
            "深夜",
            "藤条",
            "花样",
            "定时",
            "日夜",
            "午后"
        ]
    ],
    "灌稻": [
        "灌稻",
        "Irrigation rice",
        "灌溉水稻",
        [
            "灌溉",
            "水稻",
            "水源",
            "排水",
            "作物",
            "用水",
            "农田灌溉",
            "农田",
            "粮食作物",
            "灌区",
            "引水",
            "稻米",
            "玉米",
            "灌溉系统",
            "稻谷",
            "小麦",
            "农作",
            "大豆",
            "甘薯"
        ]
    ],
    "犬篱": [
        "犬篱",
        "Dog fence",
        "狗栅栏",
        [
            "狗",
            "栅栏",
            "猫",
            "围墙",
            "老鼠",
            "猴子",
            "围栏",
            "兔子",
            "犬",
            "铁丝网",
            "篱笆",
            "狐狸",
            "矮墙",
            "猪",
            "一只猫",
            "小狗",
            "铁门",
            "高墙",
            "灯柱",
            "房顶"
        ]
    ],
    "魏": [
        "魏",
        "Wei",
        "魏",
        [
            "魏",
            "曹",
            "秦",
            "齐",
            "后赵",
            "楚",
            "荀",
            "车骑",
            "吕",
            "颙"
        ]
    ],
    "匏": [
        "匏",
        "Hu",
        "胡",
        [
            "胡",
            "翟",
            "顾",
            "黄",
            "邵",
            "洪",
            "龚",
            "董",
            "邹",
            "邢"
        ]
    ],
    "石池": [
        "石池",
        "Stone pond",
        "石塘",
        [
            "石塘",
            "咀",
            "黄沙",
            "螺洲",
            "香园",
            "大角",
            "塔门",
            "九华",
            "南村",
            "象山"
        ]
    ],
    "场圃": [
        "场圃",
        "Nursery",
        "苗圃",
        [
            "苗圃",
            "农场",
            "农庄",
            "植物园",
            "菜园",
            "新社区",
            "棱果",
            "小村",
            "</s>",
            "Pardosa"
        ]
    ],
    "蚕妇": [
        "蚕妇",
        "Silkworm woman",
        "蚕女",
        []
    ],
    "租税": [
        "租税",
        "taxation",
        "征税",
        [
            "征税",
            "征收",
            "税收",
            "收税",
            "税",
            "课税",
            "纳税",
            "税赋",
            "税款",
            "课征"
        ]
    ],
    "园桑": [
        "园桑",
        "Garden mulberry",
        "园桑",
        []
    ],
    "红槿": [
        "红槿",
        "Red hibiscus",
        "红芙蓉",
        [
            "红",
            "芙蓉",
            "白",
            "蓝",
            "黑",
            "绿",
            "白云",
            "橙",
            "茗",
            "紫色",
            "桂花",
            "梧桐",
            "黄沙",
            "金色",
            "金凤",
            "故又名",
            "茶色",
            "浅蓝",
            "故称",
            "故又称"
        ]
    ],
    "田亩": [
        "田亩",
        "Field mu",
        "田间亩",
        [
            "田间",
            "田里",
            "地里",
            "耕田",
            "水边",
            "河边",
            "农作",
            "竹子",
            "旱地",
            "农夫"
        ]
    ],
    "瘦石": [
        "瘦石",
        "Thin stone",
        "薄石头",
        [
            "薄",
            "石头",
            "石块",
            "木头",
            "一块",
            "泥土",
            "砖头",
            "石板",
            "厚",
            "巨石",
            "沙子",
            "较厚",
            "石子",
            "粗糙",
            "粗",
            "细",
            "微",
            "质",
            "裹",
            "稀"
        ]
    ],
    "牧儿": [
        "牧儿",
        "Shepherd",
        "牧师",
        [
            "牧师",
            "神父",
            "布道",
            "教士",
            "浸信会",
            "长老会",
            "卫理公会",
            "同工",
            "传道",
            "副主教"
        ]
    ],
    "徭": [
        "徭",
        "For example",
        "例如",
        []
    ],
    "断藤": [
        "断藤",
        "Broken vine",
        "断藤",
        []
    ],
    "茅斋": [
        "茅斋",
        "Maozhai",
        "茅寨",
        []
    ],
    "燕巢": [
        "燕巢",
        "Yan nest",
        "燕窝",
        [
            "燕窝",
            "桂花",
            "芋头",
            "韭菜",
            "芙蓉",
            "核桃",
            "西瓜",
            "红果",
            "萝卜",
            "香花"
        ]
    ],
    "农桑": [
        "农桑",
        "farming and sericulture",
        "农业和蚕桑业",
        [
            "农业",
            "畜牧业",
            "农牧业",
            "畜牧",
            "林业",
            "农产品",
            "工业",
            "农耕",
            "工商业",
            "农牧"
        ]
    ],
    "屋老": [
        "屋老",
        "Old house",
        "老房子",
        [
            "老房子",
            "房子",
            "小房子",
            "小屋",
            "屋子",
            "小房间",
            "小巷",
            "老宅",
            "破旧",
            "空屋"
        ]
    ],
    "茅": [
        "茅",
        "Maomao",
        "毛毛",
        [
            "毛毛",
            "花心",
            "大叔",
            "大头",
            "长毛",
            "拉拉",
            "常在",
            "碰巧",
            "Pardosa",
            "</s>"
        ]
    ],
    "三架": [
        "三架",
        "Three",
        "三",
        []
    ],
    "田舍翁": [
        "田舍翁",
        "Tian She Weng",
        "田舍翁",
        []
    ],
    "种麦": [
        "种麦",
        "Seed wheat",
        "种子小麦",
        [
            "种子",
            "小麦",
            "玉米",
            "谷物",
            "马铃薯",
            "棉花",
            "甜菜",
            "大米",
            "大豆",
            "大麦",
            "燕麦",
            "果实",
            "叶子",
            "根茎",
            "坚果",
            "可食用",
            "茎叶",
            "嫩枝",
            "种籽",
            "幼苗"
        ]
    ],
    "鸱芋": [
        "鸱芋",
        "Owl taro",
        "猫头鹰芋头",
        [
            "猫头鹰",
            "芋头",
            "竹笋",
            "番薯",
            "蜘蛛",
            "乌鸦",
            "蒜头",
            "西瓜",
            "冬瓜",
            "蝙蝠",
            "独角兽",
            "狐狸",
            "黄瓜",
            "红豆",
            "蝎子",
            "萝卜",
            "木瓜",
            "夜鹰",
            "秃鹰",
            "鸽子"
        ]
    ],
    "犬卧": [
        "犬卧",
        "Dog sleeping",
        "狗睡觉",
        [
            "狗",
            "睡觉",
            "睡",
            "猫",
            "老鼠",
            "猴子",
            "起床",
            "睡觉时",
            "兔子",
            "吃饭",
            "睡着",
            "犬",
            "狐狸",
            "整天",
            "猪",
            "一只猫",
            "喝水",
            "小狗",
            "叫醒",
            "半夜"
        ]
    ],
    "桑柞": [
        "桑柞",
        "Mulberry oak",
        "桑橡树",
        [
            "桑",
            "橡树",
            "松树",
            "布",
            "纳",
            "莫",
            "戈",
            "拉",
            "博",
            "托",
            "云杉",
            "冈",
            "拉加",
            "枫树",
            "榆树",
            "雪松",
            "棕榈",
            "柏树",
            "红木",
            "树桩"
        ]
    ],
    "头绿": [
        "头绿",
        "Head green",
        "头绿",
        []
    ],
    "叟": [
        "叟",
        "Sou",
        "苏",
        []
    ],
    "雁知": [
        "雁知",
        "Yanzhi",
        "阎志",
        []
    ],
    "粳": [
        "粳",
        "Japonica",
        "日本",
        [
            "日本",
            "韩国",
            "冲绳",
            "欧美",
            "日本帝国",
            "南韩",
            "日本人",
            "东洋",
            "日本国",
            "长崎"
        ]
    ],
    "虎瓜熟": [
        "虎瓜熟",
        "The tiger melon is ripe",
        "老虎瓜熟了",
        [
            "老虎",
            "狐狸",
            "乌鸦",
            "狗",
            "猴子",
            "兔子",
            "蟒蛇",
            "乌龟",
            "猿猴",
            "燕子"
        ]
    ],
    "紫白": [
        "紫白",
        "Purple white",
        "紫白色",
        [
            "紫",
            "白色",
            "黄色",
            "红色",
            "黑色",
            "粉红色",
            "紫色",
            "蓝色",
            "深蓝色",
            "暗红色",
            "金色",
            "绿",
            "青色",
            "虎皮",
            "杂色",
            "白",
            "三叶",
            "虹",
            "红花",
            "银带"
        ]
    ],
    "依栏": [
        "依栏",
        "By column",
        "按列",
        []
    ],
    "牛鸣": [
        "牛鸣",
        "Niu Ming",
        "牛鸣",
        []
    ],
    "晓耕忙": [
        "晓耕忙",
        "Xiao Geng is busy",
        "小庚很忙",
        [
            "忙",
            "整天",
            "回来",
            "有事",
            "陪",
            "没事",
            "呆",
            "忘了",
            "倒楣",
            "不来"
        ]
    ],
    "鸡豚": [
        "鸡豚",
        "Chicken dolphin",
        "鸡海豚",
        [
            "鸡",
            "海豚",
            "猪",
            "鲨鱼",
            "海豹",
            "虎鲸",
            "海狮",
            "座头鲸",
            "肉",
            "牛",
            "蓝鲸",
            "鹅",
            "海牛",
            "鸭",
            "鲸鱼",
            "饭",
            "羊",
            "龙虾",
            "奶",
            "大头"
        ]
    ],
    "禾堆": [
        "禾堆",
        "Grain pile",
        "谷物堆",
        [
            "谷物",
            "堆",
            "小麦",
            "肉类",
            "棉花",
            "玉米",
            "大米",
            "谷类",
            "填",
            "马铃薯",
            "蔬果",
            "大麦",
            "瓦砾",
            "泥巴",
            "沙土",
            "大石",
            "砖头",
            "地里",
            "火炉",
            "大块"
        ]
    ],
    "深卧": [
        "深卧",
        "Deep lying",
        "深深的谎言",
        [
            "深深",
            "谎言",
            "深深地",
            "真相",
            "内心",
            "说谎",
            "骗局",
            "心中",
            "欺骗",
            "骗子",
            "一切都是",
            "捏造",
            "虚伪",
            "无情",
            "心底",
            "很深",
            "渴望",
            "深切",
            "极深",
            "执着"
        ]
    ],
    "西路": [
        "西路",
        "West road",
        "西路",
        [
            "西路",
            "东路",
            "北路",
            "南路",
            "中路",
            "路南",
            "路",
            "四路",
            "路北",
            "三路"
        ]
    ],
    "林杪": [
        "林杪",
        "Lin Gao",
        "林高",
        []
    ],
    "忽闻": [
        "忽闻",
        "Suddenly smell",
        "突然闻到",
        [
            "突然",
            "闻到",
            "忽然",
            "突然间",
            "马上",
            "快要",
            "顿时",
            "正要",
            "没多久",
            "立刻",
            "气味",
            "接二连三",
            "散发出",
            "嗅到",
            "难闻",
            "见到",
            "散发",
            "洗脸",
            "半夜",
            "看得见"
        ]
    ],
    "北庄": [
        "北庄",
        "Beizhuang",
        "北庄",
        [
            "北庄",
            "竹山",
            "一村",
            "六乡",
            "竹桥",
            "中洲",
            "竹园",
            "大竹",
            "铜山",
            "辖内"
        ]
    ],
    "锄犁": [
        "锄犁",
        "Hoe plough",
        "锄犁",
        []
    ],
    "家村": [
        "家村",
        "Home village",
        "家乡",
        [
            "家乡",
            "故乡",
            "老家",
            "全家",
            "乡下",
            "只身",
            "于家乡",
            "乡间",
            "童年时",
            "全家人"
        ]
    ],
    "京城": [
        "京城",
        "Capital",
        "首都",
        [
            "首都",
            "大城",
            "大城市",
            "国都",
            "旧都",
            "的城市",
            "普里什蒂纳",
            "西南方",
            "杜尚别",
            "中心地带"
        ]
    ],
    "神州": [
        "神州",
        "China",
        "中国",
        [
            "中国",
            "我国",
            "中华人民共和国",
            "欧美",
            "华南地区",
            "东亚",
            "西方",
            "中国人",
            "华北地区",
            "近现代"
        ]
    ],
    "作丰": [
        "作丰",
        "Zuofeng",
        "左风",
        []
    ],
    "营洛": [
        "营洛",
        "Yingluo",
        "英罗",
        []
    ],
    "帝宅": [
        "帝宅",
        "Imperial residence",
        "皇家住宅",
        [
            "皇家",
            "住宅",
            "住宅区",
            "房屋",
            "洋房",
            "豪宅",
            "楼房",
            "公寓",
            "平房",
            "层高",
            "Royal",
            "房舍",
            "英国皇家",
            "英国王室",
            "英王",
            "威灵顿",
            "塞维利亚",
            "圣乔治",
            "根特",
            "考文垂"
        ]
    ],
    "京师": [
        "京师",
        "Capital",
        "首都",
        [
            "首都",
            "大城",
            "大城市",
            "国都",
            "旧都",
            "的城市",
            "普里什蒂纳",
            "西南方",
            "杜尚别",
            "中心地带"
        ]
    ],
    "皇州": [
        "皇州",
        "Imperial state",
        "帝国",
        [
            "帝国",
            "的帝国",
            "罗马帝国",
            "拜占庭帝国",
            "奥斯曼帝国",
            "图曼帝国",
            "拜占庭",
            "王国",
            "鄂图曼",
            "帝国时代"
        ]
    ],
    "御沟": [
        "御沟",
        "Yugou",
        "裕固族",
        [
            "裕固族",
            "傈僳族",
            "哈萨克族",
            "彝族",
            "羌族",
            "傣族",
            "阿鲁",
            "西双版纳",
            "吉里",
            "住地"
        ]
    ],
    "禁路": [
        "禁路",
        "No roads",
        "没有道路",
        [
            "没有",
            "道路",
            "没",
            "并未",
            "无法",
            "不会",
            "不能",
            "从未",
            "未",
            "没有人",
            "很难",
            "干道",
            "路段",
            "沿路",
            "柏油路",
            "高架桥",
            "路面",
            "高架道路",
            "交通设施",
            "巷道"
        ]
    ],
    "威远": [
        "威远",
        "Weiyuan",
        "威远",
        [
            "威远",
            "镇远",
            "永宁",
            "江油",
            "宁远",
            "定远",
            "广宁",
            "万安",
            "云龙",
            "新宁"
        ]
    ],
    "万雉": [
        "万雉",
        "Ten thousand pheasants",
        "一万只野鸡",
        [
            "野鸡",
            "山羊",
            "鸭子",
            "鸽子",
            "燕子",
            "两头",
            "苍鹰",
            "于是就",
            "Pardosa",
            "</s>"
        ]
    ],
    "王城": [
        "王城",
        "Wang cheng",
        "王成",
        [
            "王成",
            "李可",
            "子文",
            "树人",
            "李浩",
            "斌",
            "椿",
            "春和",
            "</s>",
            "Pardosa"
        ]
    ],
    "帝里": [
        "帝里",
        "Di Li",
        "小李",
        [
            "小李",
            "卡卡西",
            "阿凯",
            "鸣",
            "大师兄",
            "兜",
            "龙门",
            "小龙",
            "可儿",
            "好在"
        ]
    ],
    "虎踞": [
        "虎踞",
        "Huju",
        "互助",
        [
            "互助",
            "互惠",
            "维系",
            "倡导",
            "扶助",
            "公私",
            "协同",
            "相互合作",
            "密切合作",
            "首倡"
        ]
    ],
    "国势": [
        "国势",
        "national power",
        "国家权力",
        [
            "国家",
            "权力",
            "职权",
            "行政权",
            "特权",
            "决策权",
            "自主权",
            "军权",
            "立法权",
            "决定权",
            "皇权",
            "国家所",
            "国家政府",
            "第三世界",
            "发展中国家",
            "发达国家",
            "国际组织",
            "国内",
            "东欧国家",
            "各地区"
        ]
    ],
    "帝王": [
        "帝王",
        "Emperor",
        "皇帝",
        [
            "皇帝",
            "登基",
            "君主",
            "帝",
            "太后",
            "臣民",
            "诸王",
            "帝王",
            "朝臣",
            "臣子"
        ]
    ],
    "尧封": [
        "尧封",
        "Yao Feng",
        "姚峰",
        []
    ],
    "禹甸": [
        "禹甸",
        "Yudian",
        "于甸",
        []
    ],
    "百蛮": [
        "百蛮",
        "Baiman",
        "白马",
        [
            "白马",
            "羊",
            "青龙",
            "驴",
            "孔明",
            "山下",
            "和龙",
            "骡",
            "大白",
            "</s>"
        ]
    ],
    "天垂": [
        "天垂",
        "Sky drop",
        "天降",
        [
            "天降",
            "下起",
            "遇",
            "夜里",
            "雨",
            "九天",
            "天将",
            "冬日",
            "游魂",
            "大作"
        ]
    ],
    "地即": [
        "地即",
        "In other words",
        "换句话说",
        []
    ],
    "胜地": [
        "胜地",
        "famous scenic spot",
        "胜地",
        [
            "胜地",
            "旅游胜地",
            "度假地",
            "旅游景点",
            "景点",
            "度假胜地",
            "好去处",
            "风景秀丽",
            "著名景点",
            "去处"
        ]
    ],
    "观阁雄": [
        "观阁雄",
        "Guan Ge Xiong",
        "关哥兄",
        []
    ],
    "铜驼": [
        "铜驼",
        "Copper camel",
        "铜骆驼",
        [
            "铜",
            "骆驼",
            "银",
            "驴",
            "铜器",
            "骡子",
            "铜制",
            "锌",
            "牛",
            "骡",
            "铅",
            "羊",
            "驼",
            "大象",
            "绵羊",
            "鎏金",
            "水牛",
            "钼",
            "铬",
            "锰"
        ]
    ],
    "朝元": [
        "朝元",
        "North Korea dollar",
        "朝鲜元",
        [
            "朝鲜",
            "朝鲜半岛",
            "高丽",
            "北朝鲜",
            "北韩",
            "韩国",
            "平壤",
            "朝鲜政府",
            "朝鲜人民军",
            "日本人"
        ]
    ],
    "月转": [
        "月转",
        "Monthly rotation",
        "每月轮换",
        [
            "轮换",
            "换人",
            "常规",
            "轮流",
            "轮班",
            "交替",
            "以此类推",
            "间歇",
            "三节",
            "</s>"
        ]
    ],
    "紫垣来": [
        "紫垣来",
        "Purple walls",
        "紫色的墙",
        [
            "紫色",
            "墙",
            "黄色",
            "粉红色",
            "白色",
            "红色",
            "黄绿色",
            "蓝色",
            "紫红色",
            "深红色",
            "深蓝色",
            "围墙",
            "一堵",
            "墙壁",
            "矮墙",
            "高墙",
            "门楼",
            "内墙",
            "回廊",
            "墙外"
        ]
    ],
    "山为": [
        "山为",
        "Mountain is",
        "山是",
        []
    ],
    "龙虎": [
        "龙虎",
        "spirit and essence",
        "精神和本质",
        [
            "精神",
            "本质",
            "信念",
            "事物",
            "人格",
            "意识",
            "表象",
            "某种程度",
            "尊严",
            "精神上",
            "其本质",
            "直觉",
            "思维",
            "自觉",
            "所谓",
            "单纯",
            "良知",
            "并不一定",
            "美德",
            "只不过"
        ]
    ],
    "九街": [
        "九街",
        "9 Street",
        "9街",
        [
            "街",
            "西街",
            "大街",
            "巷",
            "东街",
            "大道",
            "这条街",
            "街口",
            "新街",
            "路"
        ]
    ],
    "航至": [
        "航至",
        "Sail to",
        "驶往",
        [
            "驶往",
            "驶向",
            "开往",
            "驶离",
            "驶回",
            "驶入",
            "出发",
            "驶出",
            "停靠在",
            "启航"
        ]
    ],
    "王化": [
        "王化",
        "Wang Hua",
        "王华",
        [
            "王华",
            "裒",
            "豫章",
            "张华",
            "骘",
            "临川",
            "刘胤",
            "颙",
            "皓",
            "陈东"
        ]
    ],
    "双阙丽": [
        "双阙丽",
        "Shuangque Li",
        "双阙里",
        [
            "里",
            "里面",
            "里头",
            "中都",
            "之中",
            "中的",
            "底下",
            "那时候",
            "内都",
            "从前"
        ]
    ],
    "遐方": [
        "遐方",
        "Distant side",
        "远处",
        [
            "远处",
            "高处",
            "远方",
            "低处",
            "近处",
            "周围",
            "岸边",
            "边上",
            "所在位置",
            "恰好"
        ]
    ],
    "柳映": [
        "柳映",
        "Liu Ying",
        "刘英",
        [
            "刘英",
            "隗",
            "刘荣",
            "李贞",
            "陆定一",
            "刘元",
            "昶",
            "涓",
            "子文",
            "</s>"
        ]
    ],
    "九衢": [
        "九衢",
        "Nine thoroughfares",
        "九条大道",
        [
            "大道",
            "街",
            "广场",
            "大街",
            "路",
            "Avenue",
            "交叉口",
            "北路",
            "西端",
            "中央公园"
        ]
    ],
    "廨": [
        "廨",
        "I'm sorry",
        "对不起",
        [
            "对不起",
            "心痛",
            "谢谢",
            "亲爱的",
            "没关系",
            "丢脸",
            "脱口而出",
            "还好",
            "想见",
            "就让"
        ]
    ],
    "紫闼": [
        "紫闼",
        "Zilu",
        "鲁兹",
        [
            "鲁兹",
            "贝特",
            "罗斯",
            "瓦罗",
            "里斯",
            "莫罗",
            "里奥",
            "马拉",
            "克里",
            "茹"
        ]
    ],
    "官寺": [
        "官寺",
        "Official temple",
        "官方寺庙",
        [
            "官方",
            "寺庙",
            "寺院",
            "佛寺",
            "庙宇",
            "佛塔",
            "寺内",
            "道观",
            "官方网站",
            "公开",
            "官网",
            "僧众",
            "大寺",
            "佛堂",
            "正式",
            "对外",
            "官方所",
            "其网站",
            "在此之前",
            "此前"
        ]
    ],
    "官舍": [
        "官舍",
        "Official house",
        "官方住宅",
        [
            "官方",
            "住宅",
            "住宅区",
            "房屋",
            "洋房",
            "豪宅",
            "楼房",
            "公寓",
            "平房",
            "官方网站",
            "层高",
            "房舍",
            "公开",
            "官网",
            "正式",
            "对外",
            "官方所",
            "其网站",
            "在此之前",
            "此前"
        ]
    ],
    "听断": [
        "听断",
        "Listen to me",
        "听我说",
        [
            "听",
            "说",
            "说道",
            "问道",
            "说是",
            "却说",
            "知道",
            "时说",
            "话说",
            "感叹",
            "真是",
            "听得",
            "问",
            "哭",
            "大声",
            "听完",
            "不行",
            "说什么",
            "不来"
        ]
    ],
    "燕享": [
        "燕享",
        "Yanxiang",
        "项燕",
        []
    ]
}