{
    "枯藤": [
        "枯藤",
        "Kudo vine",
        "工藤",
        [
            "工藤",
            "佐佐木",
            "佐藤",
            "户田",
            "幸",
            "服部",
            "斋藤",
            "齐藤",
            "吉田",
            "小林"
        ]
    ],
    "抽": [
        "抽",
        "Smoke",
        "烟",
        [
            "烟",
            "香烟",
            "喷",
            "抽",
            "口含",
            "瓶",
            "醉",
            "屑",
            "爆竹",
            "飘"
        ]
    ],
    "翠扇": [
        "翠扇",
        "Cui fan",
        "崔凡",
        []
    ],
    "绿叶": [
        "绿叶",
        "Green leaves",
        "绿叶",
        [
            "绿叶",
            "甘草",
            "流苏",
            "兰花",
            "茉莉",
            "红花",
            "紫花",
            "大白",
            "Pardosa",
            "</s>"
        ]
    ],
    "绿华": [
        "绿华",
        "Green flower",
        "绿色的花",
        [
            "绿色",
            "花",
            "橙色",
            "黄色",
            "红色",
            "蓝色",
            "白色",
            "粉红色",
            "紫色",
            "浅绿色",
            "深蓝色",
            "花上",
            "小花",
            "萝卜",
            "兰花",
            "白花",
            "牵牛",
            "大花",
            "光阴",
            "红豆"
        ]
    ],
    "小荷": [
        "小荷",
        "Xiao he",
        "萧何",
        [
            "萧何",
            "刘邦",
            "曹参",
            "韩信",
            "列侯",
            "吕雉",
            "李斯",
            "樊哙",
            "汉高祖",
            "臣子"
        ]
    ],
    "菱叶": [
        "菱叶",
        "Trapa leaf",
        "菱叶",
        []
    ],
    "鹭宿": [
        "鹭宿",
        "Heron lodge",
        "赫伦小屋",
        [
            "赫伦",
            "小屋",
            "房子",
            "小木屋",
            "屋子",
            "农舍",
            "茅屋",
            "旅馆",
            "谷仓",
            "后院",
            "壁炉",
            "莱尔",
            "瓦尔",
            "雷斯",
            "吉斯",
            "莫尔",
            "科莫",
            "德勒",
            "克特",
            "西蒙"
        ]
    ],
    "叠影": [
        "叠影",
        "foldover",
        "折叠",
        [
            "折叠",
            "拉链",
            "接合",
            "螺旋",
            "卷曲",
            "翻转",
            "粘贴",
            "剪切",
            "支架",
            "前端"
        ]
    ],
    "莲折": [
        "莲折",
        "Lotus fold",
        "莲花褶皱",
        [
            "莲花",
            "褶皱",
            "隆起",
            "造山运动",
            "地质构造",
            "断裂带",
            "隐没",
            "宝瓶",
            "梅花",
            "莲",
            "凹陷",
            "荷花",
            "麒麟",
            "背斜",
            "第四纪",
            "如意",
            "马鞍",
            "突起",
            "垂花",
            "顶上"
        ]
    ],
    "红衣": [
        "红衣",
        "The red",
        "红色",
        [
            "红色",
            "黄色",
            "白色",
            "蓝色",
            "橙色",
            "紫色",
            "黑色",
            "粉红色",
            "金色",
            "深蓝色"
        ]
    ],
    "苞": [
        "苞",
        "profuse",
        "慷慨的",
        [
            "慷慨",
            "仁慈",
            "感激",
            "钦佩",
            "高尚",
            "宽厚",
            "谦逊",
            "乐于",
            "殷勤",
            "称许"
        ]
    ],
    "龟游": [
        "龟游",
        "Turtle tour",
        "海龟之旅",
        [
            "海龟",
            "之旅",
            "旅程",
            "海洋生物",
            "鲨鱼",
            "旅行",
            "龙虾",
            "海牛",
            "历险",
            "旅途",
            "海鸟",
            "虎鲸",
            "螃蟹",
            "乌龟",
            "环游世界",
            "冒险",
            "儒艮",
            "归来",
            "环游",
            "旅途上"
        ]
    ],
    "浓行": [
        "浓行",
        "Thick line",
        "粗线",
        []
    ],
    "银塘": [
        "银塘",
        "Silver pond",
        "银池",
        []
    ],
    "景色": [
        "景色",
        "Scenery",
        "风景",
        [
            "风景",
            "景色",
            "美景",
            "景致",
            "景观",
            "自然风光",
            "自然景观",
            "风光",
            "自然风景",
            "风景秀丽"
        ]
    ],
    "渔唱": [
        "渔唱",
        "Fisherman singing",
        "渔夫唱歌",
        [
            "渔夫",
            "唱歌",
            "跳舞",
            "弹钢琴",
            "演戏",
            "唱",
            "弹吉他",
            "自弹自唱",
            "弹奏",
            "写歌",
            "弹琴",
            "打鱼",
            "海边",
            "打渔",
            "渔人",
            "湖上",
            "一艘船",
            "水手",
            "农夫",
            "下海"
        ]
    ],
    "苍苔": [
        "苍苔",
        "Mossy moss",
        "苔藓苔藓",
        [
            "苔藓",
            "树干",
            "地衣",
            "泥炭",
            "落叶",
            "树叶",
            "蕨类植物",
            "针叶树",
            "维管束",
            "细枝"
        ]
    ],
    "碧柳": [
        "碧柳",
        "Blue willow",
        "蓝柳",
        []
    ],
    "伴人": [
        "伴人",
        "Companion",
        "同伴",
        [
            "同伴",
            "小杰",
            "伙伴们",
            "杰克",
            "朋友们",
            "罗宾",
            "独自一人",
            "三人",
            "兄弟俩",
            "两兄弟"
        ]
    ],
    "蜻蜓": [
        "蜻蜓",
        "Dragonfly",
        "蜻蜓",
        [
            "蜻蜓",
            "蝴蝶",
            "蛾",
            "鹭",
            "啄木鸟",
            "蝉",
            "雨燕",
            "蜉蝣",
            "蚯蚓",
            "兰花"
        ]
    ],
    "翠盖": [
        "翠盖",
        "Cui Gai",
        "崔盖",
        []
    ],
    "菱歌": [
        "菱歌",
        "Ling song",
        "宋陵",
        []
    ],
    "绿水": [
        "绿水",
        "Green water",
        "绿水",
        [
            "绿水",
            "江上",
            "石岩",
            "浮",
            "南山",
            "长河",
            "大河",
            "月形",
            "象山",
            "</s>"
        ]
    ],
    "分波": [
        "分波",
        "Partial wave",
        "分波",
        []
    ],
    "鹭鸶": [
        "鹭鸶",
        "bittern",
        "盐卤",
        []
    ],
    "鸳鹭": [
        "鸳鹭",
        "Mandarin Duck Heron",
        "鸳鸯鹭",
        [
            "鸳鸯",
            "鹭",
            "山雀",
            "燕子",
            "鸦",
            "啄木鸟",
            "鸬鹚",
            "鹳",
            "苍鹭",
            "水鸟",
            "玲珑",
            "箫",
            "雁",
            "白鹭",
            "金鱼",
            "梅花",
            "金丝",
            "凤",
            "虎头",
            "大白"
        ]
    ],
    "轻舟": [
        "轻舟",
        "skiff",
        "小艇",
        [
            "小艇",
            "小船",
            "登陆艇",
            "艇",
            "舢板",
            "快艇",
            "船上",
            "岸上",
            "船舰",
            "上岸"
        ]
    ],
    "珍馆": [
        "珍馆",
        "Jane pavilion",
        "简馆",
        []
    ],
    "灵沼": [
        "灵沼",
        "Limnuma",
        "利姆努马",
        [
            "利姆",
            "乌尔",
            "奥拉",
            "菲利",
            "匈奴人",
            "瓦拉",
            "切尔",
            "古尔",
            "列文",
            "普斯陶"
        ]
    ],
    "荷苍": [
        "荷苍",
        "Lotus pale",
        "莲花苍白",
        [
            "莲花",
            "苍白",
            "面孔",
            "面容",
            "宝瓶",
            "看起来",
            "光亮",
            "梅花",
            "莲",
            "荷花",
            "麒麟",
            "铜色",
            "看上去",
            "皱纹",
            "如意",
            "纤细",
            "马鞍",
            "驼背",
            "垂花",
            "顶上"
        ]
    ],
    "秋近": [
        "秋近",
        "Autumn is near",
        "秋天快到了",
        [
            "秋天",
            "春天",
            "秋季",
            "夏天",
            "春季",
            "冬天",
            "初夏",
            "夏末",
            "秋",
            "一月"
        ]
    ],
    "菡萏": [
        "菡萏",
        "Lotus blossom",
        "荷花",
        [
            "荷花",
            "牡丹",
            "梅花",
            "桂花",
            "菊花",
            "海棠",
            "故又名",
            "芙蓉",
            "园中",
            "百花"
        ]
    ],
    "珠滨": [
        "珠滨",
        "Beabin",
        "比宾",
        []
    ],
    "绣陂": [
        "绣陂",
        "Embroidery",
        "刺绣",
        [
            "刺绣",
            "织锦",
            "剪纸",
            "绣花",
            "木雕",
            "缝制",
            "梳子",
            "版画",
            "手工艺",
            "金丝"
        ]
    ],
    "玉沼": [
        "玉沼",
        "Jade marsh",
        "翡翠沼泽",
        [
            "翡翠",
            "沼泽",
            "沼泽地",
            "森林",
            "山谷",
            "池塘",
            "浅水",
            "洼地",
            "沼泽地带",
            "荒地",
            "小溪",
            "宝石",
            "珍珠",
            "钻石",
            "玛瑙",
            "明珠",
            "蓝宝石",
            "绿宝石",
            "玉石",
            "小金"
        ]
    ],
    "仙娥": [
        "仙娥",
        "Maid",
        "女仆",
        [
            "女仆",
            "服务生",
            "女主人",
            "男人",
            "咖啡厅",
            "管家",
            "保姆",
            "美美",
            "艾玛",
            "大叔"
        ]
    ],
    "采菱": [
        "采菱",
        "Cailing",
        "打电话",
        [
            "打电话",
            "接到",
            "打来",
            "致电",
            "通电话",
            "来电",
            "询问",
            "告知",
            "接听",
            "去找"
        ]
    ],
    "白露": [
        "白露",
        "white dew",
        "白露",
        [
            "白露",
            "时雨",
            "立秋",
            "初春",
            "从江",
            "天一",
            "丝丝",
            "春和",
            "大福",
            "</s>"
        ]
    ],
    "莲织": [
        "莲织",
        "Lotus weave",
        "莲花组织",
        [
            "莲花",
            "组织",
            "的组织",
            "该组织",
            "秘密组织",
            "有组织",
            "一个组织",
            "民间组织",
            "其组织",
            "宝瓶",
            "组织起来",
            "梅花",
            "莲",
            "许多组织",
            "荷花",
            "麒麟",
            "如意",
            "马鞍",
            "垂花",
            "顶上"
        ]
    ],
    "雨余花": [
        "雨余花",
        "Flowers in the rain",
        "雨中的花",
        [
            "花",
            "花上",
            "小花",
            "萝卜",
            "兰花",
            "白花",
            "牵牛",
            "大花",
            "光阴",
            "红豆"
        ]
    ],
    "白曳": [
        "白曳",
        "White drag",
        "白色阻力",
        [
            "白色",
            "阻力",
            "黄色",
            "红色",
            "黑色",
            "粉红色",
            "紫色",
            "蓝色",
            "深蓝色",
            "暗红色",
            "金色",
            "离心力",
            "空气阻力",
            "压力",
            "摩擦力",
            "浮力",
            "力矩",
            "推进力",
            "涡流",
            "湍流"
        ]
    ],
    "冲烟鹭": [
        "冲烟鹭",
        "Smoke heron",
        "烟鹭",
        []
    ],
    "影乱": [
        "影乱",
        "Shadow disorder",
        "阴影障碍",
        [
            "阴影",
            "障碍",
            "黑暗",
            "阴霾",
            "阻碍",
            "身心",
            "语言障碍",
            "边缘",
            "光环",
            "影子",
            "妨碍",
            "失常",
            "镜子",
            "持续性",
            "双眼",
            "精神上",
            "心理障碍",
            "噩梦",
            "盲点",
            "恶梦"
        ]
    ],
    "鱼浮": [
        "鱼浮",
        "Fish float",
        "鱼浮",
        []
    ],
    "花密": [
        "花密",
        "Dense flowers",
        "密集的花",
        [
            "密集",
            "花",
            "稠密",
            "稀疏",
            "集中",
            "分散",
            "高密度",
            "花上",
            "小花",
            "人口稠密",
            "外围",
            "近",
            "萝卜",
            "兰花",
            "白花",
            "牵牛",
            "比较大",
            "大花",
            "光阴",
            "红豆"
        ]
    ],
    "难渡": [
        "难渡",
        "Difficult crossing",
        "困难穿越",
        [
            "困难",
            "穿越",
            "穿过",
            "横越",
            "跨越",
            "跨过",
            "越过",
            "穿行",
            "横穿",
            "艰难",
            "麻烦",
            "行经",
            "不便",
            "吃力",
            "绕过",
            "十分困难",
            "瓶颈",
            "难于",
            "紧迫",
            "不方便"
        ]
    ],
    "轻醮": [
        "轻醮",
        "Light dipping",
        "光浸",
        []
    ],
    "红翻": [
        "红翻",
        "Red flip",
        "红色翻盖",
        [
            "红色",
            "黄色",
            "白色",
            "蓝色",
            "橙色",
            "紫色",
            "黑色",
            "粉红色",
            "金色",
            "深蓝色"
        ]
    ],
    "水霞": [
        "水霞",
        "Water clouds",
        "水云",
        [
            "水云",
            "沧浪",
            "春晓",
            "云亭",
            "云间",
            "浮",
            "碧水",
            "绿野",
            "凝",
            "虹"
        ]
    ],
    "影田田": [
        "影田田",
        "Yoshida",
        "吉田",
        [
            "吉田",
            "佐藤",
            "三木",
            "田中",
            "三浦",
            "松本",
            "野田",
            "高桥",
            "中川",
            "冈本"
        ]
    ],
    "香清": [
        "香清",
        "Qing Xiang",
        "清香",
        [
            "清香",
            "香气",
            "花香",
            "桂花",
            "熏",
            "青草",
            "萝卜",
            "玫瑰花",
            "竹叶",
            "桔"
        ]
    ],
    "阴交": [
        "阴交",
        "Sexual intercourse",
        "性交",
        [
            "性交",
            "性行为",
            "肛交",
            "口交",
            "自慰",
            "性爱",
            "手淫",
            "乱伦",
            "性虐待",
            "性交易"
        ]
    ],
    "可藏": [
        "可藏",
        "Can be hidden",
        "可以隐藏",
        [
            "隐藏",
            "隐蔽",
            "伪装",
            "隐密",
            "黑影",
            "背后",
            "隐秘",
            "暗藏",
            "隐匿",
            "像是"
        ]
    ],
    "落片": [
        "落片",
        "Falling piece",
        "下落件",
        [
            "下落",
            "行踪",
            "追查",
            "去向",
            "真凶",
            "口中",
            "带走",
            "盯上",
            "竟是",
            "发觉"
        ]
    ],
    "暗惊鱼": [
        "暗惊鱼",
        "Dark surprised fish",
        "深色惊鱼",
        []
    ],
    "蔬园": [
        "蔬园",
        "Vegetable garden",
        "蔬菜园",
        []
    ],
    "种植": [
        "种植",
        "Planting",
        "种植",
        [
            "种植",
            "栽种",
            "作物",
            "栽植",
            "农作物",
            "耕作",
            "耕种",
            "经济作物",
            "稻米",
            "甘蔗"
        ]
    ],
    "晚菘": [
        "晚菘",
        "Late Isatis indigotica",
        "晚期菘蓝",
        [
            "晚期",
            "菘",
            "蓝",
            "绿",
            "中期",
            "中晚期",
            "早期",
            "末期",
            "后期",
            "红",
            "中叶",
            "蓝色",
            "紫色",
            "中后期",
            "后半期",
            "更早",
            "双色",
            "橙",
            "红绿",
            "浅蓝",
            "白",
            "黄柏",
            "冰糖",
            "李伟",
            "紫花",
            "红果",
            "丁香",
            "麦芽糖",
            "红豆"
        ]
    ],
    "浥": [
        "浥",
        "Oh, my god",
        "哦，我的上帝",
        [
            "上帝",
            "耶和华",
            "祂",
            "圣灵",
            "真主",
            "恩典",
            "基督",
            "造物主",
            "安拉",
            "启示"
        ]
    ],
    "坏沃": [
        "坏沃",
        "Bad Walter",
        "坏沃尔特",
        [
            "坏",
            "沃尔特",
            "罗伯特",
            "迈克尔",
            "弗兰克",
            "怕",
            "理查德",
            "丹尼尔",
            "斯图尔特",
            "托马斯",
            "戈登",
            "马修",
            "弄得",
            "乖",
            "无用",
            "没用",
            "偏偏",
            "还好",
            "顶多",
            "再加"
        ]
    ],
    "栽培": [
        "栽培",
        "Cultivation",
        "培养",
        [
            "培养",
            "培育",
            "培植",
            "培育出",
            "培训",
            "人才培养",
            "人才",
            "养成",
            "培养出来",
            "指导"
        ]
    ],
    "汲水": [
        "汲水",
        "draw water",
        "汲水",
        [
            "汲水",
            "井水",
            "打水",
            "取水",
            "水井",
            "焚香",
            "生火",
            "篙",
            "农作",
            "两口"
        ]
    ],
    "开畦": [
        "开畦",
        "Open a border",
        "打开边界",
        [
            "打开",
            "边界",
            "国界",
            "关上",
            "边界线",
            "边境",
            "分界线",
            "开启",
            "边境线",
            "疆界",
            "界线",
            "锁上",
            "锁住",
            "敞开",
            "分界",
            "挡住",
            "边境地区",
            "弹出",
            "推开",
            "推入"
        ]
    ],
    "嫩策": [
        "嫩策",
        "Nenje",
        "内涅",
        []
    ],
    "分水": [
        "分水",
        "water diversion",
        "分水",
        [
            "分水",
            "峡口",
            "东溪",
            "墩",
            "峒",
            "兰溪",
            "三江",
            "石门",
            "清江",
            "秀山"
        ]
    ],
    "名品": [
        "名品",
        "Famous products",
        "名牌产品",
        [
            "名牌产品",
            "龙头企业",
            "驰名商标",
            "知名品牌",
            "知名企业",
            "著名品牌",
            "白酒",
            "厂家",
            "近些年",
            "中国制造"
        ]
    ],
    "桔": [
        "桔",
        "Orange",
        "橙色的",
        [
            "橙色",
            "黄色",
            "红色",
            "蓝色",
            "绿色",
            "深蓝色",
            "粉红色",
            "紫色",
            "浅蓝色",
            "橘色"
        ]
    ],
    "槔": [
        "槔",
        "Torreya grandis",
        "香榧",
        []
    ],
    "露凝": [
        "露凝",
        "Dew coagulation",
        "露水凝结",
        [
            "露水",
            "凝结",
            "凝固",
            "融化",
            "蒸发",
            "冷凝",
            "水蒸气",
            "溶解",
            "溶化",
            "沸腾",
            "升华",
            "云朵",
            "雾气",
            "薄雾",
            "夜晚",
            "清爽",
            "月光",
            "冬日",
            "的水",
            "金子"
        ]
    ],
    "地肥": [
        "地肥",
        "Ground fertilizer",
        "地面肥料",
        [
            "地面",
            "肥料",
            "饲料",
            "高处",
            "原料",
            "障碍物",
            "地上",
            "农药",
            "垂直",
            "蔬菜",
            "谷物",
            "顶部",
            "底部",
            "高空",
            "食粮",
            "稻谷",
            "离地",
            "大豆",
            "蔗糖",
            "斜坡"
        ]
    ],
    "霜露": [
        "霜露",
        "Frost dew",
        "霜露",
        []
    ],
    "柔丛": [
        "柔丛",
        "Soft plexus",
        "软丛",
        []
    ],
    "秋菘": [
        "秋菘",
        "Autumn Isatis",
        "秋菘蓝",
        [
            "蓝",
            "绿",
            "红",
            "蓝色",
            "紫色",
            "双色",
            "橙",
            "红绿",
            "浅蓝",
            "白"
        ]
    ],
    "拔葵": [
        "拔葵",
        "Pull out sunflower",
        "拔向日葵",
        [
            "拔",
            "向日葵",
            "忽",
            "迭",
            "玫瑰花",
            "吐",
            "雏菊",
            "百合",
            "俟",
            "蒲公英",
            "罕",
            "秃",
            "悉",
            "铃兰",
            "兰花",
            "柚子",
            "草莓",
            "留",
            "呼",
            "柏木"
        ]
    ],
    "柔苗": [
        "柔苗",
        "Soft seedling",
        "软苗",
        []
    ],
    "数畦": [
        "数畦",
        "Counting border",
        "计数边界",
        [
            "计数",
            "边界",
            "国界",
            "边界线",
            "边境",
            "分界线",
            "边境线",
            "疆界",
            "界线",
            "分界",
            "边境地区",
            "计算",
            "枚举",
            "计数器",
            "个数",
            "小数",
            "可用",
            "总和",
            "除此以外",
            "<tr>"
        ]
    ],
    "绿苗": [
        "绿苗",
        "Green shoots",
        "绿芽",
        []
    ],
    "孔圣射": [
        "孔圣射",
        "Kong Shengzhao",
        "赵升港",
        []
    ],
    "樊迟学": [
        "樊迟学",
        "Fanchixue",
        "樊志学",
        [
            "樊",
            "志学",
            "曹",
            "董",
            "裴",
            "杨",
            "邵",
            "姚",
            "尚德",
            "胡",
            "邹",
            "守礼",
            "邢",
            "世良",
            "忠恕",
            "流芳",
            "子安",
            "德明",
            "Kanniyakumari",
            "</s>"
        ]
    ],
    "诸葛": [
        "诸葛",
        "Zhuge",
        "诸葛",
        [
            "诸葛",
            "虞翻",
            "裒",
            "诸葛诞",
            "夏侯",
            "恪",
            "褚",
            "全琮",
            "攸",
            "王朗"
        ]
    ],
    "菜": [
        "菜",
        "Food",
        "食物",
        [
            "食物",
            "肉类",
            "营养",
            "进食",
            "食用",
            "饲料",
            "粪便",
            "食材",
            "腐肉",
            "蜂蜜"
        ]
    ],
    "老圃": [
        "老圃",
        "Old nursery",
        "旧苗圃",
        [
            "旧",
            "苗圃",
            "原有",
            "农场",
            "新",
            "农庄",
            "植物园",
            "原来",
            "上新",
            "菜园",
            "原先",
            "原本",
            "从新",
            "从前",
            "新社区",
            "才将",
            "棱果",
            "小村",
            "</s>",
            "Pardosa"
        ]
    ],
    "青覆幕": [
        "青覆幕",
        "Green curtain",
        "绿色窗帘",
        [
            "绿色",
            "窗帘",
            "橙色",
            "黄色",
            "红色",
            "蓝色",
            "白色",
            "粉红色",
            "紫色",
            "浅绿色",
            "深蓝色",
            "地板",
            "窗框",
            "天花板",
            "天窗",
            "沙发",
            "毛巾",
            "窗台",
            "把手",
            "皮包"
        ]
    ],
    "蕨": [
        "蕨",
        "fernbrake",
        "羊齿植物丛",
        [
            "丛",
            "胚",
            "映射",
            "同构",
            "李群",
            "余切",
            "仿射",
            "射影",
            "微分形式",
            "紧"
        ]
    ],
    "正方": [
        "正方",
        "Square",
        "平方",
        []
    ],
    "画局": [
        "画局",
        "Painting bureau",
        "油漆局",
        [
            "油漆",
            "局",
            "涂料",
            "喷漆",
            "喷涂",
            "本局",
            "涂",
            "总局",
            "漆",
            "纸板",
            "帆布",
            "涂上",
            "粉笔",
            "电报局",
            "盐务",
            "分局",
            "务",
            "局内",
            "交",
            "专设"
        ]
    ],
    "烟丛": [
        "烟丛",
        "Smoke clump",
        "烟团",
        []
    ],
    "青夹径": [
        "青夹径",
        "Green clamp diameter",
        "绿色夹钳直径",
        [
            "绿色",
            "直径",
            "直径约",
            "橙色",
            "黄色",
            "红色",
            "蓝色",
            "厚度",
            "白色",
            "宽度",
            "粉红色",
            "球形",
            "紫色",
            "高约",
            "浅绿色",
            "半径",
            "深蓝色",
            "cm",
            "椭圆形",
            "圆形"
        ]
    ],
    "百": [
        "百",
        "hundred",
        "一百",
        []
    ],
    "秀叶": [
        "秀叶",
        "Xiu ye",
        "秀叶",
        []
    ],
    "管宁": [
        "管宁",
        "Guan Ning",
        "关宁",
        []
    ],
    "提葱": [
        "提葱",
        "Spring onion",
        "葱",
        [
            "葱",
            "蒜",
            "萝卜",
            "芹菜",
            "荞麦",
            "茸",
            "韭菜",
            "籽",
            "大蒜",
            "冬瓜"
        ]
    ],
    "献": [
        "献",
        "dedicate",
        "献身",
        [
            "献身",
            "奉献",
            "奋斗",
            "全心全意",
            "职志",
            "奉献给",
            "终生",
            "深信",
            "追随",
            "盼望"
        ]
    ],
    "至尊": [
        "至尊",
        "Extreme",
        "极端的",
        [
            "极端",
            "温和",
            "保守",
            "倾向",
            "原教旨主义",
            "排外",
            "软弱",
            "顽固",
            "反常",
            "相比较"
        ]
    ],
    "翠匀": [
        "翠匀",
        "Cui yun",
        "崔允",
        []
    ],
    "微润": [
        "微润",
        "Slightly moist",
        "轻微湿润",
        [
            "轻微",
            "湿润",
            "潮湿",
            "干燥",
            "严重",
            "凉爽",
            "较轻",
            "明显",
            "多雨",
            "疏林",
            "湿热",
            "湿",
            "温暖",
            "林缘",
            "更为严重",
            "相当严重",
            "间歇性",
            "稍微",
            "略微",
            "所致"
        ]
    ],
    "土融": [
        "土融",
        "Soil melting",
        "土壤融化",
        [
            "土壤",
            "融化",
            "溶化",
            "蒸发",
            "凝结",
            "冰冻",
            "植被",
            "熔化",
            "土层",
            "凝固",
            "泥土",
            "酸性",
            "融解",
            "土质",
            "冰",
            "表土",
            "有机质",
            "沙土",
            "含水",
            "升华"
        ]
    ],
    "酥": [
        "酥",
        "Crisp",
        "脆的",
        [
            "脆",
            "质地",
            "硬",
            "柔软",
            "酥",
            "果皮",
            "稀",
            "软",
            "肉",
            "薄"
        ]
    ],
    "雨叶": [
        "雨叶",
        "Rain leaf",
        "雨叶",
        []
    ]
}