{
    "穿墉": [
        "穿墉",
        "Wear Yong",
        "穿勇",
        []
    ],
    "食禾": [
        "食禾",
        "Food grain",
        "粮食",
        [
            "粮食",
            "物资",
            "军粮",
            "粮草",
            "粮食供应",
            "米粮",
            "供给",
            "给养",
            "谷物",
            "食粮"
        ]
    ],
    "守室": [
        "守室",
        "Guard room",
        "警卫室",
        [
            "警卫室",
            "后门",
            "穿堂",
            "铁门",
            "前厅",
            "的门",
            "木门",
            "就位",
            "恰巧",
            "</s>"
        ]
    ],
    "饮河": [
        "饮河",
        "Drinking river",
        "饮用河流",
        [
            "饮用",
            "河流",
            "湖泊",
            "支流",
            "流域",
            "食用",
            "河",
            "喝",
            "河谷",
            "上游",
            "河口",
            "下游",
            "三角洲",
            "饮水",
            "洗手",
            "煮沸",
            "井水",
            "沐浴",
            "牛奶",
            "蜂蜜"
        ]
    ],
    "啮": [
        "啮",
        "Meshing",
        "啮合",
        [
            "啮合",
            "凸轮",
            "齿轮",
            "滑动",
            "转动",
            "开合",
            "回转",
            "闭合",
            "链条",
            "合上"
        ]
    ],
    "马鞍": [
        "马鞍",
        "saddle",
        "车座",
        []
    ],
    "号夜": [
        "号夜",
        "Night number",
        "夜间号码",
        [
            "夜间",
            "号码",
            "白天",
            "夜晚",
            "日间",
            "电话号码",
            "序号",
            "傍晚",
            "昼间",
            "识别码",
            "序列号",
            "深夜",
            "表格",
            "位数",
            "标识",
            "定时",
            "日夜",
            "午后",
            "备注",
            "都须"
        ]
    ],
    "猴": [
        "猴",
        "Monkey",
        "猴子",
        [
            "猴子",
            "老鼠",
            "兔子",
            "狗",
            "猫",
            "猩猩",
            "青蛙",
            "大象",
            "老虎",
            "鸽子"
        ]
    ],
    "衔炷": [
        "衔炷",
        "Holding wick",
        "吸油绳",
        []
    ],
    "成灾": [
        "成灾",
        "cause disaster",
        "造成灾难",
        [
            "造成",
            "灾难",
            "导致",
            "造成了",
            "引致",
            "所致",
            "致使",
            "引发",
            "遭受",
            "产生",
            "带来",
            "天灾",
            "灾祸",
            "大灾难",
            "自然灾害",
            "惨剧",
            "浩劫",
            "后果",
            "灾难性",
            "意外事件"
        ]
    ],
    "斗穴": [
        "斗穴",
        "Bucket hole",
        "桶孔",
        [
            "孔",
            "小孔",
            "圆孔",
            "上端",
            "开口",
            "下端",
            "盖",
            "中空",
            "接合处",
            "穿孔"
        ]
    ],
    "祀物": [
        "祀物",
        "Sacrifice",
        "牺牲",
        [
            "牺牲",
            "壮烈牺牲",
            "不惜牺牲",
            "战死沙场",
            "自我牺牲",
            "牺牲生命",
            "牺牲者",
            "壮烈",
            "付出代价",
            "白白"
        ]
    ],
    "名地": [
        "名地",
        "Famous place",
        "著名的地方",
        [
            "著名",
            "地方",
            "知名",
            "有名",
            "出名",
            "闻名",
            "闻名于世",
            "曾为",
            "享有盛誉",
            "广为人知",
            "都曾",
            "大多",
            "人口众多",
            "区域内",
            "之外",
            "偏远地区",
            "以外",
            "大都",
            "以前",
            "；也"
        ]
    ],
    "拍": [
        "拍",
        "beat",
        "打败",
        [
            "打败",
            "击败",
            "击退",
            "战胜",
            "击溃",
            "取得胜利",
            "获得胜利",
            "卷土重来",
            "反败为胜",
            "打退"
        ]
    ],
    "褁珠": [
        "褁珠",
        "Beads",
        "珠子",
        [
            "珠子",
            "项链",
            "贝壳",
            "竹节",
            "枕头",
            "串珠",
            "波纹",
            "彩花",
            "大块",
            "</s>"
        ]
    ],
    "报德": [
        "报德",
        "Dedication",
        "奉献",
        [
            "奉献",
            "奉献给",
            "感恩",
            "祈祷",
            "祝福",
            "献身",
            "善行",
            "献出",
            "全心全意",
            "赠与"
        ]
    ],
    "高脚": [
        "高脚",
        "High foot",
        "高脚",
        [
            "高脚",
            "葫芦",
            "宝瓶",
            "钉",
            "枕头",
            "吊",
            "红头",
            "顶上",
            "Pardosa",
            "</s>"
        ]
    ],
    "轻健": [
        "轻健",
        "Light health",
        "轻度健康",
        [
            "健康",
            "身体健康",
            "心理健康",
            "保健",
            "身心健康",
            "卫生",
            "生活品质",
            "肥胖",
            "肥胖症",
            "有益"
        ]
    ],
    "居山": [
        "居山",
        "Dwelling in the mountains",
        "住在山里",
        [
            "住在",
            "山里",
            "居住",
            "居住于",
            "同住",
            "居于",
            "寄居",
            "住着",
            "住",
            "暂住",
            "住在一起",
            "山中",
            "后山",
            "山下",
            "洞里",
            "深山",
            "大山",
            "山边",
            "金山",
            "于小"
        ]
    ],
    "冬蛰": [
        "冬蛰",
        "hibernation",
        "冬眠",
        [
            "冬眠",
            "休眠",
            "捕食",
            "摄食",
            "动物会",
            "冬天",
            "白天",
            "冷血动物",
            "夏末",
            "某种原因"
        ]
    ],
    "碎掌": [
        "碎掌",
        "Broken palm",
        "断掌",
        [
            "断掌",
            "将所",
            "2集",
            "暗喻",
            "惊心动魄",
            "横死",
            "异邦",
            "常是",
            "全因",
            "</s>"
        ]
    ],
    "男子": [
        "男子",
        "man",
        "男人",
        [
            "男人",
            "女人",
            "女孩",
            "女人们",
            "陌生人",
            "新娘",
            "女孩子",
            "一个人",
            "老婆",
            "爱人"
        ]
    ],
    "祥": [
        "祥",
        "propitious",
        "吉利的",
        [
            "吉利",
            "苏尔",
            "利是",
            "大黑",
            "大福",
            "当是",
            "来由",
            "早先",
            "</s>",
            "Pardosa"
        ]
    ],
    "周官": [
        "周官",
        "Zhou Guan",
        "周关",
        []
    ],
    "作器": [
        "作器",
        "Actuator",
        "执行机构",
        [
            "执行机构",
            "机构",
            "行政机构",
            "管理机构",
            "秘书处",
            "的机构",
            "组织机构",
            "政府机构",
            "该委员会",
            "该机构"
        ]
    ],
    "攀木": [
        "攀木",
        "Climbing wood",
        "攀木",
        []
    ],
    "摧雄力": [
        "摧雄力",
        "Destroy your strength",
        "摧毁你的力量",
        [
            "摧毁",
            "力量",
            "毁坏",
            "炸毁",
            "破坏",
            "夷为平地",
            "烧毁",
            "被毁",
            "击毁",
            "毁掉",
            "毁灭",
            "意志",
            "意志力",
            "军事力量",
            "意识",
            "生命力",
            "勇气",
            "自我意识",
            "精神力量",
            "力"
        ]
    ],
    "逸才": [
        "逸才",
        "Escape talent",
        "逃避天赋",
        [
            "逃避",
            "天赋",
            "天分",
            "天份",
            "才华",
            "躲避",
            "创造力",
            "多才多艺",
            "才智",
            "想像力",
            "天才",
            "才华横溢",
            "免于",
            "避开",
            "抛弃",
            "逃过",
            "驱使",
            "深知",
            "付出代价",
            "任由"
        ]
    ],
    "雄豪": [
        "雄豪",
        "Xiong Hao",
        "熊浩",
        []
    ],
    "缘树": [
        "缘树",
        "Edge tree",
        "边树",
        []
    ],
    "春腾": [
        "春腾",
        "Spring Teng",
        "春藤",
        []
    ],
    "胹": [
        "胹",
        "Xiu",
        "秀",
        [
            "秀",
            "晴",
            "俊",
            "庆",
            "幸",
            "高桥",
            "贤",
            "惠",
            "荣",
            "友"
        ]
    ],
    "公侯": [
        "公侯",
        "On public occasions",
        "在公共场合",
        [
            "公共场合",
            "公共场所",
            "场合",
            "公开场合",
            "暴力行为",
            "鸡奸",
            "穿衣",
            "字眼",
            "经常",
            "在在"
        ]
    ],
    "禹贡": [
        "禹贡",
        "Yugong",
        "龚宇",
        []
    ],
    "织": [
        "织",
        "weave",
        "织法",
        [
            "织法",
            "竹管",
            "平仄",
            "竹节",
            "刷子",
            "尖头",
            "单根",
            "条状",
            "铁片",
            "屈曲"
        ]
    ],
    "咆林": [
        "咆林",
        "Paolin",
        "保林",
        []
    ],
    "逞怒威": [
        "逞怒威",
        "Show your anger and power",
        "展示你的愤怒和力量",
        [
            "展示",
            "愤怒",
            "力量",
            "气愤",
            "愤慨",
            "恼怒",
            "生气",
            "恐惧",
            "展出",
            "不安",
            "惊恐",
            "痛恨",
            "不快",
            "展览",
            "意志",
            "意志力",
            "展现",
            "军事力量",
            "意识",
            "生命力",
            "演示",
            "展示出",
            "勇气",
            "自我意识",
            "精神力量",
            "展览品",
            "力",
            "重现",
            "示范",
            "简介"
        ]
    ],
    "力健": [
        "力健",
        "Li Jian",
        "李健",
        [
            "李健",
            "杨子",
            "张杰",
            "李伟",
            "李明",
            "张大",
            "和黄",
            "陈旭",
            "王俊",
            "聪"
        ]
    ],
    "敌": [
        "敌",
        "Enemy",
        "敌军",
        [
            "敌军",
            "敌兵",
            "敌方",
            "友军",
            "守军",
            "敌人",
            "俄军",
            "敌",
            "曹军",
            "出其不意"
        ]
    ],
    "向来": [
        "向来",
        "Always",
        "总是",
        [
            "总是",
            "常常",
            "好像",
            "似乎",
            "心里",
            "却是",
            "也许",
            "平常",
            "只不过",
            "显然"
        ]
    ],
    "符吉梦": [
        "符吉梦",
        "Fu Jimeng",
        "傅纪萌",
        []
    ],
    "商水": [
        "商水",
        "Commercial water",
        "商业用水",
        [
            "商业",
            "用水",
            "水源",
            "供水",
            "饮用水",
            "灌溉",
            "废水",
            "自来水",
            "商业性",
            "饮水",
            "用水量",
            "商业活动",
            "的水",
            "零售",
            "商贸",
            "商业化",
            "金融业",
            "零售业",
            "娱乐业",
            "赢利"
        ]
    ],
    "曾": [
        "曾",
        "Once",
        "一次",
        []
    ],
    "符兆": [
        "符兆",
        "Symbol sign",
        "符号符号",
        [
            "符号",
            "记号",
            "字母",
            "大写字母",
            "小写字母",
            "表示法",
            "标记",
            "小写",
            "下标",
            "大写"
        ]
    ],
    "力岂": [
        "力岂",
        "Force",
        "武力",
        [
            "武力",
            "军事手段",
            "军事力量",
            "意图",
            "诉诸武力",
            "武力威胁",
            "暴力手段",
            "发动战争",
            "企图",
            "威吓"
        ]
    ],
    "威雄": [
        "威雄",
        "Wei Xiong",
        "魏雄",
        []
    ],
    "孰": [
        "孰",
        "which",
        "哪个",
        []
    ],
    "可当": [
        "可当",
        "Available when",
        "可用时间",
        [
            "可用",
            "时间",
            "星期",
            "一段时间",
            "小时",
            "间隔时间",
            "整整",
            "时长",
            "时间段",
            "等待时间",
            "短时间",
            "能用",
            "只用",
            "最简单",
            "可视",
            "必需",
            "需用",
            "一般来说",
            "比如说",
            "举例来说"
        ]
    ],
    "今独": [
        "今独",
        "Today alone",
        "今天一个人",
        [
            "今天",
            "现在",
            "如今",
            "今日",
            "现今",
            "以前",
            "时至今日",
            "那时候",
            "从前",
            "直到现在"
        ]
    ],
    "英姿": [
        "英姿",
        "heroic bearing",
        "英雄气度",
        [
            "英雄",
            "气度",
            "战士",
            "英雄人物",
            "风范",
            "风度",
            "文采",
            "女英雄",
            "睿智",
            "反派",
            "斗士",
            "内敛",
            "稳重",
            "豪气",
            "勇敢",
            "坏蛋",
            "侠盗",
            "高雅",
            "自负",
            "光荣"
        ]
    ],
    "渭郊": [
        "渭郊",
        "Weijiao",
        "韦娇",
        []
    ],
    "复振威": [
        "复振威",
        "Complex vibration",
        "复合振动",
        [
            "复合",
            "振动",
            "转动",
            "共振",
            "震荡",
            "振荡",
            "声波",
            "阻尼",
            "电磁场",
            "滑动",
            "震动",
            "填充",
            "交叉",
            "组合成",
            "混和",
            "相联",
            "比如说",
            "一个大",
            "举例来说",
            "</s>"
        ]
    ],
    "威非": [
        "威非",
        "Weifei",
        "魏飞",
        []
    ],
    "猫": [
        "猫",
        "Cat",
        "猫",
        [
            "猫",
            "狗",
            "猴子",
            "老鼠",
            "兔子",
            "兔",
            "家猫",
            "犬",
            "猩猩",
            "狐狸"
        ]
    ],
    "快捷": [
        "快捷",
        "Shortcut",
        "捷径",
        [
            "捷径",
            "的路",
            "搭车",
            "必经",
            "路中",
            "上到",
            "--",
            "从前",
            "Pardosa",
            "</s>"
        ]
    ],
    "捕鼠": [
        "捕鼠",
        "rat",
        "鼠",
        [
            "鼠",
            "兔",
            "松鼠",
            "狐",
            "狸",
            "仓鼠",
            "雀",
            "水獭",
            "獭",
            "豚鼠"
        ]
    ],
    "双眸": [
        "双眸",
        "Eyes",
        "眼睛",
        [
            "眼睛",
            "双眼",
            "瞳孔",
            "耳朵",
            "鼻子",
            "嘴唇",
            "额头",
            "眼球",
            "嘴巴",
            "胸部"
        ]
    ],
    "侧睨": [
        "侧睨",
        "Side wind",
        "侧风",
        []
    ],
    "蹲": [
        "蹲",
        "Squat",
        "蹲着的",
        []
    ],
    "四爪": [
        "四爪",
        "Four claws",
        "四爪",
        []
    ],
    "闲眠": [
        "闲眠",
        "Idle sleep",
        "空闲睡眠",
        [
            "空闲",
            "睡眠",
            "睡眠中",
            "呼吸",
            "清醒",
            "REM",
            "生理",
            "闲暇",
            "知觉",
            "排便",
            "失眠",
            "休息",
            "痉挛",
            "只读",
            "整天",
            "平常",
            "往常",
            "那时候",
            "都只",
            "在在"
        ]
    ],
    "眼活": [
        "眼活",
        "Eye movement",
        "眼动",
        []
    ],
    "捷牙": [
        "捷牙",
        "Quick tooth",
        "快牙",
        []
    ],
    "铁笼": [
        "铁笼",
        "Cage",
        "监狱",
        [
            "监狱",
            "牢房",
            "囚犯",
            "监牢",
            "关押",
            "犯人",
            "的监狱",
            "所监狱",
            "牢狱",
            "拘留所"
        ]
    ],
    "微奇": [
        "微奇",
        "Weiqi",
        "围棋",
        [
            "围棋",
            "棋士",
            "棋手",
            "中国围棋",
            "象棋",
            "中国象棋",
            "棋",
            "棋艺",
            "对弈",
            "剑道"
        ]
    ],
    "穿柳": [
        "穿柳",
        "Wear willow",
        "穿柳树",
        [
            "穿",
            "柳树",
            "穿着",
            "穿著",
            "身穿",
            "脱下",
            "身着",
            "脱掉",
            "穿戴",
            "榆树",
            "上衣",
            "外套",
            "松树",
            "柏树",
            "枫树",
            "枫香",
            "桑树",
            "槐树",
            "青草",
            "菱角"
        ]
    ],
    "盻": [
        "盻",
        "What",
        "什么",
        []
    ],
    "玉局": [
        "玉局",
        "Jade bureau",
        "玉石局",
        [
            "玉石",
            "局",
            "玉器",
            "本局",
            "绿松石",
            "总局",
            "象牙",
            "铜器",
            "工艺品",
            "宝石",
            "白玉",
            "玉",
            "电报局",
            "盐务",
            "分局",
            "务",
            "局内",
            "故称",
            "交",
            "专设"
        ]
    ],
    "闲翻": [
        "闲翻",
        "Idle flip",
        "空转翻转",
        [
            "空转",
            "翻转",
            "旋转",
            "滑动",
            "反转",
            "倒转",
            "打滑",
            "翻滚",
            "向上",
            "回转",
            "过热",
            "熄火",
            "系统故障",
            "倒置",
            "系统会",
            "好似",
            "可控",
            "间歇性",
            "短时间",
            "某种原因"
        ]
    ],
    "既号": [
        "既号",
        "Existing number",
        "现有数量",
        [
            "现有",
            "数量",
            "数目",
            "总数",
            "比例",
            "需求量",
            "生产量",
            "存量",
            "量",
            "使用量",
            "原有",
            "为数",
            "既有",
            "基本",
            "整体",
            "现阶段",
            "原先",
            "这两项",
            "除此以外",
            "</s>"
        ]
    ],
    "昼静": [
        "昼静",
        "Day is still",
        "天还没亮",
        []
    ],
    "征梦": [
        "征梦",
        "Sign dreams",
        "签署梦想",
        [
            "签署",
            "梦想",
            "签订",
            "签定",
            "达成协议",
            "愿望",
            "签字",
            "心愿",
            "签订协议",
            "缔结",
            "憧憬",
            "幸福",
            "订立",
            "快乐",
            "人生",
            "立志",
            "递交",
            "渴望",
            "进行谈判",
            "属于自己"
        ]
    ],
    "哥既": [
        "哥既",
        "Elder brother already",
        "哥哥已经",
        [
            "哥哥",
            "已经",
            "弟弟",
            "妹妹",
            "姐姐",
            "父亲",
            "叔叔",
            "儿子",
            "姊姊",
            "早已",
            "兄长",
            "舅舅",
            "之前",
            "从未",
            "仍未",
            "并未",
            "仍然",
            "现在",
            "不太可能",
            "早就"
        ]
    ],
    "称仙": [
        "称仙",
        "Called fairy",
        "叫仙女",
        [
            "仙女",
            "仙子",
            "许仙",
            "织女",
            "海神",
            "白蛇",
            "神仙",
            "龙王",
            "化作",
            "王母"
        ]
    ],
    "毛柔": [
        "毛柔",
        "Soft hair",
        "柔软的头发",
        [
            "柔软",
            "头发",
            "坚硬",
            "粗糙",
            "结实",
            "短发",
            "脸上",
            "胡须",
            "长发",
            "衣服",
            "毛发",
            "指甲",
            "蓬松",
            "眉毛",
            "头上",
            "纤细",
            "卷曲",
            "厚实",
            "较厚",
            "粗大"
        ]
    ],
    "利爪": [
        "利爪",
        "Claws",
        "抓",
        [
            "抓",
            "捉",
            "抓到",
            "抓住",
            "被绑",
            "绑",
            "偷",
            "捉到",
            "不放",
            "放"
        ]
    ],
    "褁监": [
        "褁监",
        "Prison guard",
        "监狱看守",
        []
    ],
    "迎去": [
        "迎去",
        "Welcome",
        "欢迎",
        [
            "欢迎",
            "青睐",
            "喜爱",
            "追捧",
            "热烈欢迎",
            "注目",
            "爱戴",
            "瞩目",
            "赞许",
            "赞赏"
        ]
    ],
    "纱帷": [
        "纱帷",
        "Yarn hangings",
        "纱线悬挂",
        [
            "纱线",
            "悬挂",
            "挂",
            "挂起",
            "织物",
            "丝线",
            "纤维",
            "挂有",
            "布料",
            "旗杆",
            "竖立",
            "细丝",
            "放置",
            "摆放",
            "物料",
            "安放",
            "拉链",
            "链条",
            "制成品",
            "置放"
        ]
    ],
    "密贮": [
        "密贮",
        "Close storage",
        "封闭存储器",
        [
            "封闭",
            "存储器",
            "闪存",
            "内存",
            "磁盘",
            "存储",
            "硬盘",
            "芯片",
            "RAM",
            "存储设备",
            "SRAM",
            "堵塞",
            "废弃",
            "断路",
            "隔绝",
            "阻塞",
            "隔离",
            "清空",
            "填满",
            "确保安全"
        ]
    ],
    "莫残": [
        "莫残",
        "Don't waste",
        "不要浪费",
        [
            "不要",
            "浪费",
            "不想",
            "不该",
            "不让",
            "不必",
            "绝不会",
            "节省",
            "绝不",
            "免得",
            "切勿",
            "不用",
            "耗费",
            "多余",
            "不必要",
            "太多",
            "节约",
            "过多",
            "无用",
            "不合理"
        ]
    ],
    "竹簟": [
        "竹簟",
        "Bamboo leaf",
        "竹叶",
        [
            "竹叶",
            "竹子",
            "竹节",
            "荷叶",
            "韭菜",
            "冬瓜",
            "萝卜",
            "白花",
            "菱角",
            "大花"
        ]
    ],
    "慵": [
        "慵",
        "Careless",
        "无忧无虑的",
        [
            "无忧无虑",
            "快乐",
            "时光",
            "自由自在",
            "甜蜜",
            "诉说",
            "儿时",
            "安稳",
            "童年时",
            "相伴"
        ]
    ],
    "图形": [
        "图形",
        "figure",
        "数字",
        [
            "数字",
            "位数",
            "小数点",
            "倍数",
            "进制",
            "十进制",
            "二进制",
            "大写字母",
            "十六进制",
            "小数"
        ]
    ],
    "芥肆": [
        "芥肆",
        "Mustard boss",
        "芥末老板",
        [
            "芥末",
            "老板",
            "经理",
            "经纪人",
            "店主",
            "东主",
            "大老板",
            "太太",
            "店里",
            "老板娘",
            "房东",
            "果酱",
            "奶油",
            "酱汁",
            "蜂蜜",
            "大蒜",
            "辣椒",
            "柠檬汁",
            "果汁",
            "干果"
        ]
    ],
    "奴还": [
        "奴还",
        "Slave also",
        "奴隶也",
        [
            "奴隶",
            "黑奴",
            "奴隶主",
            "奴役",
            "农奴",
            "奴隶制",
            "殖民者",
            "印第安人",
            "黑人",
            "女奴"
        ]
    ],
    "名女": [
        "名女",
        "Women",
        "女人",
        [
            "女人",
            "男人",
            "女孩",
            "女人们",
            "新娘",
            "妳",
            "爱人",
            "老婆",
            "情人",
            "甜蜜"
        ]
    ],
    "足蹲": [
        "足蹲",
        "Foot squat",
        "脚蹲",
        [
            "脚",
            "蹲",
            "头",
            "脚上",
            "腿",
            "踩",
            "站立",
            "足",
            "后脚",
            "右脚",
            "双脚",
            "躺",
            "手脚",
            "屁股",
            "拳头",
            "两头",
            "上到"
        ]
    ],
    "鼠动": [
        "鼠动",
        "Mouse movement",
        "鼠标移动",
        [
            "鼠标",
            "移动",
            "屏幕",
            "滑鼠",
            "行进",
            "按键",
            "键盘",
            "旋转",
            "方向移动",
            "手柄",
            "桌面",
            "打印机",
            "静止",
            "触摸屏",
            "飘移",
            "快速移动",
            "漂移",
            "伸展",
            "图标",
            "回转"
        ]
    ],
    "夜护": [
        "夜护",
        "Night care",
        "夜间护理",
        [
            "夜间",
            "护理",
            "白天",
            "夜晚",
            "日间",
            "保健",
            "照护",
            "医疗",
            "诊疗",
            "医护",
            "卫生",
            "傍晚",
            "昼间",
            "护理人员",
            "深夜",
            "看护",
            "眼科",
            "定时",
            "日夜",
            "午后"
        ]
    ],
    "书窗": [
        "书窗",
        "Book window",
        "图书窗口",
        [
            "图书",
            "窗口",
            "图书馆",
            "书籍",
            "书刊",
            "馆藏",
            "图书资料",
            "书目",
            "参考书",
            "善本",
            "影印",
            "视窗",
            "站内",
            "车站内",
            "售票处",
            "售票厅",
            "终端",
            "后台",
            "过道",
            "可视"
        ]
    ],
    "卧毡": [
        "卧毡",
        "Bedding felt",
        "被褥毛毡",
        [
            "毛毡",
            "毯",
            "垫",
            "皮制",
            "毡",
            "鞋子",
            "羊皮",
            "钮扣",
            "毛巾",
            "棉毛"
        ]
    ],
    "毋令": [
        "毋令",
        "No order",
        "没有命令",
        [
            "没有",
            "命令",
            "没",
            "并未",
            "无法",
            "不会",
            "不能",
            "从未",
            "未",
            "没有人",
            "很难",
            "下令",
            "指示",
            "指令",
            "下达",
            "请求",
            "立即",
            "军令",
            "号令",
            "擅自"
        ]
    ],
    "声应": [
        "声应",
        "Sound response",
        "声音响应",
        [
            "声音",
            "响应",
            "声响",
            "歌声",
            "笑声",
            "人声",
            "感觉",
            "号召",
            "音调",
            "刺耳",
            "沙哑",
            "声效",
            "积极响应",
            "作出反应",
            "声势浩大",
            "拥护",
            "自发",
            "组织起来",
            "鼓动",
            "叛离"
        ]
    ],
    "人呼": [
        "人呼",
        "People shout",
        "人们大喊大叫",
        []
    ],
    "最堪怜": [
        "最堪怜",
        "The most pitiable",
        "最可怜的",
        [
            "可怜",
            "真是",
            "安慰",
            "心里",
            "可悲",
            "嫌弃",
            "无助",
            "居然",
            "庆幸",
            "无能为力"
        ]
    ],
    "终得": [
        "终得",
        "At last",
        "终于",
        [
            "终于",
            "再一",
            "再次",
            "再度",
            "总算",
            "下定决心",
            "最终",
            "最后",
            "方才",
            "好不容易"
        ]
    ],
    "妇人": [
        "妇人",
        "married woman",
        "已婚妇女",
        [
            "已婚",
            "妇女",
            "未婚",
            "单身",
            "育",
            "女性",
            "配偶",
            "再婚",
            "并育",
            "同居",
            "婚前",
            "妇人",
            "前妻",
            "性工作者",
            "男士",
            "女童",
            "女权",
            "妇女儿童",
            "娼妓",
            "青年人"
        ]
    ],
    "骆驼": [
        "骆驼",
        "Camel",
        "骆驼",
        [
            "骆驼",
            "驴",
            "骡子",
            "牛",
            "骡",
            "羊",
            "驼",
            "大象",
            "绵羊",
            "水牛"
        ]
    ],
    "奇畜": [
        "奇畜",
        "Odd animal",
        "奇怪的动物",
        [
            "奇怪",
            "动物",
            "怪异",
            "古怪",
            "哺乳动物",
            "鸟类",
            "诡异",
            "类动物",
            "生物",
            "好奇",
            "寻常",
            "哺乳类",
            "好像",
            "昆虫",
            "有趣",
            "两栖动物",
            "食肉动物",
            "无聊",
            "爬虫类",
            "奇特"
        ]
    ]
}