{
    "飞空": [
        "飞空",
        "Flying empty",
        "空飞",
        []
    ],
    "翼凤": [
        "翼凤",
        "Wing feng",
        "永丰",
        [
            "永丰",
            "永安",
            "宁海",
            "永定",
            "白沙",
            "龙泉",
            "东兴",
            "万安",
            "德昌",
            "象山"
        ]
    ],
    "度溪": [
        "度溪",
        "Du Xi",
        "杜熙",
        []
    ],
    "往来": [
        "往来",
        "Contacts",
        "联系人",
        [
            "联系人",
            "邮件",
            "联络人",
            "电子邮件",
            "其他用户",
            "Gmail",
            "账户",
            "中间人",
            "的网络",
            "保持联系"
        ]
    ],
    "飞扬": [
        "飞扬",
        "Flying",
        "飞行",
        [
            "飞行",
            "飞行中",
            "滑翔",
            "飞行器",
            "滑行",
            "着陆",
            "飞机",
            "航空器",
            "跳伞",
            "起飞"
        ]
    ],
    "鱼鳞": [
        "鱼鳞",
        "Fish scale",
        "鱼鳞",
        [
            "鱼鳞",
            "颗粒状",
            "菱角",
            "故名",
            "虎皮",
            "新月形",
            "橘红色",
            "杂色",
            "Pardosa",
            "</s>"
        ]
    ],
    "卷舒": [
        "卷舒",
        "Roll up",
        "到达",
        [
            "到达",
            "抵达",
            "出发",
            "进发",
            "驶向",
            "穿过",
            "驶离",
            "开到",
            "穿越",
            "驶出"
        ]
    ],
    "氛": [
        "氛",
        "Atmosphere",
        "空气",
        [
            "空气",
            "气体",
            "热空气",
            "液体",
            "氧气",
            "二氧化碳",
            "氮气",
            "湿气",
            "热气",
            "氢气"
        ]
    ],
    "氤": [
        "氤",
        "Shuttle",
        "航天飞机",
        [
            "航天飞机",
            "太空梭",
            "航天器",
            "STS-",
            "飞船",
            "登月舱",
            "哥伦比亚号",
            "阿波罗",
            "宇宙飞船",
            "和平号"
        ]
    ],
    "溶溶": [
        "溶溶",
        "broad",
        "辽阔的",
        [
            "辽阔",
            "广阔",
            "开阔",
            "广袤",
            "宽广",
            "宽阔",
            "幅员",
            "幅员辽阔",
            "富饶",
            "壮丽"
        ]
    ],
    "西郊": [
        "西郊",
        "Western suburbs",
        "西郊",
        [
            "西郊",
            "北郊",
            "东郊",
            "南郊",
            "城南",
            "城西",
            "城北",
            "市郊",
            "东北郊",
            "城郊"
        ]
    ],
    "蓊郁": [
        "蓊郁",
        "lush",
        "丰富的",
        [
            "丰富",
            "非常丰富",
            "多样",
            "丰富多彩",
            "多样化",
            "独特",
            "丰沛",
            "珍贵",
            "比较丰富",
            "充沛"
        ]
    ],
    "蔽目": [
        "蔽目",
        "Covering purpose",
        "覆盖目的",
        [
            "覆盖",
            "目的",
            "目标",
            "旨在",
            "借以",
            "目地",
            "借此",
            "用以",
            "用意",
            "最终目标",
            "意在",
            "覆盖面积",
            "散布",
            "布满",
            "遮盖",
            "构成",
            "隔开",
            "延展",
            "伸展",
            "其余部分"
        ]
    ],
    "曳曳": [
        "曳曳",
        "Drag",
        "拖",
        [
            "拖",
            "扯",
            "拖行",
            "辗",
            "铲",
            "拖拉",
            "拖动",
            "拦",
            "滚",
            "满载"
        ]
    ],
    "变化": [
        "变化",
        "Change",
        "变化",
        [
            "变化",
            "变动",
            "波动",
            "改变",
            "发生变化",
            "转变",
            "推移",
            "变异",
            "巨大变化",
            "叠加"
        ]
    ],
    "度关": [
        "度关",
        "Du Guan",
        "杜冠",
        []
    ],
    "从风": [
        "从风",
        "From the wind",
        "从风中",
        [
            "中",
            "中的",
            "之中",
            "中都",
            "中所",
            "当中",
            "里",
            "中会",
            "里面",
            "之前"
        ]
    ],
    "溶泄": [
        "溶泄",
        "Dissolution drain",
        "溶解排水",
        [
            "溶解",
            "排水",
            "沉淀",
            "灌溉",
            "挥发",
            "蒸发",
            "分解",
            "凝固",
            "熔化",
            "混合物",
            "堤防",
            "结晶",
            "积水",
            "排水系统",
            "硫酸",
            "沟渠",
            "排水沟",
            "取水",
            "水渠",
            "河堤"
        ]
    ],
    "南浦": [
        "南浦",
        "Nanpu",
        "南浦",
        [
            "南浦",
            "城山",
            "济州",
            "金山",
            "龙山",
            "南山",
            "茶山",
            "象山",
            "金谷",
            "汉南"
        ]
    ],
    "翻绵": [
        "翻绵",
        "Tumbling cotton",
        "滚棉",
        []
    ],
    "扬扬": [
        "扬扬",
        "complacently",
        "满足地",
        [
            "满足",
            "符合",
            "实现",
            "保证",
            "考虑到",
            "依赖于",
            "充分利用",
            "做到",
            "意味着",
            "受限制"
        ]
    ],
    "映涧": [
        "映涧",
        "Ying Jian",
        "英剑",
        []
    ],
    "出塞": [
        "出塞",
        "over the border",
        "越过国境",
        [
            "越过",
            "国境",
            "跨过",
            "边境",
            "穿越",
            "穿过",
            "翻越",
            "绕过",
            "边境地区",
            "横越",
            "国界",
            "继续前进",
            "国境线",
            "边境线",
            "翻过",
            "直抵",
            "非军事区",
            "战略要地",
            "邻国",
            "前沿阵地"
        ]
    ],
    "隐显": [
        "隐显",
        "invisible",
        "看不见的",
        [
            "看不见",
            "看不到",
            "好像",
            "看见",
            "看得见",
            "空无一物",
            "看得",
            "只不过",
            "好比",
            "全都"
        ]
    ],
    "依汉": [
        "依汉",
        "Yihan",
        "韩毅",
        []
    ],
    "因风": [
        "因风",
        "Because of the wind",
        "因为风",
        [
            "风",
            "风吹",
            "西风",
            "吹拂",
            "吹",
            "北风",
            "大风",
            "暴风",
            "雨",
            "和风"
        ]
    ],
    "赤鸟": [
        "赤鸟",
        "Red bird",
        "红鸟",
        []
    ],
    "襄梦": [
        "襄梦",
        "Dream - making",
        "做梦",
        [
            "做梦",
            "作梦",
            "清醒",
            "好像",
            "感觉到",
            "心里",
            "梦中",
            "样子",
            "想到",
            "就让"
        ]
    ],
    "迷野径": [
        "迷野径",
        "Fan ye path",
        "叶凡路径",
        [
            "路径",
            "方向",
            "梯度",
            "逆时针",
            "轨迹",
            "偏移",
            "切线",
            "方向上",
            "同方向",
            "正向"
        ]
    ],
    "相如凌": [
        "相如凌",
        "Xiangru Ling",
        "香茹岭",
        []
    ],
    "暮宿": [
        "暮宿",
        "Sunset night",
        "日落之夜",
        [
            "日落",
            "日出",
            "黄昏",
            "夜晚",
            "午夜",
            "正午",
            "子夜",
            "夜幕降临",
            "黎明",
            "破晓"
        ]
    ],
    "苍桐": [
        "苍桐",
        "Cangtong",
        "苍通",
        []
    ],
    "重叠": [
        "重叠",
        "Overlap",
        "重叠",
        [
            "重叠",
            "重合",
            "交叠",
            "分隔",
            "相异",
            "交叉",
            "对应",
            "交错",
            "隔开",
            "分开"
        ]
    ],
    "千重": [
        "千重",
        "Thousands of pounds",
        "成千上万英镑",
        [
            "成千上万",
            "数以千计",
            "数以万计",
            "数以百计",
            "成百上千",
            "上百",
            "据称",
            "为数众多",
            "有数",
            "在在"
        ]
    ],
    "丹蛇": [
        "丹蛇",
        "Dan snake",
        "丹蛇",
        []
    ],
    "汉武封": [
        "汉武封",
        "Hanwu seal",
        "汉武印章",
        [
            "汉武",
            "印章",
            "图章",
            "印玺",
            "印鉴",
            "钱币",
            "印文",
            "刻字",
            "史载",
            "名片",
            "装饰品",
            "原件",
            "武成",
            "汉兴",
            "千秋",
            "实是",
            "自是",
            "记事",
            "时称",
            "实为"
        ]
    ],
    "出岫间": [
        "出岫间",
        "In the exit room",
        "在出口处",
        [
            "出口处",
            "入口",
            "正下方",
            "一侧",
            "东南侧",
            "西南侧",
            "西北侧",
            "交接处",
            "两处",
            "</s>"
        ]
    ],
    "罩": [
        "罩",
        "Cover",
        "涉及",
        [
            "涉及",
            "牵涉到",
            "牵涉",
            "关的",
            "相关",
            "无关",
            "包括",
            "关乎",
            "限于",
            "就其"
        ]
    ],
    "山峰": [
        "山峰",
        "mountain peak",
        "山峰",
        [
            "山峰",
            "山脉",
            "峰",
            "山岭",
            "主峰",
            "最高峰",
            "峰顶",
            "最高点",
            "山系",
            "的山"
        ]
    ],
    "伴雨生": [
        "伴雨生",
        "Accompanying rain",
        "伴随雨",
        [
            "伴随",
            "雨",
            "雾",
            "风雨",
            "雪",
            "寒",
            "枯",
            "夜",
            "预示",
            "飘",
            "月光",
            "雨天",
            "牵动",
            "随之而来",
            "特别是在",
            "相关联",
            "显现出",
            "有如",
            "值得注意",
            "在在"
        ]
    ],
    "仁杰顾": [
        "仁杰顾",
        "Renjiegu",
        "人结骨",
        []
    ],
    "朝飞": [
        "朝飞",
        "Fly toward",
        "飞向",
        [
            "飞",
            "飞来",
            "空",
            "飞去",
            "扑",
            "挥",
            "飞龙",
            "飘",
            "大鹏",
            "苍鹰"
        ]
    ],
    "巫峡": [
        "巫峡",
        "Wu Gorge",
        "巫峡",
        []
    ],
    "从龙起": [
        "从龙起",
        "From the dragon",
        "来自龙",
        [
            "龙",
            "龙的",
            "龙科",
            "翼龙",
            "龙是",
            "龙是种",
            "龙有",
            "龙及",
            "蜥脚类",
            "禽"
        ]
    ],
    "背将": [
        "背将",
        "Back will",
        "遗嘱",
        [
            "遗嘱",
            "遗愿",
            "遗言",
            "临终前",
            "遗书",
            "遗孀",
            "信函",
            "临终",
            "生前",
            "份文件"
        ]
    ],
    "穿白练": [
        "穿白练",
        "Dress in white",
        "穿白色衣服",
        [
            "穿",
            "白色",
            "衣服",
            "黄色",
            "红色",
            "黑色",
            "粉红色",
            "紫色",
            "穿着",
            "鞋子",
            "蓝色",
            "穿著",
            "衣物",
            "深蓝色",
            "暗红色",
            "金色",
            "身穿",
            "脱下",
            "身着",
            "大衣",
            "外套",
            "脱掉",
            "穿戴",
            "裤子",
            "鞋",
            "衣裳",
            "外衣",
            "上衣"
        ]
    ],
    "凝重": [
        "凝重",
        "imposing",
        "壮观的",
        [
            "壮观",
            "壮丽",
            "雄伟",
            "宏伟",
            "引人注目",
            "壮阔",
            "高耸",
            "奇观",
            "炫目",
            "绚丽"
        ]
    ],
    "风难": [
        "风难",
        "The wind is hard",
        "风很大",
        [
            "风",
            "很大",
            "相当大",
            "极大",
            "不大",
            "不小",
            "非常大",
            "较大",
            "太大",
            "更大",
            "很小",
            "风吹",
            "西风",
            "吹拂",
            "吹",
            "北风",
            "大风",
            "暴风",
            "雨",
            "和风"
        ]
    ],
    "扫": [
        "扫",
        "Sweep",
        "全胜",
        [
            "全胜",
            "不败",
            "胜",
            "季军",
            "获胜",
            "小胜",
            "殿军",
            "完胜",
            "首战",
            "获得胜利"
        ]
    ],
    "成诗处": [
        "成诗处",
        "Poetry office",
        "诗歌办公室",
        [
            "诗歌",
            "办公室",
            "抒情诗",
            "诗作",
            "文学作品",
            "散文",
            "文学",
            "诗篇",
            "的办公室",
            "诗词",
            "诗",
            "会议室",
            "短诗",
            "会议厅",
            "政府部门",
            "秘书处",
            "办公处",
            "档案室",
            "顶楼",
            "政府机关"
        ]
    ],
    "白衣": [
        "白衣",
        "White",
        "白色",
        [
            "白色",
            "黄色",
            "红色",
            "黑色",
            "粉红色",
            "紫色",
            "蓝色",
            "深蓝色",
            "暗红色",
            "金色"
        ]
    ],
    "触石来": [
        "触石来",
        "Touch the stone",
        "摸石头",
        [
            "摸",
            "石头",
            "石块",
            "木头",
            "一块",
            "泥土",
            "砖头",
            "石板",
            "巨石",
            "沙子",
            "石子",
            "碰",
            "甩",
            "掐",
            "屁股",
            "擦",
            "弄",
            "放",
            "好似",
            "来时"
        ]
    ],
    "拔地": [
        "拔地",
        "Pull out the land",
        "拔出土地",
        [
            "拔出",
            "土地",
            "农地",
            "耕地",
            "田地",
            "拿起",
            "用地",
            "田产",
            "国有土地",
            "荒地",
            "农田",
            "斧头",
            "匕首",
            "取下",
            "刺伤",
            "所有权",
            "抓住",
            "拔起",
            "拾起",
            "捉住"
        ]
    ],
    "忽": [
        "忽",
        "suddenly",
        "突然地",
        [
            "突然",
            "忽然",
            "突然间",
            "马上",
            "快要",
            "顿时",
            "正要",
            "没多久",
            "立刻",
            "接二连三"
        ]
    ],
    "空作": [
        "空作",
        "Empty work",
        "空工作",
        [
            "空",
            "工作",
            "管理工作",
            "岗位",
            "机",
            "实习",
            "兼职",
            "飞",
            "临时工",
            "指导",
            "文书工作",
            "社会活动",
            "浮",
            "指导工作",
            "影",
            "自在",
            "飞龙",
            "自造",
            "自力",
            "</s>"
        ]
    ],
    "轩举": [
        "轩举",
        "Hin ju",
        "欣居",
        []
    ],
    "青螺": [
        "青螺",
        "Green snail",
        "绿蜗牛",
        [
            "绿",
            "蜗牛",
            "蓝",
            "绿色",
            "蛞蝓",
            "软体动物",
            "蜗",
            "红",
            "黄绿",
            "海胆",
            "紫",
            "紫色",
            "双色",
            "浅蓝",
            "文蛤",
            "橙",
            "多毛",
            "鲎",
            "龙虾",
            "海螺"
        ]
    ],
    "堆轻": [
        "堆轻",
        "Heap light",
        "堆光",
        []
    ],
    "阳台": [
        "阳台",
        "Balcony",
        "阳台",
        [
            "阳台",
            "露台",
            "屋顶",
            "窗户",
            "回廊",
            "门厅",
            "中庭",
            "楼顶",
            "窗台",
            "楼上"
        ]
    ],
    "入梦": [
        "入梦",
        "Enter Dream",
        "进入梦想",
        [
            "进入",
            "梦想",
            "愿望",
            "心愿",
            "转入",
            "离开",
            "憧憬",
            "幸福",
            "快乐",
            "人生",
            "立志",
            "渴望",
            "踏入",
            "属于自己",
            "转到",
            "转回",
            "重回",
            "进到",
            "转至",
            "带入"
        ]
    ],
    "云峰": [
        "云峰",
        "Cloud peak",
        "云峰",
        [
            "云峰",
            "象山",
            "秀峰",
            "云龙",
            "蓬莱",
            "延寿",
            "罗浮",
            "普照寺",
            "Pardosa",
            "</s>"
        ]
    ],
    "插汉": [
        "插汉",
        "Insert Han",
        "插入汉",
        [
            "插入",
            "汉",
            "放入",
            "插进",
            "弹出",
            "秦",
            "断开",
            "接在",
            "抽出",
            "填充",
            "嵌入",
            "填入",
            "唐",
            "齐",
            "岱",
            "秦人",
            "兴",
            "当是",
            "和文",
            "先为"
        ]
    ],
    "叠嶂": [
        "叠嶂",
        "peaks rising one higher than another",
        "山峰一个比一个高",
        [
            "山峰",
            "高",
            "低",
            "较高",
            "山脉",
            "峰",
            "较低",
            "山岭",
            "主峰",
            "极高",
            "很高",
            "更高",
            "最高峰",
            "极低",
            "峰顶",
            "最高点",
            "很低",
            "山系",
            "颇高",
            "的山"
        ]
    ],
    "似屏": [
        "似屏",
        "Screen - like",
        "屏幕状",
        [
            "屏幕",
            "状",
            "圆锥形",
            "萤幕",
            "螺旋状",
            "显示屏",
            "画面",
            "鼠标",
            "突起",
            "柱状",
            "锥形",
            "锥状",
            "萤幕上",
            "摄像头",
            "触摸屏",
            "椭圆形",
            "图标",
            "管状",
            "大屏幕",
            "形如"
        ]
    ],
    "峭拔": [
        "峭拔",
        "vigorous",
        "有力的",
        [
            "有力",
            "强而有力",
            "强力",
            "说服力",
            "坚实",
            "无疑",
            "高明",
            "充份",
            "轻而易举",
            "令人吃惊"
        ]
    ],
    "突兀": [
        "突兀",
        "sudden",
        "突然的",
        [
            "突然",
            "忽然",
            "突然间",
            "马上",
            "快要",
            "顿时",
            "正要",
            "没多久",
            "立刻",
            "接二连三"
        ]
    ],
    "排空": [
        "排空",
        "Emptying",
        "排空",
        []
    ],
    "重岩": [
        "重岩",
        "Heavy rock",
        "重岩石",
        [
            "重",
            "岩石",
            "石灰岩",
            "岩层",
            "岩壁",
            "沉积岩",
            "碎屑",
            "卵石",
            "基岩",
            "砂砾",
            "表层",
            "轻",
            "较重",
            "重为",
            "直",
            "为重",
            "再加",
            "正",
            "助于",
            "</s>"
        ]
    ],
    "题诗": [
        "题诗",
        "Topic poem",
        "主题诗",
        [
            "主题",
            "诗",
            "诗作",
            "诗句",
            "诗文",
            "作诗",
            "诗集",
            "诗词",
            "诗歌",
            "赋",
            "吟咏",
            "题材",
            "主旨",
            "主轴",
            "趣味",
            "基调",
            "意象",
            "意念",
            "隐喻",
            "表现形式"
        ]
    ],
    "如画": [
        "如画",
        "Like a picture",
        "像一幅画",
        [
            "画",
            "所画",
            "描画",
            "画作",
            "图画",
            "肖像画",
            "素描",
            "画像",
            "手绘",
            "速写"
        ]
    ],
    "巍峨": [
        "巍峨",
        "lofty",
        "傲慢的",
        [
            "傲慢",
            "刻薄",
            "狂妄",
            "懦弱",
            "高傲",
            "冷酷",
            "自负",
            "蔑视",
            "固执",
            "鄙视"
        ]
    ],
    "崔嵬": [
        "崔嵬",
        "high",
        "高的",
        [
            "高",
            "低",
            "较高",
            "较低",
            "极高",
            "很高",
            "更高",
            "极低",
            "很低",
            "颇高"
        ]
    ],
    "突起": [
        "突起",
        "prominence",
        "突出",
        [
            "突出",
            "引人注目",
            "醒目",
            "显眼",
            "明显",
            "出彩",
            "厚实",
            "引人注意",
            "凸显",
            "值得注意"
        ]
    ],
    "岩势": [
        "岩势",
        "Rock potential",
        "岩石电位",
        [
            "岩石",
            "电位",
            "石灰岩",
            "电压",
            "岩层",
            "电流",
            "岩壁",
            "沉积岩",
            "碎屑",
            "阻抗",
            "电势",
            "卵石",
            "基岩",
            "砂砾",
            "电平",
            "表层",
            "阈值",
            "电极",
            "梯度",
            "电化学"
        ]
    ],
    "耸拔": [
        "耸拔",
        "Shrug",
        "耸肩",
        []
    ],
    "倚汉": [
        "倚汉",
        "Yihan",
        "韩毅",
        []
    ],
    "封洞": [
        "封洞",
        "Sealing hole",
        "密封孔",
        [
            "密封",
            "孔",
            "容器",
            "密闭",
            "加压",
            "贮存",
            "装入",
            "中空",
            "小孔",
            "物料",
            "填充",
            "盖子",
            "圆孔",
            "上端",
            "开口",
            "下端",
            "盖",
            "接合处",
            "穿孔"
        ]
    ],
    "卑衡": [
        "卑衡",
        "British scale",
        "英国秤",
        [
            "英国",
            "秤",
            "美国",
            "法国",
            "爱尔兰",
            "荷兰",
            "苏格兰",
            "加拿大",
            "英国政府",
            "大英帝国",
            "称量",
            "英美",
            "量度",
            "大件",
            "箸",
            "称重",
            "开大",
            "需用",
            "只用",
            "天和"
        ]
    ],
    "岳": [
        "岳",
        "Yue",
        "曰",
        [
            "曰",
            "谓",
            "谓之",
            "岂",
            "言",
            "名曰",
            "闻",
            "尝",
            "辄",
            "瞻"
        ]
    ],
    "天外": [
        "天外",
        "Outer space",
        "外层空间",
        [
            "外层空间",
            "外太空",
            "航天器",
            "太空",
            "宇宙空间",
            "人造卫星",
            "海洋法",
            "电磁辐射",
            "宇宙飞船",
            "北极星"
        ]
    ],
    "无际": [
        "无际",
        "boundless",
        "无限的",
        []
    ],
    "崔巍": [
        "崔巍",
        "Wei Cui",
        "魏翠",
        []
    ],
    "状": [
        "状",
        "state",
        "状态",
        [
            "状态",
            "稳定状态",
            "平衡状态",
            "状况",
            "静止状态",
            "情况下",
            "正常",
            "完全",
            "精神状态",
            "长时间"
        ]
    ],
    "成峰": [
        "成峰",
        "Peak formation",
        "峰值形成",
        [
            "峰值",
            "形成",
            "构成",
            "成形",
            "呈现出",
            "转变成",
            "产生",
            "演化成",
            "振幅",
            "最大值",
            "过渡到",
            "成型",
            "逐步形成",
            "平均值",
            "每秒钟",
            "千分之",
            "瞬时",
            "略低于",
            "相对于",
            "<tr>"
        ]
    ],
    "形": [
        "形",
        "Shape",
        "形状",
        [
            "形状",
            "外形",
            "圆形",
            "轮廓",
            "外观",
            "大小",
            "形似",
            "圆锥形",
            "菱形",
            "椭圆形"
        ]
    ],
    "嵯峨": [
        "嵯峨",
        "cragginess",
        "嵯峨",
        [
            "嵯峨",
            "宇治",
            "小松",
            "鸟羽",
            "大津",
            "玉川",
            "村上",
            "白河",
            "前川",
            "大原"
        ]
    ],
    "铺天": [
        "铺天",
        "Spread the sky",
        "铺开天空",
        [
            "天空",
            "夜空",
            "星空",
            "月亮",
            "地平线",
            "星辰",
            "黑夜",
            "星星",
            "闪耀",
            "流星"
        ]
    ],
    "环峰": [
        "环峰",
        "Ring peak",
        "环形峰",
        [
            "环形",
            "峰",
            "山峰",
            "岭",
            "山岭",
            "环型",
            "崖",
            "穹丘",
            "岩",
            "山麓",
            "马蹄形",
            "峰顶",
            "环状",
            "圆形",
            "西坡",
            "环路",
            "外侧",
            "外壁",
            "外环",
            "长条形"
        ]
    ],
    "万仞": [
        "万仞",
        "Wan Ren",
        "万仞",
        []
    ],
    "压": [
        "压",
        "Pressure",
        "压",
        [
            "压",
            "力",
            "灌入",
            "受压",
            "气",
            "灌注",
            "压到",
            "轧",
            "滚",
            "拉出"
        ]
    ],
    "岱宗": [
        "岱宗",
        "Daizong",
        "代宗",
        [
            "代宗",
            "宪宗",
            "宣宗",
            "明宗",
            "太宗",
            "仁宗",
            "武宗",
            "德宗",
            "神宗",
            "文宗"
        ]
    ],
    "列日": [
        "列日",
        "Liege",
        "列日",
        [
            "列日",
            "斯特拉斯堡",
            "亚琛",
            "安特卫普",
            "梅赫伦",
            "布雷达",
            "根特",
            "波尔多",
            "马斯特里赫特",
            "布鲁日"
        ]
    ],
    "叠": [
        "叠",
        "repeat",
        "重复",
        [
            "重复",
            "反复",
            "段落",
            "减法",
            "每一次",
            "移位",
            "单调",
            "多次重复",
            "重复使用",
            "以此类推"
        ]
    ],
    "几重": [
        "几重",
        "How heavy",
        "多重",
        []
    ],
    "岳岱形": [
        "岳岱形",
        "Yuedai shape",
        "戴月形状",
        [
            "戴",
            "月",
            "形状",
            "外形",
            "月底",
            "同年",
            "月初",
            "同月",
            "圆形",
            "年初",
            "轮廓",
            "外观",
            "年底",
            "大小",
            "戴着",
            "形似",
            "圆锥形",
            "翌年",
            "戴著",
            "年末",
            "菱形",
            "椭圆形",
            "月末",
            "穿",
            "配戴",
            "佩带",
            "脱下",
            "帽子",
            "穿戴",
            "头上"
        ]
    ],
    "移太华": [
        "移太华",
        "Move to Taihua",
        "搬到太华",
        [
            "搬",
            "搬到",
            "搬回",
            "搬去",
            "搬进",
            "搬离",
            "搬入",
            "搬出",
            "搬家",
            "搬来"
        ]
    ],
    "千岩秀": [
        "千岩秀",
        "Qianyan show",
        "颜倩秀",
        []
    ],
    "如危": [
        "如危",
        "In case of danger",
        "在危险的情况下",
        [
            "危险",
            "情况下",
            "只能",
            "情况",
            "危险性",
            "情形",
            "生命危险",
            "致命",
            "脆弱",
            "可怕",
            "完全",
            "意味着",
            "前提",
            "小心",
            "意味著",
            "才会",
            "凶险",
            "但会",
            "有可能",
            "险恶"
        ]
    ],
    "浮岚滴": [
        "浮岚滴",
        "Floating haze drops",
        "漂浮雾滴",
        [
            "漂浮",
            "飘浮",
            "悬浮",
            "水面",
            "海中",
            "浮",
            "飞溅",
            "浮起",
            "倾倒",
            "有如"
        ]
    ],
    "楚岫": [
        "楚岫",
        "Chu Xiu",
        "楚秀",
        []
    ]
}