{
    "董仙林": [
        "董仙林",
        "Dong Xianlin",
        "董贤林",
        []
    ],
    "光武": [
        "光武",
        "Guangwu",
        "光武",
        [
            "光武",
            "文治",
            "新朝",
            "汉光武帝",
            "嘉平",
            "永平",
            "大治",
            "明德",
            "永光",
            "天和"
        ]
    ],
    "陵旁": [
        "陵旁",
        "Lingbian",
        "灵变",
        []
    ],
    "揉汁": [
        "揉汁",
        "Rubbing juice",
        "搓汁",
        [
            "搓",
            "汁",
            "调味",
            "糖浆",
            "酱汁",
            "醋",
            "杏仁",
            "蜂蜜",
            "牛奶",
            "奶油",
            "煮成",
            "滚",
            "剪刀",
            "刨",
            "拧",
            "箍",
            "绞",
            "摊",
            "捻",
            "垫"
        ]
    ],
    "能尝": [
        "能尝",
        "Can taste",
        "可以品尝",
        [
            "品尝",
            "享用",
            "吃到",
            "吃完",
            "佳肴",
            "点心",
            "好吃",
            "爱吃",
            "饮茶",
            "新鲜"
        ]
    ],
    "且斗": [
        "且斗",
        "And bucket",
        "水桶",
        [
            "水桶",
            "盘子",
            "一桶",
            "蜡烛",
            "泥浆",
            "开水",
            "水槽",
            "浴缸",
            "的水",
            "火炉"
        ]
    ],
    "梅瘦": [
        "梅瘦",
        "Plum thin",
        "李子薄",
        [
            "李子",
            "薄",
            "厚",
            "较厚",
            "粗糙",
            "粗",
            "细",
            "微",
            "质",
            "裹",
            "稀",
            "红薯",
            "柿子",
            "绿豆",
            "菠萝",
            "梨",
            "茸",
            "芒果",
            "红豆",
            "</s>"
        ]
    ],
    "共传": [
        "共传",
        "Co - transmission",
        "共同传输",
        [
            "共同",
            "传输",
            "数据传输",
            "传送",
            "传输数据",
            "链路",
            "存储",
            "以太网",
            "光纤",
            "通信",
            "终端",
            "联合",
            "合作",
            "协力",
            "协同",
            "携手",
            "共同完成",
            "主导",
            "一同",
            "都由"
        ]
    ],
    "丹脸": [
        "丹脸",
        "Dan's face",
        "丹的脸",
        [
            "脸",
            "书上",
            "脸上",
            "脸颊",
            "微笑",
            "贴",
            "脸部",
            "脸孔",
            "暗讽",
            "撕"
        ]
    ],
    "傅": [
        "傅",
        "apply",
        "应用",
        [
            "应用",
            "应用于",
            "应用领域",
            "广泛应用",
            "领域",
            "运用于",
            "运用",
            "分析方法",
            "系统设计",
            "技术的发展"
        ]
    ],
    "旧风存": [
        "旧风存",
        "Old wind",
        "旧风",
        []
    ],
    "果": [
        "果",
        "Fruit",
        "水果",
        [
            "水果",
            "蔬菜",
            "玉米",
            "蔬果",
            "可食用",
            "豆类",
            "蜂蜜",
            "果树",
            "马铃薯",
            "花生"
        ]
    ],
    "干为": [
        "干为",
        "Do as follows",
        "请执行以下操作",
        [
            "请",
            "执行",
            "以下",
            "操作",
            "操作者",
            "请求",
            "劝",
            "问",
            "恳请",
            "下述",
            "不限",
            "加载",
            "表列出",
            "操控",
            "商量",
            "所列",
            "配置",
            "叮嘱",
            "操纵",
            "转换",
            "代为",
            "再三",
            "表列",
            "特地",
            "继续执行",
            "督导",
            "系统设计",
            "指派",
            "可执行",
            "此表",
            "可用",
            "执行者",
            "监督",
            "操作方法",
            "请注意",
            "制订",
            "一般而言",
            "分派",
            "拒绝执行",
            "都有"
        ]
    ],
    "盘荐": [
        "盘荐",
        "Offer recommendation",
        "提供建议",
        [
            "提供",
            "建议",
            "提议",
            "获取",
            "同意",
            "要求",
            "决定",
            "给予",
            "发放",
            "敦促",
            "劝告",
            "共享",
            "建言",
            "促请",
            "提供者",
            "备有",
            "表示同意",
            "透过",
            "包括",
            "缺少"
        ]
    ],
    "秋庭": [
        "秋庭",
        "Autumn court",
        "秋季法庭",
        [
            "秋季",
            "法庭",
            "春季",
            "法院",
            "法官",
            "秋天",
            "陪审团",
            "裁决",
            "法庭上",
            "最高法院",
            "联邦法院",
            "被告",
            "春天",
            "夏天",
            "高等法院",
            "月份",
            "秋冬季",
            "中旬",
            "初夏",
            "一月"
        ]
    ],
    "紫房": [
        "紫房",
        "Purple room",
        "紫色房间",
        [
            "紫色",
            "房间",
            "黄色",
            "粉红色",
            "白色",
            "红色",
            "黄绿色",
            "蓝色",
            "房间内",
            "卧室",
            "紫红色",
            "深红色",
            "屋子",
            "深蓝色",
            "浴室",
            "客厅",
            "小房间",
            "地下室",
            "窗户",
            "房内"
        ]
    ],
    "濡": [
        "濡",
        "Moist",
        "潮湿的",
        [
            "潮湿",
            "干燥",
            "湿润",
            "寒冷",
            "炎热",
            "干旱",
            "凉爽",
            "落叶",
            "茂密",
            "湿"
        ]
    ],
    "祝君": [
        "祝君",
        "Wish you",
        "祝你",
        [
            "祝",
            "千秋",
            "寿",
            "佑",
            "尊师",
            "敬",
            "荣",
            "惠",
            "天和",
            "</s>"
        ]
    ],
    "齐结": [
        "齐结",
        "Homogeneous knot",
        "同质结",
        [
            "同质",
            "结",
            "拢",
            "合",
            "缘",
            "共存",
            "珠",
            "娆",
            "举例来说",
            "理论上",
            "交",
            "纯",
            "表征",
            "其本质",
            "所谓",
            "就其",
            "在手",
            "常为",
            "都是",
            "</s>"
        ]
    ],
    "擘来": [
        "擘来",
        "Break it",
        "打破它",
        [
            "打破",
            "超越",
            "刷新",
            "创下",
            "缔造",
            "突破",
            "冲破",
            "创出",
            "跳出",
            "即使如此"
        ]
    ],
    "盈枝": [
        "盈枝",
        "Surplus branch",
        "剩余分支",
        [
            "剩余",
            "分支",
            "剩下",
            "余下",
            "全数",
            "一小",
            "支系",
            "多余",
            "只剩",
            "剩",
            "悉数",
            "谱系",
            "这样一来",
            "主干",
            "是从",
            "共同点",
            "现今",
            "自成",
            "不相关的",
            "见下文"
        ]
    ],
    "解折": [
        "解折",
        "Unfolding",
        "演变",
        [
            "演变",
            "演进",
            "演变成",
            "转变",
            "演化成",
            "变迁",
            "社会的发展",
            "雏形",
            "过渡到",
            "发端"
        ]
    ],
    "烂枝": [
        "烂枝",
        "Rotten branches",
        "腐烂的树枝",
        [
            "腐烂",
            "树枝",
            "树上",
            "树叶",
            "树干",
            "枝条",
            "木头",
            "枯萎",
            "树皮",
            "藤蔓",
            "发霉",
            "腐坏",
            "树根",
            "掩埋",
            "树桩",
            "泥土",
            "烧焦",
            "排泄物",
            "变黑",
            "倾倒"
        ]
    ],
    "粮充": [
        "粮充",
        "Grain filling",
        "谷物填充",
        [
            "谷物",
            "填充",
            "小麦",
            "填满",
            "肉类",
            "棉花",
            "填入",
            "玉米",
            "大米",
            "谷类",
            "装入",
            "马铃薯",
            "缓冲",
            "蔬果",
            "嵌入",
            "大麦",
            "去除",
            "混和",
            "复合",
            "可用"
        ]
    ],
    "夏圃": [
        "夏圃",
        "Summer nursery",
        "夏季托儿所",
        [
            "夏季",
            "托儿所",
            "冬季",
            "春季",
            "孤儿院",
            "诊所",
            "幼稚园",
            "秋季",
            "幼儿园",
            "奥林匹克运动会中国代表团",
            "养老院",
            "夏天",
            "排球比赛",
            "索契",
            "篮球比赛",
            "游乐场",
            "冬奥",
            "隔壁",
            "间学校",
            "托儿"
        ]
    ],
    "风落": [
        "风落",
        "Wind fall",
        "风力下降",
        [
            "风力",
            "下降",
            "上升",
            "风速",
            "升高",
            "下滑",
            "增高",
            "回升",
            "减少",
            "降低",
            "阵风",
            "强风",
            "急剧下降",
            "攀升",
            "风势",
            "强度",
            "烈风",
            "气压",
            "雨势",
            "狂风"
        ]
    ],
    "奉客": [
        "奉客",
        "Guest service",
        "客人服务",
        [
            "客人",
            "服务",
            "顾客",
            "食客",
            "宾客",
            "用餐",
            "吃饭",
            "招呼",
            "服务生",
            "公共服务",
            "侍应",
            "免费",
            "喝茶",
            "咨询服务",
            "一站式",
            "服务项目",
            "客户服务",
            "维修服务",
            "增值",
            "服务于"
        ]
    ],
    "同荣": [
        "同荣",
        "Same glory",
        "同样的荣耀",
        [
            "同样",
            "荣耀",
            "光荣",
            "某种程度",
            "尊荣",
            "救主",
            "骄傲",
            "举例来说",
            "或多或少",
            "荣光",
            "光辉",
            "眷顾",
            "比如说",
            "光环",
            "值得注意",
            "盼望",
            "比方说",
            "都只",
            "正因如此",
            "除此以外"
        ]
    ],
    "亚叶": [
        "亚叶",
        "Subleaf",
        "转租",
        []
    ],
    "绀玉香": [
        "绀玉香",
        "Yu Xiang",
        "宇翔",
        []
    ],
    "尝": [
        "尝",
        "Taste",
        "尝",
        [
            "尝",
            "辄",
            "闻",
            "未尝",
            "言",
            "犹有",
            "谓",
            "忘",
            "叹",
            "惜"
        ]
    ],
    "李沉": [
        "李沉",
        "Li Shen",
        "李申",
        []
    ],
    "篚实": [
        "篚实",
        "It's real",
        "这是真的",
        [
            "真的",
            "知道",
            "是不是",
            "到底",
            "真是",
            "一定会",
            "实在",
            "或许",
            "确实",
            "就让"
        ]
    ],
    "韩公": [
        "韩公",
        "Han Gong",
        "韩红",
        [
            "韩红",
            "张靓颖",
            "刘欢",
            "庾澄庆",
            "汪峰",
            "孙楠",
            "杨宗纬",
            "赵薇",
            "陶晶莹",
            "齐秦"
        ]
    ],
    "烘晴昼": [
        "烘晴昼",
        "Sunny day",
        "晴天",
        [
            "晴天",
            "雨天",
            "阴天",
            "下雨",
            "天晴",
            "夜晚",
            "盛夏",
            "白雪",
            "常在",
            "天一"
        ]
    ],
    "剥烂": [
        "剥烂",
        "Peel and rot",
        "果皮和腐烂",
        [
            "果皮",
            "腐烂",
            "果肉",
            "种皮",
            "枯萎",
            "发霉",
            "腐坏",
            "果实",
            "粒状",
            "掩埋",
            "外皮",
            "表皮",
            "光滑",
            "泥土",
            "烧焦",
            "排泄物",
            "变黑",
            "茎叶",
            "倾倒",
            "小叶"
        ]
    ],
    "文将": [
        "文将",
        "Wen will",
        "温威尔",
        [
            "温",
            "威尔",
            "比尔",
            "格林",
            "史密斯",
            "莱斯",
            "罗伊",
            "威尔森",
            "尼尔",
            "贝克",
            "里德",
            "甘",
            "辛",
            "嫩",
            "容",
            "特为",
            "先为",
            "都于",
            "</s>",
            "Pardosa"
        ]
    ],
    "枝缀": [
        "枝缀",
        "Branches",
        "分支",
        [
            "分支",
            "支系",
            "谱系",
            "主干",
            "是从",
            "共同点",
            "现今",
            "自成",
            "不相关的",
            "见下文"
        ]
    ],
    "蜡": [
        "蜡",
        "Wax",
        "蜡",
        [
            "蜡",
            "制成",
            "伞",
            "树脂",
            "蜂蜡",
            "滴",
            "胭脂",
            "垫",
            "纸制",
            "皂"
        ]
    ],
    "簇珍实": [
        "簇珍实",
        "The cluster is real",
        "集群是真实的",
        [
            "集群",
            "真实",
            "现实",
            "主观",
            "真实世界",
            "真正",
            "普通人",
            "想像",
            "相符",
            "单纯",
            "战斗群",
            "坦克部队",
            "确实",
            "战略性",
            "炮兵部队",
            "空降兵",
            "协同",
            "群集",
            "一个大",
            "</s>"
        ]
    ],
    "绿香": [
        "绿香",
        "Green incense",
        "绿香",
        []
    ],
    "瓜订": [
        "瓜订",
        "Melon order",
        "甜瓜订单",
        [
            "甜瓜",
            "订单",
            "订购",
            "交货",
            "采购",
            "供货",
            "交付",
            "订货",
            "下单",
            "试产",
            "批次",
            "籽",
            "西瓜",
            "菱角",
            "黄瓜",
            "大蒜",
            "的有",
            "Pardosa",
            "<tr>",
            "</s>"
        ]
    ],
    "市盈": [
        "市盈",
        "Market surplus",
        "市场盈余",
        [
            "市场",
            "盈余",
            "消费市场",
            "赤字",
            "收益",
            "美国市场",
            "盈利",
            "商品",
            "支出",
            "市场需求",
            "零售商",
            "结余",
            "产品",
            "市场竞争",
            "纯利",
            "营收",
            "的产品",
            "低价",
            "利息",
            "额度"
        ]
    ],
    "香苞": [
        "香苞",
        "Fragrant bud",
        "芳香花蕾",
        [
            "芳香",
            "花蕾",
            "花朵",
            "香气",
            "醇",
            "衍生物",
            "精油",
            "叶子",
            "类物质",
            "酚",
            "醇类",
            "重氮",
            "大蒜",
            "小花",
            "三叶",
            "淡紫色",
            "初夏",
            "新叶",
            "小叶",
            "而会"
        ]
    ],
    "傲晚": [
        "傲晚",
        "Aoyan",
        "澳洋",
        []
    ],
    "冬": [
        "冬",
        "Winter",
        "冬天的",
        [
            "冬天",
            "夏天",
            "冬季",
            "秋天",
            "寒冬",
            "春天",
            "夏末",
            "春季",
            "初冬",
            "初夏"
        ]
    ],
    "干冬": [
        "干冬",
        "Dry winter",
        "干燥的冬天",
        [
            "干燥",
            "冬天",
            "夏天",
            "潮湿",
            "湿润",
            "冬季",
            "秋天",
            "干旱",
            "寒冷",
            "寒冬",
            "春天",
            "低温",
            "高温",
            "湿气",
            "湿",
            "炎热",
            "夏末",
            "春季",
            "初冬",
            "初夏"
        ]
    ],
    "物自荣": [
        "物自荣",
        "Self - esteem",
        "自尊",
        [
            "自尊",
            "自尊心",
            "自觉",
            "责任感",
            "自信",
            "精神状态",
            "人际关系",
            "成见",
            "理智",
            "精神上"
        ]
    ],
    "手拈珠": [
        "手拈珠",
        "Hand - picked beads",
        "手工挑选的珠子",
        [
            "手工",
            "挑选",
            "珠子",
            "挑选出",
            "工艺",
            "加工",
            "工艺品",
            "选取",
            "手艺",
            "制品",
            "织布",
            "手工艺",
            "布料",
            "木工",
            "拣选",
            "筛选",
            "物色",
            "中选",
            "项链",
            "选定",
            "分派",
            "贝壳",
            "所选",
            "竹节",
            "枕头",
            "串珠",
            "波纹",
            "彩花",
            "大块",
            "</s>"
        ]
    ],
    "荐霞": [
        "荐霞",
        "Jian Xia",
        "建霞",
        []
    ],
    "红绽": [
        "红绽",
        "Red bursts",
        "红色爆发",
        [
            "红色",
            "爆发",
            "黄色",
            "白色",
            "蓝色",
            "橙色",
            "紫色",
            "黑色",
            "粉红色",
            "金色",
            "深蓝色",
            "愈演愈烈",
            "暴发",
            "发生",
            "发动",
            "结束",
            "激化",
            "时值",
            "挑起",
            "一触即发"
        ]
    ],
    "梅初": [
        "梅初",
        "Mei Chu",
        "梅楚",
        []
    ],
    "昔作": [
        "昔作",
        "Previous work",
        "以前的工作",
        [
            "以前",
            "工作",
            "现在",
            "之前",
            "在此之前",
            "管理工作",
            "过去",
            "基本上",
            "从前",
            "实际上",
            "那时候",
            "岗位",
            "实习",
            "兼职",
            "直到现在",
            "临时工",
            "指导",
            "文书工作",
            "社会活动",
            "指导工作"
        ]
    ],
    "经风落": [
        "经风落",
        "Through the wind",
        "透过风",
        [
            "透过",
            "风",
            "利用",
            "风吹",
            "借此",
            "西风",
            "吹拂",
            "吹",
            "北风",
            "分享",
            "大风",
            "暴风",
            "雨",
            "和风",
            "借以",
            "来进行",
            "可让",
            "借助",
            "更进一步",
            "为了让"
        ]
    ],
    "黄传": [
        "黄传",
        "Huang chuan",
        "黄川",
        []
    ],
    "杏半垂": [
        "杏半垂",
        "Apricot half hanging",
        "杏子半挂",
        [
            "杏子",
            "麻美",
            "悠",
            "杏",
            "下定决心",
            "岂料",
            "三人",
            "多多",
            "四人",
            "自已"
        ]
    ],
    "今为": [
        "今为",
        "Today is",
        "今天是",
        [
            "今天",
            "现在",
            "如今",
            "今日",
            "现今",
            "以前",
            "时至今日",
            "那时候",
            "从前",
            "直到现在"
        ]
    ],
    "青垂": [
        "青垂",
        "Green pendant",
        "绿色垂饰",
        [
            "绿色",
            "橙色",
            "黄色",
            "红色",
            "蓝色",
            "白色",
            "粉红色",
            "紫色",
            "浅绿色",
            "深蓝色"
        ]
    ],
    "枇杷": [
        "枇杷",
        "Loquat",
        "枇杷",
        [
            "枇杷",
            "柑",
            "龙眼",
            "冬瓜",
            "柿",
            "木瓜",
            "萝卜",
            "桂花",
            "核桃",
            "木棉"
        ]
    ],
    "金丸": [
        "金丸",
        "Golden pill",
        "金丸",
        []
    ],
    "叶大": [
        "叶大",
        "Leaf size",
        "叶大小",
        [
            "叶",
            "大小",
            "尺寸",
            "形状",
            "小叶",
            "体积",
            "较小",
            "萼",
            "苞",
            "枝",
            "梗",
            "果",
            "三叶",
            "叶为",
            "不等",
            "个数",
            "微小",
            "大小不一",
            "茸",
            "一般来说"
        ]
    ],
    "碧树": [
        "碧树",
        "Blue tree",
        "蓝树",
        []
    ],
    "味甘": [
        "味甘",
        "Taste sweet",
        "尝起来很甜",
        [
            "尝",
            "起来",
            "辄",
            "闻",
            "未尝",
            "言",
            "犹有",
            "谓",
            "忘",
            "叹",
            "惜",
            "一起",
            "紧紧",
            "出去",
            "痛快",
            "慢慢地",
            "上去",
            "好像",
            "大大的",
            "上来"
        ]
    ],
    "青香": [
        "青香",
        "Qing Xiang",
        "清香",
        [
            "清香",
            "香气",
            "花香",
            "桂花",
            "熏",
            "青草",
            "萝卜",
            "玫瑰花",
            "竹叶",
            "桔"
        ]
    ],
    "浅翠": [
        "浅翠",
        "Light green",
        "品绿",
        []
    ],
    "数枝": [
        "数枝",
        "Number of branches",
        "分支数量",
        [
            "分支",
            "数量",
            "数目",
            "总数",
            "比例",
            "需求量",
            "生产量",
            "存量",
            "量",
            "使用量",
            "为数",
            "支系",
            "谱系",
            "主干",
            "是从",
            "共同点",
            "现今",
            "自成",
            "不相关的",
            "见下文"
        ]
    ],
    "浑如": [
        "浑如",
        "Hunru",
        "浑如",
        []
    ],
    "风翻": [
        "风翻",
        "Wind tipping",
        "风倾翻",
        []
    ],
    "绛艳": [
        "绛艳",
        "Jiang Yan",
        "江妍",
        []
    ],
    "堪尝": [
        "堪尝",
        "Taste",
        "尝",
        [
            "尝",
            "辄",
            "闻",
            "未尝",
            "言",
            "犹有",
            "谓",
            "忘",
            "叹",
            "惜"
        ]
    ],
    "黄色": [
        "黄色",
        "Yellow",
        "黄色",
        [
            "黄色",
            "红色",
            "白色",
            "紫色",
            "粉红色",
            "橙色",
            "黄绿色",
            "蓝色",
            "橙黄色",
            "深蓝色"
        ]
    ],
    "深黄": [
        "深黄",
        "Dark yellow",
        "暗黄色",
        [
            "暗",
            "黄色",
            "红色",
            "白色",
            "紫色",
            "粉红色",
            "橙色",
            "黄绿色",
            "蓝色",
            "橙黄色",
            "深蓝色",
            "亮",
            "光",
            "瞳",
            "光亮",
            "黑",
            "见光",
            "虹",
            "天将",
            "在手"
        ]
    ],
    "一簇": [
        "一簇",
        "cluster",
        "串",
        []
    ],
    "数株": [
        "数株",
        "Several plants",
        "几种植物",
        [
            "植物",
            "真菌",
            "药用植物",
            "树种",
            "豆科植物",
            "动植物",
            "木本植物",
            "寄生植物",
            "植物学",
            "变种"
        ]
    ],
    "不待": [
        "不待",
        "Don't stay",
        "不要留下",
        [
            "不要",
            "留下",
            "不想",
            "不该",
            "留给",
            "不让",
            "不必",
            "绝不会",
            "绝不",
            "免得",
            "留下来",
            "切勿",
            "不用",
            "留有",
            "遗失",
            "遗留",
            "丢失",
            "遗留下来",
            "埋没",
            "遗留下"
        ]
    ],
    "日烂": [
        "日烂",
        "Day rot",
        "日腐病",
        []
    ],
    "红纱": [
        "红纱",
        "Red yarn",
        "红纱",
        []
    ],
    "色灿": [
        "色灿",
        "Color can",
        "彩色罐头",
        [
            "罐头",
            "面包",
            "糖果",
            "砂糖",
            "巧克力",
            "酱油",
            "罐装",
            "牛奶",
            "零食",
            "饼干"
        ]
    ],
    "似梅": [
        "似梅",
        "Like plum",
        "像李子",
        [
            "李子",
            "红薯",
            "柿子",
            "绿豆",
            "菠萝",
            "梨",
            "茸",
            "芒果",
            "红豆",
            "</s>"
        ]
    ],
    "嫌见": [
        "嫌见",
        "I don't think so",
        "我不这么认为",
        [
            "认为",
            "指出",
            "看来",
            "相信",
            "普遍认为",
            "并不认为",
            "视为",
            "忽视",
            "显然",
            "确信"
        ]
    ],
    "核": [
        "核",
        "Nuclear",
        "原子核的",
        [
            "原子核",
            "原子",
            "粒子",
            "中子",
            "质子",
            "氢原子",
            "光子",
            "自旋",
            "自由电子",
            "带电粒子"
        ]
    ],
    "雨压": [
        "雨压",
        "Rain pressure",
        "雨水压力",
        [
            "雨水",
            "压力",
            "河水",
            "水气",
            "的水",
            "地下水",
            "水分",
            "舆论压力",
            "阻力",
            "湿气",
            "泥土",
            "沙土",
            "水",
            "冲击",
            "负荷",
            "负面影响",
            "受压",
            "心理压力",
            "担忧",
            "阻碍"
        ]
    ],
    "低重": [
        "低重",
        "hypogravity",
        "低重",
        []
    ],
    "初迎": [
        "初迎",
        "Initial greeting",
        "初次问候",
        [
            "初次",
            "问候",
            "交谈",
            "首度",
            "祝贺",
            "打招呼",
            "祝福",
            "道别",
            "问好",
            "拥抱",
            "收信",
            "庆贺",
            "时以",
            "紧接著",
            "曾在",
            "的大",
            "刚开始",
            "时才",
            "起先",
            "在在"
        ]
    ],
    "老伴": [
        "老伴",
        "His wife",
        "他妻子",
        [
            "妻子",
            "丈夫",
            "女儿",
            "母亲",
            "儿子",
            "前妻",
            "夫妇",
            "侄女",
            "前夫",
            "妹妹"
        ]
    ],
    "绛唇": [
        "绛唇",
        "Crimson lips",
        "深红色的嘴唇",
        [
            "深红色",
            "嘴唇",
            "紫色",
            "黄色",
            "鼻子",
            "舌头",
            "白色",
            "暗红色",
            "金黄色",
            "红色",
            "喉咙",
            "脸颊",
            "粉红色",
            "耳朵",
            "紫红色",
            "嘴巴",
            "深蓝色",
            "下巴",
            "脸部",
            "指尖"
        ]
    ],
    "含处": [
        "含处",
        "Inclusions",
        "包含物",
        [
            "包含",
            "物",
            "包括",
            "涵盖",
            "还包括",
            "构成",
            "器物",
            "包涵",
            "相关联",
            "值得注意",
            "器皿",
            "都有",
            "举例来说",
            "功用",
            "质",
            "一物",
            "可作",
            "若无",
            "常为",
            "；也"
        ]
    ],
    "加酸": [
        "加酸",
        "Acid addition",
        "酸加成",
        [
            "酸",
            "加成",
            "碱",
            "加成反应",
            "醇",
            "胺",
            "酯",
            "烯醇",
            "质子化",
            "羰基",
            "环化",
            "硫",
            "盐酸",
            "乙酸",
            "醛",
            "顺式",
            "硫酸",
            "卤代烃",
            "烯丙基"
        ]
    ],
    "浆凝": [
        "浆凝",
        "Slurry coagulation",
        "浆液凝固",
        [
            "浆液",
            "凝固",
            "凝结",
            "熔化",
            "融化",
            "溶解",
            "蒸发",
            "硬化",
            "溶化",
            "变质",
            "沸腾",
            "溃疡",
            "胶体",
            "粘液",
            "粒状",
            "上皮细胞",
            "浸润",
            "氯化钙",
            "粉末状",
            "浓缩"
        ]
    ],
    "红残": [
        "红残",
        "Red residue",
        "红色残渣",
        [
            "红色",
            "残渣",
            "黄色",
            "白色",
            "蓝色",
            "橙色",
            "紫色",
            "黑色",
            "粉红色",
            "金色",
            "深蓝色",
            "泥土",
            "木炭",
            "灰尘",
            "蜂蜡",
            "残留物",
            "密封",
            "残余物",
            "尘土",
            "烟熏"
        ]
    ],
    "不及": [
        "不及",
        "inferior to",
        "不如",
        []
    ],
    "芦橘": [
        "芦橘",
        "Reed orange",
        "芦苇橙",
        [
            "芦苇",
            "橙",
            "竹子",
            "树叶",
            "泥土",
            "沙土",
            "木头",
            "蓝",
            "水边",
            "稻草",
            "红",
            "粉红色",
            "柳树",
            "竹节",
            "橙色",
            "樱桃",
            "紫色",
            "棕",
            "橘色",
            "草莓"
        ]
    ],
    "林擒": [
        "林擒",
        "Lin Ji",
        "林佶",
        []
    ],
    "露压": [
        "露压",
        "Dew pressure",
        "露点压力",
        [
            "露点",
            "压力",
            "舆论压力",
            "阻力",
            "冲击",
            "负荷",
            "负面影响",
            "受压",
            "心理压力",
            "担忧",
            "阻碍",
            "零度",
            "附注",
            "地方会",
            "请注意",
            "特别之处",
            "则有",
            "；也",
            "除此以外",
            "</s>"
        ]
    ],
    "压枝": [
        "压枝",
        "layer",
        "层",
        []
    ],
    "润滑": [
        "润滑",
        "lubrication",
        "润滑",
        [
            "润滑",
            "润滑剂",
            "润滑油",
            "轴承",
            "机油",
            "热处理",
            "通气",
            "弹性体",
            "油脂",
            "机械性"
        ]
    ],
    "香甘": [
        "香甘",
        "Sweet sweet",
        "甜的",
        [
            "甜",
            "辣",
            "味",
            "香甜",
            "奶油",
            "酱",
            "柠檬",
            "汁",
            "果酱",
            "酸甜"
        ]
    ],
    "半红": [
        "半红",
        "Half red",
        "半红",
        []
    ],
    "来禽": [
        "来禽",
        "Come birds",
        "鸟儿来了",
        [
            "鸟儿",
            "小鸟",
            "虫子",
            "青蛙",
            "小动物",
            "从天而降",
            "猴子",
            "狐狸",
            "树梢",
            "好像"
        ]
    ],
    "密影": [
        "密影",
        "Dense shadow",
        "稠密阴影",
        [
            "稠密",
            "阴影",
            "密集",
            "稀疏",
            "稀少",
            "黑暗",
            "人口稠密",
            "阴霾",
            "广阔",
            "边缘",
            "光环",
            "影子",
            "都市化",
            "接近",
            "镜子",
            "双眼",
            "高密度",
            "噩梦",
            "恶梦",
            "人口众多"
        ]
    ]
}