{
    "寒夜": [
        "寒夜",
        "Cold night",
        "寒冷的夜晚",
        [
            "寒冷",
            "夜晚",
            "严寒",
            "白天",
            "炎热",
            "夜里",
            "潮湿",
            "夜间",
            "凉爽",
            "温暖",
            "冬天",
            "黄昏",
            "黑夜",
            "半夜",
            "酷热",
            "较冷",
            "早晨",
            "暖和",
            "白昼",
            "午夜"
        ]
    ],
    "清透影": [
        "清透影",
        "Clear shadow",
        "清晰阴影",
        [
            "清晰",
            "阴影",
            "明晰",
            "模糊",
            "准确",
            "直观",
            "简洁",
            "完整",
            "细致",
            "黑暗",
            "模糊不清",
            "阴霾",
            "边缘",
            "光环",
            "明了",
            "影子",
            "镜子",
            "双眼",
            "噩梦",
            "恶梦"
        ]
    ],
    "蚖": [
        "蚖",
        "A clam",
        "蛤蜊",
        [
            "蛤蜊",
            "牡蛎",
            "螃蟹",
            "龙虾",
            "鱿鱼",
            "鲍鱼",
            "海带",
            "鳗鱼",
            "文蛤",
            "虾子"
        ]
    ],
    "鱼船": [
        "鱼船",
        "Fish boat",
        "渔船",
        [
            "渔船",
            "渔民",
            "船只",
            "船",
            "货船",
            "货轮",
            "商船",
            "船舶",
            "船员",
            "舢板"
        ]
    ],
    "纤影": [
        "纤影",
        "Thin shadow",
        "薄阴影",
        [
            "薄",
            "阴影",
            "厚",
            "较厚",
            "粗糙",
            "黑暗",
            "粗",
            "阴霾",
            "细",
            "边缘",
            "光环",
            "影子",
            "微",
            "质",
            "镜子",
            "双眼",
            "裹",
            "稀",
            "噩梦",
            "恶梦"
        ]
    ],
    "素焰": [
        "素焰",
        "Plain flame",
        "普通火焰",
        [
            "普通",
            "火焰",
            "烈焰",
            "火球",
            "燃烧",
            "闪电",
            "火炎",
            "闪光",
            "火",
            "从天而降",
            "雷电",
            "一般来说",
            "平常",
            "大多",
            "一般而言",
            "基本上",
            "都可",
            "都是",
            "比如说",
            "除此以外"
        ]
    ],
    "孤焰": [
        "孤焰",
        "Solitary flame",
        "孤立火焰",
        [
            "孤立",
            "火焰",
            "烈焰",
            "火球",
            "燃烧",
            "闪电",
            "火炎",
            "闪光",
            "火",
            "孤立无援",
            "从天而降",
            "雷电",
            "紧张状态",
            "边缘化",
            "弱小",
            "险恶",
            "根深蒂固",
            "退缩",
            "依附",
            "长期以来"
        ]
    ],
    "焰远": [
        "焰远",
        "Flame distance",
        "火焰距离",
        [
            "火焰",
            "距离",
            "相距",
            "烈焰",
            "火球",
            "燃烧",
            "闪电",
            "火炎",
            "闪光",
            "火",
            "英哩",
            "半径",
            "一段距离",
            "东北方",
            "间距",
            "从天而降",
            "雷电",
            "靠近",
            "最远",
            "西南方"
        ]
    ],
    "冷烟空": [
        "冷烟空",
        "Cold smoke",
        "蓝烟",
        []
    ],
    "冷浮烟": [
        "冷浮烟",
        "Cold floating smoke",
        "冷浮烟",
        []
    ],
    "静留": [
        "静留",
        "Stay still",
        "静止不动",
        [
            "静止不动",
            "静止",
            "打转",
            "固定不动",
            "朝向",
            "飞蛾",
            "翻转",
            "十度",
            "相反",
            "恰好"
        ]
    ],
    "色晃": [
        "色晃",
        "Color sway",
        "颜色摆动",
        [
            "颜色",
            "摆动",
            "转动",
            "色调",
            "晃动",
            "旋转",
            "黄色",
            "红色",
            "紫色",
            "蓝色",
            "白色",
            "粉红色",
            "橙色",
            "色",
            "弯曲",
            "侧向",
            "前倾",
            "扭动",
            "摇动",
            "回转"
        ]
    ],
    "烬随": [
        "烬随",
        "The embers followed",
        "余烬紧随其后",
        [
            "紧随其后",
            "紧随",
            "领头",
            "曾两次",
            "紧接著",
            "先于",
            "Pardosa",
            "在在",
            "</s>",
            "<tr>"
        ]
    ],
    "金藕细": [
        "金藕细",
        "Gold lotus root is fine",
        "金藕很好",
        [
            "藕",
            "很好",
            "不错",
            "极好",
            "更好",
            "良好",
            "很差",
            "较好",
            "最好",
            "极佳",
            "不太好",
            "桂花",
            "荷花",
            "海棠",
            "莲子",
            "南湖",
            "茗",
            "筱",
            "芙蓉",
            "故又名"
        ]
    ],
    "岂染": [
        "岂染",
        "Do you dye it",
        "你染了吗",
        []
    ],
    "燃处": [
        "燃处",
        "Burning place",
        "燃烧场所",
        [
            "燃烧",
            "场所",
            "自燃",
            "点燃",
            "火焰",
            "点火",
            "娱乐活动",
            "挥发",
            "娱乐场所",
            "场地",
            "着火",
            "氢气",
            "熔化",
            "氮气",
            "公共场所",
            "地点",
            "处所",
            "供人",
            "平时",
            "活动中心"
        ]
    ],
    "花凝粟": [
        "花凝粟",
        "Flowering millet",
        "开花谷子",
        [
            "开花",
            "谷子",
            "花期",
            "发芽",
            "盛开",
            "采收",
            "早春",
            "时节",
            "初夏",
            "秋冬季",
            "夏末",
            "余粮",
            "田里",
            "粟",
            "田间",
            "麦子",
            "粟米",
            "种地",
            "大白",
            "</s>"
        ]
    ],
    "花垂": [
        "花垂",
        "Flower hanging",
        "挂花",
        []
    ],
    "知喜": [
        "知喜",
        "Zhixi",
        "习之",
        []
    ],
    "当雪玉": [
        "当雪玉",
        "When snow jade",
        "当雪玉",
        []
    ],
    "光空": [
        "光空",
        "Light space",
        "光空间",
        [
            "光",
            "空间",
            "内部空间",
            "瞳",
            "红光",
            "空间内",
            "维度",
            "暗",
            "密闭",
            "三维空间",
            "光和",
            "白光",
            "室内空间",
            "紧致",
            "亮",
            "生活空间",
            "自由空间",
            "和光",
            "日光",
            "虹"
        ]
    ],
    "玉荷": [
        "玉荷",
        "Jade lotus",
        "玉莲",
        [
            "玉莲",
            "李松",
            "芳",
            "岂料",
            "表哥",
            "春和",
            "四人",
            "恰巧",
            "Pardosa",
            "</s>"
        ]
    ],
    "明焰": [
        "明焰",
        "Bright flame",
        "明亮的火焰",
        [
            "明亮",
            "火焰",
            "暗淡",
            "光亮",
            "烈焰",
            "昏暗",
            "火球",
            "黯淡",
            "燃烧",
            "闪电",
            "火炎",
            "闪光",
            "耀眼",
            "夜空",
            "醒目",
            "火",
            "蓝白色",
            "亮",
            "从天而降",
            "雷电"
        ]
    ],
    "难藏": [
        "难藏",
        "Difficult to hide",
        "难以隐藏",
        [
            "难以",
            "隐藏",
            "无法",
            "很难",
            "难于",
            "不易",
            "较难",
            "不能",
            "容易",
            "不足以",
            "根本无法",
            "隐蔽",
            "伪装",
            "隐密",
            "黑影",
            "背后",
            "隐秘",
            "暗藏",
            "隐匿",
            "像是"
        ]
    ],
    "焰稳": [
        "焰稳",
        "Flame stabilization",
        "火焰稳定",
        [
            "火焰",
            "稳定",
            "平稳",
            "烈焰",
            "火球",
            "燃烧",
            "闪电",
            "火炎",
            "不稳定的",
            "闪光",
            "稳固",
            "比较稳定",
            "火",
            "平衡",
            "有利于",
            "保持稳定",
            "安定",
            "从天而降",
            "雷电",
            "牢固"
        ]
    ],
    "觉风": [
        "觉风",
        "Wind awareness",
        "风意识",
        [
            "风",
            "意识",
            "精神",
            "思维",
            "自我意识",
            "观念",
            "人格",
            "理智",
            "认知",
            "自觉",
            "风吹",
            "特质",
            "西风",
            "吹拂",
            "吹",
            "北风",
            "大风",
            "暴风",
            "雨",
            "和风"
        ]
    ],
    "待春红": [
        "待春红",
        "Stay red in spring",
        "春天保持红色",
        [
            "春天",
            "保持",
            "红色",
            "黄色",
            "白色",
            "秋天",
            "蓝色",
            "橙色",
            "紫色",
            "维持",
            "黑色",
            "粉红色",
            "金色",
            "夏天",
            "深蓝色",
            "始终保持",
            "保持稳定",
            "初夏",
            "冬天",
            "秋季",
            "春季",
            "保有",
            "夏末",
            "深秋",
            "盛夏",
            "保证",
            "保持良好",
            "持续保持",
            "依然",
            "保持一致"
        ]
    ],
    "灯花": [
        "灯花",
        "Snuff",
        "鼻烟",
        [
            "鼻烟",
            "尼古丁",
            "麻醉剂",
            "大便",
            "毒药",
            "牙刷",
            "药膏",
            "香烟",
            "不常",
            "索科利夫卡"
        ]
    ],
    "玉焰": [
        "玉焰",
        "Jade",
        "翡翠",
        [
            "翡翠",
            "宝石",
            "珍珠",
            "钻石",
            "玛瑙",
            "明珠",
            "蓝宝石",
            "绿宝石",
            "玉石",
            "小金"
        ]
    ],
    "频剔": [
        "频剔",
        "Frequency tick",
        "频率刻度",
        [
            "频率",
            "刻度",
            "振幅",
            "Hz",
            "kHz",
            "频谱",
            "频带",
            "基频",
            "增益",
            "阈值",
            "高频率",
            "物镜",
            "弧度",
            "圆周",
            "孔径",
            "标尺",
            "竖直",
            "记号",
            "右端",
            "圆孔"
        ]
    ],
    "得财": [
        "得财",
        "Gain money",
        "赚钱",
        [
            "赚钱",
            "赚",
            "挣钱",
            "花钱",
            "有钱",
            "还债",
            "养活",
            "借钱",
            "糊口",
            "有钱人"
        ]
    ],
    "玉虫": [
        "玉虫",
        "Jade worm",
        "玉虫",
        []
    ],
    "不争": [
        "不争",
        "does not dispute",
        "没有争议",
        [
            "没有",
            "争议",
            "没",
            "并未",
            "无法",
            "不会",
            "不能",
            "争论",
            "从未",
            "未",
            "没有人",
            "很难",
            "争议性",
            "质疑",
            "非议",
            "疑问",
            "异议",
            "疑虑",
            "歧异",
            "引起争议"
        ]
    ],
    "妇怕": [
        "妇怕",
        "Fear of women",
        "害怕女人",
        [
            "害怕",
            "女人",
            "男人",
            "惧怕",
            "畏惧",
            "担心",
            "怕",
            "痛恨",
            "怨恨",
            "女孩",
            "厌恶",
            "憎恨",
            "女人们",
            "新娘",
            "妳",
            "爱人",
            "责怪",
            "老婆",
            "情人",
            "甜蜜"
        ]
    ],
    "冷烬": [
        "冷烬",
        "Cold ember",
        "冷灰烬",
        [
            "冷",
            "灰烬",
            "冻",
            "尸身",
            "烧成",
            "烧得",
            "尘土",
            "火",
            "火炉",
            "寒",
            "冷热",
            "血肉",
            "把火",
            "凝",
            "冷水",
            "四散",
            "的水",
            "稀",
            "和气",
            "</s>"
        ]
    ],
    "长垂粟": [
        "长垂粟",
        "Long drop millet",
        "长滴小米",
        [
            "小米",
            "苹果",
            "新品",
            "黑莓",
            "系列产品",
            "桔",
            "土豆",
            "竹叶",
            "瓜子",
            "</s>"
        ]
    ],
    "结颗": [
        "结颗",
        "Knot",
        "结",
        [
            "结",
            "拢",
            "合",
            "缘",
            "珠",
            "娆",
            "交",
            "在手",
            "常为",
            "</s>"
        ]
    ],
    "常能": [
        "常能",
        "Constant energy",
        "恒定能量",
        [
            "恒定",
            "能量",
            "动能",
            "总能量",
            "热能",
            "热量",
            "高能量",
            "不变",
            "光子",
            "光能",
            "定值",
            "能量密度",
            "静止",
            "电磁场",
            "径向",
            "均匀分布",
            "也就是说",
            "瞬时",
            "相对于",
            "下都"
        ]
    ],
    "无根": [
        "无根",
        "No root",
        "没有根",
        [
            "没有",
            "根",
            "没",
            "并未",
            "无法",
            "不会",
            "不能",
            "从未",
            "未",
            "没有人",
            "很难",
            "六根",
            "上端",
            "下部",
            "棍子",
            "杆子",
            "钉",
            "下端",
            "顶上",
            "相联"
        ]
    ],
    "地起": [
        "地起",
        "Ground up",
        "磨碎",
        [
            "磨碎",
            "咀嚼",
            "切碎",
            "消化",
            "煮熟",
            "磨成",
            "压碎",
            "烘烤",
            "肉块",
            "碾碎"
        ]
    ],
    "寒苞": [
        "寒苞",
        "Cold bract",
        "冷苞片",
        [
            "冷",
            "苞片",
            "花萼",
            "花被",
            "花序",
            "萼片",
            "花梗",
            "雄蕊",
            "蒴果",
            "花柱",
            "雄花",
            "冻",
            "寒",
            "冷热",
            "凝",
            "冷水",
            "的水",
            "稀",
            "和气",
            "</s>"
        ]
    ],
    "倒折": [
        "倒折",
        "Inverted fold",
        "倒转褶皱",
        [
            "倒转",
            "褶皱",
            "隆起",
            "造山运动",
            "地质构造",
            "断裂带",
            "翻转",
            "隐没",
            "凹陷",
            "压扁",
            "背斜",
            "第四纪",
            "反转",
            "右方",
            "左边",
            "倒置",
            "突起",
            "右面",
            "右边",
            "对齐"
        ]
    ],
    "宝焰间": [
        "宝焰间",
        "Treasure flame room",
        "宝焰房",
        []
    ],
    "故不": [
        "故不",
        "So no",
        "所以没有",
        [
            "没有",
            "没",
            "并未",
            "无法",
            "不会",
            "不能",
            "从未",
            "未",
            "没有人",
            "很难"
        ]
    ],
    "有孕": [
        "有孕",
        "Pregnant",
        "怀孕的",
        [
            "怀孕",
            "分娩",
            "早产",
            "妊娠",
            "受孕",
            "孕妇",
            "流产",
            "生孩子",
            "婴儿",
            "男婴"
        ]
    ],
    "带颜开": [
        "带颜开",
        "With a bright face",
        "一张明亮的脸",
        [
            "明亮",
            "脸",
            "暗淡",
            "光亮",
            "昏暗",
            "黯淡",
            "耀眼",
            "书上",
            "夜空",
            "醒目",
            "蓝白色",
            "脸上",
            "亮",
            "脸颊",
            "微笑",
            "贴",
            "脸部",
            "脸孔",
            "暗讽",
            "撕"
        ]
    ],
    "低小": [
        "低小",
        "Low small",
        "低小",
        []
    ],
    "近床": [
        "近床",
        "Near bed",
        "近床",
        []
    ],
    "照简": [
        "照简",
        "According to Jane",
        "据简说",
        []
    ],
    "纸笼": [
        "纸笼",
        "Paper cage",
        "纸笼",
        []
    ],
    "可亲": [
        "可亲",
        "nice",
        "很好",
        [
            "很好",
            "不错",
            "极好",
            "更好",
            "良好",
            "很差",
            "较好",
            "最好",
            "极佳",
            "不太好"
        ]
    ],
    "长临": [
        "长临",
        "Long - term presence",
        "长期存在",
        [
            "长期存在",
            "普遍存在",
            "与此相关",
            "肇因",
            "由来已久",
            "起因于",
            "密切相关",
            "或多或少",
            "值得注意",
            "则有"
        ]
    ],
    "帏幕": [
        "帏幕",
        "Curtains",
        "窗帘",
        [
            "窗帘",
            "地板",
            "窗框",
            "天花板",
            "天窗",
            "沙发",
            "毛巾",
            "窗台",
            "把手",
            "皮包"
        ]
    ],
    "临无": [
        "临无",
        "Temporary absence",
        "暂时缺席",
        [
            "暂时",
            "缺席",
            "继续",
            "无限期",
            "提前结束",
            "不得不",
            "不再",
            "中途",
            "错过",
            "因故",
            "便",
            "暂时性",
            "复出",
            "报销",
            "脚伤",
            "退场",
            "迟到",
            "于是在",
            "两场",
            "下一场"
        ]
    ],
    "睡客": [
        "睡客",
        "Sleeper",
        "卧铺",
        [
            "卧铺",
            "餐车",
            "定员",
            "动车",
            "普通车",
            "全列",
            "车箱",
            "MLT-",
            "</s>",
            "Pardosa"
        ]
    ],
    "提挈": [
        "提挈",
        "lead",
        "导致",
        [
            "导致",
            "造成",
            "致使",
            "造成了",
            "引致",
            "引发",
            "避免",
            "所致",
            "加剧",
            "随之而来"
        ]
    ],
    "当案": [
        "当案",
        "Case in hand",
        "手头案件",
        [
            "手头",
            "案件",
            "刑事案件",
            "案子",
            "案情",
            "审理",
            "重大案件",
            "犯罪案件",
            "法院",
            "被告",
            "犯罪行为",
            "起初",
            "本来",
            "显然",
            "毕竟",
            "刚开始",
            "先前",
            "在此之前",
            "Pardosa",
            "</s>"
        ]
    ],
    "懒向": [
        "懒向",
        "Lazy direction",
        "惰性方向",
        [
            "惰性",
            "方向",
            "朝向",
            "惰性气体",
            "路径",
            "氮气",
            "顺时针",
            "侧向",
            "同方向",
            "一段距离",
            "液态",
            "斜向",
            "朝著",
            "气态",
            "锂",
            "正向",
            "固态",
            "碳化",
            "游离",
            "持久性"
        ]
    ],
    "遍照": [
        "遍照",
        "All over the picture",
        "到处都是",
        [
            "到处",
            "四处",
            "街上",
            "一路上",
            "角落",
            "乡间",
            "整天",
            "时常",
            "悄悄",
            "随处"
        ]
    ],
    "高照": [
        "高照",
        "High light",
        "高亮度",
        [
            "高亮度",
            "闪光",
            "遮罩",
            "光点",
            "白光",
            "可视",
            "内嵌",
            "浅蓝",
            "值得注意",
            "<tr>"
        ]
    ],
    "尤光": [
        "尤光",
        "Yuguang",
        "余光",
        [
            "余光",
            "不轻",
            "为伍",
            "于其",
            "----",
            "；也",
            "</s>",
            "Pardosa",
            "<tr>",
            "人口为120人"
        ]
    ],
    "照读": [
        "照读",
        "Read it",
        "读一读",
        []
    ],
    "守尽": [
        "守尽",
        "Keep up",
        "保持",
        [
            "保持",
            "维持",
            "始终保持",
            "保持稳定",
            "保有",
            "保证",
            "保持良好",
            "持续保持",
            "依然",
            "保持一致"
        ]
    ],
    "偏来": [
        "偏来",
        "Bias to",
        "偏向于",
        [
            "偏向",
            "倾向",
            "偏重",
            "保守",
            "取向",
            "相反",
            "偏重于",
            "偏于",
            "相对于",
            "特别强调"
        ]
    ],
    "绿幕": [
        "绿幕",
        "Green curtain",
        "绿色窗帘",
        [
            "绿色",
            "窗帘",
            "橙色",
            "黄色",
            "红色",
            "蓝色",
            "白色",
            "粉红色",
            "紫色",
            "浅绿色",
            "深蓝色",
            "地板",
            "窗框",
            "天花板",
            "天窗",
            "沙发",
            "毛巾",
            "窗台",
            "把手",
            "皮包"
        ]
    ],
    "藏因": [
        "藏因",
        "Hidden cause",
        "隐藏原因",
        [
            "隐藏",
            "原因",
            "因素",
            "情况",
            "理由",
            "状况",
            "可能",
            "主因",
            "缘故",
            "诱因",
            "或许",
            "隐蔽",
            "伪装",
            "隐密",
            "黑影",
            "背后",
            "隐秘",
            "暗藏",
            "隐匿",
            "像是"
        ]
    ],
    "不照": [
        "不照",
        "No",
        "不",
        []
    ],
    "自小": [
        "自小",
        "Since childhood",
        "从小",
        [
            "从小",
            "自小",
            "自幼",
            "小时候",
            "长大",
            "幼时",
            "年轻时",
            "少年时期",
            "年少时",
            "少年时代"
        ]
    ],
    "二尺": [
        "二尺",
        "Two feet",
        "两英尺",
        []
    ],
    "窗影": [
        "窗影",
        "Window shadow",
        "窗户阴影",
        [
            "窗户",
            "阴影",
            "玻璃窗",
            "墙壁",
            "天花板",
            "屋顶",
            "阳台",
            "房顶",
            "楼梯间",
            "窗子",
            "窗台",
            "黑暗",
            "阴霾",
            "边缘",
            "光环",
            "影子",
            "镜子",
            "双眼",
            "噩梦",
            "恶梦"
        ]
    ],
    "淬砺": [
        "淬砺",
        "Hardening",
        "锻炼",
        [
            "锻炼",
            "磨练",
            "练习",
            "锻炼身体",
            "锻练",
            "体能训练",
            "跑步",
            "强健",
            "修养",
            "练功"
        ]
    ],
    "冬学": [
        "冬学",
        "Winter study",
        "冬季研究",
        [
            "冬季",
            "研究",
            "夏季",
            "研究工作",
            "深入研究",
            "科学研究",
            "春季",
            "研究者",
            "分析",
            "研究成果",
            "冬天",
            "秋季",
            "夏天",
            "学术研究",
            "研究课题",
            "严寒",
            "数据分析",
            "初冬",
            "夏季则",
            "夏季时"
        ]
    ],
    "用即": [
        "用即",
        "Use that",
        "用那个",
        []
    ],
    "致明时": [
        "致明时",
        "Time of illumination",
        "光照时间",
        [
            "光照",
            "时间",
            "星期",
            "照射",
            "一段时间",
            "小时",
            "间隔时间",
            "强光",
            "整整",
            "时长",
            "时间段",
            "等待时间",
            "短时间",
            "太阳光",
            "紫外光",
            "日光",
            "光能",
            "光亮",
            "变色",
            "光"
        ]
    ],
    "见闻": [
        "见闻",
        "information",
        "信息",
        [
            "信息",
            "数据",
            "讯息",
            "资讯",
            "文档",
            "个人信息",
            "电子邮件",
            "反馈",
            "接收者",
            "的资讯"
        ]
    ],
    "照映": [
        "照映",
        "Photography",
        "摄影",
        [
            "摄影",
            "照相",
            "摄影师",
            "摄像",
            "照相机",
            "底片",
            "摄影家",
            "素描",
            "暗房",
            "艺术创作"
        ]
    ],
    "辉煌": [
        "辉煌",
        "Brilliant",
        "聪明的",
        [
            "聪明",
            "聪慧",
            "机智",
            "聪颖",
            "机敏",
            "心地善良",
            "精明",
            "才智",
            "睿智",
            "和善"
        ]
    ],
    "灯笼": [
        "灯笼",
        "Lanterns",
        "灯笼",
        [
            "灯笼",
            "香炉",
            "灯",
            "蜡烛",
            "烛台",
            "灯台",
            "葫芦",
            "风铃",
            "马鞍",
            "虎皮"
        ]
    ],
    "灯宵": [
        "灯宵",
        "Light night",
        "光明之夜",
        [
            "光明",
            "永生",
            "天上",
            "光辉",
            "尘世",
            "祥和",
            "圣者",
            "救世",
            "荣光",
            "终将"
        ]
    ],
    "映光": [
        "映光",
        "Reflected light",
        "反射光",
        [
            "反射光",
            "反射",
            "光线",
            "折射",
            "入射光",
            "入射",
            "光波",
            "太阳光",
            "束光",
            "叠加"
        ]
    ],
    "净纸": [
        "净纸",
        "Clean paper",
        "清洁纸",
        [
            "清洁",
            "纸",
            "白纸",
            "用纸",
            "糊",
            "纸张",
            "洗手",
            "消毒",
            "保养",
            "干净",
            "纸板",
            "纸片",
            "笔",
            "纸制",
            "清扫",
            "整洁",
            "金箔",
            "洁净",
            "漂白",
            "洗涤"
        ]
    ],
    "悬壁": [
        "悬壁",
        "Suspended wall",
        "悬墙",
        []
    ],
    "春宴": [
        "春宴",
        "Spring feast",
        "春宴",
        []
    ],
    "风莫妒": [
        "风莫妒",
        "Don't envy the wind",
        "不要嫉妒风",
        [
            "不要",
            "嫉妒",
            "风",
            "妒忌",
            "怨恨",
            "不想",
            "憎恨",
            "爱慕",
            "不该",
            "厌恶",
            "忌妒",
            "不让",
            "不必",
            "憎恶",
            "妒嫉",
            "绝不会",
            "绝不",
            "免得",
            "切勿",
            "不用",
            "羡慕",
            "风吹",
            "西风",
            "吹拂",
            "吹",
            "北风",
            "大风",
            "暴风",
            "雨",
            "和风"
        ]
    ],
    "罩体": [
        "罩体",
        "Cover body",
        "盖体",
        []
    ],
    "焰隔": [
        "焰隔",
        "Flame barrier",
        "火焰屏障",
        [
            "火焰",
            "屏障",
            "烈焰",
            "天然屏障",
            "阻隔",
            "火球",
            "燃烧",
            "闪电",
            "火炎",
            "闪光",
            "火",
            "从天而降",
            "雷电",
            "隔断",
            "战略要地",
            "第二道",
            "一道",
            "威慑",
            "外围",
            "两处"
        ]
    ],
    "素纱": [
        "素纱",
        "Plain yarn",
        "普通纱",
        [
            "普通",
            "纱",
            "织",
            "绫",
            "咲",
            "璃",
            "凛",
            "杏",
            "悠",
            "绮",
            "一般来说",
            "平常",
            "小木",
            "大多",
            "一般而言",
            "基本上",
            "都可",
            "都是",
            "比如说",
            "除此以外"
        ]
    ],
    "蔽风": [
        "蔽风",
        "Wind shielding",
        "防风罩",
        [
            "防风",
            "罩",
            "车顶",
            "引擎盖",
            "排气管",
            "筒",
            "支架",
            "铝制",
            "内衬",
            "遮阳",
            "防寒",
            "外罩",
            "前部",
            "御寒",
            "耐热",
            "防盗",
            "补血",
            "新添",
            "Pardosa",
            "</s>"
        ]
    ],
    "雨难": [
        "雨难",
        "Rain is hard",
        "雨很大",
        [
            "雨",
            "很大",
            "相当大",
            "极大",
            "不大",
            "不小",
            "非常大",
            "较大",
            "太大",
            "更大",
            "很小",
            "雾",
            "风雨",
            "雪",
            "寒",
            "枯",
            "夜",
            "飘",
            "月光",
            "雨天"
        ]
    ],
    "白茧": [
        "白茧",
        "White cocoon",
        "白茧",
        []
    ],
    "光围": [
        "光围",
        "Light enclosure",
        "光罩",
        []
    ],
    "细幕": [
        "细幕",
        "Fine screen",
        "细网",
        []
    ],
    "客馆": [
        "客馆",
        "Guest house",
        "宾馆",
        [
            "宾馆",
            "饭店",
            "招待所",
            "酒店",
            "旅馆",
            "的酒店",
            "该酒店",
            "旅店",
            "小卖部",
            "楼内"
        ]
    ],
    "弱骨": [
        "弱骨",
        "Weak bone",
        "弱骨",
        []
    ],
    "绉": [
        "绉",
        "crepe",
        "绉绸",
        [
            "绉",
            "绸",
            "绢",
            "绣花",
            "绸缎",
            "棉布",
            "织锦",
            "衣料",
            "棉",
            "毯",
            "蚕丝",
            "面料",
            "褶",
            "白皮",
            "捻",
            "花样",
            "馒头",
            "马甲"
        ]
    ],
    "万窗": [
        "万窗",
        "Thousands of windows",
        "成千上万扇窗户",
        [
            "成千上万",
            "窗户",
            "玻璃窗",
            "墙壁",
            "天花板",
            "数以千计",
            "屋顶",
            "阳台",
            "房顶",
            "楼梯间",
            "数以万计",
            "数以百计",
            "窗子",
            "窗台",
            "成百上千",
            "上百",
            "据称",
            "为数众多",
            "有数",
            "在在"
        ]
    ],
    "花眼": [
        "花眼",
        "presbyopia",
        "老花眼",
        []
    ],
    "复道": [
        "复道",
        "Complex path",
        "复杂路径",
        [
            "复杂",
            "路径",
            "简单",
            "繁复",
            "十分复杂",
            "有用",
            "多样",
            "精细",
            "繁杂",
            "方向",
            "适合于",
            "比较简单",
            "梯度",
            "逆时针",
            "轨迹",
            "偏移",
            "切线",
            "方向上",
            "同方向",
            "正向"
        ]
    ],
    "红罩": [
        "红罩",
        "Red hood",
        "红色发动机罩",
        [
            "红色",
            "发动机",
            "罩",
            "黄色",
            "白色",
            "涡轮",
            "蓝色",
            "引擎",
            "橙色",
            "紫色",
            "黑色",
            "粉红色",
            "金色",
            "推力",
            "深蓝色",
            "增压器",
            "涡轮引擎",
            "螺旋桨",
            "柴油发动机",
            "压气机",
            "动力装置",
            "车顶",
            "引擎盖",
            "排气管",
            "筒",
            "支架",
            "铝制",
            "内衬",
            "外罩",
            "前部"
        ]
    ],
    "光密": [
        "光密",
        "Light density",
        "光密度",
        []
    ]
}