{
    "五常": [
        "五常",
        "Five permanent members",
        "五个常任理事国",
        [
            "国",
            "属国",
            "小国",
            "国都",
            "国在",
            "国和",
            "国是",
            "之国",
            "国为",
            "立国"
        ]
    ],
    "双珠": [
        "双珠",
        "Double bead",
        "双珠",
        []
    ],
    "问衣": [
        "问衣",
        "Ask for clothes",
        "索要衣服",
        [
            "索要",
            "衣服",
            "鞋子",
            "衣物",
            "穿着",
            "大衣",
            "外套",
            "索取",
            "裤子",
            "鞋",
            "衣裳",
            "外衣",
            "赎回",
            "上交",
            "送还",
            "还给",
            "退还",
            "送来",
            "借给",
            "取走"
        ]
    ],
    "并秀": [
        "并秀",
        "And show",
        "展示",
        [
            "展示",
            "展出",
            "展览",
            "展现",
            "演示",
            "展示出",
            "展览品",
            "重现",
            "示范",
            "简介"
        ]
    ],
    "不分财": [
        "不分财",
        "No money",
        "没钱",
        [
            "没",
            "钱",
            "没有",
            "没法",
            "没有人",
            "没人",
            "银子",
            "不想",
            "一定会",
            "分钱",
            "不曾",
            "不了",
            "不用",
            "钱财",
            "买",
            "银两",
            "借钱",
            "没钱",
            "一大笔钱",
            "花钱"
        ]
    ],
    "夜床": [
        "夜床",
        "Night bed",
        "夜床",
        []
    ],
    "沙晚": [
        "沙晚",
        "Sand night",
        "沙夜",
        []
    ],
    "对酒": [
        "对酒",
        "Wine",
        "葡萄酒",
        [
            "葡萄酒",
            "酿造",
            "红酒",
            "葡萄",
            "白葡萄酒",
            "橄榄油",
            "香槟",
            "干邑",
            "雪利酒",
            "白兰地"
        ]
    ],
    "疑梦": [
        "疑梦",
        "Suspected dreams",
        "可疑的梦",
        [
            "可疑",
            "梦",
            "怀疑",
            "知情",
            "疑似",
            "梦中",
            "宝贝",
            "幻",
            "知悉",
            "嫌犯",
            "恶梦",
            "梦幻",
            "初恋",
            "行凶",
            "确实",
            "明日",
            "月光",
            "醒",
            "出事",
            "寻常"
        ]
    ],
    "正忆渠": [
        "正忆渠",
        "Zhengyi canal",
        "正一运河",
        [
            "运河",
            "水道",
            "堤坝",
            "海港",
            "桥梁",
            "水路",
            "大运河",
            "堤道",
            "北岸",
            "水闸"
        ]
    ],
    "恐负": [
        "恐负",
        "Fear of negative",
        "害怕消极",
        [
            "害怕",
            "消极",
            "惧怕",
            "畏惧",
            "担心",
            "怕",
            "痛恨",
            "怨恨",
            "厌恶",
            "憎恨",
            "责怪",
            "软弱",
            "过激",
            "姑息",
            "过分",
            "冲动",
            "放任",
            "盲目",
            "相反",
            "不作为"
        ]
    ],
    "母子": [
        "母子",
        "Mother and son",
        "母亲和儿子",
        [
            "母亲",
            "儿子",
            "父亲",
            "弟弟",
            "女儿",
            "父母",
            "祖母",
            "妻子",
            "兄长",
            "双亲",
            "丈夫",
            "哥哥",
            "侄子",
            "妹妹",
            "外祖母",
            "孙子",
            "幼子",
            "侄儿"
        ]
    ],
    "树萱": [
        "树萱",
        "Shuxuan",
        "舒璇",
        []
    ],
    "杀鸡": [
        "杀鸡",
        "The slaughter of chickens",
        "宰杀鸡",
        [
            "宰杀",
            "鸡",
            "猪",
            "屠宰",
            "肉",
            "牛",
            "鹅",
            "鸭",
            "饭",
            "羊",
            "献祭",
            "不吃",
            "奶",
            "牲口",
            "牛只",
            "喂养",
            "牲",
            "大头",
            "山羊",
            "家禽"
        ]
    ],
    "还鲜": [
        "还鲜",
        "Still fresh",
        "仍然新鲜",
        [
            "仍然",
            "新鲜",
            "依然",
            "一直",
            "几乎",
            "即便如此",
            "美味",
            "食材",
            "始终",
            "即使如此",
            "好吃",
            "可口",
            "仅仅",
            "无论如何",
            "基本上",
            "水果",
            "牛奶",
            "蜜糖",
            "甜食",
            "的食品"
        ]
    ],
    "断机": [
        "断机",
        "Breaking machine",
        "粉碎机",
        []
    ],
    "倚门": [
        "倚门",
        "Rely on the door",
        "依靠门",
        [
            "依靠",
            "门",
            "门内",
            "依赖",
            "仰赖",
            "借助",
            "倚赖",
            "仅靠",
            "缺少",
            "四门",
            "只能靠",
            "二门",
            "门上",
            "倚靠",
            "小门",
            "东门",
            "道门",
            "三门",
            "后门",
            "借助于"
        ]
    ],
    "知贵": [
        "知贵",
        "Know your price",
        "知道你的价格吗",
        [
            "知道",
            "价格",
            "告诉",
            "明白",
            "价钱",
            "告诉他",
            "并不知道",
            "想到",
            "生产成本",
            "定价",
            "售价",
            "真的",
            "价位",
            "市价",
            "价格比",
            "商品价格",
            "单价",
            "其实",
            "发觉",
            "究竟"
        ]
    ],
    "露集": [
        "露集",
        "Exposed set",
        "暴露集",
        [
            "暴露",
            "曝露",
            "掩盖",
            "漏出",
            "暴露出",
            "渗入",
            "受伤害",
            "沾染",
            "渗透到",
            "去除"
        ]
    ],
    "导舆": [
        "导舆",
        "Guide",
        "向导",
        [
            "向导",
            "一行",
            "一路上",
            "自告奋勇",
            "随从",
            "下到",
            "召来",
            "领头",
            "</s>",
            "Pardosa"
        ]
    ],
    "埋蛇": [
        "埋蛇",
        "Buried snake",
        "埋藏蛇",
        [
            "埋藏",
            "蛇",
            "蛇类",
            "埋",
            "蛙",
            "蟒蛇",
            "蜘蛛",
            "蝎",
            "蟾蜍",
            "毒蛇",
            "埋入",
            "挖出",
            "巨蛇",
            "蜈蚣",
            "挖到",
            "散落",
            "深埋",
            "挖掘出",
            "挖出来",
            "发掘出来"
        ]
    ],
    "紫诰": [
        "紫诰",
        "Purple patent",
        "紫色专利",
        [
            "紫色",
            "专利",
            "专利权",
            "黄色",
            "粉红色",
            "白色",
            "红色",
            "黄绿色",
            "蓝色",
            "紫红色",
            "深红色",
            "深蓝色",
            "申请专利",
            "专利申请",
            "发明专利",
            "知识产权",
            "商标注册",
            "专利技术",
            "注册商标",
            "实用新型"
        ]
    ],
    "鸾": [
        "鸾",
        "Luan",
        "一种烹调的菜肴",
        [
            "烹调",
            "菜肴",
            "菜式",
            "菜色",
            "烹饪",
            "道菜",
            "调味",
            "食材",
            "佳肴",
            "烹煮",
            "烹制",
            "调料",
            "糕点",
            "腌制",
            "酱料",
            "点心",
            "调味料",
            "油炸",
            "配料"
        ]
    ],
    "回纸": [
        "回纸",
        "Return paper",
        "返回纸",
        [
            "返回",
            "纸",
            "回到",
            "离开",
            "前往",
            "留在",
            "送回",
            "赶回",
            "白纸",
            "来到",
            "用纸",
            "糊",
            "调回",
            "纸张",
            "返国",
            "纸板",
            "纸片",
            "笔",
            "纸制",
            "金箔"
        ]
    ],
    "寄鲜": [
        "寄鲜",
        "Send fresh",
        "送新鲜的",
        [
            "送",
            "新鲜",
            "送来",
            "送去",
            "送给",
            "美味",
            "送到",
            "食材",
            "送至",
            "分送",
            "好吃",
            "去取",
            "可口",
            "还给",
            "水果",
            "放",
            "牛奶",
            "蜜糖",
            "甜食",
            "的食品"
        ]
    ],
    "进果": [
        "进果",
        "Into the fruit",
        "变成水果",
        [
            "变成",
            "水果",
            "变为",
            "蔬菜",
            "变回",
            "玉米",
            "消失",
            "蔬果",
            "转变成",
            "可食用",
            "豆类",
            "蜂蜜",
            "果树",
            "马铃薯",
            "转化成",
            "演变成",
            "花生",
            "换成",
            "转成",
            "替换成"
        ]
    ],
    "埋钱": [
        "埋钱",
        "Buried money",
        "埋藏的钱",
        [
            "埋藏",
            "钱",
            "银子",
            "分钱",
            "埋",
            "钱财",
            "买",
            "银两",
            "借钱",
            "没钱",
            "一大笔钱",
            "埋入",
            "挖出",
            "花钱",
            "挖到",
            "散落",
            "深埋",
            "挖掘出",
            "挖出来",
            "发掘出来"
        ]
    ],
    "伏剑": [
        "伏剑",
        "FuJian",
        "福建",
        [
            "福建",
            "漳州",
            "福州",
            "泉州",
            "广东",
            "闽粤",
            "厦门",
            "潮州",
            "潮汕",
            "兴化"
        ]
    ],
    "截发": [
        "截发",
        "Cut hair",
        "剪头发",
        []
    ],
    "显忠": [
        "显忠",
        "Show loyalty",
        "显示忠诚",
        [
            "显示",
            "忠诚",
            "忠心",
            "表明",
            "坚定",
            "忠于",
            "正直",
            "谦逊",
            "衷心",
            "负责任",
            "不屈不挠",
            "忠贞",
            "推测",
            "辨识",
            "标示出",
            "结果显示",
            "看出",
            "推断",
            "揭示",
            "说明了"
        ]
    ],
    "乌翔": [
        "乌翔",
        "Wu Xiang",
        "吴湘",
        []
    ],
    "尝吐": [
        "尝吐",
        "Taste vomit",
        "品尝呕吐物",
        [
            "品尝",
            "呕吐物",
            "享用",
            "吃到",
            "吃完",
            "佳肴",
            "点心",
            "好吃",
            "爱吃",
            "饮茶",
            "新鲜",
            "喉咙",
            "针筒",
            "脱水",
            "胃部",
            "刺鼻",
            "睡觉时",
            "喷嚏",
            "水杯",
            "其会"
        ]
    ],
    "噬": [
        "噬",
        "Bite",
        "咬",
        [
            "咬",
            "嘴巴",
            "爪子",
            "被咬",
            "撕开",
            "腿",
            "螫",
            "拔掉",
            "扑",
            "撕"
        ]
    ],
    "指": [
        "指",
        "finger",
        "手指",
        [
            "手指",
            "手掌",
            "手臂",
            "拇指",
            "食指",
            "双手",
            "腿",
            "左手",
            "指头",
            "指尖"
        ]
    ],
    "燕贺人": [
        "燕贺人",
        "Yanhe people",
        "延河人",
        []
    ],
    "门无": [
        "门无",
        "No door",
        "没有门",
        [
            "没有",
            "门",
            "没",
            "并未",
            "无法",
            "不会",
            "不能",
            "从未",
            "未",
            "没有人",
            "门内",
            "很难",
            "四门",
            "二门",
            "门上",
            "小门",
            "东门",
            "道门",
            "三门",
            "后门"
        ]
    ],
    "聘": [
        "聘",
        "Hire",
        "雇用",
        [
            "雇用",
            "雇佣",
            "受雇",
            "聘用",
            "雇员",
            "雇",
            "聘请",
            "雇主",
            "雇请",
            "管理者"
        ]
    ],
    "慈母": [
        "慈母",
        "mother",
        "母亲",
        [
            "母亲",
            "父亲",
            "父母",
            "女儿",
            "祖母",
            "妻子",
            "双亲",
            "丈夫",
            "妹妹",
            "外祖母"
        ]
    ],
    "手中": [
        "手中",
        "Hands",
        "手",
        [
            "手",
            "左手",
            "右手",
            "双手",
            "挥",
            "握",
            "弓",
            "手脚",
            "一手",
            "在手"
        ]
    ],
    "芬芳": [
        "芬芳",
        "fragrance",
        "香味",
        [
            "香味",
            "香气",
            "味道",
            "气味",
            "甜味",
            "风味",
            "酸味",
            "苦味",
            "果香",
            "味"
        ]
    ],
    "孟母": [
        "孟母",
        "Meng Mu",
        "孟母",
        []
    ],
    "邻": [
        "邻",
        "neighbouring",
        "邻近的",
        [
            "邻近",
            "附近",
            "临近",
            "邻近地区",
            "位处",
            "周边",
            "区内",
            "周边地区",
            "中心地带",
            "比邻"
        ]
    ],
    "家有": [
        "家有",
        "Home has",
        "家有",
        []
    ],
    "亲": [
        "亲",
        "Dear",
        "亲爱的",
        [
            "亲爱的",
            "爱人",
            "对不起",
            "爱",
            "爸爸",
            "我家",
            "老婆",
            "最爱",
            "挚爱",
            "一句话"
        ]
    ],
    "游子": [
        "游子",
        "Wanderer",
        "流浪者",
        [
            "流浪者",
            "利物浦",
            "格拉斯哥",
            "切尔西",
            "南安普顿",
            "阿森纳",
            "米德尔斯堡",
            "布莱克本",
            "西汉姆联",
            "埃弗顿"
        ]
    ],
    "身上": [
        "身上",
        "Body",
        "身体",
        [
            "身体",
            "躯体",
            "全身",
            "肌肉",
            "四肢",
            "眼睛",
            "身躯",
            "双腿",
            "双脚",
            "胸部"
        ]
    ],
    "孝子": [
        "孝子",
        "Son",
        "儿子",
        [
            "儿子",
            "弟弟",
            "女儿",
            "兄长",
            "妻子",
            "哥哥",
            "侄子",
            "孙子",
            "幼子",
            "侄儿"
        ]
    ],
    "怀橘": [
        "怀橘",
        "Orange",
        "橙色的",
        [
            "橙色",
            "黄色",
            "红色",
            "蓝色",
            "绿色",
            "深蓝色",
            "粉红色",
            "紫色",
            "浅蓝色",
            "橘色"
        ]
    ],
    "竹笋": [
        "竹笋",
        "Bamboo shoot",
        "笋",
        [
            "笋",
            "棉",
            "面线",
            "菱角",
            "桂花",
            "熟",
            "萝卜",
            "石榴",
            "核桃",
            "拢"
        ]
    ],
    "潘舆": [
        "潘舆",
        "Pan Yu",
        "潘宇",
        []
    ],
    "棒": [
        "棒",
        "good",
        "好的",
        []
    ],
    "檄": [
        "檄",
        "Xi",
        "xi",
        [
            "xi",
            "gu",
            "ki",
            "j",
            "u",
            "dz",
            "ph",
            "w",
            "Pardosa",
            "</s>"
        ]
    ],
    "涌泉": [
        "涌泉",
        "estavel",
        "地下河",
        [
            "地下河",
            "溶洞",
            "暗河",
            "喀斯特",
            "库区",
            "岩洞",
            "小河",
            "石笋",
            "流沙",
            "都从"
        ]
    ],
    "彩衣": [
        "彩衣",
        "Colored clothes",
        "彩色衣服",
        [
            "衣服",
            "鞋子",
            "衣物",
            "穿着",
            "大衣",
            "外套",
            "裤子",
            "鞋",
            "衣裳",
            "外衣"
        ]
    ],
    "卧冰": [
        "卧冰",
        "Lying ice",
        "躺冰",
        [
            "躺",
            "冰",
            "躺在",
            "冰层",
            "融化",
            "床上",
            "冰冻",
            "睡",
            "冰山",
            "身子",
            "冰块",
            "冰河",
            "躺卧",
            "融解",
            "蹲",
            "躺着",
            "冻",
            "只见",
            "上身",
            "雪"
        ]
    ],
    "烹鱼": [
        "烹鱼",
        "Cooking fish",
        "烹饪鱼",
        [
            "烹饪",
            "鱼",
            "烹调",
            "料理",
            "鱼为",
            "鲨",
            "鲫",
            "鱼属",
            "石斑鱼",
            "鳖",
            "鱼是",
            "菜肴",
            "带鱼",
            "鲻",
            "饮食",
            "厨师",
            "饮茶",
            "泡茶",
            "糕点",
            "做菜"
        ]
    ],
    "扇": [
        "扇",
        "Fan",
        "迷",
        [
            "迷",
            "爱好者",
            "影迷",
            "酷",
            "跟风",
            "发烧友",
            "眼红",
            "大叔",
            "有心",
            "时亦"
        ]
    ],
    "驯": [
        "驯",
        "tame",
        "驯服的",
        [
            "驯服",
            "驾驭",
            "猎手",
            "人和",
            "迷惑",
            "骡",
            "随心所欲",
            "为了让",
            "在手",
            "才行"
        ]
    ],
    "江鱼": [
        "江鱼",
        "River fish",
        "河鱼",
        []
    ],
    "卫幕": [
        "卫幕",
        "Guard curtain",
        "防护帘",
        [
            "防护",
            "帘",
            "防水",
            "防弹",
            "防",
            "掩体",
            "防爆",
            "配备",
            "破片",
            "护甲",
            "槛",
            "玉",
            "防盗",
            "锦",
            "腰",
            "帷",
            "垫",
            "长方",
            "银带",
            "</s>"
        ]
    ],
    "锡金": [
        "锡金",
        "sikkim",
        "锡金",
        [
            "锡金",
            "尼泊尔",
            "不丹",
            "缅甸",
            "拉达克",
            "克什米尔",
            "孟加拉",
            "阿萨姆邦",
            "亚东",
            "喀什米尔"
        ]
    ],
    "跃": [
        "跃",
        "spring",
        "弹簧",
        [
            "弹簧",
            "连杆",
            "轴承",
            "液压",
            "车轮",
            "油压",
            "刚性",
            "支架",
            "琴弦",
            "飞轮"
        ]
    ],
    "春酒": [
        "春酒",
        "Spring wine",
        "春季葡萄酒",
        [
            "春季",
            "葡萄酒",
            "秋季",
            "冬季",
            "酿造",
            "秋天",
            "红酒",
            "葡萄",
            "白葡萄酒",
            "橄榄油",
            "夏天",
            "香槟",
            "干邑",
            "雪利酒",
            "春天",
            "白兰地",
            "月份",
            "中旬",
            "夏末",
            "初夏"
        ]
    ],
    "负米": [
        "负米",
        "Negative rice",
        "阴性大米",
        [
            "阴性",
            "大米",
            "阳性",
            "大豆",
            "棉花",
            "稻米",
            "小麦",
            "玉米",
            "蔬菜",
            "白糖",
            "谷物",
            "马铃薯",
            "形容词",
            "单数",
            "中性",
            "复数",
            "有性",
            "特征性",
            "同义",
            "比如说"
        ]
    ],
    "分椹": [
        "分椹",
        "Sub - structure",
        "子结构",
        []
    ],
    "驱蚊": [
        "驱蚊",
        "Mosquito repellent",
        "驱蚊剂",
        []
    ],
    "搏虎": [
        "搏虎",
        "Beating tiger",
        "打老虎",
        []
    ],
    "陟": [
        "陟",
        "Chang",
        "张",
        []
    ],
    "岵": [
        "岵",
        "Okada",
        "冈田",
        [
            "冈田",
            "佐藤",
            "长谷川",
            "木下",
            "高桥",
            "田中",
            "星野",
            "小林",
            "伊藤",
            "中村"
        ]
    ],
    "佳节": [
        "佳节",
        "festival",
        "节日",
        [
            "节日",
            "节庆",
            "传统节日",
            "庆典",
            "新年",
            "庆祝",
            "庆典活动",
            "圣诞节",
            "复活节",
            "娱乐活动"
        ]
    ],
    "驻": [
        "驻",
        "Resident",
        "居民",
        [
            "居民",
            "村民",
            "市民",
            "当地人",
            "区内",
            "本地人",
            "当地政府",
            "周边地区",
            "岛民",
            "邻近地区"
        ]
    ],
    "泣杖": [
        "泣杖",
        "Tearing rod",
        "撕裂杆",
        [
            "撕裂",
            "杆",
            "断裂",
            "撕开",
            "碎裂",
            "失去平衡",
            "伤及",
            "板",
            "针",
            "车轮",
            "破碎",
            "小腿",
            "锤",
            "扳",
            "推杆",
            "错位",
            "拇指",
            "底板",
            "把手",
            "受伤害"
        ]
    ],
    "朱颜": [
        "朱颜",
        "peach blossom face of a beauty",
        "桃花脸一美",
        []
    ],
    "亲舍": [
        "亲舍",
        "Parents",
        "双亲",
        [
            "双亲",
            "父母",
            "母亲",
            "父母亲",
            "祖母",
            "祖父母",
            "外祖母",
            "哥哥",
            "外婆",
            "姊姊"
        ]
    ],
    "衔恩重": [
        "衔恩重",
        "Weight of title and grace",
        "头衔和优雅的重量",
        [
            "头衔",
            "优雅",
            "重量",
            "总重量",
            "高雅",
            "优美",
            "称号",
            "典雅",
            "总重",
            "华丽",
            "迷人",
            "尺寸",
            "封号",
            "配重",
            "庄重",
            "体积",
            "名衔",
            "朴素",
            "车重",
            "雅致",
            "载重量",
            "爵位",
            "名号",
            "与众不同",
            "荣衔",
            "载重",
            "衔头",
            "职衔",
            "载荷",
            "官衔"
        ]
    ],
    "委曲": [
        "委曲",
        "winding",
        "弯曲的",
        [
            "弯曲",
            "倾斜",
            "伸展",
            "平直",
            "伸长",
            "凸起",
            "直角",
            "侧向",
            "下垂",
            "突起"
        ]
    ],
    "颜体": [
        "颜体",
        "Yan ti",
        "燕姿",
        []
    ],
    "远传": [
        "远传",
        "Remote transmission",
        "远距离传输",
        [
            "远距离",
            "传输",
            "数据传输",
            "近距离",
            "传送",
            "传输数据",
            "长距离",
            "链路",
            "存储",
            "以太网",
            "短距离",
            "光纤",
            "通信",
            "终端",
            "视距",
            "近战",
            "远距",
            "中距离",
            "并能",
            "近距"
        ]
    ],
    "冬笋": [
        "冬笋",
        "winter bamboo shoots",
        "冬季竹笋",
        [
            "冬季",
            "竹笋",
            "夏季",
            "春季",
            "冬天",
            "秋季",
            "夏天",
            "芋头",
            "严寒",
            "西瓜",
            "香菇",
            "番薯",
            "初冬",
            "夏季则",
            "韭菜",
            "瓜子",
            "冬瓜",
            "竹叶",
            "菱角",
            "夏季时"
        ]
    ],
    "咪": [
        "咪",
        "Mi",
        "大音阶的第三音",
        [
            "音",
            "发音",
            "音调",
            "读音",
            "韵",
            "浊音",
            "同音",
            "鼻音",
            "上声",
            "读法"
        ]
    ],
    "登山": [
        "登山",
        "Mountaineering",
        "爬山",
        [
            "爬山",
            "跑步",
            "徒步",
            "骑行",
            "雪地",
            "上山",
            "--",
            "；还有",
            "</s>",
            "Pardosa"
        ]
    ],
    "双日": [
        "双日",
        "Double day",
        "双日",
        []
    ],
    "异乡": [
        "异乡",
        "strange land",
        "陌生的土地",
        [
            "陌生",
            "土地",
            "农地",
            "耕地",
            "田地",
            "用地",
            "田产",
            "国有土地",
            "荒地",
            "农田",
            "熟悉",
            "所有权",
            "奇怪",
            "好奇",
            "困惑",
            "陌生人",
            "无聊",
            "孤单",
            "险恶",
            "寻常"
        ]
    ],
    "望云": [
        "望云",
        "Looking at the clouds",
        "看着云层",
        [
            "看着",
            "云层",
            "看著",
            "盯着",
            "对流层",
            "大气层",
            "抱着",
            "看到",
            "卷云",
            "云雾",
            "哭泣",
            "冰晶",
            "吓坏",
            "平流层",
            "大气",
            "身旁",
            "雾气",
            "好像",
            "就让",
            "云彩"
        ]
    ],
    "得": [
        "得",
        "Have to",
        "必须",
        [
            "必须",
            "必需",
            "需要",
            "不能",
            "能够",
            "不必",
            "才会",
            "需",
            "只能",
            "须要"
        ]
    ],
    "黄耳": [
        "黄耳",
        "Yellow ear",
        "黄色耳朵",
        [
            "黄色",
            "耳朵",
            "红色",
            "白色",
            "紫色",
            "粉红色",
            "橙色",
            "鼻子",
            "黄绿色",
            "蓝色",
            "橙黄色",
            "深蓝色",
            "眼睛",
            "舌头",
            "嘴唇",
            "脖子",
            "额头",
            "嘴巴",
            "下巴",
            "前额"
        ]
    ],
    "家书": [
        "家书",
        "The Letter",
        "信",
        [
            "信",
            "义统",
            "回信",
            "这封",
            "昌幸",
            "信里",
            "忠",
            "家书",
            "孝",
            "和信"
        ]
    ],
    "送": [
        "送",
        "Send",
        "派遣",
        [
            "派遣",
            "派出",
            "派来",
            "求援",
            "受命",
            "随行",
            "随同",
            "援救",
            "指派",
            "调遣"
        ]
    ],
    "喜频": [
        "喜频",
        "Joy frequency",
        "快乐频率",
        [
            "快乐",
            "频率",
            "振幅",
            "幸福",
            "Hz",
            "kHz",
            "美好",
            "频谱",
            "欢乐",
            "频带",
            "开心",
            "基频",
            "增益",
            "阈值",
            "无忧无虑",
            "愉快",
            "孤独",
            "甜蜜",
            "寂寞",
            "高频率"
        ]
    ],
    "骞飞": [
        "骞飞",
        "Fly away",
        "飞走",
        [
            "飞走",
            "飞到",
            "飞来",
            "飞向",
            "那只",
            "化作",
            "飞奔",
            "来时",
            "乌鸦",
            "突然间"
        ]
    ],
    "报主身": [
        "报主身",
        "Report to the Lord",
        "向上帝报告",
        [
            "上帝",
            "报告",
            "调查报告",
            "耶和华",
            "祂",
            "圣灵",
            "真主",
            "恩典",
            "基督",
            "造物主",
            "安拉",
            "调查结果",
            "启示",
            "研究报告",
            "年度报告",
            "分析报告",
            "通报",
            "份文件",
            "简报",
            "统计数据"
        ]
    ],
    "更觉": [
        "更觉",
        "More awareness",
        "提高认识",
        []
    ],
    "圣朝": [
        "圣朝",
        "Holy dynasty",
        "神圣的王朝",
        [
            "神圣",
            "王朝",
            "王朝在",
            "王国",
            "苏丹国",
            "王朝所",
            "统治者",
            "世俗",
            "王国在",
            "王朝时",
            "王族",
            "拜占庭帝国",
            "圣杯",
            "至高无上",
            "保护者",
            "荣耀",
            "异教徒",
            "象征性",
            "圣者",
            "安息"
        ]
    ],
    "新孝理": [
        "新孝理",
        "New Filial Piety",
        "新孝道",
        [
            "新",
            "孝道",
            "新的",
            "礼法",
            "孝顺",
            "仁义",
            "德行",
            "人伦",
            "祖宗",
            "圣贤",
            "原先",
            "另行",
            "最初",
            "美善",
            "一新",
            "辈",
            "从新",
            "取而代之",
            "新近",
            "上新"
        ]
    ],
    "云沉": [
        "云沉",
        "Clouds sink",
        "云下沉",
        [
            "云",
            "下沉",
            "沉降",
            "抬升",
            "塌陷",
            "入水",
            "下陷",
            "下坠",
            "浮起",
            "上浮",
            "尘",
            "幽",
            "散开",
            "寒",
            "阳",
            "名曰",
            "碧",
            "皓",
            "虹",
            "容"
        ]
    ],
    "亲含": [
        "亲含",
        "Pro - inclusion",
        "支持包容",
        [
            "支持",
            "包容",
            "反对",
            "拥护",
            "支持者",
            "多元文化",
            "赞同",
            "赞成",
            "大力支持",
            "宽容",
            "真诚",
            "和谐",
            "全力支持",
            "默许",
            "建设性",
            "背书",
            "美善",
            "生活态度",
            "诚恳",
            "渴求"
        ]
    ],
    "祖席": [
        "祖席",
        "Ancestor seat",
        "祖先座位",
        [
            "祖先",
            "座位",
            "先祖",
            "后代",
            "后裔",
            "血缘",
            "始祖",
            "氏族",
            "远祖",
            "座席",
            "可容纳",
            "的族",
            "起源",
            "能容纳",
            "观众席",
            "长椅",
            "坐位",
            "露天",
            "一层楼",
            "正中央"
        ]
    ],
    "倍恩光": [
        "倍恩光",
        "Beingguang",
        "贝恩斯光",
        [
            "光",
            "瞳",
            "红光",
            "暗",
            "光和",
            "白光",
            "亮",
            "和光",
            "日光",
            "虹"
        ]
    ],
    "风动": [
        "风动",
        "Wind power",
        "风力",
        [
            "风力",
            "风速",
            "阵风",
            "强风",
            "风势",
            "强度",
            "烈风",
            "气压",
            "雨势",
            "狂风"
        ]
    ],
    "叔侄": [
        "叔侄",
        "An uncle",
        "叔叔",
        [
            "叔叔",
            "哥哥",
            "弟弟",
            "父亲",
            "舅舅",
            "继父",
            "他的兄弟",
            "的兄弟",
            "侄子",
            "表弟"
        ]
    ]
}