{
    "傍竹眠": [
        "傍竹眠",
        "Bamboo sleeping",
        "竹子睡眠",
        [
            "竹子",
            "睡眠",
            "芦苇",
            "竹节",
            "原木",
            "木头",
            "睡眠中",
            "呼吸",
            "清醒",
            "REM",
            "生理",
            "葫芦",
            "桑树",
            "知觉",
            "大树",
            "排便",
            "失眠",
            "竹叶",
            "痉挛",
            "栽"
        ]
    ],
    "迎门": [
        "迎门",
        "Face the door",
        "面对门",
        [
            "面对",
            "门",
            "面临",
            "门内",
            "遭遇",
            "面对着",
            "四门",
            "二门",
            "门上",
            "深知",
            "小门",
            "东门",
            "眼见",
            "道门",
            "三门",
            "无能为力",
            "受制于",
            "后门",
            "随之而来",
            "接踵而来"
        ]
    ],
    "寒盟": [
        "寒盟",
        "Cold alliance",
        "冷联盟",
        [
            "冷",
            "联盟",
            "该联盟",
            "的联盟",
            "冻",
            "Alliance",
            "自由联盟",
            "新联盟",
            "国家联盟",
            "Union",
            "寒",
            "冷热",
            "凝",
            "冷水",
            "三巨头",
            "的组织",
            "的水",
            "稀",
            "和气",
            "</s>"
        ]
    ],
    "惊座": [
        "惊座",
        "Shocked seat",
        "震惊座位",
        [
            "震惊",
            "座位",
            "愤慨",
            "震撼",
            "震怒",
            "愤怒",
            "惊讶",
            "不安",
            "愤恨",
            "惊愕",
            "忧心",
            "座席",
            "可容纳",
            "能容纳",
            "观众席",
            "长椅",
            "坐位",
            "露天",
            "一层楼",
            "正中央"
        ]
    ],
    "联句": [
        "联句",
        "Joint sentence",
        "联合判决",
        [
            "联合",
            "判决",
            "裁决",
            "裁定",
            "上诉",
            "法院",
            "被告",
            "原告",
            "宣判",
            "民事诉讼",
            "最高法院",
            "牵头",
            "共同",
            "为首",
            "合组",
            "倡议",
            "联合行动",
            "重新组建",
            "协同",
            "建立联系"
        ]
    ],
    "二年": [
        "二年",
        "Two years",
        "两年",
        []
    ],
    "隔绝": [
        "隔绝",
        "Isolation",
        "隔离",
        [
            "隔离",
            "隔绝",
            "封闭",
            "强制",
            "分离",
            "监护",
            "永久性",
            "受控",
            "分开",
            "可避免"
        ]
    ],
    "片言": [
        "片言",
        "Film speech",
        "电影演讲",
        [
            "电影",
            "演讲",
            "演说",
            "影片",
            "讲演",
            "发表演说",
            "经典电影",
            "演讲时",
            "讲话",
            "歌舞片",
            "片子",
            "恐怖电影",
            "致辞",
            "科幻电影",
            "恐怖片",
            "喜剧片",
            "演讲会",
            "新片",
            "就职演说",
            "演讲者"
        ]
    ],
    "成访": [
        "成访",
        "Cheng visit",
        "程访",
        []
    ],
    "约": [
        "约",
        "About",
        "关于",
        []
    ],
    "评诗": [
        "评诗",
        "Comment on poetry",
        "诗歌评论",
        []
    ],
    "旧话": [
        "旧话",
        "Old word",
        "旧词",
        []
    ],
    "添杯": [
        "添杯",
        "Add a cup",
        "加一杯",
        [
            "加",
            "特",
            "纳",
            "沙",
            "加在",
            "赞",
            "延",
            "加有",
            "另加",
            "</s>"
        ]
    ],
    "百岁": [
        "百岁",
        "100 years old",
        "100岁",
        []
    ],
    "相逢": [
        "相逢",
        "come across",
        "偶遇",
        [
            "偶遇",
            "巧遇",
            "邂逅",
            "遇见",
            "相识",
            "相遇",
            "碰见",
            "偶然",
            "碰巧",
            "恰巧"
        ]
    ],
    "一见": [
        "一见",
        "See you",
        "再见",
        [
            "再见",
            "妳",
            "谢谢",
            "插曲",
            "告别",
            "艳阳天",
            "想念",
            "想见",
            "我家",
            "<BR>"
        ]
    ],
    "花朝": [
        "花朝",
        "birthday of flowers",
        "鲜花生日",
        [
            "鲜花",
            "生日",
            "花篮",
            "玫瑰花",
            "蜡烛",
            "生辰",
            "盛放",
            "花朵",
            "花束",
            "情人节",
            "圣诞节",
            "庆祝",
            "母亲节",
            "订婚",
            "装点",
            "欢度",
            "花园里",
            "初次见面",
            "父亲节",
            "手拿"
        ]
    ],
    "鸡黍": [
        "鸡黍",
        "Chicken millet",
        "鸡小米",
        [
            "鸡",
            "小米",
            "猪",
            "肉",
            "牛",
            "鹅",
            "鸭",
            "饭",
            "苹果",
            "羊",
            "奶",
            "大头",
            "新品",
            "黑莓",
            "系列产品",
            "桔",
            "土豆",
            "竹叶",
            "瓜子",
            "</s>"
        ]
    ],
    "成约": [
        "成约",
        "Contract formation",
        "合同订立",
        [
            "合同",
            "订立",
            "合约",
            "议定",
            "合同规定",
            "订定",
            "签订合同",
            "缔结",
            "定下",
            "制订",
            "订明",
            "选择权",
            "订下",
            "协议",
            "订",
            "买断",
            "定立",
            "报价",
            "协议书",
            "履约"
        ]
    ],
    "夕园": [
        "夕园",
        "Evening garden",
        "傍晚花园",
        [
            "傍晚",
            "花园",
            "中午",
            "早上",
            "晚上",
            "下午",
            "凌晨",
            "清晨",
            "早晨",
            "时分",
            "晚间",
            "庭院",
            "别墅",
            "长廊",
            "洋房",
            "庭园",
            "凉亭",
            "中庭",
            "游乐场",
            "玫瑰园"
        ]
    ],
    "成此": [
        "成此",
        "In this way",
        "这样",
        []
    ],
    "岂惮": [
        "岂惮",
        "Fear",
        "害怕",
        [
            "害怕",
            "惧怕",
            "畏惧",
            "担心",
            "怕",
            "痛恨",
            "怨恨",
            "厌恶",
            "憎恨",
            "责怪"
        ]
    ],
    "遥": [
        "遥",
        "far",
        "远的",
        [
            "远",
            "近",
            "已远",
            "更远",
            "少",
            "多于",
            "几倍",
            "数倍",
            "距离远",
            "<tr>"
        ]
    ],
    "上青霄": [
        "上青霄",
        "On the green sky",
        "在绿色的天空上",
        [
            "绿色",
            "天空",
            "夜空",
            "橙色",
            "黄色",
            "红色",
            "蓝色",
            "白色",
            "星空",
            "月亮",
            "地平线",
            "粉红色",
            "紫色",
            "浅绿色",
            "星辰",
            "深蓝色",
            "黑夜",
            "星星",
            "闪耀",
            "流星"
        ]
    ],
    "不遇": [
        "不遇",
        "Not once in a while",
        "不是偶尔",
        [
            "偶尔",
            "有时候",
            "偶而",
            "经常",
            "不时",
            "时常",
            "常常",
            "多半",
            "平常",
            "而会"
        ]
    ],
    "题凡": [
        "题凡",
        "Title",
        "标题",
        [
            "标题",
            "副标题",
            "开头",
            "原文",
            "书名",
            "曲名",
            "结尾",
            "歌名",
            "末尾",
            "篇名"
        ]
    ],
    "云碓静": [
        "云碓静",
        "Yunqijing",
        "云琪",
        []
    ],
    "寻竹径": [
        "寻竹径",
        "Finding bamboo diameter",
        "寻找竹子直径",
        [
            "寻找",
            "竹子",
            "直径",
            "找寻",
            "直径约",
            "找到",
            "寻觅",
            "找出",
            "厚度",
            "芦苇",
            "追寻",
            "宽度",
            "球形",
            "高约",
            "半径",
            "四处寻找",
            "竹节",
            "原木",
            "木头",
            "cm",
            "椭圆形",
            "找回",
            "圆形",
            "探寻",
            "找",
            "葫芦",
            "桑树",
            "大树",
            "竹叶",
            "栽"
        ]
    ],
    "君去": [
        "君去",
        "Jun, go",
        "小君，走",
        [
            "走",
            "回头",
            "前行",
            "走到",
            "走去",
            "跟着",
            "丢下",
            "走回",
            "放",
            "停下来"
        ]
    ],
    "不逢": [
        "不逢",
        "Not at all",
        "一点也不",
        []
    ],
    "诗酒侣": [
        "诗酒侣",
        "Poetry and wine lovers",
        "诗歌和葡萄酒爱好者",
        [
            "诗歌",
            "葡萄酒",
            "爱好者",
            "抒情诗",
            "诗作",
            "文学作品",
            "散文",
            "文学",
            "诗篇",
            "诗词",
            "诗",
            "酿造",
            "短诗",
            "红酒",
            "葡萄",
            "白葡萄酒",
            "橄榄油",
            "发烧友",
            "香槟",
            "干邑",
            "雪利酒",
            "爱好",
            "白兰地",
            "迷",
            "同好",
            "有兴趣",
            "影迷",
            "创作者",
            "制作者",
            "而出名"
        ]
    ],
    "踏霜": [
        "踏霜",
        "Step frost",
        "阶梯霜",
        [
            "阶梯",
            "霜",
            "台阶",
            "走道",
            "石阶",
            "拱门",
            "斜坡",
            "门廊",
            "入口",
            "圆顶",
            "寒",
            "拾级而上",
            "雪",
            "雨",
            "幽",
            "暗",
            "尘",
            "苍",
            "凝",
            "虹"
        ]
    ],
    "归远店": [
        "归远店",
        "Home store",
        "家庭商店",
        [
            "家庭",
            "商店",
            "店铺",
            "的商店",
            "超市",
            "店面",
            "百货公司",
            "中产阶级",
            "零售店",
            "餐馆",
            "小店",
            "商家",
            "家庭成员",
            "大家庭",
            "贫穷",
            "父母",
            "家庭主妇",
            "父母亲",
            "兄弟姐妹",
            "普通家庭"
        ]
    ],
    "石碑": [
        "石碑",
        "Stone tablet",
        "石碑",
        [
            "石碑",
            "碑",
            "碑文",
            "墓碑",
            "碑刻",
            "碑记",
            "立碑",
            "碑石",
            "牌匾",
            "立于"
        ]
    ],
    "久坐": [
        "久坐",
        "Sedentary",
        "久坐的",
        []
    ],
    "落藤花": [
        "落藤花",
        "Falling vine flower",
        "蔓藤花",
        [
            "花",
            "花上",
            "小花",
            "萝卜",
            "兰花",
            "白花",
            "牵牛",
            "大花",
            "光阴",
            "红豆"
        ]
    ],
    "予来": [
        "予来",
        "To come",
        "未来地",
        [
            "未来",
            "将来",
            "将会",
            "愿景",
            "期望",
            "下一代",
            "更进一步",
            "今后",
            "预见",
            "未来会"
        ]
    ],
    "空背": [
        "空背",
        "Empty back",
        "空背",
        []
    ],
    "照空": [
        "照空",
        "Shine empty",
        "空照",
        []
    ],
    "喜友": [
        "喜友",
        "Happy friend",
        "快乐的朋友",
        [
            "快乐",
            "朋友",
            "好朋友",
            "好友",
            "朋友们",
            "幸福",
            "熟人",
            "老友",
            "同事",
            "美好",
            "密友",
            "老朋友",
            "女朋友",
            "欢乐",
            "开心",
            "无忧无虑",
            "愉快",
            "孤独",
            "甜蜜",
            "寂寞"
        ]
    ],
    "见访": [
        "见访",
        "your visit",
        "你的来访",
        [
            "来访",
            "到访",
            "招待",
            "拜访",
            "造访",
            "会面",
            "下榻",
            "参访",
            "会面时",
            "光临"
        ]
    ],
    "下榻": [
        "下榻",
        "Stay",
        "逗留",
        [
            "逗留",
            "停留",
            "滞留",
            "到访",
            "造访",
            "探访",
            "过夜",
            "长途跋涉",
            "起程",
            "长住"
        ]
    ],
    "叙别": [
        "叙别",
        "Classification",
        "分类",
        [
            "分类",
            "归类",
            "分类法",
            "定义",
            "分类学",
            "归入",
            "类群",
            "归纳",
            "形态学",
            "界定"
        ]
    ],
    "握手": [
        "握手",
        "Handshake",
        "握手",
        [
            "握手",
            "问候",
            "打招呼",
            "鞠躬",
            "打气",
            "击掌",
            "参加者",
            "合影",
            "合照",
            "全体成员"
        ]
    ],
    "开颜": [
        "开颜",
        "smile",
        "微笑",
        [
            "微笑",
            "笑容",
            "笑脸",
            "亲吻",
            "拥抱",
            "深情",
            "样子",
            "仿佛",
            "走来",
            "大人物"
        ]
    ],
    "论文": [
        "论文",
        "Paper",
        "纸",
        [
            "纸",
            "白纸",
            "用纸",
            "糊",
            "纸张",
            "纸板",
            "纸片",
            "笔",
            "纸制",
            "金箔"
        ]
    ],
    "话旧": [
        "话旧",
        "Talk old",
        "老说话",
        [
            "老",
            "说话",
            "说出",
            "交谈",
            "言语",
            "讲出",
            "讲",
            "说谎",
            "好像",
            "话语",
            "咒骂",
            "杨家",
            "据说",
            "外公",
            "从前",
            "据传",
            "来由",
            "据闻",
            "Pardosa",
            "</s>"
        ]
    ],
    "倒履": [
        "倒履",
        "Reverse shoe",
        "反向鞋",
        [
            "反向",
            "鞋",
            "鞋子",
            "拖鞋",
            "裤子",
            "袜子",
            "外套",
            "运动鞋",
            "鞋底",
            "靴子",
            "背心",
            "偏移",
            "反转",
            "偏置",
            "径向",
            "交叉",
            "启动时",
            "反之亦然",
            "种系统",
            "也就是说"
        ]
    ],
    "白饭": [
        "白饭",
        "Plain white rice",
        "白米",
        [
            "白米",
            "米粮",
            "面粉",
            "粟米",
            "酱油",
            "大米",
            "瓜子",
            "红糖",
            "番薯",
            "馒头"
        ]
    ],
    "话十": [
        "话十",
        "Words 10",
        "文字10",
        [
            "文字",
            "书写",
            "文本",
            "手写",
            "楔形文字",
            "象形文字",
            "字词",
            "文句",
            "注释",
            "注解"
        ]
    ],
    "喜同": [
        "喜同",
        "Xi tong",
        "西塘",
        [
            "西塘",
            "彭山",
            "合川",
            "石门",
            "桥头",
            "德昌",
            "铜山",
            "黄龙",
            "Pardosa",
            "</s>"
        ]
    ],
    "过茅宇": [
        "过茅宇",
        "Guo Mao Yu",
        "国茂·余",
        [
            "余",
            "余人",
            "共约",
            "共计",
            "多人",
            "多达",
            "总计",
            "据统计",
            "近百",
            "上百"
        ]
    ],
    "久分": [
        "久分",
        "Long minutes",
        "长时间",
        [
            "长时间",
            "较长时间",
            "短时间",
            "一段时间",
            "长期",
            "长久",
            "但会",
            "以致于",
            "间歇",
            "短时间内"
        ]
    ],
    "交契密": [
        "交契密",
        "Mutual Covenant",
        "共同契约",
        [
            "共同",
            "契约",
            "条款",
            "联合",
            "合作",
            "物权",
            "选择权",
            "义务",
            "协力",
            "协同",
            "约定",
            "携手",
            "履约",
            "保单",
            "共同完成",
            "借贷",
            "主导",
            "一同",
            "合意",
            "都由"
        ]
    ],
    "青刍": [
        "青刍",
        "Green silage",
        "绿色青贮饲料",
        [
            "绿色",
            "橙色",
            "黄色",
            "红色",
            "蓝色",
            "白色",
            "粉红色",
            "紫色",
            "浅绿色",
            "深蓝色"
        ]
    ],
    "久渴": [
        "久渴",
        "Long thirst",
        "长期口渴",
        [
            "长期",
            "口渴",
            "长年",
            "一直",
            "长时间",
            "喝水",
            "仍然",
            "疲乏",
            "疲倦",
            "长期以来",
            "依然",
            "惊恐",
            "饥渴",
            "大便",
            "经常性",
            "晕眩",
            "饿",
            "近十年",
            "流汗",
            "曾一度"
        ]
    ],
    "扫榻": [
        "扫榻",
        "Sweep the couch",
        "扫沙发",
        [
            "扫",
            "沙发",
            "桌子",
            "客厅",
            "椅子",
            "书桌",
            "咖啡店",
            "橱柜",
            "楼上",
            "衣橱",
            "洗",
            "隔壁",
            "吊",
            "大石",
            "弄",
            "滚",
            "放",
            "头",
            "大白",
            "</s>"
        ]
    ],
    "一觞": [
        "一觞",
        "A Shang",
        "阿尚",
        [
            "阿尚",
            "曼托瓦",
            "勒布朗",
            "格洛斯特",
            "亚历山德里亚",
            "艾文",
            "这样一来",
            "从前",
            "Pardosa",
            "</s>"
        ]
    ],
    "穷一": [
        "穷一",
        "Poor one",
        "可怜的一个",
        [
            "可怜",
            "真是",
            "安慰",
            "心里",
            "可悲",
            "嫌弃",
            "无助",
            "居然",
            "庆幸",
            "无能为力"
        ]
    ],
    "夕欢": [
        "夕欢",
        "Evening joy",
        "晚上快乐",
        [
            "晚上",
            "快乐",
            "早上",
            "中午",
            "傍晚",
            "下午",
            "凌晨",
            "晚间",
            "清晨",
            "早晨",
            "午夜",
            "幸福",
            "美好",
            "欢乐",
            "开心",
            "无忧无虑",
            "愉快",
            "孤独",
            "甜蜜",
            "寂寞"
        ]
    ],
    "呼儿": [
        "呼儿",
        "Huer",
        "休尔",
        []
    ],
    "葛巾": [
        "葛巾",
        "Kudzu towel",
        "葛藤毛巾",
        [
            "毛巾",
            "鞋子",
            "衣物",
            "棉被",
            "烫",
            "胶带",
            "纸袋",
            "玻璃瓶",
            "围巾",
            "袜子"
        ]
    ],
    "坐得": [
        "坐得",
        "Sit down",
        "坐下",
        [
            "坐下",
            "椅子",
            "坐着",
            "起身",
            "睡觉",
            "站立",
            "坐到",
            "躺下",
            "一旁",
            "伸手"
        ]
    ],
    "兴因": [
        "兴因",
        "Xing yin",
        "邢寅",
        []
    ],
    "酒合": [
        "酒合",
        "Wine mix",
        "葡萄酒混合物",
        [
            "葡萄酒",
            "混合物",
            "溶剂",
            "组分",
            "酿造",
            "硫酸",
            "红酒",
            "固体",
            "葡萄",
            "氢氧化钠",
            "白葡萄酒",
            "橄榄油",
            "香槟",
            "干邑",
            "雪利酒",
            "液态",
            "盐酸",
            "气态",
            "白兰地",
            "甲醇"
        ]
    ],
    "正思": [
        "正思",
        "Positive thinking",
        "积极思考",
        []
    ],
    "居处": [
        "居处",
        "eco-",
        "生态",
        [
            "生态",
            "生态环境",
            "自然生态",
            "自然环境",
            "生态系统",
            "多样性",
            "生态系",
            "生态平衡",
            "环境保护",
            "生态学"
        ]
    ],
    "愁为": [
        "愁为",
        "Sorrow for",
        "为...悲伤",
        [
            "悲伤",
            "哀伤",
            "忧伤",
            "悲痛",
            "伤心",
            "悲哀",
            "思念",
            "伤感",
            "难过",
            "忧郁"
        ]
    ],
    "忽喜": [
        "忽喜",
        "Suddenly happy",
        "突然高兴起来",
        [
            "突然",
            "高兴",
            "起来",
            "忽然",
            "后悔",
            "吃惊",
            "突然间",
            "生气",
            "十分高兴",
            "感到高兴",
            "感激",
            "欣慰",
            "马上",
            "欣喜",
            "快要",
            "顿时",
            "正要",
            "没多久",
            "立刻",
            "接二连三",
            "就让",
            "一起",
            "紧紧",
            "出去",
            "痛快",
            "慢慢地",
            "上去",
            "好像",
            "大大的",
            "上来"
        ]
    ],
    "各问": [
        "各问",
        "Question by question",
        "一问一问",
        []
    ],
    "篲": [
        "篲",
        "Sassafras",
        "檫木",
        [
            "檫",
            "木",
            "香",
            "竹",
            "赤杨",
            "珠",
            "树",
            "松",
            "黄杉",
            "赤",
            "云杉",
            "青皮",
            "大石",
            "柿",
            "木荷",
            "枫香",
            "算盘子",
            "枫香树",
            "翅子",
            "顶上"
        ]
    ],
    "迎郊": [
        "迎郊",
        "Welcome to the suburbs",
        "欢迎来到郊区",
        [
            "欢迎",
            "来到",
            "郊区",
            "市郊",
            "回到",
            "青睐",
            "前往",
            "市区",
            "带到",
            "市中心",
            "喜爱",
            "追捧",
            "近郊",
            "居民区",
            "离开",
            "带回",
            "热烈欢迎",
            "郊外",
            "注目",
            "爱戴",
            "卫星城",
            "遇见",
            "离开了",
            "周边地区",
            "瞩目",
            "城郊",
            "带至",
            "赞许",
            "带往",
            "赞赏"
        ]
    ],
    "填门": [
        "填门",
        "Fill the door",
        "填充门",
        [
            "填充",
            "门",
            "门内",
            "填满",
            "填入",
            "装入",
            "缓冲",
            "四门",
            "二门",
            "嵌入",
            "门上",
            "小门",
            "去除",
            "混和",
            "东门",
            "道门",
            "三门",
            "复合",
            "可用",
            "后门"
        ]
    ],
    "蹑履": [
        "蹑履",
        "Sneak one's shoes",
        "溜鞋",
        [
            "溜",
            "鞋",
            "鞋子",
            "拖鞋",
            "裤子",
            "袜子",
            "外套",
            "运动鞋",
            "鞋底",
            "靴子",
            "背心",
            "拦",
            "哄",
            "添",
            "江川",
            "驼",
            "落",
            "滚",
            "硬是",
            "上回"
        ]
    ],
    "招守": [
        "招守",
        "Recruit",
        "新成员",
        [
            "新成员",
            "团员",
            "贝斯手",
            "T-ara",
            "成员",
            "Kara",
            "子团",
            "期生",
            "solo",
            "妮可"
        ]
    ],
    "造门": [
        "造门",
        "Door construction",
        "门结构",
        [
            "门",
            "结构",
            "结构上",
            "构造",
            "门内",
            "内部结构",
            "结构设计",
            "在结构上",
            "形态",
            "构件",
            "骨架",
            "四门",
            "二门",
            "门上",
            "小门",
            "本体",
            "东门",
            "道门",
            "三门",
            "后门"
        ]
    ],
    "契合": [
        "契合",
        "Fit",
        "合适的",
        [
            "合适",
            "适合",
            "适当",
            "恰当",
            "最合适",
            "更好",
            "适宜",
            "合理",
            "有用",
            "适合于"
        ]
    ],
    "扫雪": [
        "扫雪",
        "stoat",
        "白鼬",
        []
    ],
    "长不闭": [
        "长不闭",
        "Long does not close",
        "长不关",
        []
    ],
    "坐对": [
        "坐对",
        "Sit down",
        "坐下",
        [
            "坐下",
            "椅子",
            "坐着",
            "起身",
            "睡觉",
            "站立",
            "坐到",
            "躺下",
            "一旁",
            "伸手"
        ]
    ],
    "每登": [
        "每登",
        "Every board",
        "每个董事会",
        [
            "董事会",
            "监事会",
            "理事会",
            "董事局",
            "校董会",
            "管理层",
            "该委员会",
            "公司董事会",
            "管理委员会",
            "执委会"
        ]
    ],
    "徐孺": [
        "徐孺",
        "Xu ru",
        "徐茹",
        []
    ],
    "画门": [
        "画门",
        "Draw a door",
        "画一扇门",
        [
            "画",
            "一扇门",
            "所画",
            "描画",
            "画作",
            "图画",
            "肖像画",
            "素描",
            "画像",
            "扇门",
            "手绘",
            "速写",
            "的门",
            "暗门",
            "后门",
            "进去",
            "梯子",
            "车后",
            "过道",
            "上到"
        ]
    ],
    "西守": [
        "西守",
        "West guard",
        "西部卫队",
        [
            "西部",
            "卫队",
            "东部",
            "北部",
            "南部",
            "西北部",
            "东南部",
            "东北部",
            "西南部",
            "中部",
            "中南部",
            "党卫队",
            "国防军",
            "军团",
            "冲锋队",
            "近卫军",
            "骑兵团",
            "骑兵队",
            "卫兵",
            "党卫军"
        ]
    ],
    "酢": [
        "酢",
        "Ox",
        "牛",
        [
            "牛",
            "羊",
            "猪",
            "鸡",
            "鹿",
            "水牛",
            "山羊",
            "头",
            "骆驼",
            "两头"
        ]
    ],
    "疑留": [
        "疑留",
        "Suspected stay",
        "可疑逗留",
        [
            "可疑",
            "逗留",
            "停留",
            "滞留",
            "怀疑",
            "知情",
            "到访",
            "造访",
            "疑似",
            "探访",
            "知悉",
            "嫌犯",
            "行凶",
            "过夜",
            "确实",
            "长途跋涉",
            "起程",
            "出事",
            "寻常",
            "长住"
        ]
    ],
    "盈门": [
        "盈门",
        "Yingmen",
        "英门",
        []
    ],
    "情友": [
        "情友",
        "Affective friend",
        "情感朋友",
        [
            "情感",
            "朋友",
            "好朋友",
            "感情",
            "好友",
            "内心",
            "朋友们",
            "感性",
            "人性",
            "熟人",
            "老友",
            "同事",
            "心灵",
            "感受",
            "内心深处",
            "特质",
            "密友",
            "老朋友",
            "理智",
            "女朋友"
        ]
    ],
    "自相过": [
        "自相过",
        "Self - passage",
        "自通过",
        []
    ],
    "门迎": [
        "门迎",
        "Door face",
        "门面",
        [
            "门面",
            "装潢",
            "门厅",
            "招牌",
            "临街",
            "一楼",
            "沿街",
            "厅堂",
            "楼上",
            "</s>"
        ]
    ],
    "长者": [
        "长者",
        "elder",
        "长辈",
        [
            "长辈",
            "晚辈",
            "女方",
            "媳妇",
            "同辈",
            "亲友",
            "亲戚",
            "后辈",
            "辈",
            "男方"
        ]
    ],
    "频接": [
        "频接",
        "Frequency connection",
        "频率连接",
        [
            "频率",
            "连接",
            "相连",
            "连接起来",
            "振幅",
            "通往",
            "Hz",
            "连通",
            "kHz",
            "频谱",
            "直达",
            "频带",
            "基频",
            "联接",
            "增益",
            "阈值",
            "连结",
            "通到",
            "相互连接",
            "高频率"
        ]
    ],
    "李膺": [
        "李膺",
        "Ying Li",
        "李颖",
        []
    ],
    "儒师": [
        "儒师",
        "Confucian scholar",
        "儒家学者",
        [
            "儒家",
            "学者",
            "儒家思想",
            "儒教",
            "儒学",
            "研究者",
            "历史学者",
            "史学家",
            "历史学家",
            "道家",
            "经学",
            "语言学家",
            "儒家文化",
            "史家",
            "法家",
            "汉学家",
            "荀子",
            "儒者",
            "学术界",
            "人类学家"
        ]
    ],
    "函丈": [
        "函丈",
        "Letter Zhang",
        "信张",
        []
    ],
    "扣钟": [
        "扣钟",
        "Buckle the clock",
        "扣上时钟",
        [
            "扣",
            "时钟",
            "计时器",
            "计时",
            "扣住",
            "定时器",
            "箍",
            "计数器",
            "锁",
            "偏移",
            "扯",
            "放",
            "同步",
            "吊",
            "攒",
            "步进",
            "时计",
            "瞬时",
            "挂钩",
            "另加"
        ]
    ],
    "稽古": [
        "稽古",
        "History",
        "历史",
        [
            "历史",
            "近代",
            "在历史上",
            "历史背景",
            "历史记录",
            "文化史",
            "发展史",
            "上曾",
            "近现代",
            "历史文化"
        ]
    ],
    "模范": [
        "模范",
        "Model",
        "模型",
        [
            "模型",
            "建模",
            "数学模型",
            "三维",
            "假设",
            "仿真",
            "框架",
            "静态",
            "数学方法",
            "基本概念"
        ]
    ],
    "源渊": [
        "源渊",
        "Source depth",
        "震源深度",
        [
            "震源",
            "深度",
            "震央",
            "震中",
            "震级",
            "地震波",
            "最深处",
            "基岩",
            "主震",
            "厚度",
            "黎克",
            "广度",
            "高度",
            "里氏",
            "浅层",
            "深",
            "剖面",
            "深达",
            "尺度"
        ]
    ],
    "元龟": [
        "元龟",
        "Yuan GUI",
        "元贵",
        []
    ]
}