{
    "微白": [
        "微白",
        "Slightly white",
        "略白",
        []
    ],
    "出邻": [
        "出邻",
        "Out of the neighborhood",
        "在附近",
        [
            "附近",
            "邻近",
            "一处",
            "不远处",
            "靠近",
            "临近",
            "周围",
            "西南方",
            "郊外",
            "周边地区"
        ]
    ],
    "含蕊": [
        "含蕊",
        "Core containing",
        "核心包含",
        [
            "核心",
            "包含",
            "包括",
            "涵盖",
            "还包括",
            "构成",
            "包涵",
            "架构",
            "相关联",
            "值得注意",
            "都有",
            "举例来说",
            "内部",
            "框架",
            "基本",
            "整体",
            "本体",
            "当前",
            "一个中心",
            "两大"
        ]
    ],
    "折晓": [
        "折晓",
        "Fold Xiao",
        "折叠萧",
        [
            "折叠",
            "萧",
            "杨",
            "谢",
            "拉链",
            "接合",
            "螺旋",
            "卷曲",
            "翻转",
            "粘贴",
            "曹",
            "裴",
            "薛",
            "萧衍",
            "剪切",
            "支架",
            "颜",
            "前端",
            "姚",
            "樊"
        ]
    ],
    "露蕊": [
        "露蕊",
        "Dew core",
        "露芯",
        []
    ],
    "露苞": [
        "露苞",
        "Dew bud",
        "露珠芽",
        [
            "露珠",
            "芽",
            "花柱",
            "果",
            "分枝",
            "幼苗",
            "小叶",
            "长成",
            "生",
            "稀",
            "牧人",
            "初夏",
            "牵牛",
            "树梢",
            "白马",
            "远方",
            "上头",
            "都从",
            "</s>",
            "Pardosa"
        ]
    ],
    "开迟": [
        "开迟",
        "Late opening",
        "迟开",
        []
    ],
    "风葩": [
        "风葩",
        "Fengyuan",
        "丰源",
        [
            "丰源",
            "国荣",
            "新屋",
            "终审法院",
            "利益冲突",
            "山子",
            "李家",
            "张家",
            "周家",
            "林氏"
        ]
    ],
    "蜂狂": [
        "蜂狂",
        "Bee mania",
        "蜜蜂狂热",
        [
            "蜜蜂",
            "狂热",
            "蜂",
            "疯狂",
            "蜂巢",
            "蚂蚁",
            "蜘蛛",
            "虫子",
            "蟑螂",
            "蚊子",
            "苍蝇",
            "跳蚤",
            "狂热者",
            "憎恶",
            "痴迷",
            "崇拜者",
            "嘲弄",
            "好战",
            "众所周知",
            "而出名"
        ]
    ],
    "翠丝": [
        "翠丝",
        "Jessie",
        "杰西",
        [
            "杰西",
            "珍妮",
            "前男友",
            "米歇尔",
            "史蒂夫",
            "马修",
            "弗兰克",
            "丹尼尔",
            "吉米",
            "伊恩"
        ]
    ],
    "未吐": [
        "未吐",
        "Not spit",
        "不吐",
        []
    ],
    "不语": [
        "不语",
        "Not language",
        "不是语言",
        [
            "语言",
            "语法",
            "词汇",
            "自然语言",
            "母语",
            "第二语言",
            "语种",
            "语言学",
            "口语",
            "句法"
        ]
    ],
    "深藏": [
        "深藏",
        "Deep",
        "深的",
        [
            "深",
            "浅",
            "深达",
            "较深",
            "较浅",
            "淡",
            "植",
            "更深",
            "极深",
            "有旧"
        ]
    ],
    "人待赏": [
        "人待赏",
        "People are waiting to be rewarded",
        "人们在等待奖励",
        [
            "等待",
            "奖励",
            "等候",
            "奖赏",
            "继续前进",
            "表彰",
            "加分",
            "赶紧",
            "准备好",
            "马上",
            "下次",
            "表扬",
            "回头",
            "到时",
            "才会",
            "奖给",
            "激励",
            "每项",
            "颁予",
            "给与"
        ]
    ],
    "蓄积": [
        "蓄积",
        "accumulation",
        "积累",
        [
            "积累",
            "累积",
            "吸取",
            "获取",
            "积攒",
            "积聚",
            "依靠",
            "获益",
            "受益",
            "造就"
        ]
    ],
    "犹未": [
        "犹未",
        "Not yet",
        "还没有",
        [
            "没有",
            "没",
            "并未",
            "无法",
            "不会",
            "不能",
            "从未",
            "未",
            "没有人",
            "很难"
        ]
    ],
    "天工": [
        "天工",
        "formed by nature",
        "自然形成的",
        [
            "自然",
            "形成",
            "大自然",
            "自然环境",
            "构成",
            "成形",
            "呈现出",
            "自然现象",
            "转变成",
            "产生",
            "演化成",
            "过渡到",
            "成型",
            "逐步形成",
            "自然地",
            "纯净",
            "人为",
            "连续性",
            "共存",
            "其本质"
        ]
    ],
    "犹": [
        "犹",
        "as if",
        "好像",
        [
            "好像",
            "样子",
            "仿佛",
            "总是",
            "看不见",
            "看得",
            "像是",
            "似乎",
            "好似",
            "只不过"
        ]
    ],
    "吝啬": [
        "吝啬",
        "Stingy",
        "吝啬的",
        [
            "吝啬",
            "节俭",
            "贪婪",
            "看重",
            "自负",
            "得意",
            "贪财",
            "炫耀",
            "鄙视",
            "可怜"
        ]
    ],
    "蝶乱": [
        "蝶乱",
        "Butterfly disorder",
        "蝴蝶病",
        [
            "蝴蝶",
            "病",
            "患",
            "疾",
            "伤寒",
            "患病",
            "眼疾",
            "染病",
            "得病",
            "病症",
            "小儿",
            "蜻蜓",
            "兰花",
            "猫头鹰",
            "彩虹",
            "蝙蝠",
            "风铃",
            "燕子",
            "茉莉",
            "螳螂"
        ]
    ],
    "绀蕊": [
        "绀蕊",
        "Lotus pistil",
        "莲蕊",
        []
    ],
    "绝香": [
        "绝香",
        "Absolutely fragrant",
        "绝对芳香",
        [
            "绝对",
            "芳香",
            "香气",
            "醇",
            "衍生物",
            "精油",
            "类物质",
            "酚",
            "意味著",
            "也就是说",
            "醇类",
            "显然",
            "重氮",
            "大蒜",
            "并不一定",
            "理论上",
            "无论如何",
            "实际上",
            "仅仅",
            "毕竟"
        ]
    ],
    "含娇": [
        "含娇",
        "Including jiao",
        "包括焦",
        [
            "包括",
            "焦",
            "还包括",
            "包含",
            "都有",
            "最主要",
            "仅限于",
            "以外",
            "除此以外",
            "之外",
            "有数",
            "温",
            "昂",
            "嫩",
            "容",
            "特为",
            "顶多",
            "Pardosa",
            "</s>",
            "<tr>"
        ]
    ],
    "渐放": [
        "渐放",
        "Gradually release",
        "逐渐释放",
        [
            "逐渐",
            "释放",
            "渐渐",
            "慢慢",
            "日渐",
            "随之",
            "日益",
            "迅速",
            "不断",
            "获释",
            "日趋",
            "慢慢地",
            "释放出来",
            "特赦",
            "囚禁",
            "拘禁",
            "扣留",
            "拘押",
            "被囚",
            "无罪释放"
        ]
    ],
    "先知": [
        "先知",
        "Prophet",
        "先知",
        [
            "先知",
            "摩西",
            "弥赛亚",
            "安拉",
            "预言者",
            "使徒",
            "启示",
            "门徒",
            "祭司",
            "旧约"
        ]
    ],
    "韬藏": [
        "韬藏",
        "Tao Zang",
        "陶藏",
        []
    ],
    "绝色": [
        "绝色",
        "Stunning",
        "极好的",
        [
            "极好",
            "极佳",
            "很好",
            "绝佳",
            "较好",
            "很差",
            "更佳",
            "不亚于",
            "难得",
            "正因如此"
        ]
    ],
    "国色": [
        "国色",
        "a national beauty",
        "民族之美",
        [
            "民族",
            "少数民族",
            "多民族",
            "汉族的",
            "民族性",
            "中华民族",
            "汉民族",
            "民族语言",
            "人种",
            "国族"
        ]
    ],
    "尚缄藏": [
        "尚缄藏",
        "Still sealed up",
        "仍然被封锁",
        [
            "仍然",
            "封锁",
            "依然",
            "一直",
            "几乎",
            "即便如此",
            "始终",
            "围堵",
            "即使如此",
            "炮轰",
            "仅仅",
            "无论如何",
            "基本上",
            "屏蔽",
            "拦截",
            "撤走",
            "绕过",
            "封堵",
            "堵截",
            "阻截"
        ]
    ],
    "彷佛": [
        "彷佛",
        "As if",
        "好像",
        [
            "好像",
            "样子",
            "仿佛",
            "总是",
            "看不见",
            "看得",
            "像是",
            "似乎",
            "好似",
            "只不过"
        ]
    ],
    "开檀口": [
        "开檀口",
        "Open Tankou",
        "打开坦克口",
        [
            "打开",
            "坦克",
            "口",
            "战车",
            "T-",
            "装甲车",
            "反坦克炮",
            "轻型坦克",
            "火炮",
            "榴弹炮",
            "关上",
            "SU-",
            "装甲运兵车",
            "开启",
            "锁上",
            "锁住",
            "敞开",
            "挡住",
            "弹出",
            "推开",
            "沟",
            "推入",
            "侧",
            "口外",
            "故名",
            "西南侧",
            "口内",
            "头",
            "朝天",
            "；大"
        ]
    ],
    "新脸": [
        "新脸",
        "New face",
        "新颖的",
        [
            "新颖",
            "精致",
            "独特",
            "新奇",
            "大胆",
            "个人化",
            "独树一格",
            "与众不同",
            "独创",
            "引人注目"
        ]
    ],
    "偏含": [
        "偏含",
        "Partial inclusion",
        "部分包含",
        [
            "部分",
            "包含",
            "部份",
            "大部分",
            "包括",
            "涵盖",
            "一小",
            "还包括",
            "构成",
            "其余部分",
            "外",
            "包涵",
            "大多",
            "之外",
            "相关联",
            "以外",
            "值得注意",
            "均",
            "都有",
            "举例来说"
        ]
    ],
    "翠蕊": [
        "翠蕊",
        "Cui Rui",
        "崔蕊",
        []
    ],
    "雪英": [
        "雪英",
        "Snow",
        "雪",
        [
            "雪",
            "雨",
            "霜",
            "露",
            "雾",
            "枯",
            "寒",
            "白雪",
            "碧",
            "喜"
        ]
    ],
    "刻玉": [
        "刻玉",
        "Carved jade",
        "雕玉",
        []
    ],
    "奇香": [
        "奇香",
        "Qixiang",
        "祁祥",
        []
    ],
    "琼枝": [
        "琼枝",
        "Qiongzhi",
        "琼枝",
        []
    ],
    "辉琬琰": [
        "辉琬琰",
        "Hui wan Yan",
        "万惠·燕",
        [
            "燕",
            "后赵",
            "燕国",
            "凉",
            "北燕",
            "秦",
            "曹国",
            "代王",
            "汉王",
            "孤"
        ]
    ],
    "堆玉盏": [
        "堆玉盏",
        "Stack jade lanterns",
        "叠玉灯笼",
        [
            "灯笼",
            "香炉",
            "灯",
            "蜡烛",
            "烛台",
            "灯台",
            "葫芦",
            "风铃",
            "马鞍",
            "虎皮"
        ]
    ],
    "瓣带": [
        "瓣带",
        "Flap band",
        "襟翼带",
        [
            "襟翼",
            "带",
            "机翼",
            "起落架",
            "机头",
            "副翼",
            "水平尾翼",
            "翼面",
            "进气道",
            "进气口",
            "带上",
            "机尾",
            "背著",
            "隙",
            "随身携带",
            "只见",
            "放",
            "偷偷地",
            "远方",
            "上头"
        ]
    ],
    "淡黄": [
        "淡黄",
        "yellowish",
        "微黄色的",
        [
            "微",
            "黄色",
            "红色",
            "白色",
            "紫色",
            "粉红色",
            "橙色",
            "黄绿色",
            "蓝色",
            "橙黄色",
            "深蓝色",
            "扰",
            "质",
            "凝",
            "薄",
            "纤",
            "透",
            "旋",
            "不显",
            "</s>"
        ]
    ],
    "银花": [
        "银花",
        "Yinhua",
        "银华",
        []
    ],
    "一环": [
        "一环",
        "One ring",
        "一环",
        [
            "一环",
            "重要环节",
            "重要一环",
            "基本要素",
            "先导",
            "这两项",
            "不单是",
            "总括",
            "</s>",
            "Pardosa"
        ]
    ],
    "枝凝": [
        "枝凝",
        "Branch coagulation",
        "分支凝固",
        [
            "分支",
            "凝固",
            "凝结",
            "熔化",
            "融化",
            "溶解",
            "蒸发",
            "硬化",
            "溶化",
            "变质",
            "沸腾",
            "支系",
            "谱系",
            "主干",
            "是从",
            "共同点",
            "现今",
            "自成",
            "不相关的",
            "见下文"
        ]
    ],
    "寒碧": [
        "寒碧",
        "Cold blue",
        "冷蓝色",
        [
            "冷",
            "蓝色",
            "红色",
            "深蓝色",
            "白色",
            "黄色",
            "粉红色",
            "橙色",
            "紫色",
            "金色",
            "浅蓝色",
            "冻",
            "寒",
            "冷热",
            "凝",
            "冷水",
            "的水",
            "稀",
            "和气",
            "</s>"
        ]
    ],
    "玉簪": [
        "玉簪",
        "hosta plantaginea",
        "玉簪",
        [
            "玉簪",
            "鸭跖草",
            "黾",
            "缨",
            "毛茛",
            "酢浆草",
            "蓼",
            "睡莲",
            "槐",
            "虹"
        ]
    ],
    "一簪": [
        "一簪",
        "A hairpin",
        "发夹",
        [
            "发夹",
            "弯",
            "弯角",
            "尾端",
            "上会",
            "偶而",
            "都只",
            "萨多韦",
            "Pardosa",
            "</s>"
        ]
    ],
    "雪魄": [
        "雪魄",
        "Snow spirit",
        "雪灵",
        []
    ],
    "轻簪": [
        "轻簪",
        "Light hairpin",
        "轻发夹",
        [
            "轻",
            "发夹",
            "重",
            "弯",
            "较重",
            "弯角",
            "少",
            "驭",
            "基本型",
            "重为",
            "尾端",
            "上会",
            "纯",
            "整体而言",
            "偶而",
            "都只",
            "萨多韦",
            "</s>",
            "Pardosa"
        ]
    ],
    "冰蟾": [
        "冰蟾",
        "Ice toad",
        "冰蟾蜍",
        [
            "冰",
            "蟾蜍",
            "蛙",
            "冰层",
            "融化",
            "冰冻",
            "蛇",
            "冰山",
            "蝾螈",
            "冰块",
            "冰河",
            "融解",
            "豚鼠",
            "冻",
            "伯劳",
            "羚羊",
            "獭",
            "蟒蛇",
            "壁虎",
            "雪"
        ]
    ],
    "翠叶": [
        "翠叶",
        "Green leaf",
        "绿叶",
        [
            "绿叶",
            "甘草",
            "流苏",
            "兰花",
            "茉莉",
            "红花",
            "紫花",
            "大白",
            "Pardosa",
            "</s>"
        ]
    ],
    "清气": [
        "清气",
        "inhaled fresh air",
        "吸入新鲜空气",
        [
            "吸入",
            "新鲜空气",
            "排出",
            "喷出",
            "窒息",
            "粉尘",
            "有毒",
            "排泄",
            "呼吸道",
            "高热",
            "诱发",
            "暖气",
            "循环系统",
            "室外",
            "的水",
            "非必要",
            "壁炉",
            "驱动力",
            "热力",
            "Pardosa"
        ]
    ],
    "六出": [
        "六出",
        "Six out",
        "六个人出局",
        [
            "出局",
            "淘汰",
            "负于",
            "准决赛",
            "无缘",
            "三轮",
            "止步",
            "落败",
            "输球",
            "首轮"
        ]
    ],
    "冰姿": [
        "冰姿",
        "Ice pose",
        "冰的姿态",
        [
            "冰",
            "姿态",
            "冰层",
            "融化",
            "姿势",
            "冰冻",
            "身姿",
            "冰山",
            "冰块",
            "冰河",
            "融解",
            "姿",
            "冻",
            "雪",
            "摆出",
            "双脚",
            "时而",
            "光环",
            "勇往直前",
            "关键时刻"
        ]
    ],
    "天白": [
        "天白",
        "Sky white",
        "天白",
        []
    ],
    "凉露": [
        "凉露",
        "Cool dew",
        "凉爽的露水",
        [
            "凉爽",
            "露水",
            "炎热",
            "寒冷",
            "温暖",
            "潮湿",
            "暖和",
            "闷热",
            "多雨",
            "一年四季",
            "冬天",
            "云朵",
            "雾气",
            "薄雾",
            "夜晚",
            "清爽",
            "月光",
            "冬日",
            "的水",
            "金子"
        ]
    ],
    "妙香": [
        "妙香",
        "Wonderful fragrance",
        "美妙的香味",
        [
            "美妙",
            "香味",
            "香气",
            "味道",
            "气味",
            "甜味",
            "风味",
            "动人",
            "酸味",
            "苦味",
            "美丽",
            "果香",
            "味",
            "迷人",
            "优雅",
            "陶醉",
            "难以置信",
            "令人难忘",
            "不可思议",
            "仿佛"
        ]
    ],
    "铅": [
        "铅",
        "Lead",
        "铅",
        [
            "铅",
            "汞",
            "镍",
            "锌",
            "铬",
            "水银",
            "铝",
            "砷",
            "铍",
            "钴"
        ]
    ],
    "易描": [
        "易描",
        "Easy to trace",
        "容易追踪",
        [
            "容易",
            "追踪",
            "更容易",
            "跟踪",
            "不易",
            "易于",
            "非常容易",
            "较难",
            "更易",
            "较易",
            "难以",
            "很难",
            "搜寻",
            "搜索",
            "侦测",
            "监控",
            "监视",
            "找出",
            "扫描",
            "锁定"
        ]
    ],
    "色嫌": [
        "色嫌",
        "Color suspicion",
        "颜色怀疑",
        [
            "颜色",
            "怀疑",
            "色调",
            "黄色",
            "红色",
            "紫色",
            "蓝色",
            "白色",
            "粉红色",
            "橙色",
            "猜测",
            "色",
            "可疑",
            "相信",
            "猜疑",
            "坚称",
            "欺骗",
            "知悉",
            "声称",
            "不以为然"
        ]
    ],
    "分时": [
        "分时",
        "time sharing",
        "分时",
        [
            "分时",
            "天内",
            "准时",
            "定时",
            "同一时间",
            "月内",
            "短时间内",
            "一整",
            "即刻",
            "</s>"
        ]
    ],
    "如玉": [
        "如玉",
        "Jade",
        "翡翠",
        [
            "翡翠",
            "宝石",
            "珍珠",
            "钻石",
            "玛瑙",
            "明珠",
            "蓝宝石",
            "绿宝石",
            "玉石",
            "小金"
        ]
    ],
    "季女": [
        "季女",
        "Season girl",
        "季节女郎",
        [
            "季节",
            "女郎",
            "季节性",
            "时节",
            "雨季",
            "秋冬季",
            "夏天",
            "女孩",
            "一年四季",
            "冬天",
            "干季",
            "春季",
            "服务生",
            "女明星",
            "花花公子",
            "女朋友",
            "莎莉",
            "女伴",
            "芭比",
            "酒保"
        ]
    ],
    "形容": [
        "形容",
        "describe",
        "形容",
        [
            "形容",
            "嘲讽",
            "讽刺",
            "暗指",
            "相提并论",
            "比喻",
            "讥讽",
            "眼中",
            "嘲弄",
            "比作"
        ]
    ],
    "金钏": [
        "金钏",
        "Gold seal",
        "金印",
        [
            "金印",
            "玉玺",
            "玺",
            "虎符",
            "赐封",
            "王及",
            "白玉",
            "上金",
            "王为",
            "Pardosa"
        ]
    ],
    "买来": [
        "买来",
        "Buy",
        "买",
        [
            "买",
            "卖",
            "买了",
            "要买",
            "买来",
            "借钱",
            "偷",
            "付钱",
            "捡",
            "花钱"
        ]
    ],
    "调粉": [
        "调粉",
        "Powder mixing",
        "粉末混合",
        [
            "粉末",
            "混合",
            "粉状",
            "混和",
            "粉末状",
            "固体",
            "混合物",
            "结合",
            "结晶",
            "黏稠",
            "常温下",
            "氧化铁",
            "融合",
            "浅黄色",
            "混",
            "分离",
            "复合",
            "混杂",
            "混搭",
            "混合成"
        ]
    ],
    "一襟": [
        "一襟",
        "One placket",
        "一个门襟",
        []
    ],
    "难买": [
        "难买",
        "Hard to buy",
        "很难买到",
        [
            "很难",
            "买",
            "难以",
            "无法",
            "卖",
            "不能",
            "较难",
            "能够",
            "没法",
            "根本无法",
            "不太可能",
            "买了",
            "要买",
            "并不需要",
            "买来",
            "借钱",
            "偷",
            "付钱",
            "捡",
            "花钱"
        ]
    ],
    "香比": [
        "香比",
        "Fragrance ratio",
        "芳香比",
        [
            "芳香",
            "香气",
            "醇",
            "衍生物",
            "精油",
            "类物质",
            "酚",
            "醇类",
            "重氮",
            "大蒜"
        ]
    ],
    "蕙兰": [
        "蕙兰",
        "a species of orchid",
        "兰花的一种",
        [
            "兰花",
            "果树",
            "蝴蝶",
            "嫩芽",
            "雏菊",
            "向日葵",
            "红花",
            "茉莉",
            "玉兰",
            "丁香"
        ]
    ],
    "开处": [
        "开处",
        "Open up",
        "开发",
        [
            "开发",
            "研发",
            "开发计划",
            "合作开发",
            "共同开发",
            "开发新",
            "开发设计",
            "技术开发",
            "整合",
            "联合开发"
        ]
    ],
    "似簪": [
        "似簪",
        "Like hairpin",
        "像发夹",
        [
            "发夹",
            "弯",
            "弯角",
            "尾端",
            "上会",
            "偶而",
            "都只",
            "萨多韦",
            "Pardosa",
            "</s>"
        ]
    ],
    "凉月": [
        "凉月",
        "Cool moon",
        "凉爽的月亮",
        [
            "凉爽",
            "月亮",
            "炎热",
            "星星",
            "寒冷",
            "太阳",
            "温暖",
            "天空",
            "满月",
            "潮湿",
            "星辰",
            "暖和",
            "闷热",
            "月光",
            "天上",
            "多雨",
            "闪耀",
            "一年四季",
            "大地",
            "冬天"
        ]
    ],
    "鹤仙": [
        "鹤仙",
        "Crane fairy",
        "鹤仙子",
        [
            "鹤",
            "仙子",
            "仙女",
            "白素贞",
            "白鹤",
            "小青",
            "凤",
            "白蛇",
            "神仙",
            "薮",
            "月宫",
            "鸳鸯",
            "鸣",
            "百花",
            "麒麟",
            "松",
            "眉",
            "茉莉",
            "和龙",
            "椿"
        ]
    ],
    "丰韵": [
        "丰韵",
        "charm",
        "魅力",
        [
            "魅力",
            "气质",
            "幽默感",
            "活力",
            "感染力",
            "自信",
            "特质",
            "吸引力",
            "迷人",
            "个人风格"
        ]
    ],
    "移至": [
        "移至",
        "Move to",
        "移到",
        [
            "移",
            "后移",
            "移至",
            "移往",
            "降",
            "复旧",
            "改",
            "移出",
            "从江",
            "移置"
        ]
    ],
    "白牡丹": [
        "白牡丹",
        "White peony",
        "白牡丹",
        []
    ],
    "蟾精": [
        "蟾精",
        "Toad essence",
        "蟾蜍精",
        [
            "蟾蜍",
            "精",
            "蛙",
            "蛇",
            "炼",
            "气",
            "蝾螈",
            "豚鼠",
            "伯劳",
            "巧",
            "羚羊",
            "獭",
            "造化",
            "蟒蛇",
            "壁虎",
            "材",
            "凝",
            "俱",
            "胆",
            "喜"
        ]
    ],
    "雪萼": [
        "雪萼",
        "Snow calyx",
        "雪萼",
        []
    ],
    "素艳": [
        "素艳",
        "Su Yan",
        "苏烟",
        []
    ],
    "绰约": [
        "绰约",
        "graceful",
        "优雅的",
        [
            "优雅",
            "高雅",
            "优美",
            "典雅",
            "华丽",
            "迷人",
            "庄重",
            "朴素",
            "雅致",
            "与众不同"
        ]
    ],
    "玉块": [
        "玉块",
        "Jade block",
        "玉石块",
        [
            "玉石",
            "玉器",
            "绿松石",
            "象牙",
            "铜器",
            "工艺品",
            "宝石",
            "白玉",
            "玉",
            "故称"
        ]
    ],
    "玉貌": [
        "玉貌",
        "Jade appearance",
        "玉石外观",
        [
            "玉石",
            "外观",
            "外观上",
            "外形",
            "外型",
            "玉器",
            "形状",
            "造型",
            "轮廓",
            "外表",
            "样式",
            "绿松石",
            "外观设计",
            "象牙",
            "铜器",
            "工艺品",
            "宝石",
            "白玉",
            "玉",
            "故称"
        ]
    ],
    "银苞": [
        "银苞",
        "Silver bract",
        "银苞片",
        [
            "银",
            "苞片",
            "铜",
            "花萼",
            "花被",
            "花序",
            "萼片",
            "花梗",
            "雄蕊",
            "蒴果",
            "花柱",
            "雄花",
            "银两",
            "白银",
            "银和",
            "缯",
            "金制",
            "料",
            "皂",
            "金和"
        ]
    ],
    "瑶蕊": [
        "瑶蕊",
        "Yao Rui",
        "姚瑞",
        []
    ],
    "栏前": [
        "栏前",
        "In front of the column",
        "在柱子前面",
        [
            "柱子",
            "前面",
            "后面",
            "立柱",
            "圆柱",
            "拱顶",
            "上面",
            "石柱",
            "墙壁",
            "下面",
            "右边",
            "左边",
            "天花板",
            "门廊",
            "屋檐",
            "木柱",
            "中间",
            "末尾",
            "上去",
            "在后"
        ]
    ],
    "银杯": [
        "银杯",
        "silver cup",
        "银杯",
        [
            "银杯",
            "银",
            "胜者",
            "优胜者",
            "金和",
            "金环",
            "除此以外",
            "<tr>",
            "Pardosa",
            "</s>"
        ]
    ],
    "色如": [
        "色如",
        "Color as follows",
        "颜色如下",
        [
            "颜色",
            "色调",
            "黄色",
            "红色",
            "紫色",
            "蓝色",
            "白色",
            "粉红色",
            "橙色",
            "色"
        ]
    ],
    "不卸": [
        "不卸",
        "Don't unload",
        "不要卸载",
        [
            "不要",
            "卸载",
            "不想",
            "不该",
            "不让",
            "不必",
            "绝不会",
            "绝不",
            "免得",
            "切勿",
            "不用",
            "修理",
            "装载",
            "加载",
            "备用",
            "丢弃",
            "进港",
            "自带",
            "安全地",
            "拆开"
        ]
    ],
    "莫争": [
        "莫争",
        "Zheng Mo",
        "郑默",
        []
    ],
    "素态": [
        "素态",
        "Prime state",
        "原生状态",
        [
            "状态",
            "稳定状态",
            "平衡状态",
            "状况",
            "静止状态",
            "情况下",
            "正常",
            "完全",
            "精神状态",
            "长时间"
        ]
    ],
    "谢台": [
        "谢台",
        "Xie tai",
        "谢泰",
        []
    ],
    "妒": [
        "妒",
        "envy",
        "羡慕",
        [
            "羡慕",
            "讨厌",
            "厌恶",
            "仰慕",
            "佩服",
            "向往",
            "妒忌",
            "迷恋",
            "自傲",
            "眼里"
        ]
    ],
    "风应": [
        "风应",
        "Wind response",
        "风响应",
        [
            "风",
            "响应",
            "风吹",
            "西风",
            "吹拂",
            "吹",
            "北风",
            "大风",
            "号召",
            "暴风",
            "雨",
            "和风",
            "积极响应",
            "作出反应",
            "声势浩大",
            "拥护",
            "自发",
            "组织起来",
            "鼓动",
            "叛离"
        ]
    ],
    "蝶趁": [
        "蝶趁",
        "Butterfly",
        "蝴蝶",
        [
            "蝴蝶",
            "蜻蜓",
            "兰花",
            "猫头鹰",
            "彩虹",
            "蝙蝠",
            "风铃",
            "燕子",
            "茉莉",
            "螳螂"
        ]
    ],
    "凝雪色": [
        "凝雪色",
        "Snow color",
        "雪色",
        []
    ],
    "光妒": [
        "光妒",
        "Jealousy of light",
        "嫉妒光",
        [
            "嫉妒",
            "光",
            "妒忌",
            "怨恨",
            "憎恨",
            "爱慕",
            "厌恶",
            "忌妒",
            "憎恶",
            "妒嫉",
            "羡慕",
            "瞳",
            "红光",
            "暗",
            "光和",
            "白光",
            "亮",
            "和光",
            "日光",
            "虹"
        ]
    ],
    "祗裁": [
        "祗裁",
        "Only cutting",
        "只有切割",
        [
            "切割",
            "切割成",
            "挤压",
            "研磨",
            "切削",
            "切开",
            "接合",
            "整块",
            "切出",
            "大块"
        ]
    ]
}