{
    "向人": [
        "向人",
        "To people",
        "给人们",
        []
    ],
    "告别": [
        "告别",
        "leave",
        "离开",
        [
            "离开",
            "离开了",
            "返回",
            "回到",
            "留在",
            "来到",
            "离去",
            "逃离",
            "进入",
            "重回"
        ]
    ],
    "振羽": [
        "振羽",
        "Vibration plume",
        "振动羽流",
        [
            "振动",
            "转动",
            "共振",
            "震荡",
            "振荡",
            "声波",
            "阻尼",
            "电磁场",
            "滑动",
            "震动"
        ]
    ],
    "辞画阁": [
        "辞画阁",
        "Ci painting pavilion",
        "词画馆",
        [
            "词",
            "词语",
            "该词",
            "名词",
            "用法",
            "词汇",
            "用语",
            "含义",
            "辞汇",
            "字词"
        ]
    ],
    "失序": [
        "失序",
        "Out of order",
        "不正常",
        [
            "正常",
            "长时间",
            "情况下",
            "正常人",
            "出现异常",
            "较长时间",
            "但会",
            "短时间",
            "也就是说",
            "经常性"
        ]
    ],
    "欲去": [
        "欲去",
        "To go",
        "外卖",
        [
            "外卖",
            "店内",
            "饭盒",
            "点心",
            "店里",
            "零食",
            "便当",
            "超市",
            "快餐店",
            "什锦"
        ]
    ],
    "低回": [
        "低回",
        "linger",
        "徘徊",
        [
            "徘徊",
            "游走",
            "走到",
            "擦身而过",
            "相隔",
            "游荡",
            "落在",
            "守候",
            "相安无事",
            "蛰伏"
        ]
    ],
    "过锦机": [
        "过锦机",
        "Brocade machine",
        "织锦机",
        [
            "织锦",
            "机",
            "刺绣",
            "本机",
            "机内",
            "装置",
            "机体",
            "器",
            "瓷",
            "绣花",
            "空",
            "织造",
            "绸",
            "一号机",
            "砚",
            "团花",
            "缯",
            "座机",
            "匠人",
            "SP"
        ]
    ],
    "能飞": [
        "能飞",
        "Can fly",
        "会飞",
        []
    ],
    "对游": [
        "对游",
        "On tour",
        "巡回中",
        [
            "巡回",
            "中",
            "中的",
            "之中",
            "巡回演唱",
            "巡演",
            "巡回演出",
            "中都",
            "中所",
            "当中",
            "演唱会",
            "Tour",
            "里",
            "中会",
            "里面",
            "演奏会",
            "首站",
            "之前",
            "专场",
            "第一站"
        ]
    ],
    "海阔": [
        "海阔",
        "Sea width",
        "海宽",
        []
    ],
    "迷烟": [
        "迷烟",
        "Misty smoke",
        "烟雾弥漫",
        []
    ],
    "楼高": [
        "楼高",
        "High building",
        "高层建筑",
        [
            "高层建筑",
            "摩天大楼",
            "高楼",
            "摩天大厦",
            "建筑物",
            "高楼大厦",
            "办公大楼",
            "八层",
            "市区内",
            "市中心区"
        ]
    ],
    "瞿鸟": [
        "瞿鸟",
        "Qu bird",
        "曲鸟",
        []
    ],
    "鹆": [
        "鹆",
        "Cerulean",
        "天蓝色",
        [
            "天蓝色",
            "浅蓝色",
            "深蓝色",
            "蓝色",
            "底色",
            "白底",
            "金色",
            "白色",
            "黄色",
            "橘色"
        ]
    ],
    "黑衣": [
        "黑衣",
        "guard of palace",
        "宫廷卫队",
        [
            "宫廷",
            "卫队",
            "宫庭",
            "宫廷中",
            "党卫队",
            "皇室",
            "国防军",
            "军团",
            "王室",
            "宫中",
            "冲锋队",
            "近卫军",
            "皇宫",
            "后宫",
            "骑兵团",
            "骑兵队",
            "卫兵",
            "上层社会",
            "党卫军",
            "王公贵族"
        ]
    ],
    "呼伴": [
        "呼伴",
        "Call company",
        "呼叫公司",
        [
            "呼叫",
            "公司",
            "该公司",
            "的公司",
            "新公司",
            "子公司",
            "Corporation",
            "美国公司",
            "母公司",
            "调用",
            "日本公司",
            "一些公司",
            "指令",
            "发送",
            "回传",
            "应答",
            "重定向",
            "控制台",
            "叫喊",
            "示意"
        ]
    ],
    "鱼袋": [
        "鱼袋",
        "Fish bag",
        "鱼袋",
        []
    ],
    "星眼活": [
        "星眼活",
        "Stareye activity",
        "星眼活动",
        [
            "活动",
            "娱乐活动",
            "社会活动",
            "大型活动",
            "社交活动",
            "社区活动",
            "商业活动",
            "文艺活动",
            "举办活动",
            "户外活动"
        ]
    ],
    "平坡": [
        "平坡",
        "Flat slope",
        "平坡",
        []
    ],
    "来巢": [
        "来巢",
        "Come to the nest",
        "到鸟巢来",
        [
            "鸟巢",
            "雌鸟",
            "水立方",
            "巢",
            "雄鸟",
            "蜂巢",
            "室外",
            "蜘蛛网",
            "鸽子",
            "夏季时"
        ]
    ],
    "能言": [
        "能言",
        "Able to speak",
        "会说话",
        [
            "会",
            "说话",
            "不会",
            "都会",
            "可能会",
            "则会",
            "就会",
            "才会",
            "时会",
            "说出",
            "亦会",
            "但会",
            "交谈",
            "言语",
            "讲出",
            "讲",
            "说谎",
            "好像",
            "话语",
            "咒骂"
        ]
    ],
    "羁虞纲": [
        "羁虞纲",
        "Jiyu gang",
        "虞姬帮",
        [
            "虞姬",
            "帮",
            "老大",
            "帮忙",
            "大哥",
            "小弟",
            "想尽办法",
            "找来",
            "帮手",
            "曹植",
            "表哥",
            "魏武",
            "三人",
            "饮马",
            "洛神",
            "魏帝",
            "故人",
            "曲是",
            "九首",
            "涓"
        ]
    ],
    "铁衣": [
        "铁衣",
        "Iron coat",
        "铁涂层",
        [
            "铁",
            "涂层",
            "涂料",
            "薄膜",
            "不锈钢",
            "电镀",
            "铝",
            "塑料",
            "硬质",
            "抛光",
            "铝制",
            "鉄",
            "电",
            "锰",
            "铜",
            "锻",
            "急电",
            "炭",
            "铁质",
            "线或"
        ]
    ],
    "幽远": [
        "幽远",
        "Deep and remote",
        "深邃而遥远",
        [
            "深邃",
            "遥远",
            "很远",
            "优美",
            "深沉",
            "优雅",
            "远方",
            "哲理",
            "更远",
            "磅礴",
            "雄壮",
            "不远",
            "远处",
            "未知",
            "犹如",
            "变化多端",
            "融为一体",
            "很久以前",
            "远在",
            "恰好"
        ]
    ],
    "土反": [
        "土反",
        "Earth reaction",
        "地球反应",
        [
            "地球",
            "反应",
            "火星",
            "太阳系",
            "星球",
            "化学反应",
            "行星",
            "宇宙",
            "银河系",
            "外太空",
            "天王星",
            "质子化",
            "的地球",
            "自由基",
            "加成",
            "反应会",
            "催化",
            "中间体",
            "底物",
            "重排"
        ]
    ],
    "目瞿": [
        "目瞿",
        "Mu qu",
        "木曲",
        []
    ],
    "瞿": [
        "瞿",
        "Qu",
        "曲",
        [
            "曲",
            "此曲",
            "歌",
            "名曲",
            "首歌曲",
            "曲子",
            "曲是",
            "曲名",
            "合唱曲",
            "曲为"
        ]
    ],
    "既解": [
        "既解",
        "Existing solution",
        "现有解决方案",
        [
            "现有",
            "解决方案",
            "解决办法",
            "原有",
            "框架",
            "既有",
            "新技术",
            "提供商",
            "系统设计",
            "技术细节",
            "的产品",
            "高效率",
            "基本",
            "整体",
            "提高效率",
            "现阶段",
            "原先",
            "这两项",
            "除此以外",
            "</s>"
        ]
    ],
    "相告": [
        "相告",
        "Information",
        "信息",
        [
            "信息",
            "数据",
            "讯息",
            "资讯",
            "文档",
            "个人信息",
            "电子邮件",
            "反馈",
            "接收者",
            "的资讯"
        ]
    ],
    "斜过": [
        "斜过",
        "Oblique crossing",
        "斜交叉",
        [
            "斜",
            "交叉",
            "横",
            "侧",
            "交叠",
            "平行",
            "斜向",
            "竖",
            "横向",
            "接合",
            "交错",
            "平直",
            "对角",
            "腰",
            "楔形",
            "凸",
            "中段",
            "复合",
            "一个大"
        ]
    ],
    "行齿": [
        "行齿",
        "Row tooth",
        "行齿",
        []
    ],
    "高认": [
        "高认",
        "High recognition",
        "高度认可",
        [
            "高度",
            "认可",
            "接纳",
            "承认",
            "水平",
            "公认",
            "肯定",
            "认同",
            "倾斜度",
            "授权",
            "离地",
            "认定",
            "相对",
            "采纳",
            "整体",
            "赞许",
            "总体",
            "移动性",
            "相对于",
            "持续性"
        ]
    ],
    "填桥": [
        "填桥",
        "Filling bridge",
        "填充桥",
        [
            "填充",
            "桥",
            "大桥",
            "新桥",
            "吊桥",
            "木桥",
            "桥上",
            "填满",
            "拱桥",
            "石桥",
            "铁路桥",
            "桥下",
            "填入",
            "装入",
            "缓冲",
            "嵌入",
            "去除",
            "混和",
            "复合",
            "可用"
        ]
    ],
    "音口": [
        "音口",
        "Sound port",
        "声音端口",
        [
            "声音",
            "端口",
            "路由器",
            "声响",
            "IP",
            "UDP",
            "接口",
            "歌声",
            "客户端",
            "TCP",
            "终端",
            "笑声",
            "调制解调器",
            "适配器",
            "人声",
            "感觉",
            "音调",
            "刺耳",
            "沙哑",
            "声效"
        ]
    ],
    "别口别": [
        "别口别",
        "Don't say no",
        "不要说不",
        [
            "不要",
            "说",
            "说道",
            "不想",
            "问道",
            "说是",
            "却说",
            "不该",
            "知道",
            "时说",
            "话说",
            "感叹",
            "不让",
            "不必",
            "真是",
            "绝不会",
            "绝不",
            "免得",
            "切勿",
            "不用"
        ]
    ],
    "验新": [
        "验新",
        "New test",
        "新测试",
        [
            "新",
            "测试",
            "试验",
            "新的",
            "次测试",
            "验证",
            "的测试",
            "检测",
            "试验中",
            "检验",
            "飞行测试",
            "测试者",
            "原先",
            "另行",
            "最初",
            "一新",
            "从新",
            "取而代之",
            "新近",
            "上新"
        ]
    ],
    "那将": [
        "那将",
        "That will",
        "那会",
        []
    ],
    "取火": [
        "取火",
        "Take fire",
        "着火",
        [
            "着火",
            "起火",
            "发生爆炸",
            "点燃",
            "冒烟",
            "燃烧",
            "引燃",
            "自燃",
            "掉下来",
            "倾倒"
        ]
    ],
    "勾足": [
        "勾足",
        "Hook foot",
        "钩脚",
        [
            "钩",
            "脚",
            "叉",
            "头",
            "柄",
            "脚上",
            "腿",
            "踩",
            "针",
            "舌",
            "钝",
            "尖头",
            "足",
            "后脚",
            "右脚",
            "锯",
            "双脚",
            "楔",
            "背",
            "手脚"
        ]
    ],
    "而交": [
        "而交",
        "And pay",
        "支付",
        [
            "支付",
            "缴纳",
            "收取",
            "偿还",
            "付给",
            "缴交",
            "缴付",
            "偿付",
            "付清",
            "偿还债务"
        ]
    ],
    "戏冲": [
        "戏冲",
        "Play rush",
        "玩快攻",
        [
            "玩",
            "快攻",
            "玩游戏",
            "打法",
            "反手",
            "跳投",
            "玩到",
            "游玩",
            "外线",
            "运球",
            "玩乐",
            "好玩",
            "攻击型",
            "把玩",
            "听音乐",
            "前腰",
            "跑动",
            "碰",
            "玩意",
            "防守型"
        ]
    ],
    "丝雨": [
        "丝雨",
        "Silk rain",
        "丝雨",
        []
    ],
    "日晚": [
        "日晚",
        "Day and night",
        "日日夜夜",
        []
    ],
    "趁群": [
        "趁群",
        "Take advantage of the group",
        "利用这个团体",
        [
            "利用",
            "团体",
            "借助",
            "社团",
            "透过",
            "运用",
            "成员",
            "宗教团体",
            "组织",
            "依靠",
            "民间组织",
            "的组织",
            "民间团体",
            "学生组织",
            "小团体",
            "并用",
            "能用",
            "来进行",
            "为了让",
            "借助于"
        ]
    ],
    "近疑": [
        "近疑",
        "Near doubt",
        "近乎怀疑",
        [
            "近乎",
            "怀疑",
            "几近",
            "猜测",
            "可疑",
            "相信",
            "几乎",
            "猜疑",
            "却是",
            "坚称",
            "欺骗",
            "知悉",
            "声称",
            "不以为然",
            "以致于",
            "即使如此",
            "相比之下",
            "同样",
            "即便如此",
            "正因如此"
        ]
    ],
    "雏燕": [
        "雏燕",
        "swallowling",
        "吞咽",
        [
            "吞咽",
            "呼吸",
            "进食",
            "排便",
            "口腔",
            "咳嗽",
            "呕吐",
            "食道",
            "刷牙",
            "神经性"
        ]
    ],
    "羽短": [
        "羽短",
        "Short feather",
        "短羽毛",
        [
            "短",
            "羽毛",
            "较短",
            "翅膀",
            "毛发",
            "较长",
            "尾巴",
            "尾羽",
            "窄",
            "雄鸟",
            "飞羽",
            "脚趾",
            "四肢",
            "头顶",
            "更长",
            "细",
            "粗壮",
            "略长",
            "粗",
            "稍短"
        ]
    ],
    "出巢": [
        "出巢",
        "Out of the nest",
        "走出巢穴",
        [
            "走出",
            "巢穴",
            "走进",
            "走到",
            "地洞",
            "洞穴",
            "树洞",
            "走回",
            "山洞",
            "走过",
            "带进",
            "挖洞",
            "踏进",
            "踏出",
            "蜘蛛网",
            "巢",
            "鸟蛋",
            "树根",
            "进到",
            "眼看"
        ]
    ],
    "翅软": [
        "翅软",
        "Wings soft",
        "翅膀柔软",
        [
            "翅膀",
            "柔软",
            "尾巴",
            "坚硬",
            "羽毛",
            "粗糙",
            "结实",
            "双翼",
            "蓬松",
            "双翅",
            "背上",
            "纤细",
            "卷曲",
            "头顶",
            "爪子",
            "厚实",
            "较厚",
            "飞翔",
            "粗大",
            "羽翼"
        ]
    ],
    "梳翎": [
        "梳翎",
        "Comb plume",
        "梳羽",
        []
    ],
    "傍栋": [
        "傍栋",
        "Side building",
        "边楼",
        []
    ],
    "声娇": [
        "声娇",
        "Sound jiao",
        "声音娇",
        [
            "声音",
            "娇",
            "声响",
            "歌声",
            "笑声",
            "人声",
            "感觉",
            "音调",
            "刺耳",
            "沙哑",
            "声效",
            "妹",
            "艳",
            "美人",
            "痴",
            "媚",
            "巧",
            "滋",
            "小妹",
            "白皮"
        ]
    ],
    "引飞": [
        "引飞",
        "Lead away",
        "使盲从",
        [
            "盲从",
            "一味",
            "不能容忍",
            "纯正",
            "盲目",
            "固执",
            "顽固",
            "坚信",
            "所谓",
            "只不过"
        ]
    ],
    "身未稳": [
        "身未稳",
        "Body instability",
        "身体不稳定性",
        [
            "身体",
            "不稳定性",
            "躯体",
            "全身",
            "肌肉",
            "四肢",
            "眼睛",
            "身躯",
            "双腿",
            "双脚",
            "胸部",
            "周期性",
            "不稳定的",
            "震荡",
            "各向异性",
            "稳定状态",
            "地球磁场",
            "依赖性",
            "反常",
            "渐进"
        ]
    ],
    "声犹小": [
        "声犹小",
        "The sound is still small",
        "声音仍然很小",
        [
            "声音",
            "仍然",
            "很小",
            "依然",
            "一直",
            "较小",
            "较大",
            "声响",
            "不大",
            "大得多",
            "歌声",
            "相当大",
            "小得多",
            "几乎",
            "即便如此",
            "笑声",
            "始终",
            "即使如此",
            "人声",
            "极小",
            "非常大",
            "感觉",
            "并不大",
            "音调",
            "仅仅",
            "刺耳",
            "沙哑",
            "无论如何",
            "基本上",
            "声效"
        ]
    ],
    "调语": [
        "调语",
        "Tone language",
        "声调语言",
        [
            "声调",
            "语言",
            "调值",
            "入声",
            "韵母",
            "声韵",
            "音位",
            "上声",
            "语法",
            "韵尾",
            "变调",
            "音韵",
            "词汇",
            "自然语言",
            "母语",
            "第二语言",
            "语种",
            "语言学",
            "口语",
            "句法"
        ]
    ],
    "喃喃": [
        "喃喃",
        "murmur",
        "低语",
        []
    ],
    "啬薇": [
        "啬薇",
        "Sike Wei",
        "司空伟",
        [
            "司空",
            "伟",
            "太尉",
            "尚书令",
            "侍中",
            "司徒",
            "太傅",
            "大司马",
            "御史中丞",
            "中书令",
            "大司农",
            "祥",
            "鹏",
            "炳",
            "聪",
            "琛",
            "斌",
            "耀",
            "敏",
            "和黄"
        ]
    ],
    "未辞": [
        "未辞",
        "No words",
        "没话说",
        []
    ],
    "乳哺": [
        "乳哺",
        "Milk feed",
        "牛奶饲料",
        [
            "牛奶",
            "饲料",
            "糖浆",
            "奶",
            "果汁",
            "奶油",
            "肉类",
            "肥料",
            "黄油",
            "酸奶",
            "乳制品",
            "蜂蜜",
            "乳酪",
            "鸡蛋",
            "蔬菜",
            "大豆",
            "蔬果",
            "家畜",
            "营养成分"
        ]
    ],
    "色嫩": [
        "色嫩",
        "Color tender",
        "彩色投标",
        [
            "投标",
            "竞标",
            "招标",
            "得标",
            "竞投",
            "中标",
            "公开招标",
            "标售",
            "开标",
            "签订合同"
        ]
    ],
    "尤弱": [
        "尤弱",
        "Especially weak",
        "特别弱",
        [
            "特别",
            "弱",
            "尤其",
            "很弱",
            "同样",
            "较弱",
            "较强",
            "偏",
            "之外",
            "相当多",
            "过强",
            "不强",
            "强于",
            "值得注意",
            "引人注意",
            "微",
            "要强",
            "除此以外",
            "都有",
            "比如说"
        ]
    ],
    "习语": [
        "习语",
        "Idioms",
        "风格",
        [
            "风格",
            "艺术风格",
            "古典风格",
            "建筑风格",
            "个人风格",
            "音乐风格",
            "画风",
            "格调",
            "情调",
            "表现手法"
        ]
    ],
    "尤轻": [
        "尤轻",
        "Especially light",
        "特别是光线",
        [
            "特别",
            "光线",
            "反射",
            "光源",
            "照射",
            "太阳光",
            "反射光",
            "折射",
            "强光",
            "光照",
            "人眼",
            "尤其",
            "同样",
            "之外",
            "相当多",
            "值得注意",
            "引人注意",
            "除此以外",
            "都有",
            "比如说"
        ]
    ],
    "力尚微": [
        "力尚微",
        "The force is still weak",
        "原力仍然很弱",
        [
            "原力",
            "仍然",
            "很弱",
            "依然",
            "一直",
            "几乎",
            "即便如此",
            "始终",
            "即使如此",
            "绝地",
            "仅仅",
            "星球大战",
            "无论如何",
            "基本上",
            "弱",
            "尤达",
            "较弱",
            "要强",
            "白卜庭",
            "黑暗",
            "不强",
            "很强",
            "觉醒",
            "强于",
            "黑暗面",
            "相比之下",
            "毁灭者",
            "Persona",
            "顶多"
        ]
    ],
    "学飞": [
        "学飞",
        "Learn to fly",
        "学会飞翔",
        [
            "学会",
            "飞翔",
            "翱翔",
            "协会",
            "天空",
            "研究会",
            "飞上",
            "鸟儿",
            "飘浮",
            "雄鹰",
            "该学会",
            "天鹅",
            "海鸥",
            "常务理事",
            "总会",
            "物理学会",
            "羽翼",
            "研习",
            "学术委员会",
            "该协会"
        ]
    ],
    "数数": [
        "数数",
        "Count",
        "数数",
        [
            "数数",
            "算数",
            "约数",
            "比如说",
            "由此可知",
            "从前",
            "都是",
            "Pardosa",
            "<tr>",
            "</s>"
        ]
    ],
    "归旧": [
        "归旧",
        "Back to the old",
        "回到过去",
        [
            "回到",
            "过去",
            "返回",
            "离开",
            "留在",
            "来到",
            "离开了",
            "重回",
            "送回",
            "搬回",
            "重返",
            "现在",
            "以前",
            "过往",
            "依然",
            "从前",
            "即使如此",
            "只不过",
            "基本上",
            "无论如何"
        ]
    ],
    "翅轻": [
        "翅轻",
        "The wings are light",
        "翅膀很轻",
        [
            "翅膀",
            "轻",
            "尾巴",
            "羽毛",
            "双翼",
            "双翅",
            "背上",
            "头顶",
            "爪子",
            "飞翔",
            "重",
            "羽翼",
            "较重",
            "少",
            "驭",
            "基本型",
            "重为",
            "纯",
            "整体而言",
            "</s>"
        ]
    ],
    "无柰雨": [
        "无柰雨",
        "No rain",
        "不下雨",
        []
    ],
    "依栋语": [
        "依栋语",
        "Yidong language",
        "宜东语",
        []
    ],
    "羽怯": [
        "羽怯",
        "Feather qie",
        "羽毛旗袍",
        [
            "羽毛",
            "旗袍",
            "翅膀",
            "毛发",
            "尾巴",
            "尾羽",
            "雄鸟",
            "汉服",
            "西装",
            "服饰",
            "飞羽",
            "脚趾",
            "四肢",
            "头顶",
            "衣著",
            "西服",
            "上衣",
            "民族服饰",
            "内衣",
            "男装"
        ]
    ],
    "江风急": [
        "江风急",
        "Jiang Feng is in a hurry",
        "江峰有急事",
        []
    ],
    "力弱": [
        "力弱",
        "Weak force",
        "弱相互作用",
        [
            "弱",
            "相互作用",
            "交互作用",
            "作用力",
            "耦合",
            "粒子",
            "化学键",
            "电磁力",
            "基本粒子",
            "电磁场",
            "强子",
            "很弱",
            "较弱",
            "较强",
            "偏",
            "过强",
            "不强",
            "强于",
            "微",
            "要强"
        ]
    ],
    "傍人飞": [
        "傍人飞",
        "Fly alongside people",
        "与人并肩飞行",
        [
            "并肩",
            "飞行",
            "飞行中",
            "滑翔",
            "飞行器",
            "滑行",
            "着陆",
            "飞机",
            "航空器",
            "跳伞",
            "起飞",
            "并肩作战",
            "一齐",
            "三人",
            "两兄弟",
            "同在",
            "连在",
            "四人",
            "Pardosa",
            "</s>"
        ]
    ],
    "衣沾": [
        "衣沾",
        "Clothes stained",
        "衣服弄脏了",
        [
            "衣服",
            "鞋子",
            "衣物",
            "穿着",
            "大衣",
            "外套",
            "裤子",
            "鞋",
            "衣裳",
            "外衣"
        ]
    ],
    "麦雨匀": [
        "麦雨匀",
        "Wheat and rain",
        "小麦和雨水",
        [
            "小麦",
            "雨水",
            "玉米",
            "谷物",
            "马铃薯",
            "河水",
            "棉花",
            "甜菜",
            "水气",
            "的水",
            "地下水",
            "大米",
            "大豆",
            "水分",
            "大麦",
            "湿气",
            "泥土",
            "沙土",
            "水",
            "燕麦"
        ]
    ],
    "埘": [
        "埘",
        "hencoop",
        "鸡笼",
        [
            "鸡笼",
            "澎湖",
            "打狗",
            "大员",
            "荷兰人",
            "内海",
            "安平",
            "红毛",
            "小琉球",
            "新港"
        ]
    ],
    "报午": [
        "报午",
        "At noon",
        "在中午",
        [
            "中午",
            "下午",
            "凌晨",
            "傍晚",
            "上午",
            "早上",
            "晚上",
            "清晨",
            "晚间",
            "当日"
        ]
    ],
    "昂头": [
        "昂头",
        "Angtou",
        "昂头",
        []
    ],
    "绣领": [
        "绣领",
        "Embroidered collar",
        "绣花衣领",
        [
            "绣花",
            "衣领",
            "刺绣",
            "绸",
            "外套",
            "织锦",
            "绣",
            "上衣",
            "衬衣",
            "无袖",
            "袖",
            "长裤",
            "衬衫",
            "绸缎",
            "梳子",
            "扇子",
            "马甲",
            "金丝",
            "围巾",
            "皂"
        ]
    ],
    "喈": [
        "喈",
        "- oh, hey, hey, hey, hey, hey, hey, hey, hey, hey, hey, hey, hey, hey, hey, hey, hey, hey, hey",
        "-哦，嘿，嘿，嘿，嘿，嘿，嘿，嘿，嘿，嘿，嘿，嘿，嘿，嘿，嘿，嘿，嘿，嘿，嘿，嘿，嘿，嘿，嘿，嘿",
        [
            "-",
            "干",
            "安",
            "--",
            "先于",
            "在在",
            "时是",
            "<tr>",
            "Pardosa",
            "</s>"
        ]
    ],
    "唱晓": [
        "唱晓",
        "Sing Xiao",
        "唱萧",
        [
            "唱",
            "萧",
            "演唱",
            "合唱",
            "唱歌",
            "唱出",
            "杨",
            "会唱",
            "独唱",
            "对唱",
            "谢",
            "歌",
            "伴奏",
            "曹",
            "裴",
            "薛",
            "萧衍",
            "颜",
            "姚",
            "樊"
        ]
    ],
    "司晨": [
        "司晨",
        "Si Chen",
        "陈思",
        [
            "陈思",
            "焕",
            "张嘉",
            "莹",
            "刘江",
            "张春",
            "张瑞",
            "陈德",
            "李伟",
            "刘明"
        ]
    ],
    "喔": [
        "喔",
        "oh",
        "哦",
        []
    ],
    "丹颈": [
        "丹颈",
        "Dan neck",
        "丹颈",
        []
    ],
    "守夜": [
        "守夜",
        "night watch",
        "守夜",
        [
            "守夜",
            "夜宿",
            "点灯",
            "欢庆",
            "整夜",
            "夜晚",
            "夜里",
            "吊死",
            "清早",
            "常在"
        ]
    ],
    "角角": [
        "角角",
        "Angular angle",
        "角角度",
        [
            "角度",
            "视角",
            "取向",
            "出发点",
            "尺度",
            "本质",
            "并不一定",
            "相反",
            "角度看",
            "某种程度"
        ]
    ],
    "问安": [
        "问安",
        "Greetings",
        "问候",
        [
            "问候",
            "交谈",
            "祝贺",
            "打招呼",
            "祝福",
            "道别",
            "问好",
            "拥抱",
            "收信",
            "庆贺"
        ]
    ],
    "江道": [
        "江道",
        "Jiang Dao",
        "江岛",
        [
            "江岛",
            "岛根",
            "木岛",
            "三岛",
            "五岛",
            "西条",
            "内村",
            "的岛",
            "美里",
            "</s>"
        ]
    ],
    "养": [
        "养",
        "keep",
        "保持",
        [
            "保持",
            "维持",
            "始终保持",
            "保持稳定",
            "保有",
            "保证",
            "保持良好",
            "持续保持",
            "依然",
            "保持一致"
        ]
    ],
    "为善": [
        "为善",
        "For good",
        "永久地",
        []
    ],
    "元膺": [
        "元膺",
        "Yuan Ying",
        "应元",
        []
    ],
    "胶胶": [
        "胶胶",
        "Adhesive",
        "粘着剂",
        []
    ],
    "祖逖闻": [
        "祖逖闻",
        "Zu Ti smell",
        "祖逖气味",
        [
            "气味",
            "香味",
            "臭味",
            "味道",
            "刺激性",
            "香气",
            "异味",
            "恶臭",
            "难闻",
            "闻到"
        ]
    ],
    "谈元": [
        "谈元",
        "Talk about yuan",
        "谈人民币",
        [
            "谈",
            "人民币",
            "讲",
            "港币",
            "总投资",
            "总额",
            "累计",
            "投资额",
            "总金额",
            "折合",
            "韩圆",
            "谈谈",
            "下同",
            "谈论",
            "说好",
            "闲谈",
            "想想",
            "新书",
            "出书",
            "写书"
        ]
    ],
    "伴处宗": [
        "伴处宗",
        "Companion case",
        "伴箱",
        []
    ],
    "唤起": [
        "唤起",
        "arouse",
        "引起",
        [
            "引起",
            "引发",
            "引来",
            "激起",
            "招致",
            "惹来",
            "造成",
            "导致",
            "造成了",
            "引致"
        ]
    ],
    "玉关情": [
        "玉关情",
        "Jade Pass",
        "翡翠通行证",
        [
            "翡翠",
            "通行证",
            "证件",
            "身份证",
            "身份证明",
            "居民身份证",
            "身份证件",
            "回乡证",
            "宝石",
            "出入境",
            "珍珠",
            "钻石",
            "通关",
            "玛瑙",
            "明珠",
            "蓝宝石",
            "绿宝石",
            "玉石",
            "才可",
            "小金"
        ]
    ]
}