{
    "山居": [
        "山居",
        "Mountain dwelling",
        "山地住宅",
        [
            "山地",
            "住宅",
            "丘陵",
            "山区",
            "住宅区",
            "房屋",
            "洋房",
            "丘陵地带",
            "平地",
            "豪宅",
            "高山",
            "平原",
            "楼房",
            "公寓",
            "平房",
            "坡地",
            "层高",
            "房舍",
            "丘陵地区",
            "山地区"
        ]
    ],
    "动鼓": [
        "动鼓",
        "Moving drum",
        "移动滚筒",
        [
            "移动",
            "滚筒",
            "行进",
            "旋转",
            "方向移动",
            "静止",
            "飘移",
            "圆筒",
            "快速移动",
            "漂移",
            "伸展",
            "回转",
            "铁制",
            "圆盘",
            "铜制",
            "托盘",
            "金属制",
            "上端",
            "铜板",
            "纸制"
        ]
    ],
    "清等": [
        "清等",
        "Qing, etc",
        "清等",
        []
    ],
    "激难收": [
        "激难收",
        "Hard to accept",
        "难以接受",
        [
            "难以",
            "接受",
            "无法",
            "很难",
            "难于",
            "不易",
            "较难",
            "不能",
            "容易",
            "不足以",
            "根本无法",
            "拒绝接受",
            "放弃",
            "给予",
            "遵从",
            "做",
            "接纳",
            "不能接受",
            "给与",
            "不感兴趣"
        ]
    ],
    "能分": [
        "能分",
        "Ability to divide",
        "分裂能力",
        [
            "分裂",
            "能力",
            "战斗能力",
            "分化",
            "技能",
            "灵活性",
            "对立",
            "能力也",
            "能够",
            "内部矛盾",
            "控制能力",
            "潜能",
            "内斗",
            "并能",
            "意志力",
            "瓦解",
            "分崩离析",
            "崩解",
            "决裂",
            "分离"
        ]
    ],
    "水帘": [
        "水帘",
        "spray",
        "喷雾",
        [
            "喷雾",
            "喷剂",
            "催泪弹",
            "警棍",
            "胡椒",
            "水炮",
            "烟雾弹",
            "喷",
            "喷洒",
            "灭火器"
        ]
    ],
    "云额": [
        "云额",
        "Cloud forehead",
        "云前额",
        [
            "云",
            "前额",
            "眼窝",
            "下巴",
            "头顶",
            "下颚",
            "脸颊",
            "鼻子",
            "胸部",
            "背部",
            "面颊",
            "尘",
            "幽",
            "寒",
            "阳",
            "名曰",
            "碧",
            "皓",
            "虹",
            "容"
        ]
    ],
    "玉碎": [
        "玉碎",
        "Broken jade",
        "碎玉",
        []
    ],
    "飞带": [
        "飞带",
        "Flying belt",
        "飞行带",
        [
            "飞行",
            "带",
            "飞行中",
            "滑翔",
            "飞行器",
            "滑行",
            "着陆",
            "飞机",
            "航空器",
            "跳伞",
            "起飞",
            "带上",
            "背著",
            "隙",
            "随身携带",
            "只见",
            "放",
            "偷偷地",
            "远方",
            "上头"
        ]
    ],
    "喷玉": [
        "喷玉",
        "Spray jade",
        "喷玉",
        []
    ],
    "悬空": [
        "悬空",
        "Vacant",
        "空虚的",
        [
            "空虚",
            "疲惫",
            "松懈",
            "困乏",
            "凶险",
            "疲惫不堪",
            "疲乏",
            "纷乱",
            "急切",
            "安逸"
        ]
    ],
    "喷云": [
        "喷云",
        "Jet cloud",
        "喷射云",
        [
            "喷射",
            "云",
            "喷气",
            "涡轮",
            "弹射",
            "飞行器",
            "尘",
            "超音速",
            "幽",
            "寒",
            "加压",
            "喷气发动机",
            "蒸气",
            "阳",
            "名曰",
            "碧",
            "动力源",
            "皓",
            "虹",
            "容"
        ]
    ],
    "高挂": [
        "高挂",
        "High hanging",
        "悬挂高度",
        [
            "悬挂",
            "高度",
            "挂",
            "挂起",
            "水平",
            "倾斜度",
            "挂有",
            "离地",
            "旗杆",
            "竖立",
            "相对",
            "放置",
            "摆放",
            "整体",
            "安放",
            "总体",
            "移动性",
            "置放",
            "相对于",
            "持续性"
        ]
    ],
    "飞珠": [
        "飞珠",
        "Flying bead",
        "飞珠",
        []
    ],
    "挂壁": [
        "挂壁",
        "wall built-up",
        "砌墙",
        []
    ],
    "遮月": [
        "遮月",
        "Covering the moon",
        "遮住月亮",
        [
            "遮住",
            "月亮",
            "遮盖",
            "星星",
            "太阳",
            "露出",
            "天空",
            "盖住",
            "满月",
            "遮挡",
            "遮掩",
            "挡住",
            "星辰",
            "划破",
            "月光",
            "天上",
            "遮蔽",
            "闪耀",
            "头上",
            "大地"
        ]
    ],
    "常流": [
        "常流",
        "Constant current",
        "恒流",
        []
    ],
    "万点": [
        "万点",
        "Wan Dian",
        "万点",
        []
    ],
    "长悬": [
        "长悬",
        "Long suspension",
        "长期悬挂",
        [
            "长期",
            "悬挂",
            "长年",
            "一直",
            "挂",
            "挂起",
            "长时间",
            "挂有",
            "仍然",
            "旗杆",
            "长期以来",
            "竖立",
            "依然",
            "放置",
            "摆放",
            "安放",
            "经常性",
            "近十年",
            "置放",
            "曾一度"
        ]
    ],
    "奔泉": [
        "奔泉",
        "Ben quan",
        "本泉",
        []
    ],
    "展开": [
        "展开",
        "spread",
        "范围",
        [
            "范围",
            "范围内",
            "区域",
            "覆盖范围",
            "区域内",
            "适用范围",
            "全域",
            "以内",
            "仅限于",
            "之内"
        ]
    ],
    "飞流": [
        "飞流",
        "Flying current",
        "飞行电流",
        [
            "飞行",
            "电流",
            "电压",
            "电阻",
            "电场",
            "飞行中",
            "线圈",
            "阻抗",
            "电容器",
            "电位",
            "电路",
            "滑翔",
            "飞行器",
            "电容",
            "滑行",
            "着陆",
            "飞机",
            "航空器",
            "跳伞",
            "起飞"
        ]
    ],
    "洞口": [
        "洞口",
        "entrance to a cave",
        "洞穴入口",
        [
            "洞穴",
            "入口",
            "岩洞",
            "山洞",
            "洞内",
            "岩石",
            "地洞",
            "正门",
            "巢穴",
            "大门",
            "洞窟",
            "岩壁",
            "门廊",
            "对面",
            "走道",
            "入口处",
            "出口处",
            "深处",
            "中庭",
            "正对面"
        ]
    ],
    "额借": [
        "额借",
        "Loan amount",
        "贷款额",
        []
    ],
    "日看": [
        "日看",
        "Day by day",
        "逐日",
        [
            "逐日",
            "不定",
            "年月",
            "时有",
            "而今",
            "人口为120人",
            "</s>",
            "<tr>",
            "MLT-",
            "Pardosa"
        ]
    ],
    "波浩漾": [
        "波浩漾",
        "Bo Haoyang",
        "薄浩洋",
        []
    ],
    "巧障": [
        "巧障",
        "Qiao barrier",
        "桥屏障",
        [
            "桥",
            "屏障",
            "大桥",
            "新桥",
            "吊桥",
            "木桥",
            "天然屏障",
            "桥上",
            "阻隔",
            "拱桥",
            "石桥",
            "铁路桥",
            "桥下",
            "隔断",
            "战略要地",
            "第二道",
            "一道",
            "威慑",
            "外围",
            "两处"
        ]
    ],
    "华山": [
        "华山",
        "Huashan mountain",
        "华山",
        [
            "华山",
            "嵩山",
            "黄山",
            "武当",
            "青城",
            "泰山",
            "白云",
            "龙山",
            "后山",
            "逍遥"
        ]
    ],
    "岭头": [
        "岭头",
        "Ling tou",
        "岭头",
        []
    ],
    "垂虹": [
        "垂虹",
        "Hanging rainbow",
        "悬挂彩虹",
        [
            "悬挂",
            "彩虹",
            "挂",
            "挂起",
            "闪耀",
            "星星",
            "挂有",
            "小马",
            "旗杆",
            "竖立",
            "放置",
            "摆放",
            "七彩",
            "蝴蝶",
            "安放",
            "月光",
            "黎明",
            "闪亮",
            "沙漏",
            "置放"
        ]
    ],
    "隔断": [
        "隔断",
        "Partition",
        "划分",
        [
            "划分",
            "区分",
            "细分",
            "分割",
            "分为",
            "分成",
            "界定",
            "划定",
            "拆分",
            "分界"
        ]
    ],
    "檐头": [
        "檐头",
        "Eaves head",
        "檐头",
        []
    ],
    "钩凭": [
        "钩凭",
        "Hook by hook",
        "一钩一钩",
        []
    ],
    "夜听": [
        "夜听",
        "Night listening",
        "晚上听",
        [
            "晚上",
            "听",
            "早上",
            "中午",
            "傍晚",
            "下午",
            "凌晨",
            "晚间",
            "清晨",
            "早晨",
            "午夜",
            "听得",
            "问",
            "哭",
            "大声",
            "听完",
            "不行",
            "说什么",
            "却说",
            "不来"
        ]
    ],
    "水潺": [
        "水潺",
        "Water ripples",
        "水波纹",
        []
    ],
    "湲": [
        "湲",
        "I'm sorry",
        "对不起",
        [
            "对不起",
            "心痛",
            "谢谢",
            "亲爱的",
            "没关系",
            "丢脸",
            "脱口而出",
            "还好",
            "想见",
            "就让"
        ]
    ],
    "轻遮": [
        "轻遮",
        "Light shading",
        "遮光",
        [
            "遮光",
            "遮阳",
            "透光",
            "丝质",
            "保温",
            "鱼眼",
            "日晒",
            "茶色",
            "需有",
            "可视"
        ]
    ],
    "姑射仙": [
        "姑射仙",
        "Gushan fairy",
        "固山仙女",
        [
            "固山",
            "仙女",
            "仙子",
            "梅勒",
            "许仙",
            "织女",
            "额",
            "都统",
            "海神",
            "白蛇",
            "天聪",
            "神仙",
            "龙王",
            "化作",
            "王母",
            "崇德",
            "镶黄旗",
            "贝勒",
            "肃亲王",
            "洪承畴"
        ]
    ],
    "市井": [
        "市井",
        "town",
        "城镇",
        [
            "城镇",
            "一个城市",
            "村落",
            "首府",
            "西南部",
            "西北部",
            "的城市",
            "村镇",
            "西部",
            "小镇"
        ]
    ],
    "街衢": [
        "街衢",
        "Street thoroughfare",
        "街道大道",
        [
            "街道",
            "大道",
            "街",
            "街巷",
            "广场",
            "商业街",
            "大街",
            "路",
            "街区",
            "小巷",
            "老城区",
            "Avenue",
            "交叉口",
            "街路",
            "横街",
            "北路",
            "居民区",
            "小街",
            "西端",
            "中央公园"
        ]
    ],
    "嚣尘": [
        "嚣尘",
        "Noisy noise",
        "噪声",
        [
            "噪声",
            "杂讯",
            "噪音",
            "频率",
            "阻尼",
            "失真",
            "谐波",
            "频谱",
            "信道",
            "增益"
        ]
    ],
    "旗亭": [
        "旗亭",
        "Flag pavilion",
        "国旗馆",
        [
            "国旗",
            "馆",
            "旗帜",
            "国徽",
            "三色旗",
            "馆内",
            "国歌",
            "旗",
            "五星红旗",
            "区旗",
            "军旗",
            "会旗",
            "展示馆",
            "本馆",
            "分馆",
            "厅",
            "展览馆",
            "馆里",
            "图书室",
            "馆主"
        ]
    ],
    "一哄": [
        "一哄",
        "A hubbub",
        "吵闹",
        [
            "吵闹",
            "吵杂",
            "惊吓",
            "喧闹",
            "夜晚",
            "外头",
            "偶尔",
            "不经意",
            "时常",
            "整天"
        ]
    ],
    "懋迁": [
        "懋迁",
        "Migration",
        "移动",
        [
            "移动",
            "行进",
            "旋转",
            "方向移动",
            "静止",
            "飘移",
            "快速移动",
            "漂移",
            "伸展",
            "回转"
        ]
    ],
    "货财通": [
        "货财通",
        "Goods and money pass through",
        "货物和金钱通过",
        [
            "货物",
            "金钱",
            "钱财",
            "货运",
            "货物运输",
            "报酬",
            "运输",
            "集装箱",
            "大笔",
            "装卸",
            "船舶",
            "钱",
            "装运",
            "船运",
            "回报",
            "中转",
            "借贷",
            "积蓄",
            "花钱",
            "有钱人"
        ]
    ],
    "通万货": [
        "通万货",
        "General merchandise",
        "杂货",
        [
            "杂货",
            "批发",
            "兼营",
            "五金",
            "日用品",
            "纺织",
            "布匹",
            "批发商",
            "杂货店",
            "干货"
        ]
    ],
    "青箬": [
        "青箬",
        "Green chopsticks",
        "绿色筷子",
        [
            "绿色",
            "筷子",
            "橙色",
            "黄色",
            "红色",
            "蓝色",
            "白色",
            "粉红色",
            "紫色",
            "浅绿色",
            "深蓝色",
            "铁板",
            "筷",
            "把手",
            "箸",
            "团子",
            "棍子",
            "连着",
            "吉是",
            "都用"
        ]
    ],
    "裹": [
        "裹",
        "Wrap",
        "围巾",
        [
            "围巾",
            "衬衫",
            "外套",
            "毛巾",
            "领带",
            "短裙",
            "鞋子",
            "毛衣",
            "靴子",
            "系上"
        ]
    ],
    "财货": [
        "财货",
        "Financial goods",
        "金融商品",
        [
            "金融",
            "商品",
            "国际金融",
            "银行业",
            "产品",
            "金融业",
            "货品",
            "金融市场",
            "金融机构",
            "金融服务",
            "消费者",
            "消费",
            "商家",
            "股票市场",
            "零售商",
            "证券市场",
            "消费品",
            "卖家",
            "保险业",
            "的产品"
        ]
    ],
    "通天": [
        "通天",
        "Babel",
        "巴别塔",
        [
            "巴别塔",
            "伊甸",
            "亚特兰蒂斯",
            "很久以前",
            "们所",
            "波瓦",
            "破坏者",
            "早先",
            "<tr>",
            "</s>"
        ]
    ],
    "闤": [
        "闤",
        "Que",
        "扁鹊",
        [
            "扁鹊",
            "孙思邈",
            "董仲舒",
            "孟子",
            "张仲景",
            "小儿",
            "针灸",
            "周易",
            "墨子",
            "传为"
        ]
    ],
    "闠": [
        "闠",
        "The situation is very serious",
        "情况非常严重",
        [
            "情况",
            "非常",
            "严重",
            "十分",
            "相当",
            "极为",
            "极其",
            "状况",
            "情形",
            "更为",
            "并不",
            "更加",
            "比较",
            "颇为",
            "相当严重",
            "更为严重",
            "轻微",
            "原因",
            "情况下",
            "导致",
            "严重影响",
            "致使",
            "比较严重",
            "可能会",
            "情况严重",
            "不堪重负",
            "可能",
            "具体情况",
            "上述情况",
            "持续性"
        ]
    ],
    "廛": [
        "廛",
        "I'm sorry",
        "对不起",
        [
            "对不起",
            "心痛",
            "谢谢",
            "亲爱的",
            "没关系",
            "丢脸",
            "脱口而出",
            "还好",
            "想见",
            "就让"
        ]
    ],
    "肆": [
        "肆",
        "Four",
        "四",
        []
    ],
    "候馆": [
        "候馆",
        "Waiting hall",
        "等候大厅",
        [
            "等候",
            "大厅",
            "等待",
            "排队",
            "下车",
            "二楼",
            "中庭",
            "音乐厅",
            "礼堂",
            "前厅",
            "建筑内",
            "门厅",
            "走道",
            "一楼",
            "下班",
            "回程",
            "开门",
            "步出",
            "坐车",
            "搭车"
        ]
    ],
    "千家": [
        "千家",
        "Thousands",
        "数千",
        []
    ],
    "交易": [
        "交易",
        "Transaction",
        "交易",
        [
            "交易",
            "买卖",
            "报价",
            "融资",
            "现金",
            "交易系统",
            "股票交易",
            "结算",
            "交割",
            "买入"
        ]
    ],
    "闹": [
        "闹",
        "Noisy",
        "喧闹的",
        [
            "喧闹",
            "嘈杂",
            "喧嚣",
            "欢快",
            "吵杂",
            "吵闹",
            "安静",
            "尽情",
            "欢欣",
            "突然间"
        ]
    ],
    "会三时": [
        "会三时",
        "At three o'clock",
        "三点钟",
        []
    ],
    "驱百役": [
        "驱百役",
        "100 % flooding",
        "100 %洪水",
        [
            "%",
            "洪水",
            "洪水泛滥",
            "%-",
            "山洪",
            "分之一",
            "比率",
            "泥石流",
            "大水",
            "分之二",
            "淹没",
            "半数",
            "水淹",
            "泛滥",
            "决堤",
            "百分比",
            "山洪暴发",
            "九成",
            "%~",
            "据估计"
        ]
    ],
    "绿荷": [
        "绿荷",
        "Green lotus",
        "绿色莲花",
        [
            "绿色",
            "莲花",
            "橙色",
            "黄色",
            "红色",
            "蓝色",
            "白色",
            "粉红色",
            "紫色",
            "浅绿色",
            "深蓝色",
            "宝瓶",
            "梅花",
            "莲",
            "荷花",
            "麒麟",
            "如意",
            "马鞍",
            "垂花",
            "顶上"
        ]
    ],
    "包饭": [
        "包饭",
        "board",
        "板",
        [
            "板",
            "支架",
            "框",
            "垫",
            "筒",
            "铁片",
            "铁板",
            "侧边",
            "板子",
            "刷"
        ]
    ],
    "锥刀": [
        "锥刀",
        "Cone knife",
        "锥形刀",
        [
            "锥形",
            "刀",
            "剑",
            "匕首",
            "圆锥形",
            "大刀",
            "刃",
            "短刀",
            "刀剑",
            "武士刀",
            "刀子",
            "柱形",
            "圆形",
            "刀刃",
            "中空",
            "六角形",
            "圆锥",
            "顶端",
            "楔形",
            "尖头"
        ]
    ],
    "较": [
        "较",
        "More",
        "更多",
        [
            "更",
            "更加",
            "更为",
            "非常",
            "越来越",
            "愈来愈",
            "不够",
            "格外",
            "来得",
            "更是"
        ]
    ],
    "交通": [
        "交通",
        "Traffic",
        "交通",
        [
            "交通",
            "交通运输",
            "公路交通",
            "交通设施",
            "城市交通",
            "公共交通",
            "铁路运输",
            "运输",
            "交通网络",
            "交通网"
        ]
    ],
    "书有": [
        "书有",
        "The books are",
        "这些书是",
        [
            "书",
            "著作",
            "序言",
            "序文",
            "文中",
            "笔记",
            "论著",
            "前言",
            "注解",
            "著书"
        ]
    ],
    "阅": [
        "阅",
        "Reading",
        "阅读",
        [
            "阅读",
            "读者",
            "写作",
            "读物",
            "学习者",
            "书本",
            "朗读",
            "写出",
            "读到",
            "选读"
        ]
    ],
    "康衢": [
        "康衢",
        "Kang qu",
        "康曲",
        []
    ],
    "晓郭": [
        "晓郭",
        "Xiao Guo",
        "小果",
        [
            "果",
            "籽",
            "叶",
            "薯",
            "梗",
            "椒",
            "石榴",
            "波罗蜜",
            "小叶",
            "；大"
        ]
    ],
    "云藏市": [
        "云藏市",
        "Yunzang city",
        "云藏市",
        []
    ],
    "舟车": [
        "舟车",
        "journey",
        "旅行",
        [
            "旅行",
            "旅程",
            "旅途",
            "之旅",
            "漫游",
            "环游世界",
            "环游",
            "旅行者",
            "历险",
            "周游世界"
        ]
    ],
    "凑集": [
        "凑集",
        "Gather together",
        "聚合",
        [
            "聚合",
            "单体",
            "生成",
            "催化",
            "裂解",
            "交联",
            "肽键",
            "亚胺",
            "支链",
            "剪切"
        ]
    ],
    "箫无": [
        "箫无",
        "Xiao Wu",
        "小吴",
        [
            "吴",
            "陈",
            "赵",
            "刘",
            "蔡",
            "杨",
            "徐",
            "姚",
            "郑",
            "邵"
        ]
    ],
    "伍子": [
        "伍子",
        "Wu zi",
        "伍兹",
        [
            "伍兹",
            "史密斯",
            "梅森",
            "卡森",
            "华莱士",
            "克拉克",
            "爱德华兹",
            "亨特",
            "安德森",
            "莱利"
        ]
    ],
    "闾巷": [
        "闾巷",
        "Lü Xiang",
        "吕翔",
        []
    ],
    "隐人闲": [
        "隐人闲",
        "Hidden people are idle",
        "隐藏的人是无所事事的",
        [
            "隐藏",
            "无所事事",
            "整天",
            "游手好闲",
            "懒散",
            "终日",
            "隐蔽",
            "伪装",
            "中年",
            "隐密",
            "黑影",
            "背后",
            "落魄",
            "隐秘",
            "度日",
            "暗藏",
            "隐匿",
            "安逸",
            "像是",
            "男孩子"
        ]
    ],
    "春山": [
        "春山",
        "Spring mountain",
        "春天的山",
        [
            "春天",
            "山",
            "秋天",
            "山下",
            "夏天",
            "山上",
            "山脚下",
            "山麓",
            "山脚",
            "山腰",
            "山有",
            "初夏",
            "冬天",
            "秋季",
            "后山",
            "春季",
            "石山",
            "夏末",
            "深秋",
            "盛夏"
        ]
    ],
    "护林": [
        "护林",
        "Ranger",
        "骑警",
        [
            "骑警",
            "加拿大皇家骑警",
            "执法人员",
            "警察",
            "空勤团",
            "警察部队",
            "特警队",
            "伦敦警察厅",
            "警官",
            "美国海岸警卫队"
        ]
    ],
    "缠": [
        "缠",
        "wind",
        "风",
        [
            "风",
            "风吹",
            "西风",
            "吹拂",
            "吹",
            "北风",
            "大风",
            "暴风",
            "雨",
            "和风"
        ]
    ],
    "土精": [
        "土精",
        "Soil extract",
        "土壤提取",
        [
            "土壤",
            "提取",
            "萃取",
            "植被",
            "土层",
            "提炼",
            "抽取",
            "泥土",
            "酸性",
            "土质",
            "表土",
            "有机质",
            "沙土",
            "含水",
            "提炼出",
            "分离出",
            "所含",
            "合成",
            "分离出来",
            "浓缩"
        ]
    ],
    "云抱": [
        "云抱",
        "Cloud hug",
        "云拥抱",
        [
            "云",
            "拥抱",
            "亲吻",
            "接吻",
            "深情",
            "微笑",
            "牵手",
            "爱人",
            "情不自禁",
            "尘",
            "幽",
            "俩人",
            "诉说",
            "寒",
            "阳",
            "名曰",
            "碧",
            "皓",
            "虹",
            "容"
        ]
    ],
    "地骨": [
        "地骨",
        "Ground bone",
        "磨碎的骨头",
        [
            "磨碎",
            "骨头",
            "骨骼",
            "牙齿",
            "头骨",
            "咀嚼",
            "颅骨",
            "脊椎",
            "切碎",
            "肋骨",
            "骨",
            "软组织",
            "消化",
            "脊椎骨",
            "煮熟",
            "磨成",
            "压碎",
            "烘烤",
            "肉块",
            "碾碎"
        ]
    ],
    "落星": [
        "落星",
        "Falling star",
        "流星",
        [
            "流星",
            "闪电",
            "闪光",
            "极光",
            "火球",
            "旋风",
            "雷电",
            "海市蜃楼",
            "火鸟",
            "苍鹰"
        ]
    ],
    "印鹊": [
        "印鹊",
        "Indian magpie",
        "印度喜鹊",
        [
            "印度",
            "喜鹊",
            "孟加拉",
            "尼泊尔",
            "巴基斯坦",
            "斯里兰卡",
            "孟加拉国",
            "印度次大陆",
            "南亚",
            "不丹",
            "锡兰",
            "乌鸦",
            "红嘴",
            "雁",
            "老虎",
            "渡鸦",
            "白头翁",
            "燕子",
            "白头",
            "大白"
        ]
    ],
    "磊落": [
        "磊落",
        "Open and aboveboard",
        "光明正大的",
        [
            "光明正大",
            "公道",
            "卑劣",
            "到底",
            "无所谓",
            "所谓",
            "何在",
            "实则",
            "无异于",
            "此番"
        ]
    ],
    "苍藤": [
        "苍藤",
        "Cang Teng",
        "仓腾",
        []
    ],
    "萤过": [
        "萤过",
        "Hotaru",
        "萤",
        [
            "萤",
            "藤井",
            "岚",
            "小林",
            "木下",
            "光",
            "虹",
            "大鹰",
            "椿",
            "和美"
        ]
    ],
    "采处": [
        "采处",
        "Mining area",
        "矿山",
        [
            "矿山",
            "煤矿",
            "采矿",
            "矿区",
            "矿场",
            "矿井",
            "铁矿",
            "矿",
            "矿业",
            "采掘"
        ]
    ],
    "云根": [
        "云根",
        "Cloud root",
        "云根",
        []
    ],
    "苍苔色": [
        "苍苔色",
        "Mossy color",
        "苔藓色",
        [
            "苔藓",
            "色",
            "青色",
            "树干",
            "紫色",
            "地衣",
            "泥炭",
            "黄色",
            "落叶",
            "树叶",
            "蕨类植物",
            "红色",
            "蓝",
            "针叶树",
            "白",
            "维管束",
            "浅蓝",
            "青绿色",
            "细枝",
            "纯白"
        ]
    ],
    "孤云绕": [
        "孤云绕",
        "Solitary cloud winding",
        "孤云缠绕",
        [
            "缠绕",
            "卷曲",
            "缠",
            "盘绕",
            "绑",
            "螺旋状",
            "缠住",
            "藤蔓",
            "卷起",
            "螺旋形"
        ]
    ],
    "添幽致": [
        "添幽致",
        "Add to the gloom",
        "雪上加霜的是",
        [
            "雪上加霜",
            "严峻",
            "每况愈下",
            "岌岌可危",
            "一落千丈",
            "急转直下",
            "捉襟见肘",
            "停滞不前",
            "困窘",
            "陷入困境"
        ]
    ],
    "化女": [
        "化女",
        "Women",
        "女人",
        [
            "女人",
            "男人",
            "女孩",
            "女人们",
            "新娘",
            "妳",
            "爱人",
            "老婆",
            "情人",
            "甜蜜"
        ]
    ],
    "井龟": [
        "井龟",
        "Well turtle",
        "海龟",
        [
            "海龟",
            "海洋生物",
            "鲨鱼",
            "龙虾",
            "海牛",
            "海鸟",
            "虎鲸",
            "螃蟹",
            "乌龟",
            "儒艮"
        ]
    ],
    "怪状": [
        "怪状",
        "Strange shape",
        "奇怪的形状",
        [
            "奇怪",
            "形状",
            "怪异",
            "外形",
            "古怪",
            "圆形",
            "诡异",
            "轮廓",
            "好奇",
            "外观",
            "寻常",
            "好像",
            "有趣",
            "大小",
            "形似",
            "圆锥形",
            "无聊",
            "菱形",
            "奇特",
            "椭圆形"
        ]
    ],
    "碧藓": [
        "碧藓",
        "Bibi moss",
        "比比·莫斯",
        [
            "比比",
            "莫斯",
            "卡尔",
            "迪尔",
            "尼尔",
            "赫尔",
            "吉尔",
            "巴德",
            "西尔",
            "贝特",
            "托尔",
            "特里",
            "阿历山大",
            "拉姆",
            "阿德",
            "罗伊",
            "沙克",
            "伯纳德",
            "</s>",
            "Pardosa"
        ]
    ],
    "断时": [
        "断时",
        "Break time",
        "切断时间",
        [
            "切断",
            "时间",
            "截断",
            "星期",
            "一段时间",
            "补给线",
            "打通",
            "小时",
            "间隔时间",
            "阻断",
            "整整",
            "时长",
            "时间段",
            "等待时间",
            "接通",
            "割断",
            "短时间",
            "退路",
            "侵入",
            "绕过"
        ]
    ],
    "双笋": [
        "双笋",
        "Double shoot",
        "双重射击",
        [
            "射击",
            "瞄准",
            "狙击手",
            "子弹",
            "狙击枪",
            "近战",
            "远距离",
            "近距离",
            "连发",
            "机关枪"
        ]
    ],
    "海眼": [
        "海眼",
        "Sea eye",
        "海眼",
        []
    ],
    "瘦鹤姿": [
        "瘦鹤姿",
        "Thin crane posture",
        "薄型起重机姿态",
        [
            "起重机",
            "姿态",
            "吊车",
            "姿势",
            "身姿",
            "驳船",
            "钢缆",
            "挖掘机",
            "轮子",
            "钢架",
            "消防车",
            "姿",
            "机架",
            "推土机",
            "摆出",
            "双脚",
            "时而",
            "光环",
            "勇往直前",
            "关键时刻"
        ]
    ]
}