{
    "肌削玉": [
        "肌削玉",
        "Muscle cutting jade",
        "肌肉切割玉",
        [
            "肌肉",
            "切割",
            "玉",
            "四肢",
            "身体",
            "关节",
            "神经",
            "下肢",
            "脊柱",
            "躯干",
            "手部",
            "肌肉组织",
            "切割成",
            "挤压",
            "研磨",
            "切削",
            "切开",
            "锦",
            "接合",
            "整块",
            "珠",
            "凤",
            "麒麟",
            "切出",
            "白玉",
            "苍",
            "芳",
            "大块",
            "芝",
            "和龙"
        ]
    ],
    "舞山香": [
        "舞山香",
        "Dance Mountain Fragrance",
        "舞蹈山香",
        [
            "舞蹈",
            "歌舞",
            "舞者",
            "表演",
            "表演者",
            "芭蕾",
            "跳舞",
            "街舞",
            "肚皮舞",
            "现代舞"
        ]
    ],
    "高不飞": [
        "高不飞",
        "Don't fly high",
        "不要飞得太高",
        [
            "不要",
            "飞",
            "太高",
            "太低",
            "不想",
            "不该",
            "极低",
            "不让",
            "不必",
            "高昂",
            "绝不会",
            "很低",
            "绝不",
            "免得",
            "切勿",
            "不用",
            "太小",
            "太少",
            "考虑到",
            "很差",
            "飞来",
            "空",
            "以致于",
            "飞去",
            "扑",
            "挥",
            "飞龙",
            "飘",
            "大鹏",
            "苍鹰"
        ]
    ],
    "晓风前": [
        "晓风前",
        "Before Xiao Feng",
        "在小峰之前",
        [
            "之前",
            "以前",
            "之后",
            "在此之前",
            "以后",
            "前",
            "此前",
            "先前",
            "在此之后",
            "早先"
        ]
    ],
    "委尘": [
        "委尘",
        "Committee dust",
        "委员会灰尘",
        [
            "委员会",
            "灰尘",
            "该委员会",
            "理事会",
            "一个委员会",
            "尘埃",
            "的委员会",
            "烟雾",
            "特别委员会",
            "污垢",
            "尘土",
            "评议会",
            "秘书处",
            "小组",
            "有毒气体",
            "微粒",
            "碎屑",
            "管理委员会",
            "坑洞",
            "烟尘"
        ]
    ],
    "半面": [
        "半面",
        "Half face",
        "半边脸",
        [
            "半边",
            "脸",
            "书上",
            "脸上",
            "脸颊",
            "左眼",
            "右眼",
            "微笑",
            "贴",
            "脸部",
            "脸孔",
            "右臂",
            "暗讽",
            "左臂",
            "小腿",
            "撕",
            "右边",
            "扯",
            "身后",
            "后背"
        ]
    ],
    "上舞": [
        "上舞",
        "Dance",
        "跳舞",
        [
            "跳舞",
            "唱歌",
            "表演",
            "弹吉他",
            "唱歌跳舞",
            "舞者",
            "弹钢琴",
            "玩乐",
            "表演者",
            "接吻"
        ]
    ],
    "脸销": [
        "脸销",
        "Face pin",
        "面销",
        []
    ],
    "皱白": [
        "皱白",
        "Wrinkle white",
        "皱纹白",
        [
            "皱纹",
            "白",
            "红",
            "黑",
            "波纹",
            "皮肤上",
            "色",
            "水泡",
            "白斑",
            "灰",
            "蓝",
            "苍白",
            "白点",
            "睫毛",
            "肉色",
            "青色",
            "茶色",
            "颗粒状",
            "紫",
            "大白"
        ]
    ],
    "离情": [
        "离情",
        "Departure",
        "离开",
        [
            "离开",
            "离开了",
            "返回",
            "回到",
            "留在",
            "来到",
            "离去",
            "逃离",
            "进入",
            "重回"
        ]
    ],
    "蝶蜂": [
        "蝶蜂",
        "Butterfly bee",
        "蝴蝶蜂",
        [
            "蝴蝶",
            "蜂",
            "蚁",
            "蜜蜂",
            "蜻蜓",
            "蚜虫",
            "蛾",
            "兰花",
            "蜘蛛",
            "蟑螂",
            "猫头鹰",
            "彩虹",
            "蝙蝠",
            "蚂蚁",
            "风铃",
            "燕子",
            "茉莉",
            "螳螂",
            "蟋蟀",
            "鹌鹑"
        ]
    ],
    "落时": [
        "落时",
        "Time of fall",
        "秋天的时间",
        [
            "秋天",
            "时间",
            "春天",
            "秋季",
            "夏天",
            "春季",
            "冬天",
            "星期",
            "一段时间",
            "初夏",
            "小时",
            "夏末",
            "间隔时间",
            "整整",
            "秋",
            "时长",
            "时间段",
            "等待时间",
            "短时间",
            "一月"
        ]
    ],
    "自舞": [
        "自舞",
        "Self - dancing",
        "自我舞蹈",
        [
            "舞蹈",
            "歌舞",
            "舞者",
            "表演",
            "表演者",
            "芭蕾",
            "跳舞",
            "街舞",
            "肚皮舞",
            "现代舞"
        ]
    ],
    "遶栏": [
        "遶栏",
        "Qiu Lan",
        "秋兰",
        []
    ],
    "乱红": [
        "乱红",
        "Disorderly red",
        "无序红色",
        [
            "红色",
            "黄色",
            "白色",
            "蓝色",
            "橙色",
            "紫色",
            "黑色",
            "粉红色",
            "金色",
            "深蓝色"
        ]
    ],
    "堆砌": [
        "堆砌",
        "pile up",
        "积累",
        [
            "积累",
            "累积",
            "吸取",
            "获取",
            "积攒",
            "积聚",
            "依靠",
            "获益",
            "受益",
            "造就"
        ]
    ],
    "暗水": [
        "暗水",
        "Dark water",
        "暗水",
        []
    ],
    "空流径": [
        "空流径",
        "Empty flow path",
        "空流路",
        [
            "空",
            "机",
            "飞",
            "浮",
            "影",
            "自在",
            "飞龙",
            "自造",
            "自力",
            "</s>"
        ]
    ],
    "腻红": [
        "腻红",
        "Tardy red",
        "迟发红",
        [
            "迟",
            "发红",
            "肿胀",
            "太迟",
            "眼部",
            "嘴唇",
            "双眼",
            "足足",
            "要到",
            "刺痛",
            "变色",
            "下巴",
            "未足",
            "很晚",
            "肥大",
            "迟于",
            "迟至",
            "白点",
            "先于",
            "</s>"
        ]
    ],
    "愁态": [
        "愁态",
        "Sad state",
        "悲伤的状态",
        [
            "悲伤",
            "状态",
            "哀伤",
            "忧伤",
            "悲痛",
            "伤心",
            "悲哀",
            "思念",
            "伤感",
            "难过",
            "忧郁",
            "稳定状态",
            "平衡状态",
            "状况",
            "静止状态",
            "情况下",
            "正常",
            "完全",
            "精神状态",
            "长时间"
        ]
    ],
    "扫后": [
        "扫后",
        "After sweeping",
        "清扫后",
        [
            "清扫",
            "清理",
            "打扫",
            "清洁",
            "清除",
            "搬运",
            "捡拾",
            "看守",
            "围住",
            "；还有"
        ]
    ],
    "残翠": [
        "残翠",
        "Remnant emerald",
        "残余祖母绿",
        [
            "残余",
            "祖母绿",
            "瓦解",
            "残存",
            "残留",
            "残部",
            "钻石",
            "绿柱石",
            "侵入",
            "电气石",
            "宝石",
            "方解石",
            "青金石",
            "崩解",
            "覆没",
            "紫水晶",
            "剩余",
            "硫化物",
            "打散",
            "云母"
        ]
    ],
    "半掩扉": [
        "半掩扉",
        "Semi - closed door",
        "半封闭门",
        [
            "门",
            "门内",
            "四门",
            "二门",
            "门上",
            "小门",
            "东门",
            "道门",
            "三门",
            "后门"
        ]
    ],
    "红雨乱": [
        "红雨乱",
        "Red rain and chaos",
        "红色的雨和混乱",
        [
            "红色",
            "雨",
            "混乱",
            "黄色",
            "白色",
            "蓝色",
            "橙色",
            "紫色",
            "黑色",
            "粉红色",
            "金色",
            "深蓝色",
            "恐慌",
            "动荡",
            "纷乱",
            "混乱状态",
            "动荡不安",
            "雾",
            "风雨",
            "不安",
            "大乱",
            "动乱",
            "慌乱",
            "雪",
            "寒",
            "枯",
            "夜",
            "飘",
            "月光",
            "雨天"
        ]
    ],
    "静堆": [
        "静堆",
        "Static pile",
        "静力桩",
        [
            "静力",
            "静力学",
            "受力",
            "流体力学",
            "数学模型",
            "滑轮",
            "纵轴",
            "一个系统",
            "量值",
            "飞轮"
        ]
    ],
    "梦短": [
        "梦短",
        "Short dream",
        "短暂的梦",
        [
            "短暂",
            "梦",
            "一段时间",
            "断断续续",
            "之后",
            "梦中",
            "直至",
            "长时间",
            "宝贝",
            "幻",
            "在此期间",
            "在此之后",
            "恶梦",
            "梦幻",
            "初恋",
            "明日",
            "月光",
            "年中",
            "醒",
            "短时间"
        ]
    ],
    "成蝶": [
        "成蝶",
        "Adult butterfly",
        "成年蝴蝶",
        [
            "成年",
            "蝴蝶",
            "未成年",
            "蜻蜓",
            "成年人",
            "男性",
            "成体",
            "年长",
            "刚出生",
            "兰花",
            "猫头鹰",
            "孩童",
            "彩虹",
            "蝙蝠",
            "未满",
            "幼小",
            "风铃",
            "燕子",
            "茉莉",
            "螳螂"
        ]
    ],
    "铺地": [
        "铺地",
        "pavage",
        "铺路",
        [
            "铺路",
            "迫切需要",
            "曾计划",
            "时更",
            "先是",
            "正因如此",
            "人口为120人",
            "Pardosa",
            "<tr>",
            "</s>"
        ]
    ],
    "锦茵张": [
        "锦茵张",
        "Jin Yin Zhang",
        "金银章",
        []
    ],
    "闲缀": [
        "闲缀",
        "Idle compose",
        "空闲合成",
        [
            "空闲",
            "合成",
            "制备",
            "催化",
            "化学合成",
            "闲暇",
            "人工合成",
            "衍生物",
            "还原",
            "多肽",
            "休息",
            "小分子",
            "裂解",
            "只读",
            "整天",
            "平常",
            "往常",
            "那时候",
            "都只",
            "在在"
        ]
    ],
    "绿莎丛": [
        "绿莎丛",
        "Green Sasha Cluster",
        "绿色莎莎簇",
        [
            "绿色",
            "橙色",
            "黄色",
            "红色",
            "蓝色",
            "白色",
            "粉红色",
            "紫色",
            "浅绿色",
            "深蓝色"
        ]
    ],
    "肠回": [
        "肠回",
        "Intestinal gyrus",
        "肠回",
        []
    ],
    "掩鸾": [
        "掩鸾",
        "Yan Luan",
        "艳鸾",
        []
    ],
    "拂地": [
        "拂地",
        "Brush the ground",
        "刷地",
        []
    ],
    "琼碎": [
        "琼碎",
        "Chopped Joan",
        "切碎的琼",
        [
            "切碎",
            "磨碎",
            "捣碎",
            "煮熟",
            "烘烤",
            "碾碎",
            "面糊",
            "拌",
            "烟熏",
            "肉块"
        ]
    ],
    "玉消": [
        "玉消",
        "Yuxiao",
        "小宇",
        [
            "小宇",
            "林夕",
            "罗大佑",
            "钟镇涛",
            "蒋志光",
            "吕方",
            "萧亮",
            "王杰",
            "杨千嬅",
            "谢霆锋"
        ]
    ],
    "羌笛": [
        "羌笛",
        "Qiang flute",
        "羌笛",
        []
    ],
    "回妙舞": [
        "回妙舞",
        "Back to Wonderful Dance",
        "回到美妙的舞蹈",
        [
            "回到",
            "美妙",
            "舞蹈",
            "返回",
            "离开",
            "留在",
            "来到",
            "歌舞",
            "离开了",
            "重回",
            "舞者",
            "送回",
            "表演",
            "表演者",
            "芭蕾",
            "动人",
            "搬回",
            "重返",
            "跳舞",
            "街舞",
            "美丽",
            "迷人",
            "肚皮舞",
            "现代舞",
            "优雅",
            "陶醉",
            "难以置信",
            "令人难忘",
            "不可思议",
            "仿佛"
        ]
    ],
    "香犹在": [
        "香犹在",
        "The fragrance is still there",
        "香味还在",
        [
            "香味",
            "香气",
            "味道",
            "气味",
            "甜味",
            "风味",
            "酸味",
            "苦味",
            "果香",
            "味"
        ]
    ],
    "千万": [
        "千万",
        "Ten million",
        "一千万",
        []
    ],
    "似雪飞": [
        "似雪飞",
        "Like snow flying",
        "就像雪花飞舞",
        [
            "雪花",
            "飞舞",
            "盘旋",
            "飘",
            "有如",
            "仿佛",
            "变幻",
            "波纹",
            "飘浮",
            "白雪",
            "卷起",
            "七彩",
            "犹如",
            "好似",
            "沙漏",
            "月光",
            "风铃",
            "色彩鲜艳",
            "MLT-",
            "</s>"
        ]
    ],
    "冷香魂": [
        "冷香魂",
        "Cold fragrance",
        "冷香",
        []
    ],
    "粉半干": [
        "粉半干",
        "Powder half dry",
        "粉末半干",
        [
            "粉末",
            "粉状",
            "粉末状",
            "固体",
            "混合物",
            "结晶",
            "黏稠",
            "常温下",
            "氧化铁",
            "浅黄色"
        ]
    ],
    "暮雪飞": [
        "暮雪飞",
        "Sunset snow flying",
        "落日飞雪",
        [
            "落日",
            "飞雪",
            "苍穹",
            "月光",
            "苍",
            "红云",
            "暗夜",
            "北国",
            "长风",
            "破晓",
            "万里",
            "卧虎藏龙",
            "游魂",
            "终将",
            "天一",
            "<BR>",
            "圣万桑",
            "</s>"
        ]
    ],
    "飞飞": [
        "飞飞",
        "Feifei",
        "菲菲",
        [
            "菲菲",
            "安琪",
            "欧阳",
            "Amanda",
            "阿牛",
            "阿福",
            "墨林",
            "亦同",
            "</s>",
            "Pardosa"
        ]
    ],
    "辞柯": [
        "辞柯",
        "Ci ke",
        "词科",
        []
    ],
    "犹带": [
        "犹带",
        "Jude belt",
        "裘德带",
        [
            "裘德",
            "带",
            "带上",
            "罗宾斯",
            "欧文",
            "凯蒂",
            "伊恩",
            "马修",
            "艾玛",
            "史蒂芬",
            "背著",
            "托马斯",
            "罗宾逊",
            "隙",
            "随身携带",
            "只见",
            "放",
            "偷偷地",
            "远方",
            "上头"
        ]
    ],
    "弄玉": [
        "弄玉",
        "Nong Yu",
        "弄玉",
        []
    ],
    "凌风舞": [
        "凌风舞",
        "Glide dance",
        "滑翔舞蹈",
        [
            "滑翔",
            "舞蹈",
            "歌舞",
            "舞者",
            "表演",
            "飞行",
            "表演者",
            "芭蕾",
            "滑翔机",
            "跳舞",
            "街舞",
            "悬停",
            "肚皮舞",
            "现代舞",
            "滑行",
            "滑翔翼",
            "短距离",
            "跳伞",
            "飞行中",
            "高空"
        ]
    ],
    "无价": [
        "无价",
        "Priceless",
        "无价的",
        [
            "无价",
            "珍爱",
            "珍珠",
            "----",
            "--",
            "<BR>",
            "不单是",
            "Pardosa",
            "<tr>",
            "</s>"
        ]
    ],
    "月魂": [
        "月魂",
        "Moon soul",
        "月亮灵魂",
        [
            "月亮",
            "灵魂",
            "肉体",
            "心灵",
            "星星",
            "太阳",
            "永生",
            "天空",
            "满月",
            "生命",
            "星辰",
            "恶魔",
            "复活",
            "躯体",
            "炼狱",
            "魂魄",
            "月光",
            "天上",
            "闪耀",
            "大地"
        ]
    ],
    "潜断": [
        "潜断",
        "Submerged break",
        "水下断裂",
        [
            "水下",
            "断裂",
            "水面",
            "脱落",
            "水底",
            "挤压",
            "海底",
            "折断",
            "崩塌",
            "塌陷",
            "潜水员",
            "松脱",
            "潜水",
            "崩落",
            "撕裂",
            "碎裂",
            "近岸",
            "漂浮",
            "水声",
            "潜水艇"
        ]
    ],
    "飞知": [
        "飞知",
        "Flying knowledge",
        "飞行知识",
        [
            "飞行",
            "知识",
            "科学知识",
            "飞行中",
            "滑翔",
            "飞行器",
            "专业知识",
            "滑行",
            "经验",
            "着陆",
            "飞机",
            "航空器",
            "科学",
            "跳伞",
            "起飞",
            "方法论",
            "学问",
            "常识",
            "基础知识",
            "基本知识"
        ]
    ],
    "雪作团": [
        "雪作团",
        "Snow ball",
        "雪球",
        [
            "雪球",
            "众所周知",
            "一个大",
            "了了",
            "从那时起",
            "了当",
            "早先",
            "<tr>",
            "Pardosa",
            "</s>"
        ]
    ],
    "榴花": [
        "榴花",
        "Durian flower",
        "榴莲花",
        [
            "榴莲",
            "花",
            "花上",
            "小花",
            "椰子",
            "香蕉",
            "菠萝",
            "番石榴",
            "萝卜",
            "韭菜",
            "兰花",
            "白花",
            "牵牛",
            "大花",
            "光阴",
            "蜜糖",
            "花生",
            "燕窝",
            "红豆",
            "珍珠"
        ]
    ],
    "庭际": [
        "庭际",
        "Inter - court",
        "法院间",
        [
            "法院",
            "间",
            "法庭",
            "最高法院",
            "联邦法院",
            "法官",
            "高等法院",
            "上诉法院",
            "判决",
            "裁决",
            "原告",
            "之间",
            "数间",
            "外",
            "近",
            "两者之间",
            "有数",
            "时有",
            "在在",
            "除此以外"
        ]
    ],
    "绿蒂": [
        "绿蒂",
        "Greeny",
        "呈绿色的",
        [
            "呈",
            "绿色",
            "橙色",
            "黄色",
            "红色",
            "蓝色",
            "呈圆形",
            "白色",
            "粉红色",
            "椭圆形",
            "紫色",
            "浅绿色",
            "深蓝色",
            "红褐色",
            "长方形",
            "圆形",
            "方形",
            "深褐色",
            "排列成",
            "黄绿色"
        ]
    ],
    "歌槛": [
        "歌槛",
        "Song sill",
        "宋槛",
        []
    ],
    "叶繁": [
        "叶繁",
        "Leaf propagation",
        "叶片繁殖",
        [
            "叶片",
            "繁殖",
            "交配",
            "产卵",
            "叶面",
            "植株",
            "茎",
            "捕食",
            "繁育",
            "花茎",
            "摄食",
            "叶子",
            "生殖",
            "越冬",
            "饲养",
            "猎食",
            "分枝",
            "枝条",
            "扇叶",
            "根部"
        ]
    ],
    "意态": [
        "意态",
        "State of mind",
        "心情",
        [
            "心情",
            "心境",
            "感觉",
            "内心",
            "心里",
            "心态",
            "感受",
            "焦躁",
            "感伤",
            "当下"
        ]
    ],
    "喷火": [
        "喷火",
        "Fire - breathing",
        "喷火",
        [
            "喷火",
            "Bf",
            "P-",
            "A-",
            "Fw",
            "试验机",
            "霍克",
            "喷气",
            "Mi-",
            "E-"
        ]
    ],
    "照眼": [
        "照眼",
        "Shine your eyes",
        "擦亮你的眼睛",
        [
            "眼睛",
            "双眼",
            "瞳孔",
            "耳朵",
            "鼻子",
            "嘴唇",
            "额头",
            "眼球",
            "嘴巴",
            "胸部"
        ]
    ],
    "薝": [
        "薝",
        "Oncorhynchus pumila",
        "短小精悍线虫",
        [
            "线虫",
            "球菌",
            "孢子虫",
            "变形虫",
            "原生动物",
            "杆菌",
            "寄生虫",
            "脊椎动物",
            "豚鼠",
            "硅藻"
        ]
    ],
    "将然": [
        "将然",
        "Will be",
        "将会是",
        [
            "将会",
            "就会",
            "才会",
            "他将会",
            "则会",
            "将要",
            "必定会",
            "未来会",
            "再一",
            "而会"
        ]
    ],
    "蒸霞": [
        "蒸霞",
        "Steamed clouds",
        "蒸云",
        []
    ],
    "绿丛": [
        "绿丛",
        "Green clump",
        "绿色团块",
        [
            "绿色",
            "团块",
            "橙色",
            "黄色",
            "红色",
            "蓝色",
            "白色",
            "粉红色",
            "紫色",
            "浅绿色",
            "深蓝色",
            "子云",
            "致密",
            "游离",
            "球状",
            "颗粒状",
            "群集",
            "合在一起",
            "经年累月",
            "都从"
        ]
    ],
    "衣皱": [
        "衣皱",
        "Clothes wrinkles",
        "衣服皱纹",
        [
            "衣服",
            "皱纹",
            "鞋子",
            "衣物",
            "穿着",
            "大衣",
            "外套",
            "裤子",
            "鞋",
            "衣裳",
            "外衣",
            "波纹",
            "皮肤上",
            "水泡",
            "白斑",
            "苍白",
            "白点",
            "睫毛",
            "肉色",
            "颗粒状"
        ]
    ],
    "新枝": [
        "新枝",
        "New branch",
        "新分支",
        [
            "新",
            "分支",
            "新的",
            "原先",
            "支系",
            "另行",
            "最初",
            "一新",
            "谱系",
            "从新",
            "取而代之",
            "新近",
            "上新",
            "主干",
            "是从",
            "共同点",
            "现今",
            "自成",
            "不相关的",
            "见下文"
        ]
    ],
    "千葩": [
        "千葩",
        "Thousand yuan",
        "千元",
        []
    ],
    "裁绛绵": [
        "裁绛绵",
        "Cut crimson cotton",
        "切割深红色棉花",
        [
            "切割",
            "深红色",
            "棉花",
            "紫色",
            "黄色",
            "白色",
            "暗红色",
            "农产品",
            "金黄色",
            "红色",
            "玉米",
            "小麦",
            "大米",
            "粉红色",
            "烟草",
            "紫红色",
            "深蓝色",
            "茶叶",
            "大豆",
            "切割成",
            "棉",
            "挤压",
            "甜菜",
            "研磨",
            "切削",
            "切开",
            "接合",
            "整块",
            "切出",
            "大块"
        ]
    ],
    "烧蝶": [
        "烧蝶",
        "Burning butterfly",
        "燃烧蝴蝶",
        [
            "燃烧",
            "蝴蝶",
            "自燃",
            "点燃",
            "火焰",
            "点火",
            "挥发",
            "蜻蜓",
            "着火",
            "氢气",
            "熔化",
            "氮气",
            "兰花",
            "猫头鹰",
            "彩虹",
            "蝙蝠",
            "风铃",
            "燕子",
            "茉莉",
            "螳螂"
        ]
    ],
    "相向": [
        "相向",
        "Opposite",
        "对面的",
        [
            "对面",
            "旁边",
            "旁",
            "正对面",
            "门前",
            "楼下",
            "楼上",
            "西南角",
            "隔壁",
            "东南角"
        ]
    ],
    "产于": [
        "产于",
        "Produced in",
        "生产于",
        [
            "生产",
            "制造",
            "生产线",
            "生产商",
            "投入生产",
            "采购",
            "生产厂",
            "装配",
            "产出",
            "原材料"
        ]
    ],
    "攒蒂": [
        "攒蒂",
        "Zandi",
        "赞迪",
        []
    ],
    "裙香": [
        "裙香",
        "Skirt fragrance",
        "裙香",
        []
    ],
    "晚萼": [
        "晚萼",
        "Late calyx",
        "后期花萼",
        [
            "后期",
            "花萼",
            "中期",
            "末期",
            "初期",
            "中后期",
            "花被",
            "花瓣",
            "雄蕊",
            "苞片",
            "萼片",
            "早期",
            "雄花",
            "花冠",
            "前期",
            "晚期",
            "初",
            "雌蕊",
            "花柱",
            "后半期"
        ]
    ],
    "红巾": [
        "红巾",
        "Red scarf",
        "红围巾",
        []
    ],
    "绿生": [
        "绿生",
        "Green life",
        "绿色生活",
        [
            "绿色",
            "生活",
            "橙色",
            "黄色",
            "红色",
            "蓝色",
            "白色",
            "粉红色",
            "紫色",
            "浅绿色",
            "深蓝色",
            "贫困",
            "日常生活",
            "家庭",
            "与世隔绝",
            "穷困",
            "境遇",
            "生活习惯",
            "孤独",
            "社会生活"
        ]
    ],
    "惬隐": [
        "惬隐",
        "Just hidden",
        "只是隐藏",
        [
            "隐藏",
            "隐蔽",
            "伪装",
            "隐密",
            "黑影",
            "背后",
            "隐秘",
            "暗藏",
            "隐匿",
            "像是"
        ]
    ],
    "互低昂": [
        "互低昂",
        "Lower each other",
        "互相降低",
        [
            "互相",
            "降低",
            "相互",
            "减少",
            "提高",
            "减低",
            "增加",
            "减小",
            "彼此间",
            "下降",
            "增高",
            "彼此之间",
            "增大",
            "减缓",
            "互不",
            "相",
            "相互间",
            "两者之间",
            "互为",
            "面对面"
        ]
    ],
    "得自": [
        "得自",
        "From",
        "从",
        []
    ],
    "涂林": [
        "涂林",
        "Tu Lin",
        "林图",
        []
    ],
    "龙烛": [
        "龙烛",
        "Dragon candle",
        "龙蜡烛",
        [
            "龙",
            "蜡烛",
            "龙的",
            "龙科",
            "翼龙",
            "龙是",
            "龙是种",
            "火把",
            "龙有",
            "龙及",
            "点燃",
            "蜥脚类",
            "油灯",
            "篝火",
            "禽",
            "鲜花",
            "盛放",
            "灯台",
            "爆竹",
            "圣诞树"
        ]
    ],
    "敷荣": [
        "敷荣",
        "Fu Rong",
        "傅蓉",
        []
    ],
    "色染": [
        "色染",
        "Color dyeing",
        "彩色染色",
        [
            "染色",
            "染料",
            "染色剂",
            "颜料",
            "上色",
            "切片",
            "皮肤上",
            "染",
            "着色",
            "漂白"
        ]
    ],
    "猩唇": [
        "猩唇",
        "Scarlet lip",
        "猩红色的嘴唇",
        [
            "嘴唇",
            "鼻子",
            "舌头",
            "喉咙",
            "脸颊",
            "耳朵",
            "嘴巴",
            "下巴",
            "脸部",
            "指尖"
        ]
    ],
    "蝉珠": [
        "蝉珠",
        "Cicada bead",
        "蝉珠",
        []
    ],
    "攒作蒂": [
        "攒作蒂",
        "Zantedi",
        "赞特德",
        [
            "赞",
            "拜",
            "罕",
            "加",
            "卜",
            "拉姆",
            "王及",
            "克里",
            "特为",
            "先为"
        ]
    ],
    "然千炬": [
        "然千炬",
        "But thousands of torches",
        "但是成千上万的火把",
        [
            "成千上万",
            "火把",
            "数以千计",
            "数以万计",
            "数以百计",
            "蜡烛",
            "成百上千",
            "火光",
            "水桶",
            "手拿",
            "油灯",
            "上百",
            "棍子",
            "公鸡",
            "夜里",
            "铃铛",
            "据称",
            "为数众多",
            "有数",
            "在在"
        ]
    ],
    "钟国艳": [
        "钟国艳",
        "Zhong Guoyan",
        "钟鄢国",
        [
            "钟",
            "钟后",
            "钟内",
            "大钟",
            "磬",
            "响",
            "两口",
            "朝天",
            "五小",
            "约莫"
        ]
    ],
    "黯绿": [
        "黯绿",
        "Dark green",
        "深绿色",
        [
            "深绿色",
            "白色",
            "黄褐色",
            "黄色",
            "灰白色",
            "淡绿色",
            "暗绿色",
            "浅绿色",
            "金黄色",
            "紫红色"
        ]
    ],
    "攒轻叶": [
        "攒轻叶",
        "Save light leaves",
        "保存淡叶",
        [
            "保存",
            "留存",
            "保留",
            "存留",
            "存放",
            "完好",
            "复原",
            "保有",
            "遗留",
            "留有"
        ]
    ],
    "搭": [
        "搭",
        "build",
        "体格",
        [
            "体格",
            "身材",
            "身形",
            "健壮",
            "身材矮小",
            "身型",
            "强健",
            "身体素质",
            "强壮",
            "身材高大"
        ]
    ],
    "湘彩": [
        "湘彩",
        "Xiang Cai",
        "蔡襄",
        [
            "蔡襄",
            "范仲淹",
            "苏轼",
            "嘉祐",
            "欧阳修",
            "陆游",
            "柳宗元",
            "嘉佑",
            "豫章",
            "建桥"
        ]
    ],
    "剪成": [
        "剪成",
        "Cut into pieces",
        "切成碎片",
        [
            "切成",
            "碎片",
            "残骸",
            "碎块",
            "碎裂",
            "小块",
            "切开",
            "条状",
            "煮熟",
            "磨成",
            "薄片",
            "破碎",
            "制成",
            "做成",
            "长条",
            "坑洞",
            "散落",
            "破洞",
            "打碎",
            "大块"
        ]
    ],
    "红裙": [
        "红裙",
        "The red skirt",
        "红色的裙子",
        [
            "红色",
            "裙子",
            "黄色",
            "白色",
            "蓝色",
            "橙色",
            "紫色",
            "黑色",
            "粉红色",
            "金色",
            "深蓝色",
            "短裙",
            "上衣",
            "裤子",
            "裙",
            "高跟鞋",
            "外套",
            "袖子",
            "衬衫",
            "长裙"
        ]
    ],
    "撮": [
        "撮",
        "bring together",
        "集合在一起",
        [
            "集合",
            "一起",
            "子集",
            "可数",
            "论域",
            "一同",
            "给定",
            "闭包",
            "等价",
            "空集",
            "不可数",
            "交集",
            "独自",
            "朋友们",
            "两人",
            "三人",
            "独自一人",
            "两兄弟",
            "四人",
            "一齐"
        ]
    ],
    "一行": [
        "一行",
        "party",
        "聚会",
        [
            "聚会",
            "布道",
            "聚餐",
            "礼拜",
            "派对",
            "宴会",
            "讲道",
            "做礼拜",
            "会友",
            "亲朋好友"
        ]
    ],
    "犹自": [
        "犹自",
        "Youzi",
        "犹自",
        []
    ],
    "秘天香": [
        "秘天香",
        "Secret Tianxiang",
        "秘密天翔",
        [
            "秘密",
            "间谍",
            "暗中",
            "暗地里",
            "秘密文件",
            "私下",
            "暗地",
            "私底下",
            "悄悄",
            "授意"
        ]
    ]
}