{
    "葵藿": [
        "葵藿",
        "Hopkins",
        "霍普金斯",
        [
            "霍普金斯",
            "杜克大学",
            "罗宾逊",
            "托马斯",
            "欧文",
            "理查德",
            "巴克利",
            "怀特",
            "阿拉巴马",
            "皮尔斯"
        ]
    ],
    "倾向": [
        "倾向",
        "Tendency",
        "趋势",
        [
            "趋势",
            "发展趋势",
            "态势",
            "趋向",
            "急遽",
            "近年来",
            "近来",
            "趋向于",
            "渐进",
            "21世纪"
        ]
    ],
    "惜": [
        "惜",
        "Cherish",
        "珍爱",
        [
            "珍爱",
            "珍惜",
            "想念",
            "挚爱",
            "大人物",
            "想见",
            "此时此刻",
            "<tr>",
            "Pardosa",
            "</s>"
        ]
    ],
    "水碎": [
        "水碎",
        "Crushed water",
        "粉碎水",
        [
            "粉碎",
            "水",
            "的水",
            "井水",
            "水后",
            "消灭",
            "池中",
            "打倒",
            "冷水",
            "出水",
            "流水",
            "铲除",
            "浮",
            "中水",
            "打垮",
            "打碎",
            "压制",
            "击垮",
            "毁掉",
            "抓住"
        ]
    ],
    "逐树": [
        "逐树",
        "Tree by tree",
        "一棵树接一棵树",
        [
            "接",
            "相接",
            "接上",
            "南接",
            "邻",
            "抵",
            "路经",
            "接邻",
            "毗连",
            "南和"
        ]
    ],
    "横斜": [
        "横斜",
        "Transverse oblique",
        "横向倾斜",
        [
            "横向",
            "倾斜",
            "纵向",
            "垂直",
            "弯曲",
            "侧向",
            "抬升",
            "度角",
            "斜向",
            "平行",
            "倾斜度",
            "滑动",
            "交叉",
            "平直",
            "弧度",
            "侧边",
            "侧面",
            "外侧"
        ]
    ],
    "树透": [
        "树透",
        "Tree penetration",
        "树木穿透",
        [
            "树木",
            "穿透",
            "杂草",
            "树干",
            "击穿",
            "松树",
            "大树",
            "林木",
            "树叶",
            "野草",
            "榕树",
            "果树",
            "打穿",
            "包覆",
            "投射",
            "遮蔽",
            "较厚",
            "填满",
            "能吸收",
            "孔洞"
        ]
    ],
    "微光": [
        "微光",
        "Light",
        "光",
        [
            "光",
            "瞳",
            "红光",
            "暗",
            "光和",
            "白光",
            "亮",
            "和光",
            "日光",
            "虹"
        ]
    ],
    "影透": [
        "影透",
        "Shadow penetration",
        "阴影穿透",
        [
            "阴影",
            "穿透",
            "击穿",
            "打穿",
            "黑暗",
            "阴霾",
            "包覆",
            "投射",
            "边缘",
            "遮蔽",
            "光环",
            "影子",
            "较厚",
            "填满",
            "镜子",
            "能吸收",
            "孔洞",
            "双眼",
            "噩梦",
            "恶梦"
        ]
    ],
    "帏": [
        "帏",
        "The curtain",
        "窗帘",
        [
            "窗帘",
            "地板",
            "窗框",
            "天花板",
            "天窗",
            "沙发",
            "毛巾",
            "窗台",
            "把手",
            "皮包"
        ]
    ],
    "一片": [
        "一片",
        "a slice",
        "切片",
        [
            "切片",
            "薄片",
            "外皮",
            "腌",
            "切开",
            "活体",
            "烟熏",
            "腌渍",
            "基底",
            "切口"
        ]
    ],
    "狼藉": [
        "狼藉",
        "A mess",
        "一团糟",
        []
    ],
    "窗纱": [
        "窗纱",
        "Window screening",
        "窗纱",
        []
    ],
    "任": [
        "任",
        "Ren",
        "dos命令:更改文件名",
        [
            "dos",
            "命令",
            "更改",
            "文件名",
            "变更",
            "修改",
            "字符串",
            "字段",
            "下令",
            "URL",
            "指示",
            "改动",
            "更动",
            "指令",
            "codice_",
            "更换",
            "字节",
            "改回",
            "下达",
            "请求",
            "立即",
            "配置文件",
            "UTF-",
            "可执行文件",
            "改成",
            "IPv",
            "del",
            "军令",
            "o",
            "Pedro",
            "Alberto",
            "Fernando",
            "号令",
            "Francisco",
            "擅自",
            "Juan",
            "los",
            "重置",
            "改以",
            "Costa"
        ]
    ],
    "转移": [
        "转移",
        "Transfer",
        "转移",
        [
            "转移",
            "移往",
            "移到",
            "分散",
            "重新分配",
            "移转到",
            "转到",
            "集中于",
            "转回",
            "移出"
        ]
    ],
    "水气": [
        "水气",
        "steam",
        "蒸汽",
        [
            "蒸汽",
            "蒸气",
            "蒸汽机",
            "锅炉",
            "涡轮机",
            "内燃机",
            "压缩空气",
            "燃气",
            "煤油",
            "动力源"
        ]
    ],
    "冰镜": [
        "冰镜",
        "Ice mirror",
        "冰镜",
        []
    ],
    "丹桂": [
        "丹桂",
        "orange osmanthus",
        "丹桂",
        [
            "丹桂",
            "淑英",
            "青岩",
            "红梅",
            "子明",
            "南村",
            "金凤",
            "泽被",
            "江村",
            "春和"
        ]
    ],
    "玉槛": [
        "玉槛",
        "Jade sill",
        "玉槛",
        []
    ],
    "扬彩": [
        "扬彩",
        "Raise the color",
        "提高颜色",
        [
            "提高",
            "颜色",
            "提升",
            "降低",
            "增加",
            "大大提高",
            "大幅提高",
            "进一步提高",
            "减少",
            "色调",
            "黄色",
            "红色",
            "减低",
            "紫色",
            "更高",
            "蓝色",
            "白色",
            "粉红色",
            "橙色",
            "色"
        ]
    ],
    "结": [
        "结",
        "Junction",
        "连接",
        [
            "连接",
            "相连",
            "连接起来",
            "通往",
            "连通",
            "直达",
            "联接",
            "连结",
            "通到",
            "相互连接"
        ]
    ],
    "璘": [
        "璘",
        "Oh, my god",
        "哦，我的上帝",
        [
            "上帝",
            "耶和华",
            "祂",
            "圣灵",
            "真主",
            "恩典",
            "基督",
            "造物主",
            "安拉",
            "启示"
        ]
    ],
    "入河": [
        "入河",
        "Into the river",
        "到河里去",
        [
            "河里",
            "水里",
            "跳入",
            "河边",
            "岸边",
            "河中",
            "洞里",
            "沙子",
            "地里",
            "上来"
        ]
    ],
    "蟾魄": [
        "蟾魄",
        "Toad spirit",
        "蟾蜍灵",
        [
            "蟾蜍",
            "灵",
            "蛙",
            "蛇",
            "蝾螈",
            "豚鼠",
            "魂魄",
            "伯劳",
            "羚羊",
            "獭",
            "鬼神",
            "蟒蛇",
            "壁虎",
            "魄",
            "附体",
            "恩",
            "有神",
            "神人",
            "生灵",
            "自在"
        ]
    ],
    "三珥": [
        "三珥",
        "Three Er",
        "三个呃",
        []
    ],
    "金精": [
        "金精",
        "aurin",
        "玫红酸",
        [
            "酸",
            "碱",
            "醇",
            "胺",
            "酯",
            "硫",
            "盐酸",
            "乙酸",
            "醛",
            "硫酸"
        ]
    ],
    "玉盘": [
        "玉盘",
        "Jade plate",
        "玉盘",
        []
    ],
    "素娥": [
        "素娥",
        "Su E",
        "素娥",
        []
    ],
    "金环": [
        "金环",
        "Gold ring",
        "金戒指",
        []
    ],
    "飞光": [
        "飞光",
        "Flying light",
        "飞行灯",
        [
            "飞行",
            "灯",
            "飞行中",
            "滑翔",
            "飞行器",
            "滑行",
            "着陆",
            "飞机",
            "航空器",
            "跳伞",
            "起飞",
            "灯笼",
            "灯泡",
            "点灯",
            "蜡烛",
            "灯具",
            "油灯",
            "点亮",
            "喇叭",
            "霓虹"
        ]
    ],
    "琼蟾": [
        "琼蟾",
        "Joan toad",
        "琼·蟾蜍",
        [
            "蟾蜍",
            "蛙",
            "蛇",
            "蝾螈",
            "豚鼠",
            "伯劳",
            "羚羊",
            "獭",
            "蟒蛇",
            "壁虎"
        ]
    ],
    "纤阿": [
        "纤阿",
        "Fiber",
        "纤维",
        [
            "纤维",
            "薄膜",
            "树脂",
            "织物",
            "纤维素",
            "表皮",
            "外皮",
            "橡胶",
            "拉伸",
            "细丝"
        ]
    ],
    "西生": [
        "西生",
        "West born",
        "西出生",
        [
            "西",
            "出生",
            "东",
            "北",
            "出生于",
            "生于",
            "南端",
            "西北",
            "西面",
            "北端",
            "东向",
            "出生地",
            "东端",
            "西端",
            "长大",
            "出世",
            "外祖母",
            "幼时",
            "外祖父",
            "祖父母"
        ]
    ],
    "游园": [
        "游园",
        "visit a garden or park",
        "参观花园或公园",
        [
            "参观",
            "花园",
            "公园",
            "公园内",
            "森林公园",
            "参访",
            "庭院",
            "游览",
            "参观者",
            "绿地",
            "别墅",
            "园内",
            "中央公园",
            "长廊",
            "访客",
            "接待",
            "洋房",
            "庭园",
            "到访",
            "高尔夫球场",
            "凉亭",
            "造访",
            "植物园",
            "招待",
            "中庭",
            "来访",
            "游乐场",
            "玫瑰园"
        ]
    ],
    "似钩": [
        "似钩",
        "Hook - like",
        "钩状的",
        [
            "钩状",
            "齿状",
            "锯齿状",
            "突起",
            "长条状",
            "叶状",
            "尖角",
            "尖牙",
            "斜向",
            "鸟嘴"
        ]
    ],
    "金兔": [
        "金兔",
        "Golden rabbit",
        "金兔",
        []
    ],
    "流天": [
        "流天",
        "Flow day",
        "流水日",
        [
            "流水",
            "山涧",
            "水",
            "江河",
            "石笋",
            "枯",
            "沙石",
            "山间",
            "浮",
            "水声"
        ]
    ],
    "鹊": [
        "鹊",
        "magpie",
        "喜鹊",
        [
            "喜鹊",
            "乌鸦",
            "红嘴",
            "雁",
            "老虎",
            "渡鸦",
            "白头翁",
            "燕子",
            "白头",
            "大白"
        ]
    ],
    "应潮": [
        "应潮",
        "Tide response",
        "潮汐响应",
        [
            "潮汐",
            "响应",
            "重力",
            "海流",
            "引力",
            "号召",
            "海浪",
            "沉降",
            "湍流",
            "下沉",
            "波浪",
            "积极响应",
            "星体",
            "作出反应",
            "声势浩大",
            "拥护",
            "自发",
            "组织起来",
            "鼓动",
            "叛离"
        ]
    ],
    "上弦": [
        "上弦",
        "first quarter",
        "上弦",
        [
            "上弦",
            "开合",
            "沙坑",
            "弯折",
            "横塘",
            "金山街道",
            "萨多韦",
            "奥泽尔涅",
            "奥列尼夫卡",
            "</s>"
        ]
    ],
    "朒": [
        "朒",
        "A ray",
        "射线",
        [
            "射线",
            "伽马射线",
            "伽玛",
            "射线源",
            "辐射",
            "激光",
            "X",
            "放射",
            "辐射源",
            "无线电波"
        ]
    ],
    "朓": [
        "朓",
        "Chi",
        "志",
        [
            "志",
            "录",
            "记",
            "览",
            "鉴",
            "卷首",
            "载于",
            "所撰",
            "金石",
            "中有"
        ]
    ],
    "东落": [
        "东落",
        "East fall",
        "东倒",
        []
    ],
    "照牖": [
        "照牖",
        "According to the regulations",
        "根据规定",
        [
            "规定",
            "明确规定",
            "规章",
            "明文规定",
            "明定",
            "法规",
            "按规定",
            "规范",
            "原则上",
            "订明"
        ]
    ],
    "潘室": [
        "潘室",
        "Pan room",
        "锅室",
        []
    ],
    "圆缺": [
        "圆缺",
        "Circular deficiency",
        "循环缺陷",
        [
            "循环",
            "缺陷",
            "缺失",
            "缺点",
            "瑕疵",
            "弱点",
            "局限性",
            "有缺陷",
            "原因",
            "毛病",
            "不足之处",
            "反应器",
            "周而复始",
            "气化",
            "重复",
            "可逆",
            "循环系统",
            "反转",
            "尿素",
            "反向"
        ]
    ],
    "银蟾": [
        "银蟾",
        "Silver toad",
        "银蟾蜍",
        [
            "银",
            "蟾蜍",
            "铜",
            "蛙",
            "银两",
            "蛇",
            "白银",
            "蝾螈",
            "豚鼠",
            "伯劳",
            "羚羊",
            "獭",
            "蟒蛇",
            "壁虎",
            "银和",
            "缯",
            "金制",
            "料",
            "皂",
            "金和"
        ]
    ],
    "照室": [
        "照室",
        "Photo room",
        "摄影室",
        []
    ],
    "牛喘": [
        "牛喘",
        "Cow asthma",
        "奶牛哮喘",
        [
            "奶牛",
            "哮喘",
            "高血压",
            "糖尿病",
            "病症",
            "绵羊",
            "关节炎",
            "脑膜炎",
            "肾病",
            "癫痫",
            "山羊",
            "结核病",
            "痛风",
            "乳牛",
            "家畜",
            "母牛",
            "羊",
            "牧牛",
            "养牛",
            "家禽"
        ]
    ],
    "离毕": [
        "离毕",
        "Leave",
        "离开",
        [
            "离开",
            "离开了",
            "返回",
            "回到",
            "留在",
            "来到",
            "离去",
            "逃离",
            "进入",
            "重回"
        ]
    ],
    "破镜": [
        "破镜",
        "Broken mirror",
        "破碎的镜子",
        [
            "破碎",
            "镜子",
            "碎裂",
            "一面镜子",
            "碎片",
            "桌子",
            "支离破碎",
            "盒子",
            "好像",
            "边缘",
            "撕裂",
            "看不见",
            "衣橱",
            "打碎",
            "沙漏",
            "影子",
            "大块",
            "看得见",
            "近乎",
            "经年累月"
        ]
    ],
    "朏": [
        "朏",
        "A ray",
        "射线",
        [
            "射线",
            "伽马射线",
            "伽玛",
            "射线源",
            "辐射",
            "激光",
            "X",
            "放射",
            "辐射源",
            "无线电波"
        ]
    ],
    "魄": [
        "魄",
        "Spirit",
        "精神",
        [
            "精神",
            "信念",
            "人格",
            "意识",
            "尊严",
            "精神上",
            "思维",
            "自觉",
            "良知",
            "美德"
        ]
    ],
    "牛渚": [
        "牛渚",
        "Niuzhu",
        "牛珠",
        []
    ],
    "阴灵": [
        "阴灵",
        "Yin ling",
        "尹玲",
        []
    ],
    "皎": [
        "皎",
        "Kyaukphyu",
        "皎漂",
        [
            "皎",
            "漂",
            "浪",
            "沉",
            "浮",
            "曼德勒",
            "舟",
            "枯",
            "筏",
            "腊",
            "长流",
            "羡",
            "王在",
            "普安",
            "拓",
            "经年累月",
            "圣万桑",
            "</s>",
            "Pardosa"
        ]
    ],
    "桂华": [
        "桂华",
        "Guihua",
        "桂花",
        [
            "桂花",
            "荷花",
            "石榴",
            "龙眼",
            "海棠",
            "萝卜",
            "玉兰",
            "燕窝",
            "核桃",
            "桔"
        ]
    ],
    "瑶盘": [
        "瑶盘",
        "Yao pan",
        "潘瑶",
        []
    ],
    "轮影": [
        "轮影",
        "Wheel shadow",
        "车轮阴影",
        [
            "车轮",
            "阴影",
            "轮子",
            "前轮",
            "轮轴",
            "车架",
            "刹车",
            "后轮",
            "轴承",
            "链条",
            "黑暗",
            "阴霾",
            "飞轮",
            "边缘",
            "光环",
            "影子",
            "镜子",
            "双眼",
            "噩梦",
            "恶梦"
        ]
    ],
    "影冷": [
        "影冷",
        "Shadow cooling",
        "阴影冷却",
        [
            "阴影",
            "冷却",
            "加热",
            "蒸发",
            "冷凝",
            "降温",
            "加压",
            "熔化",
            "凝固",
            "液态",
            "汽化",
            "黑暗",
            "阴霾",
            "边缘",
            "光环",
            "影子",
            "镜子",
            "双眼",
            "噩梦",
            "恶梦"
        ]
    ],
    "冰轮": [
        "冰轮",
        "Ice wheel",
        "冰轮",
        []
    ],
    "涌": [
        "涌",
        "Chung",
        "钟",
        [
            "钟",
            "钟后",
            "钟内",
            "大钟",
            "磬",
            "响",
            "两口",
            "朝天",
            "五小",
            "约莫"
        ]
    ],
    "海角": [
        "海角",
        "cape",
        "披肩",
        [
            "披肩",
            "头饰",
            "披风",
            "斗篷",
            "帽",
            "围巾",
            "冠冕",
            "靴子",
            "带子",
            "装饰物"
        ]
    ],
    "南楼": [
        "南楼",
        "South building",
        "南楼",
        [
            "南楼",
            "北楼",
            "新楼",
            "小楼",
            "东楼",
            "楼群",
            "楼内",
            "西塔",
            "五楼",
            "四楼"
        ]
    ],
    "坎德": [
        "坎德",
        "Kande",
        "坎德",
        []
    ],
    "胧": [
        "胧",
        "Oboro",
        "奥博罗",
        [
            "博罗",
            "亚纳",
            "福尔",
            "沙特尔",
            "兰斯",
            "布赖",
            "雷内",
            "米洛",
            "巴斯",
            "沃拉"
        ]
    ],
    "彩": [
        "彩",
        "Color",
        "颜色",
        [
            "颜色",
            "色调",
            "黄色",
            "红色",
            "紫色",
            "蓝色",
            "白色",
            "粉红色",
            "橙色",
            "色"
        ]
    ],
    "玉碗": [
        "玉碗",
        "Jade bowl",
        "玉碗",
        []
    ],
    "光寒": [
        "光寒",
        "Light and cold",
        "光和冷",
        [
            "光",
            "冷",
            "冻",
            "瞳",
            "红光",
            "暗",
            "光和",
            "白光",
            "亮",
            "和光",
            "寒",
            "冷热",
            "日光",
            "凝",
            "冷水",
            "虹",
            "的水",
            "稀",
            "和气",
            "</s>"
        ]
    ],
    "上碧霄": [
        "上碧霄",
        "Up to the blue sky",
        "直到蓝天",
        [
            "蓝天",
            "碧海",
            "一望无际",
            "夕阳",
            "彩虹",
            "月光",
            "碧水",
            "青鸟",
            "<BR>",
            "</s>"
        ]
    ],
    "云头": [
        "云头",
        "Cloud head",
        "云头",
        []
    ],
    "鉴": [
        "鉴",
        "mirror",
        "镜子",
        [
            "镜子",
            "一面镜子",
            "桌子",
            "盒子",
            "好像",
            "看不见",
            "衣橱",
            "沙漏",
            "影子",
            "看得见"
        ]
    ],
    "阮": [
        "阮",
        "a surname",
        "姓氏",
        [
            "姓氏",
            "姓",
            "人名",
            "汉姓",
            "姓名",
            "名字",
            "复姓",
            "称谓",
            "改姓",
            "一姓"
        ]
    ],
    "清似": [
        "清似",
        "Qing dynasty",
        "清朝",
        [
            "清朝",
            "明朝",
            "清末",
            "清代",
            "清",
            "明末清初",
            "清康熙",
            "清初",
            "明末",
            "光绪年间"
        ]
    ],
    "泼水": [
        "泼水",
        "labber",
        "拉伯",
        [
            "拉伯",
            "努",
            "塔瓦",
            "特里",
            "伊克",
            "纳",
            "奥卡",
            "诺姆",
            "赛德",
            "罗克"
        ]
    ],
    "寒色": [
        "寒色",
        "Cool colour",
        "冷色",
        []
    ],
    "迥": [
        "迥",
        "widely different",
        "差别很大",
        [
            "差别",
            "很大",
            "差异",
            "相当大",
            "极大",
            "区别",
            "不大",
            "不小",
            "非常大",
            "较大",
            "太大",
            "差异性",
            "更大",
            "很小",
            "不同之处",
            "不同点",
            "相差",
            "相异",
            "相似之处",
            "分野"
        ]
    ],
    "穿": [
        "穿",
        "Wear",
        "穿戴",
        [
            "穿戴",
            "穿着",
            "佩戴",
            "穿著",
            "佩带",
            "配戴",
            "穿",
            "身着",
            "戴著",
            "衣著"
        ]
    ],
    "宝镜": [
        "宝镜",
        "Treasure mirror",
        "宝镜",
        []
    ],
    "莹光": [
        "莹光",
        "Sky light",
        "天空之光",
        [
            "天空",
            "夜空",
            "星空",
            "月亮",
            "地平线",
            "星辰",
            "黑夜",
            "星星",
            "闪耀",
            "流星"
        ]
    ],
    "影横": [
        "影横",
        "Shadow horizontal",
        "阴影水平",
        [
            "阴影",
            "水平",
            "水准",
            "技术水平",
            "高度",
            "素质",
            "程度",
            "高水平",
            "黑暗",
            "阴霾",
            "准确度",
            "边缘",
            "光环",
            "影子",
            "总体",
            "低水平",
            "镜子",
            "双眼",
            "噩梦",
            "恶梦"
        ]
    ],
    "玉塔": [
        "玉塔",
        "Jade pagoda",
        "玉塔",
        []
    ],
    "追随": [
        "追随",
        "Follow",
        "跟随",
        [
            "跟随",
            "追随",
            "跟从",
            "随同",
            "曾随",
            "跟着",
            "一同",
            "跟著",
            "舅父",
            "先是"
        ]
    ],
    "轮移": [
        "轮移",
        "Wheel shift",
        "车轮移动",
        [
            "车轮",
            "移动",
            "轮子",
            "前轮",
            "轮轴",
            "车架",
            "行进",
            "刹车",
            "后轮",
            "轴承",
            "旋转",
            "方向移动",
            "链条",
            "静止",
            "飘移",
            "快速移动",
            "漂移",
            "伸展",
            "回转",
            "飞轮"
        ]
    ],
    "金殿": [
        "金殿",
        "Golden hall",
        "金色大厅",
        [
            "金色",
            "大厅",
            "银色",
            "蓝色",
            "白色",
            "红色",
            "黑色",
            "紫色",
            "黄色",
            "粉红色",
            "深蓝色",
            "二楼",
            "中庭",
            "音乐厅",
            "礼堂",
            "前厅",
            "建筑内",
            "门厅",
            "走道",
            "一楼"
        ]
    ],
    "光腾": [
        "光腾",
        "Light Teng",
        "轻腾",
        []
    ],
    "五彩": [
        "五彩",
        "Colorful",
        "富有色彩的",
        [
            "富有",
            "色彩",
            "色调",
            "富裕",
            "情调",
            "气息",
            "极富",
            "美感",
            "意味",
            "基调",
            "氛围",
            "极具",
            "富于",
            "诗意",
            "意象",
            "高贵",
            "优雅",
            "充满活力",
            "与众不同",
            "更有"
        ]
    ],
    "迥无云": [
        "迥无云",
        "There is no cloud",
        "没有云",
        [
            "没有",
            "云",
            "没",
            "并未",
            "无法",
            "不会",
            "不能",
            "从未",
            "未",
            "没有人",
            "很难",
            "尘",
            "幽",
            "寒",
            "阳",
            "名曰",
            "碧",
            "皓",
            "虹",
            "容"
        ]
    ],
    "似开": [
        "似开",
        "Like open",
        "像打开一样",
        [
            "打开",
            "关上",
            "开启",
            "锁上",
            "锁住",
            "敞开",
            "挡住",
            "弹出",
            "推开",
            "推入"
        ]
    ],
    "奁": [
        "奁",
        "mirror case",
        "镜壳",
        []
    ],
    "瑞光": [
        "瑞光",
        "Raytheon",
        "雷声公司",
        [
            "雷声",
            "公司",
            "该公司",
            "的公司",
            "新公司",
            "子公司",
            "Corporation",
            "美国公司",
            "母公司",
            "日本公司",
            "一些公司",
            "雷鸣",
            "如雷",
            "海市蜃楼",
            "天将",
            "幷",
            "；也",
            "Pardosa",
            "<tr>",
            "</s>"
        ]
    ],
    "呈": [
        "呈",
        "present",
        "礼物",
        [
            "礼物",
            "礼品",
            "生日礼物",
            "送给",
            "祝福",
            "圣诞礼物",
            "回礼",
            "项链",
            "馈赠",
            "赠与"
        ]
    ],
    "逼": [
        "逼",
        "Forced",
        "强迫的",
        [
            "强迫",
            "强制",
            "自愿",
            "逼迫",
            "胁迫",
            "强逼",
            "强行",
            "恐吓",
            "不得已",
            "任由"
        ]
    ],
    "纱窗": [
        "纱窗",
        "Screens",
        "屏幕",
        [
            "屏幕",
            "萤幕",
            "显示屏",
            "画面",
            "鼠标",
            "萤幕上",
            "摄像头",
            "触摸屏",
            "图标",
            "大屏幕"
        ]
    ],
    "桂花": [
        "桂花",
        "Sweet-scented osmanthus",
        "桂花",
        [
            "桂花",
            "荷花",
            "石榴",
            "龙眼",
            "海棠",
            "萝卜",
            "玉兰",
            "燕窝",
            "核桃",
            "桔"
        ]
    ],
    "浮影": [
        "浮影",
        "Floating shadow",
        "浮动阴影",
        [
            "浮动",
            "阴影",
            "黑暗",
            "阴霾",
            "边缘",
            "光环",
            "固定",
            "影子",
            "镜子",
            "双眼",
            "挂钩",
            "噩梦",
            "恶梦",
            "伸缩",
            "缓冲",
            "外推",
            "一个大",
            "外加",
            "见下文",
            "</s>"
        ]
    ],
    "光射": [
        "光射",
        "Light emission",
        "光发射",
        [
            "光",
            "发射",
            "升空",
            "试射",
            "探测",
            "导弹",
            "火箭",
            "发射器",
            "瞳",
            "红光",
            "发射成功",
            "人造卫星",
            "点火",
            "暗",
            "光和",
            "白光",
            "亮",
            "和光",
            "日光",
            "虹"
        ]
    ],
    "金梯": [
        "金梯",
        "Gold ladder",
        "金梯",
        []
    ],
    "点缀": [
        "点缀",
        "Embellishment",
        "装饰",
        [
            "装饰",
            "装饰性",
            "雕刻",
            "装饰品",
            "点缀",
            "花纹",
            "彩绘",
            "装饰物",
            "室内装饰",
            "装潢"
        ]
    ],
    "镜挂": [
        "镜挂",
        "Mirror hanging",
        "镜子悬挂",
        [
            "镜子",
            "悬挂",
            "挂",
            "挂起",
            "一面镜子",
            "桌子",
            "盒子",
            "挂有",
            "好像",
            "旗杆",
            "竖立",
            "看不见",
            "衣橱",
            "放置",
            "摆放",
            "安放",
            "沙漏",
            "影子",
            "看得见",
            "置放"
        ]
    ]
}