{
    "侵眉": [
        "侵眉",
        "Eyebrow invasion",
        "眉毛侵犯",
        [
            "眉毛",
            "侵犯",
            "侵害",
            "鼻子",
            "头发",
            "践踏",
            "脸部",
            "嘴唇",
            "胡须",
            "骚扰",
            "指甲",
            "额头",
            "睫毛",
            "触犯",
            "下巴",
            "侮辱",
            "挑衅",
            "盗用",
            "漠视",
            "中伤"
        ]
    ],
    "春愁": [
        "春愁",
        "Spring sorrow",
        "春天的悲伤",
        [
            "春天",
            "悲伤",
            "秋天",
            "哀伤",
            "忧伤",
            "悲痛",
            "伤心",
            "夏天",
            "悲哀",
            "思念",
            "伤感",
            "难过",
            "忧郁",
            "初夏",
            "冬天",
            "秋季",
            "春季",
            "夏末",
            "深秋",
            "盛夏"
        ]
    ],
    "诗债": [
        "诗债",
        "Poetry debt",
        "诗歌债务",
        [
            "诗歌",
            "债务",
            "抒情诗",
            "负债",
            "诗作",
            "文学作品",
            "散文",
            "文学",
            "诗篇",
            "诗词",
            "诗",
            "外债",
            "短诗",
            "贷款",
            "欠债",
            "偿还债务",
            "利息",
            "债",
            "偿债",
            "借贷"
        ]
    ],
    "巷陌": [
        "巷陌",
        "Street street",
        "街道",
        [
            "街道",
            "街巷",
            "商业街",
            "街区",
            "小巷",
            "老城区",
            "街路",
            "横街",
            "居民区",
            "小街"
        ]
    ],
    "别院": [
        "别院",
        "Courtyard",
        "院子",
        [
            "院子",
            "庭院",
            "后院",
            "屋子",
            "卧室",
            "前院",
            "房顶",
            "大院",
            "楼上",
            "客厅"
        ]
    ],
    "深巷": [
        "深巷",
        "Deep lane",
        "深车道",
        [
            "深",
            "车道",
            "浅",
            "匝道",
            "车道与",
            "国道",
            "收费站",
            "高架桥",
            "线道",
            "引道",
            "道路",
            "立体交叉",
            "深达",
            "较深",
            "较浅",
            "淡",
            "植",
            "更深",
            "极深",
            "有旧"
        ]
    ],
    "客怀": [
        "客怀",
        "Guest bosom",
        "客人胸",
        [
            "客人",
            "胸",
            "腹",
            "顾客",
            "颈",
            "肩",
            "背",
            "食客",
            "宾客",
            "颊",
            "腹部",
            "用餐",
            "吃饭",
            "腰",
            "招呼",
            "服务生",
            "褶",
            "侍应",
            "胸部",
            "喝茶"
        ]
    ],
    "日迟": [
        "日迟",
        "Late day",
        "天晚了",
        []
    ],
    "春浪": [
        "春浪",
        "Spring wave",
        "弹簧波",
        [
            "弹簧",
            "波",
            "连杆",
            "轴承",
            "液压",
            "车轮",
            "油压",
            "刚性",
            "支架",
            "琴弦",
            "飞轮",
            "加里",
            "佩",
            "托",
            "奈",
            "雷",
            "莫",
            "特",
            "波波",
            "的卡"
        ]
    ],
    "归期": [
        "归期",
        "date of return",
        "返回日期",
        [
            "返回",
            "日期",
            "回到",
            "离开",
            "前往",
            "留在",
            "送回",
            "赶回",
            "年份",
            "来到",
            "调回",
            "返国",
            "时间表",
            "月份",
            "日前",
            "定于",
            "订于",
            "一月",
            "迟于",
            "应于"
        ]
    ],
    "帘箔": [
        "帘箔",
        "Curtain foil",
        "窗帘箔",
        [
            "窗帘",
            "箔",
            "地板",
            "窗框",
            "天花板",
            "天窗",
            "沙发",
            "毛巾",
            "磷光",
            "薄膜",
            "锈",
            "窗台",
            "蜡",
            "把手",
            "皮包",
            "铅",
            "透",
            "百寿",
            "覆有",
            "大块"
        ]
    ],
    "羁恨": [
        "羁恨",
        "Confinement hate",
        "禁闭仇恨",
        [
            "禁闭",
            "仇恨",
            "憎恨",
            "敌意",
            "仇视",
            "怨恨",
            "恐惧",
            "憎恶",
            "种族主义",
            "敌视",
            "蔑视",
            "拘押",
            "禁锢",
            "拘禁",
            "拘留所",
            "关入",
            "低能",
            "指认",
            "于是就",
            "</s>"
        ]
    ],
    "乱春思": [
        "乱春思",
        "Chaos in spring",
        "春天的混乱",
        [
            "春天",
            "混乱",
            "秋天",
            "夏天",
            "恐慌",
            "动荡",
            "纷乱",
            "初夏",
            "冬天",
            "秋季",
            "春季",
            "混乱状态",
            "动荡不安",
            "夏末",
            "不安",
            "大乱",
            "深秋",
            "动乱",
            "慌乱",
            "盛夏"
        ]
    ],
    "红锦丽": [
        "红锦丽",
        "Red brocade",
        "红色锦缎",
        [
            "红色",
            "锦缎",
            "黄色",
            "白色",
            "蓝色",
            "橙色",
            "紫色",
            "黑色",
            "粉红色",
            "金色",
            "深蓝色",
            "绢",
            "丝绸",
            "绸",
            "缝制",
            "首饰",
            "布料",
            "绸缎",
            "衣料",
            "都用"
        ]
    ],
    "酒思": [
        "酒思",
        "Wine thinking",
        "葡萄酒思维",
        [
            "葡萄酒",
            "思维",
            "思考",
            "理性",
            "认知",
            "酿造",
            "观念",
            "红酒",
            "葡萄",
            "白葡萄酒",
            "意识",
            "橄榄油",
            "香槟",
            "干邑",
            "本质",
            "雪利酒",
            "有意识",
            "白兰地",
            "直觉",
            "思路"
        ]
    ],
    "梦魂": [
        "梦魂",
        "Dream soul",
        "梦想的灵魂",
        [
            "梦想",
            "灵魂",
            "肉体",
            "心灵",
            "永生",
            "愿望",
            "心愿",
            "生命",
            "恶魔",
            "复活",
            "躯体",
            "憧憬",
            "幸福",
            "快乐",
            "人生",
            "炼狱",
            "魂魄",
            "立志",
            "渴望",
            "属于自己"
        ]
    ],
    "乱飞": [
        "乱飞",
        "Flying around",
        "到处飞行",
        [
            "到处",
            "飞行",
            "四处",
            "飞行中",
            "滑翔",
            "飞行器",
            "滑行",
            "着陆",
            "飞机",
            "航空器",
            "跳伞",
            "起飞",
            "街上",
            "一路上",
            "角落",
            "乡间",
            "整天",
            "时常",
            "悄悄",
            "随处"
        ]
    ],
    "怨春莺": [
        "怨春莺",
        "Hate spring warbler",
        "讨厌春天的莺",
        [
            "讨厌",
            "春天",
            "莺",
            "秋天",
            "喜欢",
            "夏天",
            "羡慕",
            "胆小",
            "厌恶",
            "初夏",
            "冬天",
            "秋季",
            "愚蠢",
            "无聊",
            "痛恨",
            "春季",
            "幼稚",
            "鄙视",
            "夏末",
            "深秋",
            "盛夏",
            "雀",
            "尾",
            "雨燕",
            "柳莺",
            "棕",
            "褐",
            "画眉",
            "啄木鸟",
            "薮"
        ]
    ],
    "生客": [
        "生客",
        "A stranger",
        "陌生人",
        [
            "陌生人",
            "女孩",
            "小女孩",
            "邻居",
            "男人",
            "朋友们",
            "孩子们",
            "调情",
            "熟人",
            "群人"
        ]
    ],
    "风采": [
        "风采",
        "Elegant demeanor",
        "优雅风度",
        []
    ],
    "吹愁": [
        "吹愁",
        "Blow sorrow",
        "打击悲伤",
        [
            "打击",
            "悲伤",
            "哀伤",
            "忧伤",
            "悲痛",
            "伤心",
            "悲哀",
            "思念",
            "伤感",
            "难过",
            "忧郁",
            "压制",
            "威胁",
            "挫败",
            "冲击",
            "反击",
            "反扑",
            "反制",
            "遏制",
            "重挫"
        ]
    ],
    "辞权": [
        "辞权",
        "Right of speech",
        "言论权利",
        [
            "言论",
            "权利",
            "基本权利",
            "公民权",
            "言论自由",
            "特权",
            "公民权利",
            "平等权利",
            "选举权",
            "有权",
            "投票权",
            "自由权",
            "言行",
            "指责",
            "人身攻击",
            "文章",
            "公然",
            "过激",
            "指摘",
            "论调"
        ]
    ],
    "课程": [
        "课程",
        "Course",
        "课程",
        [
            "课程",
            "科目",
            "课程内容",
            "专业课程",
            "高中课程",
            "教学",
            "授课",
            "文凭",
            "选修",
            "本科课程"
        ]
    ],
    "尽属": [
        "尽属",
        "Complete genus",
        "完全属",
        [
            "完全",
            "属",
            "几乎",
            "基本上",
            "实际上",
            "仅仅",
            "无论如何",
            "全然",
            "科",
            "实质上",
            "显然",
            "只不过",
            "旧属",
            "属下",
            "分属",
            "归入",
            "同属",
            "原属",
            "种属",
            "旧称"
        ]
    ],
    "痛饮": [
        "痛饮",
        "drink deep",
        "痛饮",
        []
    ],
    "如故": [
        "如故",
        "as before",
        "如以前",
        [
            "以前",
            "现在",
            "之前",
            "在此之前",
            "过去",
            "基本上",
            "从前",
            "实际上",
            "那时候",
            "直到现在"
        ]
    ],
    "呼客": [
        "呼客",
        "Calling customer",
        "致电客户",
        [
            "致电",
            "客户",
            "顾客",
            "约见",
            "消费者",
            "供应商",
            "致函",
            "打电话",
            "转达",
            "发电报",
            "买家",
            "致信",
            "投资者",
            "卖家",
            "来电",
            "通电话",
            "零售商",
            "发来",
            "客户服务",
            "的产品"
        ]
    ],
    "无奈": [
        "无奈",
        "Helpless",
        "无助的",
        [
            "无助",
            "绝望",
            "冷漠",
            "可怜",
            "精神上",
            "无法忍受",
            "无能为力",
            "不幸",
            "自觉",
            "正当"
        ]
    ],
    "三揖": [
        "三揖",
        "Three yi",
        "三夷",
        []
    ],
    "莺花": [
        "莺花",
        "Oriole flower",
        "黄鹂花",
        [
            "黄鹂",
            "花",
            "花上",
            "小花",
            "萝卜",
            "兰花",
            "白花",
            "牵牛",
            "大花",
            "鸥",
            "光阴",
            "夜来香",
            "鹭",
            "红豆",
            "鸣声",
            "雨燕",
            "洛神",
            "婉转",
            "鹞",
            "燕雀"
        ]
    ],
    "杯心": [
        "杯心",
        "Cup center",
        "杯心",
        []
    ],
    "酒面": [
        "酒面",
        "Wine noodles",
        "酒面条",
        [
            "酒",
            "面条",
            "饮",
            "茶",
            "甜酒",
            "醋",
            "汁",
            "啤酒",
            "美酒",
            "酒品",
            "酿",
            "煎饼",
            "酱汁",
            "佐料",
            "鸡蛋",
            "饺子",
            "炸鸡",
            "豆子",
            "甜食",
            "土豆"
        ]
    ],
    "花气香": [
        "花气香",
        "Flower fragrance",
        "花香",
        [
            "花香",
            "果香",
            "清香",
            "香气",
            "桂花",
            "樱桃",
            "玫瑰花",
            "红豆",
            "萝卜",
            "石榴"
        ]
    ],
    "迎眼媚": [
        "迎眼媚",
        "Eye - pleasing",
        "赏心悦目",
        [
            "赏心悦目",
            "炫目",
            "毛骨悚然",
            "优雅",
            "令人惊叹",
            "令人难忘",
            "精采",
            "引人注目",
            "与众不同",
            "精心制作"
        ]
    ],
    "棋声": [
        "棋声",
        "Chess sound",
        "象棋声",
        [
            "象棋",
            "国际象棋",
            "中国象棋",
            "棋",
            "围棋",
            "跳棋",
            "西洋棋",
            "棋手",
            "桥牌",
            "连珠"
        ]
    ],
    "世态": [
        "世态",
        "the ways of the world",
        "世界的方式",
        [
            "世界",
            "方式",
            "全世界",
            "方法",
            "形式",
            "手段",
            "全球",
            "方式为",
            "模式",
            "世界性",
            "方式将",
            "方式则",
            "作法",
            "方式也",
            "世上",
            "当今世界",
            "在世界上",
            "全球性",
            "当今",
            "21世纪"
        ]
    ],
    "芹泥": [
        "芹泥",
        "Celery mud",
        "芹菜泥",
        [
            "芹菜",
            "泥",
            "泥土",
            "碎石",
            "石灰",
            "胡萝卜",
            "葱",
            "沙石",
            "砂",
            "粪",
            "沙土",
            "萝卜",
            "香菇",
            "大蒜",
            "茄子",
            "花生",
            "磨",
            "盆",
            "柚子",
            "草莓"
        ]
    ],
    "随燕嘴": [
        "随燕嘴",
        "With the swallow mouth",
        "用燕子的嘴",
        [
            "燕子",
            "嘴",
            "喙",
            "鸳鸯",
            "舌",
            "鼻",
            "仙鹤",
            "颈",
            "鸟嘴",
            "背",
            "喉",
            "虎头",
            "头",
            "玲珑",
            "白鹤",
            "大头",
            "老虎",
            "百花",
            "大白",
            "椿"
        ]
    ],
    "柳桥": [
        "柳桥",
        "Willow bridge",
        "柳树桥",
        [
            "柳树",
            "桥",
            "大桥",
            "新桥",
            "吊桥",
            "木桥",
            "桥上",
            "拱桥",
            "石桥",
            "榆树",
            "铁路桥",
            "松树",
            "桥下",
            "柏树",
            "枫树",
            "枫香",
            "桑树",
            "槐树",
            "青草",
            "菱角"
        ]
    ],
    "日回": [
        "日回",
        "Daily return",
        "每日回报",
        [
            "回报",
            "报酬",
            "奖赏",
            "许诺",
            "期望",
            "去向",
            "在短期内",
            "仍要",
            "理应",
            "这样一来"
        ]
    ],
    "细草生": [
        "细草生",
        "Fine grass",
        "细草",
        []
    ],
    "蜂须": [
        "蜂须",
        "Bee whiskers",
        "蜜蜂须",
        [
            "蜜蜂",
            "须",
            "需",
            "无须",
            "蜂",
            "须要",
            "蜂巢",
            "均须",
            "蚂蚁",
            "仍须",
            "蜘蛛",
            "虫子",
            "并须",
            "不须",
            "均需",
            "亦须",
            "蟑螂",
            "蚊子",
            "苍蝇",
            "跳蚤"
        ]
    ],
    "江碧": [
        "江碧",
        "Jiang bi",
        "姜碧",
        []
    ],
    "帝葩": [
        "帝葩",
        "Tippa",
        "蒂帕",
        []
    ],
    "一谷": [
        "一谷",
        "One valley",
        "一个山谷",
        [
            "山谷",
            "峡谷",
            "山坡",
            "河谷",
            "谷地",
            "山沟",
            "山坡上",
            "山丘",
            "溪谷",
            "山间"
        ]
    ],
    "藻香": [
        "藻香",
        "Algae fragrance",
        "海藻香料",
        [
            "海藻",
            "香料",
            "藻类",
            "海草",
            "乳香",
            "香辛料",
            "橄榄油",
            "原料",
            "调味品",
            "肉桂",
            "水生植物",
            "蜂蜜",
            "黑胡椒",
            "香草",
            "无脊椎动物",
            "紫菜",
            "贝类",
            "表层",
            "马尾藻",
            "菌类"
        ]
    ],
    "带人": [
        "带人",
        "With people",
        "和人在一起",
        [
            "一起",
            "一同",
            "独自",
            "朋友们",
            "两人",
            "三人",
            "独自一人",
            "两兄弟",
            "四人",
            "一齐"
        ]
    ],
    "山青": [
        "山青",
        "Mountain green",
        "山地绿化",
        [
            "山地",
            "绿化",
            "丘陵",
            "山区",
            "丘陵地带",
            "平地",
            "高山",
            "平原",
            "坡地",
            "绿化带",
            "造林",
            "丘陵地区",
            "山地区",
            "植树",
            "景观",
            "绿地",
            "美化",
            "整体规划",
            "节能",
            "花圃"
        ]
    ],
    "满溪": [
        "满溪",
        "Manxi",
        "满溪",
        []
    ],
    "着物": [
        "着物",
        "The object",
        "物体",
        [
            "物体",
            "球体",
            "质点",
            "粒子",
            "观察者",
            "重力场",
            "静止",
            "表面",
            "水滴",
            "星体"
        ]
    ],
    "艳杏": [
        "艳杏",
        "Brilliant apricot",
        "亮杏",
        []
    ],
    "皋": [
        "皋",
        "bank",
        "银行",
        [
            "银行",
            "金融机构",
            "的银行",
            "商业银行",
            "分行",
            "证券",
            "中央银行",
            "该银行",
            "银行业",
            "汇丰银行"
        ]
    ],
    "催上": [
        "催上",
        "Hurry up",
        "赶快",
        [
            "赶快",
            "赶紧",
            "回去",
            "快点",
            "回来",
            "马上",
            "立刻",
            "回头",
            "正要",
            "就让"
        ]
    ],
    "夭桃满": [
        "夭桃满",
        "Yao Tao Man",
        "姚涛人",
        []
    ],
    "红合": [
        "红合",
        "Red union",
        "红色联盟",
        [
            "红色",
            "联盟",
            "黄色",
            "白色",
            "蓝色",
            "橙色",
            "紫色",
            "黑色",
            "粉红色",
            "金色",
            "深蓝色",
            "该联盟",
            "的联盟",
            "Alliance",
            "自由联盟",
            "新联盟",
            "国家联盟",
            "Union",
            "三巨头",
            "的组织"
        ]
    ],
    "浮草色": [
        "浮草色",
        "Floating grass color",
        "浮草色",
        []
    ],
    "祥烟起": [
        "祥烟起",
        "Xiang smoke up",
        "翔抽烟了",
        [
            "翔",
            "抽烟",
            "吸烟",
            "喝酒",
            "吸毒",
            "做爱",
            "饮酒",
            "晖",
            "如厕",
            "凤",
            "岚",
            "俊",
            "聪",
            "浩",
            "洗手",
            "祥",
            "整天",
            "和黄",
            "调情",
            "和龙"
        ]
    ],
    "千机": [
        "千机",
        "Thousand machines",
        "千台机器",
        [
            "机器",
            "机器人",
            "电脑",
            "工具",
            "机械",
            "一台",
            "微电脑",
            "驱动器",
            "电脑程式",
            "的设备"
        ]
    ],
    "浮山": [
        "浮山",
        "Fushan",
        "浮山",
        [
            "浮山",
            "九峰",
            "灵山",
            "黄山",
            "石门",
            "莱芜",
            "阳山",
            "龙泉",
            "方山",
            "象山"
        ]
    ],
    "满皇州": [
        "满皇州",
        "Manhuang state",
        "黄漫州",
        []
    ],
    "御柳新": [
        "御柳新",
        "Yuliu Xin",
        "刘玉欣",
        []
    ],
    "白间": [
        "白间",
        "White room",
        "最清洁的房屋",
        [
            "清洁",
            "房屋",
            "民房",
            "民宅",
            "住宅",
            "住房",
            "房舍",
            "楼房",
            "木屋",
            "平房",
            "房子",
            "洗手",
            "消毒",
            "保养",
            "干净",
            "清扫",
            "整洁",
            "洁净",
            "漂白",
            "洗涤"
        ]
    ],
    "铺秀野": [
        "铺秀野",
        "Pu Xiuye",
        "蒲秀业",
        []
    ],
    "红锦绚": [
        "红锦绚",
        "Red brocade ribbon",
        "红色锦带",
        [
            "红色",
            "黄色",
            "白色",
            "蓝色",
            "橙色",
            "紫色",
            "黑色",
            "粉红色",
            "金色",
            "深蓝色"
        ]
    ],
    "池添": [
        "池添",
        "Pool filling",
        "水池填充",
        [
            "水池",
            "填充",
            "池塘",
            "池",
            "填满",
            "凉亭",
            "池中",
            "喷水池",
            "池水",
            "人工湖",
            "填入",
            "水槽",
            "装入",
            "水井",
            "缓冲",
            "嵌入",
            "去除",
            "混和",
            "复合",
            "可用"
        ]
    ],
    "倚遥天": [
        "倚遥天",
        "Leaning on a distant sky",
        "倚在遥远的天空上",
        [
            "倚",
            "遥远",
            "天空",
            "夜空",
            "星空",
            "月亮",
            "地平线",
            "星辰",
            "黑夜",
            "很远",
            "星星",
            "闪耀",
            "悬",
            "流星",
            "北望",
            "傍",
            "远方",
            "捍",
            "更远",
            "而立",
            "名曰",
            "扶",
            "不远",
            "故又名",
            "远处",
            "未知",
            "仰",
            "很久以前",
            "远在",
            "恰好"
        ]
    ],
    "绿罗新": [
        "绿罗新",
        "Green Luo Xin",
        "绿色罗欣",
        [
            "绿色",
            "橙色",
            "黄色",
            "红色",
            "蓝色",
            "白色",
            "粉红色",
            "紫色",
            "浅绿色",
            "深蓝色"
        ]
    ],
    "一渠": [
        "一渠",
        "A canal",
        "运河",
        [
            "运河",
            "水道",
            "堤坝",
            "海港",
            "桥梁",
            "水路",
            "大运河",
            "堤道",
            "北岸",
            "水闸"
        ]
    ],
    "春剪": [
        "春剪",
        "Spring shear",
        "弹簧剪",
        [
            "弹簧",
            "剪",
            "连杆",
            "轴承",
            "液压",
            "车轮",
            "油压",
            "刚性",
            "支架",
            "剪成",
            "琴弦",
            "飞轮",
            "铰",
            "剪刀",
            "扯",
            "刷",
            "滚",
            "吊",
            "垫",
            "翻"
        ]
    ],
    "蝶留": [
        "蝶留",
        "Butterfly reservation",
        "蝴蝶预订",
        [
            "蝴蝶",
            "预订",
            "预约",
            "蜻蜓",
            "续订",
            "兰花",
            "Netflix",
            "猫头鹰",
            "彩虹",
            "蝙蝠",
            "订位",
            "预售",
            "快递",
            "试播",
            "预付",
            "风铃",
            "燕子",
            "茉莉",
            "螳螂",
            "VIP"
        ]
    ],
    "花粉": [
        "花粉",
        "Pollen",
        "花粉",
        [
            "花粉",
            "花蜜",
            "孢子",
            "鳞茎",
            "绒毛",
            "球根",
            "花朵",
            "花柱",
            "雄花",
            "蜜蜂"
        ]
    ],
    "晴梅": [
        "晴梅",
        "Sunny plum",
        "阳光李",
        [
            "阳光",
            "李",
            "杨",
            "郑",
            "陈",
            "刘",
            "郭",
            "赵",
            "徐",
            "朱",
            "蔡",
            "遮蔽",
            "日光",
            "太阳光",
            "天空",
            "雾气",
            "云彩",
            "强光",
            "光照",
            "雨天"
        ]
    ],
    "粉色": [
        "粉色",
        "Pink",
        "粉红色",
        [
            "粉红色",
            "白色",
            "紫色",
            "黄色",
            "蓝色",
            "黑色",
            "红色",
            "粉色",
            "深蓝色",
            "暗红色"
        ]
    ],
    "波似": [
        "波似",
        "Wave resemblance",
        "波浪相似性",
        [
            "波浪",
            "相似性",
            "海浪",
            "关联性",
            "差异性",
            "水波",
            "相似之处",
            "关联",
            "相关性",
            "波纹",
            "一致性",
            "共同点",
            "水滴",
            "同源",
            "关连性",
            "涟漪",
            "浪花",
            "退潮",
            "卷起",
            "水平线"
        ]
    ],
    "柳眉": [
        "柳眉",
        "Arch eyebrows",
        "柳眉",
        []
    ],
    "横浅": [
        "横浅",
        "Horizontal shallow",
        "水平浅",
        [
            "水平",
            "浅",
            "水准",
            "深",
            "技术水平",
            "高度",
            "较浅",
            "素质",
            "程度",
            "高水平",
            "较深",
            "灰白色",
            "青绿色",
            "准确度",
            "棕红色",
            "总体",
            "细",
            "狭",
            "低水平",
            "稀"
        ]
    ],
    "野润": [
        "野润",
        "Wild embellish",
        "野生润饰",
        [
            "润饰",
            "润色",
            "说教",
            "梗概",
            "重新整理",
            "特别之处",
            "；也",
            "<tr>",
            "Pardosa",
            "</s>"
        ]
    ],
    "莺惜": [
        "莺惜",
        "Cherish the warbler",
        "珍惜莺",
        [
            "珍惜",
            "莺",
            "爱护",
            "美好",
            "关心",
            "明白",
            "用心",
            "负责任",
            "珍爱",
            "庆幸",
            "雀",
            "尾",
            "雨燕",
            "柳莺",
            "棕",
            "褐",
            "自已",
            "画眉",
            "啄木鸟",
            "薮"
        ]
    ],
    "柳金": [
        "柳金",
        "Liujin",
        "刘金",
        [
            "刘金",
            "陈汉",
            "张亮",
            "李忠",
            "马麟",
            "族叔",
            "斌",
            "马如龙",
            "椿",
            "杨林"
        ]
    ],
    "碧罗光": [
        "碧罗光",
        "Biruoguang",
        "碧螺光",
        [
            "光",
            "瞳",
            "红光",
            "暗",
            "光和",
            "白光",
            "亮",
            "和光",
            "日光",
            "虹"
        ]
    ],
    "云囿": [
        "云囿",
        "Cloud trap",
        "云陷阱",
        [
            "云",
            "陷阱",
            "圈套",
            "引诱",
            "诡计",
            "尘",
            "幽",
            "伪装",
            "寒",
            "阳",
            "迷惑",
            "稻草人",
            "蜘蛛网",
            "名曰",
            "碧",
            "衣橱",
            "黑衣人",
            "皓",
            "虹",
            "容"
        ]
    ],
    "日色": [
        "日色",
        "Day color",
        "日间颜色",
        [
            "日间",
            "颜色",
            "色调",
            "黄色",
            "红色",
            "夜间",
            "紫色",
            "蓝色",
            "白色",
            "粉红色",
            "橙色",
            "色",
            "晚间",
            "清晨",
            "深夜",
            "傍晚",
            "分至",
            "星期四",
            "上旬",
            "MLT-"
        ]
    ],
    "春夜": [
        "春夜",
        "Spring night",
        "春天的夜晚",
        [
            "春天",
            "夜晚",
            "秋天",
            "白天",
            "夏天",
            "夜里",
            "夜间",
            "黄昏",
            "黑夜",
            "半夜",
            "初夏",
            "冬天",
            "秋季",
            "早晨",
            "春季",
            "白昼",
            "午夜",
            "夏末",
            "深秋",
            "盛夏"
        ]
    ],
    "饮散": [
        "饮散",
        "Drinking powder",
        "饮用粉末",
        [
            "饮用",
            "粉末",
            "粉状",
            "粉末状",
            "食用",
            "喝",
            "固体",
            "混合物",
            "饮水",
            "洗手",
            "结晶",
            "黏稠",
            "常温下",
            "氧化铁",
            "浅黄色",
            "煮沸",
            "井水",
            "沐浴",
            "牛奶",
            "蜂蜜"
        ]
    ],
    "草梦": [
        "草梦",
        "Grass dream",
        "草梦",
        []
    ],
    "睡轻": [
        "睡轻",
        "Sleep lightly",
        "轻轻睡觉",
        [
            "轻轻",
            "睡觉",
            "睡",
            "起床",
            "睡觉时",
            "吃饭",
            "睡着",
            "整天",
            "用力",
            "喝水",
            "叫醒",
            "半夜",
            "嘴唇",
            "指尖",
            "耳边",
            "摇动",
            "把手",
            "卷起",
            "好像",
            "好似"
        ]
    ],
    "漏促": [
        "漏促",
        "Leakage promotion",
        "泄漏促进",
        [
            "泄漏",
            "促进",
            "外泄",
            "泄露",
            "增进",
            "推动",
            "加强",
            "漏出",
            "有助于",
            "促成",
            "泄密",
            "倡导",
            "有利于",
            "作出贡献",
            "促使",
            "销毁",
            "篡改",
            "截获",
            "牵涉",
            "出现异常"
        ]
    ],
    "月午": [
        "月午",
        "Month noon",
        "月正午",
        [
            "月",
            "正午",
            "月底",
            "同年",
            "月初",
            "同月",
            "年初",
            "时分",
            "年底",
            "翌年",
            "午夜",
            "年末",
            "清晨",
            "傍晚",
            "日出",
            "月末",
            "中午",
            "早晨",
            "午时",
            "午后"
        ]
    ],
    "魂觉": [
        "魂觉",
        "Soul sensation",
        "灵魂感觉",
        [
            "灵魂",
            "感觉",
            "感受",
            "肉体",
            "心灵",
            "永生",
            "感觉到",
            "好像",
            "生命",
            "感",
            "恶魔",
            "复活",
            "仿佛",
            "躯体",
            "看上去",
            "冲动",
            "心里",
            "想象",
            "炼狱",
            "魂魄"
        ]
    ],
    "铜壶": [
        "铜壶",
        "Copper pot",
        "铜锅",
        []
    ],
    "月白": [
        "月白",
        "bluish white",
        "青白",
        []
    ],
    "花笼": [
        "花笼",
        "Flower cage",
        "花笼",
        []
    ],
    "风敲竹": [
        "风敲竹",
        "Wind knocks on bamboo",
        "风吹竹子",
        [
            "风吹",
            "竹子",
            "芦苇",
            "竹节",
            "原木",
            "风",
            "木头",
            "刮",
            "大风",
            "吹",
            "葫芦",
            "吹起",
            "桑树",
            "飘",
            "卷起",
            "大树",
            "雨",
            "竹叶",
            "栽",
            "摇动"
        ]
    ],
    "珠箔": [
        "珠箔",
        "Bead foil",
        "珠箔",
        []
    ],
    "悄悄": [
        "悄悄",
        "Quietly",
        "平静地",
        [
            "平静",
            "安静",
            "宁静",
            "安稳",
            "清醒",
            "平淡",
            "冷漠",
            "安详",
            "安逸",
            "往常"
        ]
    ],
    "飙风": [
        "飙风",
        "Strong wind",
        "大风",
        [
            "大风",
            "狂风",
            "狂风暴雨",
            "大雨",
            "巨浪",
            "风吹",
            "海潮",
            "雷雨",
            "风",
            "暴风雨"
        ]
    ],
    "影栖烟": [
        "影栖烟",
        "Shadow smoke",
        "阴影烟",
        [
            "阴影",
            "烟",
            "香烟",
            "黑暗",
            "喷",
            "阴霾",
            "抽",
            "边缘",
            "口含",
            "光环",
            "瓶",
            "影子",
            "醉",
            "屑",
            "爆竹",
            "镜子",
            "双眼",
            "飘",
            "噩梦",
            "恶梦"
        ]
    ],
    "料峭": [
        "料峭",
        "chilly",
        "寒冷的",
        [
            "寒冷",
            "严寒",
            "炎热",
            "潮湿",
            "凉爽",
            "温暖",
            "冬天",
            "酷热",
            "较冷",
            "暖和"
        ]
    ],
    "风欺": [
        "风欺",
        "Wind deceit",
        "风欺骗",
        [
            "风",
            "欺骗",
            "愚弄",
            "恐吓",
            "骗",
            "羞辱",
            "掩饰",
            "故意",
            "风吹",
            "骗子",
            "西风",
            "吹拂",
            "吹",
            "北风",
            "大风",
            "撒谎",
            "迷惑",
            "暴风",
            "雨",
            "和风"
        ]
    ],
    "夜榻": [
        "夜榻",
        "Night couch",
        "夜床",
        []
    ]
}