{
    "犹子": [
        "犹子",
        "Yoko",
        "约科",
        []
    ],
    "璠": [
        "璠",
        "Jig",
        "吉格舞",
        [
            "舞",
            "舞蹈",
            "歌舞",
            "舞者",
            "歌",
            "琵琶",
            "舞狮",
            "跳舞",
            "鹤",
            "麒麟"
        ]
    ],
    "璵": [
        "璵",
        "Baoding",
        "保定",
        [
            "保定",
            "太原",
            "张家口",
            "石家庄",
            "济南",
            "易县",
            "邯郸",
            "涿州",
            "承德",
            "山西太原"
        ]
    ],
    "痴叔": [
        "痴叔",
        "Chi Shu",
        "术赤",
        [
            "术赤",
            "拖雷",
            "窝阔台",
            "孛",
            "海都",
            "察合台",
            "大汗",
            "秃",
            "阿里",
            "鲁思"
        ]
    ],
    "病十起": [
        "病十起",
        "Ten cases of illness",
        "十例疾病",
        [
            "疾病",
            "病症",
            "传染病",
            "性疾病",
            "病因",
            "癌症",
            "营养不良",
            "哮喘",
            "疟疾",
            "结核病"
        ]
    ],
    "蒙正举": [
        "蒙正举",
        "Meng Zhengju",
        "孟居正",
        [
            "居正",
            "黄兴",
            "于右任",
            "胡汉民",
            "戴季陶",
            "张鹤龄",
            "陈公博",
            "张继",
            "田桐",
            "成章"
        ]
    ],
    "自闻": [
        "自闻",
        "Self - smelling",
        "自嗅的",
        [
            "嗅",
            "腺",
            "嗅觉",
            "眼球",
            "脑",
            "鼻子",
            "下腹",
            "囊状",
            "口部",
            "咽"
        ]
    ],
    "比儿": [
        "比儿",
        "Beal",
        "比尔",
        [
            "比尔",
            "威尔",
            "莱斯",
            "琼斯",
            "尼尔",
            "巴德",
            "布莱克",
            "格林",
            "桑德斯",
            "皮尔斯"
        ]
    ],
    "经纬": [
        "经纬",
        "Jingwei",
        "精卫",
        []
    ],
    "侄": [
        "侄",
        "nephew",
        "侄子",
        [
            "侄子",
            "堂弟",
            "弟弟",
            "外甥",
            "孙子",
            "女婿",
            "堂兄",
            "侄儿",
            "叔父",
            "妹夫"
        ]
    ],
    "紫囊戏": [
        "紫囊戏",
        "Purple capsule play",
        "紫色胶囊游戏",
        [
            "紫色",
            "胶囊",
            "游戏",
            "的游戏",
            "黄色",
            "该游戏",
            "粉红色",
            "白色",
            "红色",
            "黄绿色",
            "蓝色",
            "紫红色",
            "深红色",
            "深蓝色",
            "一些游戏",
            "新游戏",
            "电子游戏",
            "小游戏",
            "电脑游戏",
            "RPG",
            "单人游戏",
            "药水",
            "冷冻",
            "盒子",
            "药丸",
            "罐",
            "手环",
            "粉末状",
            "糖果",
            "一次性"
        ]
    ],
    "仲容贤": [
        "仲容贤",
        "Zhong Rongxian",
        "钟荣贤",
        []
    ],
    "只想": [
        "只想",
        "Just want to",
        "只是想",
        [
            "想",
            "想要",
            "只想",
            "不想",
            "希望",
            "打算",
            "自已",
            "就让",
            "一心",
            "一切都是"
        ]
    ],
    "满谷": [
        "满谷",
        "Man gu",
        "满谷",
        []
    ],
    "山云起": [
        "山云起",
        "Mountain Yun Qi",
        "云起山",
        []
    ],
    "耕凿": [
        "耕凿",
        "Plowing chisel",
        "犁凿",
        []
    ],
    "安时论": [
        "安时论",
        "On Peace and Time",
        "论和平与时间",
        [
            "和平",
            "时间",
            "星期",
            "一段时间",
            "小时",
            "间隔时间",
            "整整",
            "团结",
            "时长",
            "时间段",
            "等待时间",
            "短时间",
            "和解",
            "解放",
            "和平共处",
            "维护和平",
            "团结一致",
            "争取和平",
            "团结起来",
            "和平共存"
        ]
    ],
    "隔沼": [
        "隔沼",
        "Isolation of marsh",
        "沼泽隔离",
        [
            "沼泽",
            "隔离",
            "沼泽地",
            "森林",
            "山谷",
            "池塘",
            "浅水",
            "洼地",
            "沼泽地带",
            "荒地",
            "小溪",
            "隔绝",
            "封闭",
            "强制",
            "分离",
            "监护",
            "永久性",
            "受控",
            "分开",
            "可避免"
        ]
    ],
    "连香": [
        "连香",
        "Lianxiang",
        "莲香",
        []
    ],
    "芰": [
        "芰",
        "Mi",
        "大音阶的第三音",
        [
            "音",
            "发音",
            "音调",
            "读音",
            "韵",
            "浊音",
            "同音",
            "鼻音",
            "上声",
            "读法"
        ]
    ],
    "侵篱": [
        "侵篱",
        "Invasion fence",
        "入侵围栏",
        [
            "入侵",
            "围栏",
            "侵略",
            "侵入",
            "栅栏",
            "进犯",
            "围墙",
            "侵扰",
            "征服",
            "篱笆",
            "草坪",
            "护栏",
            "栏杆",
            "吞并",
            "发动战争",
            "重新占领",
            "铁栏",
            "人行道",
            "并吞",
            "铁门"
        ]
    ],
    "涧": [
        "涧",
        "Jian",
        "剑",
        [
            "剑",
            "刀",
            "宝剑",
            "刃",
            "神剑",
            "长剑",
            "匕首",
            "刀剑",
            "双剑",
            "斧"
        ]
    ],
    "水流": [
        "水流",
        "current",
        "目前的",
        [
            "目前",
            "目前为止",
            "迄今",
            "现今",
            "现在",
            "现有",
            "现阶段",
            "迄今为止",
            "在此之前",
            "以外"
        ]
    ],
    "衣冠": [
        "衣冠",
        "dress",
        "穿衣",
        [
            "穿衣",
            "衣著",
            "习惯",
            "随便",
            "衣着",
            "整天",
            "平常",
            "习惯性",
            "比如说",
            "从前"
        ]
    ],
    "与": [
        "与",
        "And",
        "和",
        []
    ],
    "世同": [
        "世同",
        "World identity",
        "世界认同",
        [
            "世界",
            "认同",
            "全世界",
            "尊重",
            "肯定",
            "全球",
            "世界性",
            "看法",
            "赞同",
            "认可",
            "世上",
            "一致",
            "当今世界",
            "在世界上",
            "包容",
            "拥护",
            "排斥",
            "全球性",
            "当今",
            "21世纪"
        ]
    ],
    "通林": [
        "通林",
        "Tong Lin",
        "同林",
        []
    ],
    "带": [
        "带",
        "area",
        "区域",
        [
            "区域",
            "区域内",
            "范围",
            "地区",
            "地带",
            "周边",
            "范围内",
            "周边地区",
            "周围",
            "区外"
        ]
    ],
    "女罗": [
        "女罗",
        "Female",
        "女性的",
        [
            "女性",
            "男性",
            "妇女",
            "男士",
            "男人",
            "异性恋",
            "成年人",
            "女同性恋",
            "未婚",
            "男同性恋"
        ]
    ],
    "妻妾": [
        "妻妾",
        "Wife and concubine",
        "妻子和妾",
        [
            "妻子",
            "妾",
            "丈夫",
            "女儿",
            "母亲",
            "儿子",
            "前妻",
            "夫妇",
            "侄女",
            "前夫",
            "妹妹",
            "姬妾",
            "妻妾",
            "贵人",
            "嫔妃",
            "继室",
            "侍妾",
            "妻",
            "婢女",
            "生母"
        ]
    ],
    "侧室": [
        "侧室",
        "Side chamber",
        "侧室",
        [
            "侧室",
            "正室",
            "继室",
            "生母",
            "嫡子",
            "嫡",
            "养女",
            "养子",
            "次男",
            "侍女"
        ]
    ],
    "染发": [
        "染发",
        "Dye hair",
        "染发",
        [
            "染发",
            "衣著",
            "内衣",
            "脱毛",
            "衣着",
            "短裙",
            "衣饰",
            "变性",
            "理发",
            "穿衣"
        ]
    ],
    "玉箫": [
        "玉箫",
        "Jade flute",
        "玉笛",
        []
    ],
    "桃叶": [
        "桃叶",
        "Peach leaves",
        "桃叶",
        []
    ],
    "妒宠": [
        "妒宠",
        "Jealousy pet",
        "嫉妒宠物",
        [
            "嫉妒",
            "宠物",
            "妒忌",
            "怨恨",
            "憎恨",
            "爱慕",
            "厌恶",
            "忌妒",
            "憎恶",
            "妒嫉",
            "羡慕",
            "小狗",
            "猫",
            "小精灵",
            "猫咪",
            "猫狗",
            "狗",
            "老鼠",
            "宠物狗",
            "小动物"
        ]
    ],
    "列屋": [
        "列屋",
        "Rowing house",
        "划船馆",
        [
            "划船",
            "馆",
            "赛艇",
            "馆内",
            "划艇",
            "独木舟",
            "湖上",
            "展示馆",
            "本馆",
            "水球",
            "皮艇",
            "分馆",
            "水上",
            "厅",
            "冰上",
            "展览馆",
            "馆里",
            "图书室",
            "馆主",
            "爬山"
        ]
    ],
    "专房": [
        "专房",
        "Special room",
        "专用房间",
        [
            "专用",
            "房间",
            "房间内",
            "卧室",
            "屋子",
            "浴室",
            "客厅",
            "小房间",
            "地下室",
            "窗户",
            "房内",
            "配有",
            "仅供",
            "辅助",
            "备有",
            "专供",
            "公用",
            "主要用途",
            "特别设计",
            "方便使用"
        ]
    ],
    "话梅": [
        "话梅",
        "Preserved plum",
        "李子脯",
        [
            "李子",
            "脯",
            "羹",
            "粥",
            "糊",
            "烹",
            "剥",
            "肴",
            "镬",
            "红薯",
            "皂",
            "柿子",
            "裹",
            "绿豆",
            "菠萝",
            "梨",
            "茸",
            "芒果",
            "红豆",
            "</s>"
        ]
    ],
    "络秀": [
        "络秀",
        "Luo xiu",
        "修罗",
        [
            "修罗",
            "魔界",
            "魔王",
            "魔族",
            "忍",
            "极恶",
            "妖魔",
            "黑龙",
            "傲",
            "<BR>"
        ]
    ],
    "绿珠": [
        "绿珠",
        "Green beads",
        "绿色珠子",
        [
            "绿色",
            "珠子",
            "橙色",
            "黄色",
            "红色",
            "蓝色",
            "白色",
            "粉红色",
            "紫色",
            "浅绿色",
            "深蓝色",
            "项链",
            "贝壳",
            "竹节",
            "枕头",
            "串珠",
            "波纹",
            "彩花",
            "大块",
            "</s>"
        ]
    ],
    "柳枝": [
        "柳枝",
        "willow branch",
        "柳枝",
        [
            "柳枝",
            "树下",
            "香木",
            "黄麻",
            "青草",
            "竹叶",
            "柏树",
            "兰草",
            "篙",
            "灯台"
        ]
    ],
    "争妍": [
        "争妍",
        "contend in beauty",
        "争美",
        []
    ],
    "闲居": [
        "闲居",
        "Homebound",
        "回家的",
        [
            "回家",
            "回来",
            "返家",
            "出门",
            "回去",
            "偷偷",
            "离去",
            "全家人",
            "忘了",
            "跑去"
        ]
    ],
    "樱口": [
        "樱口",
        "Sakura mouth",
        "樱花嘴",
        [
            "樱花",
            "嘴",
            "喙",
            "舌",
            "百合",
            "盛开",
            "鼻",
            "颈",
            "樱",
            "樱花树",
            "鸟嘴",
            "赏花",
            "背",
            "红叶",
            "喉",
            "头",
            "向日葵",
            "蝴蝶",
            "大头",
            "柚子"
        ]
    ],
    "皓齿": [
        "皓齿",
        "White teeth",
        "白牙",
        [
            "白牙",
            "奥利佛",
            "暗夜",
            "克莱恩",
            "稻草人",
            "罗兰",
            "一伙人",
            "Banks",
            "西蒙",
            "兄弟俩"
        ]
    ],
    "仙姿": [
        "仙姿",
        "Xianzi",
        "现在子",
        [
            "现在",
            "子",
            "今天",
            "如今",
            "以前",
            "现今",
            "弟",
            "姪",
            "三子",
            "长子",
            "过去",
            "兄",
            "今日",
            "次子",
            "侄",
            "叔父",
            "孙子",
            "直到现在",
            "那时候",
            "从前"
        ]
    ],
    "箕帚": [
        "箕帚",
        "A dustpan broom",
        "簸箕扫帚",
        [
            "簸箕",
            "扫帚",
            "扫把",
            "葫芦",
            "马背",
            "鸡爪",
            "草鞋",
            "羊角",
            "盘子",
            "竹子",
            "竹叶",
            "撬",
            "项圈",
            "手杖",
            "棍子",
            "靴子",
            "竹节",
            "牛角",
            "盆",
            "铃铛"
        ]
    ],
    "妾": [
        "妾",
        "Concubine",
        "妾",
        [
            "妾",
            "姬妾",
            "妻妾",
            "贵人",
            "嫔妃",
            "继室",
            "侍妾",
            "妻",
            "婢女",
            "生母"
        ]
    ],
    "章台柳": [
        "章台柳",
        "Zhang tailiu",
        "张太流",
        []
    ],
    "五夜": [
        "五夜",
        "Five nights",
        "五晚",
        []
    ],
    "有心": [
        "有心",
        "deliberately",
        "故意地",
        [
            "故意",
            "蓄意",
            "刻意",
            "欺骗",
            "不该",
            "不负责任",
            "胡乱",
            "不对",
            "干脆",
            "一一"
        ]
    ],
    "翠袖": [
        "翠袖",
        "Cui sleeve",
        "翠袖",
        []
    ],
    "香残": [
        "香残",
        "Fragrant residue",
        "芳香残渣",
        [
            "芳香",
            "残渣",
            "香气",
            "醇",
            "衍生物",
            "泥土",
            "精油",
            "木炭",
            "灰尘",
            "蜂蜡",
            "类物质",
            "残留物",
            "酚",
            "醇类",
            "密封",
            "残余物",
            "重氮",
            "大蒜",
            "尘土",
            "烟熏"
        ]
    ],
    "紫鸾": [
        "紫鸾",
        "Ziluan",
        "子路",
        [
            "子路",
            "子贡",
            "君子",
            "在座",
            "慨然",
            "惟独",
            "方是",
            "为伍",
            "唯独",
            "</s>"
        ]
    ],
    "舞镜": [
        "舞镜",
        "Dance mirror",
        "舞蹈镜",
        [
            "舞蹈",
            "镜",
            "歌舞",
            "舞者",
            "表演",
            "表演者",
            "芭蕾",
            "跳舞",
            "街舞",
            "肚皮舞",
            "现代舞",
            "镜子",
            "光",
            "影",
            "屏",
            "镜面",
            "美人",
            "勾",
            "透",
            "虹"
        ]
    ],
    "燕燕": [
        "燕燕",
        "Yan Yan",
        "严颜",
        []
    ],
    "柳腰": [
        "柳腰",
        "Willow waist",
        "柳腰",
        []
    ],
    "玉质": [
        "玉质",
        "Jade quality",
        "玉石质量",
        [
            "玉石",
            "质量",
            "玉器",
            "总质量",
            "绿松石",
            "密度",
            "象牙",
            "低质量",
            "铜器",
            "恒星质量",
            "工艺品",
            "精确度",
            "运动速度",
            "宝石",
            "数量级",
            "能量密度",
            "白玉",
            "准确性",
            "玉",
            "故称"
        ]
    ],
    "花月": [
        "花月",
        "Flower moon",
        "花月",
        [
            "花月",
            "春风",
            "月夜",
            "红梅",
            "百花",
            "侣",
            "万里",
            "天一",
            "望月",
            "</s>"
        ]
    ],
    "妖": [
        "妖",
        "Monster",
        "巨大的",
        [
            "巨大",
            "极大",
            "相当大",
            "非常大",
            "更大",
            "很大",
            "不小",
            "前所未有",
            "庞大",
            "前所未见"
        ]
    ],
    "金谷": [
        "金谷",
        "Jingu",
        "金谷",
        [
            "金谷",
            "岭下",
            "茶山",
            "春和",
            "白石",
            "小村",
            "望月",
            "；还有",
            "Pardosa",
            "</s>"
        ]
    ],
    "犹残": [
        "犹残",
        "Still disabled",
        "仍然残疾",
        [
            "仍然",
            "残疾",
            "依然",
            "一直",
            "残障",
            "伤残",
            "几乎",
            "即便如此",
            "始终",
            "即使如此",
            "智障",
            "仅仅",
            "残疾人",
            "无论如何",
            "基本上",
            "身心",
            "行动不便",
            "老年人",
            "失明",
            "小童"
        ]
    ],
    "百年": [
        "百年",
        "a century",
        "一个世纪",
        []
    ],
    "无恨": [
        "无恨",
        "No hate",
        "没有仇恨",
        [
            "没有",
            "仇恨",
            "没",
            "并未",
            "无法",
            "不会",
            "不能",
            "从未",
            "未",
            "没有人",
            "很难",
            "憎恨",
            "敌意",
            "仇视",
            "怨恨",
            "恐惧",
            "憎恶",
            "种族主义",
            "敌视",
            "蔑视"
        ]
    ],
    "云渺": [
        "云渺",
        "Clouds",
        "云",
        [
            "云",
            "尘",
            "幽",
            "寒",
            "阳",
            "名曰",
            "碧",
            "皓",
            "虹",
            "容"
        ]
    ],
    "青鸟": [
        "青鸟",
        "bird messenger of fairy god-mother",
        "神仙母亲的鸟使者",
        [
            "神仙",
            "母亲",
            "鸟",
            "使者",
            "父亲",
            "父母",
            "女儿",
            "祖母",
            "妻子",
            "双亲",
            "使臣",
            "丈夫",
            "使节",
            "妹妹",
            "外祖母",
            "成仙",
            "得道",
            "仙人",
            "道士",
            "遣使",
            "雉",
            "派人",
            "仙",
            "雁",
            "蛇",
            "鸽",
            "炼丹",
            "西王母",
            "特使",
            "随从",
            "禽",
            "鹭",
            "乌鸦",
            "派使者",
            "似",
            "鸵鸟",
            "大喜",
            "谢恩",
            "七星",
            "长生"
        ]
    ],
    "笺": [
        "笺",
        "letter",
        "信",
        [
            "信",
            "义统",
            "回信",
            "这封",
            "昌幸",
            "信里",
            "忠",
            "家书",
            "孝",
            "和信"
        ]
    ],
    "樱桃": [
        "樱桃",
        "Cherry",
        "樱桃",
        [
            "樱桃",
            "草莓",
            "枫树",
            "核桃",
            "菠萝",
            "黄杨",
            "橙",
            "桂花",
            "柚子",
            "雏菊"
        ]
    ],
    "樊素口": [
        "樊素口",
        "Fan Su mouth",
        "苏凡嘴",
        [
            "嘴",
            "喙",
            "舌",
            "鼻",
            "颈",
            "鸟嘴",
            "背",
            "喉",
            "头",
            "大头"
        ]
    ],
    "小蛮": [
        "小蛮",
        "Xiao Man",
        "小曼",
        []
    ],
    "腰": [
        "腰",
        "Waist",
        "腰",
        [
            "腰",
            "肩",
            "袖",
            "膝",
            "颈",
            "背",
            "肘",
            "缠",
            "眉",
            "后背"
        ]
    ],
    "祖孙": [
        "祖孙",
        "grandparent and grandchild",
        "祖父母和孙子女",
        [
            "祖父母",
            "孙子",
            "侄子",
            "外孙",
            "次子",
            "长子",
            "父母",
            "双亲",
            "外甥",
            "堂弟",
            "女婿",
            "外祖母",
            "外祖父母",
            "祖母",
            "堂兄弟",
            "侄儿",
            "父母亲",
            "兄弟姐妹",
            "外祖父",
            "外公"
        ]
    ],
    "兴宗": [
        "兴宗",
        "Xing zong",
        "兴宗",
        [
            "兴宗",
            "太宗",
            "完颜亮",
            "辽道宗",
            "宣宗",
            "穆宗",
            "辽兴",
            "仁宗",
            "代宗",
            "圣宗"
        ]
    ],
    "宝田": [
        "宝田",
        "Takata",
        "高田",
        [
            "高",
            "田",
            "低",
            "较高",
            "较低",
            "极高",
            "很高",
            "更高",
            "极低",
            "井",
            "很低",
            "田村",
            "颇高",
            "中村",
            "高桥",
            "新田",
            "久保",
            "耕",
            "平野",
            "上村"
        ]
    ],
    "金篦": [
        "金篦",
        "Gold grate",
        "金栅",
        []
    ],
    "置书": [
        "置书",
        "Book placement",
        "书籍摆放",
        [
            "书籍",
            "摆放",
            "放置",
            "摆设",
            "书本",
            "书刊",
            "放有",
            "图书",
            "放于",
            "出版物",
            "读物",
            "摆放在",
            "著作",
            "类书籍",
            "参考书",
            "历史书籍",
            "置放",
            "摆在",
            "安放",
            "旁边"
        ]
    ],
    "龙孙": [
        "龙孙",
        "Dragon sun",
        "龙阳",
        [
            "龙阳",
            "宜城",
            "云梦",
            "丁公",
            "双林",
            "太和镇",
            "中人",
            "大治",
            "内中",
            "</s>"
        ]
    ],
    "含饴": [
        "含饴",
        "Containing malt",
        "含麦芽的",
        [
            "含",
            "麦芽",
            "不含",
            "含有",
            "啤酒",
            "所含",
            "奶油",
            "糖浆",
            "果汁",
            "蜂蜜",
            "内含",
            "糖蜜",
            "白兰地",
            "麦芽糖",
            "啤酒花",
            "计有",
            "另有",
            "分作",
            "包涵",
            "则有"
        ]
    ],
    "瓜绵": [
        "瓜绵",
        "Guamian",
        "瓜面",
        []
    ],
    "瓞": [
        "瓞",
        "Bucket",
        "水桶",
        [
            "水桶",
            "盘子",
            "一桶",
            "蜡烛",
            "泥浆",
            "开水",
            "水槽",
            "浴缸",
            "的水",
            "火炉"
        ]
    ],
    "效": [
        "效",
        "Effect",
        "影响",
        [
            "影响",
            "负面影响",
            "直接影响",
            "冲击",
            "不良影响",
            "严重影响",
            "制约",
            "因素",
            "受到影响",
            "阻碍"
        ]
    ],
    "传呼": [
        "传呼",
        "pass on a message left by phone",
        "传递电话留言",
        [
            "传递",
            "电话",
            "留言",
            "电话号码",
            "facebook",
            "Facebook",
            "对讲机",
            "传送",
            "专页",
            "部落格",
            "来电",
            "电邮",
            "网志",
            "简讯",
            "拨打",
            "推特",
            "接听",
            "电话机",
            "传达",
            "Twitter",
            "传输",
            "传真",
            "传递信息",
            "传导",
            "留言板",
            "传播",
            "发送到",
            "发送至",
            "引导"
        ]
    ],
    "陇上": [
        "陇上",
        "Long Shang",
        "龙商",
        []
    ],
    "耕耘": [
        "耕耘",
        "Cultivation",
        "培养",
        [
            "培养",
            "培育",
            "培植",
            "培育出",
            "培训",
            "人才培养",
            "人才",
            "养成",
            "培养出来",
            "指导"
        ]
    ],
    "诒": [
        "诒",
        "Yi",
        "彝族",
        [
            "彝族",
            "苗族",
            "白族",
            "傣族",
            "壮族",
            "侗族",
            "布依族",
            "纳西族",
            "黎族",
            "西双版纳"
        ]
    ],
    "谋": [
        "谋",
        "Seeking",
        "寻找",
        [
            "寻找",
            "找寻",
            "找到",
            "寻觅",
            "找出",
            "追寻",
            "四处寻找",
            "找回",
            "探寻",
            "找"
        ]
    ],
    "盘石": [
        "盘石",
        "Panshi",
        "磐石",
        [
            "磐石",
            "梨树",
            "长存",
            "大石",
            "口里",
            "泉源",
            "中洲",
            "故称",
            "</s>",
            "Pardosa"
        ]
    ],
    "石砚": [
        "石砚",
        "Stone inkstone",
        "石砚",
        []
    ],
    "遗笏": [
        "遗笏",
        "Yi Wat",
        "彝族水",
        [
            "彝族",
            "水",
            "苗族",
            "白族",
            "的水",
            "傣族",
            "壮族",
            "井水",
            "侗族",
            "布依族",
            "纳西族",
            "水后",
            "黎族",
            "西双版纳",
            "池中",
            "冷水",
            "出水",
            "流水",
            "浮",
            "中水"
        ]
    ],
    "风骨": [
        "风骨",
        "strength of character",
        "性格的力量",
        [
            "性格",
            "力量",
            "个性",
            "性情",
            "天性",
            "冷酷",
            "善良",
            "气质",
            "脾气",
            "外貌",
            "沉默寡言",
            "意志",
            "意志力",
            "军事力量",
            "意识",
            "生命力",
            "勇气",
            "自我意识",
            "精神力量",
            "力"
        ]
    ],
    "燕翼": [
        "燕翼",
        "Yanyi",
        "伊彦",
        []
    ],
    "金寺": [
        "金寺",
        "Golden temple",
        "金殿",
        [
            "金殿",
            "金像",
            "青云",
            "众星",
            "天开",
            "金顶",
            "苏氏",
            "<tr>",
            "Pardosa",
            "</s>"
        ]
    ],
    "桐生枝": [
        "桐生枝",
        "Tung branch",
        "桐枝",
        []
    ],
    "严归": [
        "严归",
        "Strict return",
        "严格回报",
        [
            "严格",
            "回报",
            "严苛",
            "宽松",
            "严谨",
            "报酬",
            "严密",
            "符合",
            "规范",
            "合理",
            "奖赏",
            "恰当",
            "完全符合",
            "许诺",
            "期望",
            "去向",
            "在短期内",
            "仍要",
            "理应",
            "这样一来"
        ]
    ],
    "谒": [
        "谒",
        "Ye",
        "耶",
        []
    ],
    "桑间": [
        "桑间",
        "Mulberry room",
        "桑葚房",
        [
            "房",
            "宅",
            "居室",
            "一房",
            "房和",
            "房中",
            "楼上",
            "寝",
            "楼内",
            "三楼"
        ]
    ],
    "修植": [
        "修植",
        "Planting",
        "种植",
        [
            "种植",
            "栽种",
            "作物",
            "栽植",
            "农作物",
            "耕作",
            "耕种",
            "经济作物",
            "稻米",
            "甘蔗"
        ]
    ],
    "每诵": [
        "每诵",
        "Every recite",
        "每次背诵",
        [
            "背诵",
            "诵读",
            "诵",
            "熟读",
            "口授",
            "朗诵",
            "念诵",
            "朗读",
            "识字",
            "教诲"
        ]
    ],
    "先芬": [
        "先芬",
        "Xianfen",
        "咸丰",
        [
            "咸丰",
            "同治",
            "道光",
            "嘉庆",
            "乾隆",
            "康熙",
            "光绪",
            "顺治",
            "雍正",
            "清咸丰"
        ]
    ],
    "绵若": [
        "绵若",
        "Mianruo",
        "面若",
        []
    ]
}