{
    "资博约": [
        "资博约",
        "Zibo contract",
        "淄博合同",
        [
            "淄博",
            "合同",
            "合约",
            "临沂",
            "潍坊",
            "菏泽",
            "合同规定",
            "滨州",
            "签订合同",
            "淄博市",
            "济南市",
            "单县",
            "枣庄",
            "泰安",
            "选择权",
            "协议",
            "买断",
            "报价",
            "协议书",
            "履约"
        ]
    ],
    "三冬足": [
        "三冬足",
        "Three winter feet",
        "冬天的三英尺",
        [
            "冬天",
            "夏天",
            "冬季",
            "秋天",
            "寒冬",
            "春天",
            "夏末",
            "春季",
            "初冬",
            "初夏"
        ]
    ],
    "汗简": [
        "汗简",
        "Khan Jane",
        "汗·简",
        [
            "汗",
            "简",
            "可汗",
            "大汗",
            "帖木儿",
            "汗国",
            "成吉思汗",
            "台吉",
            "察合台",
            "罕",
            "西辽",
            "珍",
            "福",
            "敏",
            "和文",
            "特为",
            "容",
            "来由",
            "Pardosa",
            "</s>"
        ]
    ],
    "留神": [
        "留神",
        "Watch out",
        "小心",
        [
            "小心",
            "小心翼翼",
            "不慎",
            "用力",
            "轻轻",
            "故意",
            "进去",
            "随便",
            "分心",
            "细心"
        ]
    ],
    "究典": [
        "究典",
        "Research code",
        "研究代码",
        [
            "研究",
            "代码",
            "研究工作",
            "深入研究",
            "科学研究",
            "研究者",
            "分析",
            "研究成果",
            "学术研究",
            "字符",
            "研究课题",
            "编译器",
            "数据分析",
            "字符串",
            "编码",
            "文档",
            "标识符",
            "code",
            "示例",
            "预定义"
        ]
    ],
    "坟": [
        "坟",
        "tomb",
        "坟墓",
        [
            "坟墓",
            "墓穴",
            "墓地",
            "陵墓",
            "埋葬",
            "石棺",
            "墓碑",
            "棺材",
            "棺木",
            "坟"
        ]
    ],
    "也胜": [
        "也胜",
        "Also wins",
        "也赢了",
        [
            "赢",
            "输掉",
            "胜出",
            "取胜",
            "获胜",
            "输",
            "对手",
            "决胜负",
            "打赢",
            "劲敌"
        ]
    ],
    "致中": [
        "致中",
        "To center",
        "对中",
        [
            "中",
            "中的",
            "之中",
            "中都",
            "中所",
            "当中",
            "里",
            "中会",
            "里面",
            "之前"
        ]
    ],
    "存心": [
        "存心",
        "deliberately",
        "故意地",
        [
            "故意",
            "蓄意",
            "刻意",
            "欺骗",
            "不该",
            "不负责任",
            "胡乱",
            "不对",
            "干脆",
            "一一"
        ]
    ],
    "青藜": [
        "青藜",
        "Chenopodium album",
        "藜相册",
        [
            "藜",
            "相册",
            "果树",
            "小麦",
            "油菜",
            "灵芝",
            "荞麦",
            "冬瓜",
            "Blogger",
            "在线",
            "快照",
            "主页",
            "木棉",
            "瓜子",
            "紫花",
            "Flickr",
            "Pardosa",
            "；还有",
            "<tr>",
            "</s>"
        ]
    ],
    "照诵": [
        "照诵",
        "According to recite",
        "根据背诵",
        [
            "背诵",
            "诵读",
            "诵",
            "熟读",
            "口授",
            "朗诵",
            "念诵",
            "朗读",
            "识字",
            "教诲"
        ]
    ],
    "晒书": [
        "晒书",
        "Print books",
        "印刷书籍",
        [
            "印刷",
            "书籍",
            "印刷品",
            "印制",
            "书本",
            "书刊",
            "装订",
            "图书",
            "出版物",
            "读物",
            "著作",
            "纸张",
            "铅字",
            "类书籍",
            "印刷机",
            "参考书",
            "印刷技术",
            "历史书籍",
            "影印",
            "印刷厂"
        ]
    ],
    "翻经": [
        "翻经",
        "Turn over the warp",
        "翻转经纱",
        [
            "翻转",
            "旋转",
            "滑动",
            "反转",
            "倒转",
            "翻滚",
            "向上",
            "回转",
            "倒置",
            "好似"
        ]
    ],
    "风揭": [
        "风揭",
        "Wind uncovering",
        "防风罩",
        [
            "防风",
            "罩",
            "车顶",
            "引擎盖",
            "排气管",
            "筒",
            "支架",
            "铝制",
            "内衬",
            "遮阳",
            "防寒",
            "外罩",
            "前部",
            "御寒",
            "耐热",
            "防盗",
            "补血",
            "新添",
            "Pardosa",
            "</s>"
        ]
    ],
    "晒": [
        "晒",
        "The sun",
        "太阳",
        [
            "太阳",
            "月亮",
            "木星",
            "天王星",
            "金星",
            "主星",
            "人马座",
            "星体",
            "织女星",
            "水星"
        ]
    ],
    "卷无": [
        "卷无",
        "Roll none",
        "不滚动",
        [
            "滚动",
            "滑动",
            "向下",
            "向上",
            "滑块",
            "翻转",
            "回转",
            "紧贴",
            "倒转",
            "摇动"
        ]
    ],
    "余润": [
        "余润",
        "Yu run",
        "宇润",
        []
    ],
    "雪楮": [
        "雪楮",
        "Snow tree",
        "雪树",
        []
    ],
    "安世": [
        "安世",
        "Anshi",
        "安石",
        []
    ],
    "简帙": [
        "简帙",
        "A brief account",
        "简要叙述",
        [
            "简要",
            "叙述",
            "描述",
            "详细",
            "概要",
            "详尽",
            "记叙",
            "记述",
            "讲述",
            "所述",
            "详细描述",
            "简略",
            "概述",
            "叙说",
            "述说",
            "详述",
            "简短",
            "简述",
            "摘要"
        ]
    ],
    "蠹简": [
        "蠹简",
        "Beetle slips",
        "甲虫滑倒了",
        [
            "甲虫",
            "滑倒",
            "摔倒",
            "跌倒",
            "撞到",
            "滑出",
            "摔伤",
            "蜘蛛",
            "绊倒",
            "蝎子",
            "猫头鹰",
            "仙人掌",
            "发生意外",
            "蝙蝠",
            "秃鹰",
            "失去平衡",
            "碰到",
            "骷髅",
            "独角兽",
            "猴子"
        ]
    ],
    "散帙": [
        "散帙",
        "Scattered paper",
        "散纸",
        []
    ],
    "隐几观": [
        "隐几观",
        "Hidden views",
        "隐藏视图",
        [
            "隐藏",
            "视图",
            "隐蔽",
            "界面",
            "配置文件",
            "网格",
            "伪装",
            "贴图",
            "隐密",
            "黑影",
            "背后",
            "隐秘",
            "服务器端",
            "暗藏",
            "隐匿",
            "像是",
            "快照",
            "示例",
            "镜像",
            "示意图"
        ]
    ],
    "芸有": [
        "芸有",
        "Yun has",
        "云有",
        []
    ],
    "夜香": [
        "夜香",
        "Ye Xiang",
        "夜香",
        []
    ],
    "风飘": [
        "风飘",
        "The wind is blowing",
        "风在吹",
        [
            "吹",
            "刮起",
            "风",
            "吹起",
            "风吹",
            "刮",
            "吹出",
            "无风",
            "落",
            "卷起"
        ]
    ],
    "简帙横": [
        "简帙横",
        "Brief introduction",
        "简介",
        [
            "简介",
            "概述",
            "详述",
            "简述",
            "概要",
            "参阅",
            "节录",
            "关的",
            "则有",
            "除此以外"
        ]
    ],
    "仙芸": [
        "仙芸",
        "Xianyun",
        "仙云",
        []
    ],
    "趁日香": [
        "趁日香",
        "While the sun shines",
        "当太阳照耀的时候",
        [
            "太阳",
            "照耀",
            "月亮",
            "照亮",
            "木星",
            "天王星",
            "金星",
            "主星",
            "升起",
            "人马座",
            "星体",
            "织女星",
            "水星",
            "云彩",
            "灿烂",
            "闪耀",
            "大地",
            "仰望",
            "光明",
            "光辉"
        ]
    ],
    "日射": [
        "日射",
        "insolation",
        "日晒",
        [
            "日晒",
            "曝晒",
            "暴晒",
            "晒",
            "松软",
            "湿",
            "冰冻",
            "间歇性",
            "但会",
            "经年累月"
        ]
    ],
    "郝隆庭": [
        "郝隆庭",
        "Hao Longting",
        "郝龙亭",
        [
            "郝",
            "董",
            "顾",
            "邹",
            "翟",
            "斌",
            "明为",
            "张翼",
            "先为",
            "</s>"
        ]
    ],
    "香敷": [
        "香敷",
        "Fragrant dressing",
        "芳香调料",
        [
            "芳香",
            "调料",
            "配料",
            "调味料",
            "佐料",
            "调味",
            "菜肴",
            "酱汁",
            "酱料",
            "调味品",
            "醋",
            "香气",
            "醇",
            "衍生物",
            "精油",
            "类物质",
            "酚",
            "醇类",
            "重氮",
            "大蒜"
        ]
    ],
    "芸叶润": [
        "芸叶润",
        "Yun ye run",
        "叶韵赛跑",
        [
            "赛跑",
            "长跑",
            "接力赛",
            "障碍赛",
            "竞走",
            "跑步",
            "跳远",
            "跳高",
            "仰泳",
            "铁饼"
        ]
    ],
    "书久": [
        "书久",
        "Book for a long time",
        "书很久了",
        [
            "书",
            "久",
            "著作",
            "序言",
            "幸",
            "序文",
            "文中",
            "笔记",
            "论著",
            "前言",
            "池田",
            "注解",
            "彦",
            "著书",
            "三木",
            "中村",
            "茂",
            "良",
            "贵",
            "喜"
        ]
    ],
    "士望": [
        "士望",
        "Shi Wang",
        "石旺",
        []
    ],
    "龙门": [
        "龙门",
        "Longmen",
        "龙门",
        [
            "龙门",
            "白鹤",
            "石门",
            "龙山",
            "云霄",
            "南山",
            "泰山",
            "大鹏",
            "黄龙",
            "象山"
        ]
    ],
    "荆州": [
        "荆州",
        "Jingzhou",
        "荆州",
        [
            "荆州",
            "江陵",
            "江州",
            "益州",
            "豫州",
            "湘州",
            "襄阳",
            "江夏",
            "雍州",
            "零陵"
        ]
    ],
    "权衡": [
        "权衡",
        "weigh",
        "考虑",
        [
            "考虑",
            "考虑到",
            "考量",
            "重新考虑",
            "选择",
            "回避",
            "顾虑",
            "慎重考虑",
            "权衡",
            "再考虑"
        ]
    ],
    "四豪": [
        "四豪",
        "Four Howe",
        "四豪",
        []
    ],
    "吐握": [
        "吐握",
        "Spitting grip",
        "随地吐痰",
        []
    ],
    "激昂": [
        "激昂",
        "Passion",
        "热情",
        [
            "热情",
            "热忱",
            "热诚",
            "自信",
            "激情",
            "渴望",
            "勇气",
            "热爱",
            "真诚",
            "渴求"
        ]
    ],
    "东阁": [
        "东阁",
        "East pavilion",
        "东方馆",
        [
            "东方",
            "馆",
            "馆内",
            "展示馆",
            "本馆",
            "分馆",
            "厅",
            "展览馆",
            "馆里",
            "图书室",
            "馆主",
            "圣城",
            "新月",
            "和西方",
            "的西方",
            "中国地区",
            "----",
            "Pardosa",
            "</s>",
            "<tr>"
        ]
    ],
    "司命": [
        "司命",
        "Company life",
        "公司生活",
        [
            "公司",
            "生活",
            "该公司",
            "的公司",
            "新公司",
            "子公司",
            "Corporation",
            "美国公司",
            "母公司",
            "日本公司",
            "一些公司",
            "贫困",
            "日常生活",
            "家庭",
            "与世隔绝",
            "穷困",
            "境遇",
            "生活习惯",
            "孤独",
            "社会生活"
        ]
    ],
    "一顾": [
        "一顾",
        "A look",
        "看",
        []
    ],
    "品题": [
        "品题",
        "Product topic",
        "产品主题",
        [
            "产品",
            "主题",
            "的产品",
            "新产品",
            "商品",
            "厂家",
            "其产品",
            "厂商",
            "产品线",
            "电子产品",
            "系列产品",
            "题材",
            "主旨",
            "主轴",
            "趣味",
            "基调",
            "意象",
            "意念",
            "隐喻",
            "表现形式"
        ]
    ],
    "容接": [
        "容接",
        "Tolerance",
        "容忍",
        [
            "容忍",
            "忽视",
            "抗拒",
            "强加",
            "屈从",
            "无视",
            "视而不见",
            "蔑视",
            "不能容忍",
            "坚信"
        ]
    ],
    "琼树": [
        "琼树",
        "Joan tree",
        "琼树",
        []
    ],
    "御林": [
        "御林",
        "Royal forest",
        "皇家森林",
        [
            "皇家",
            "森林",
            "雨林",
            "丛林",
            "沼泽",
            "原始森林",
            "热带雨林",
            "树林",
            "山谷",
            "Royal",
            "荒野",
            "原野",
            "英国皇家",
            "英国王室",
            "英王",
            "威灵顿",
            "塞维利亚",
            "圣乔治",
            "根特",
            "考文垂"
        ]
    ],
    "郭泰": [
        "郭泰",
        "Guo Tai",
        "郭泰",
        []
    ],
    "珠履": [
        "珠履",
        "Bead shoe",
        "胎圈鞋",
        [
            "鞋",
            "鞋子",
            "拖鞋",
            "裤子",
            "袜子",
            "外套",
            "运动鞋",
            "鞋底",
            "靴子",
            "背心"
        ]
    ],
    "排行": [
        "排行",
        "Ranking",
        "等级",
        [
            "等级",
            "级别",
            "层级",
            "类别",
            "标准",
            "层次",
            "档次",
            "品位",
            "基准",
            "一般来说"
        ]
    ],
    "通韩": [
        "通韩",
        "Tong Han",
        "韩通",
        []
    ],
    "附陈蕃": [
        "附陈蕃",
        "Attached to Chen Fan",
        "附在陈凡身上",
        [
            "身上",
            "头上",
            "脸上",
            "脖子",
            "口中",
            "背上",
            "额头",
            "手上",
            "躯体",
            "人身"
        ]
    ],
    "貂裘": [
        "貂裘",
        "marten coat",
        "马顿大衣",
        [
            "大衣",
            "外套",
            "衣服",
            "夹克",
            "裤子",
            "衬衫",
            "鞋子",
            "领结",
            "外衣",
            "毛衣"
        ]
    ],
    "列坐": [
        "列坐",
        "Sit down",
        "坐下",
        [
            "坐下",
            "椅子",
            "坐着",
            "起身",
            "睡觉",
            "站立",
            "坐到",
            "躺下",
            "一旁",
            "伸手"
        ]
    ],
    "干谒": [
        "干谒",
        "Dry film",
        "干膜",
        []
    ],
    "投刺": [
        "投刺",
        "Throw a thorn",
        "扔一根刺",
        [
            "扔",
            "刺",
            "扔到",
            "砸",
            "扔下",
            "扔进",
            "投掷",
            "拿起",
            "丢",
            "拿走",
            "打碎",
            "螫",
            "溃烂",
            "肿",
            "钩",
            "叉",
            "刺毛",
            "小叶",
            "锯",
            "裹"
        ]
    ],
    "操瑟": [
        "操瑟",
        "Fuck Joseph",
        "去他妈的约瑟夫",
        [
            "他妈的",
            "约瑟夫",
            "鲁道夫",
            "罗伯特",
            "菲利普",
            "赫尔曼",
            "约翰",
            "莫里斯",
            "西蒙",
            "路易斯",
            "马丁",
            "简直",
            "该死",
            "家伙",
            "玩笑",
            "傻瓜",
            "白痴",
            "可笑",
            "没用",
            "打趣"
        ]
    ],
    "十谒": [
        "十谒",
        "Ten taels",
        "十两",
        []
    ],
    "攘袂": [
        "攘袂",
        "Busy attire",
        "忙碌的服装",
        [
            "忙碌",
            "服装",
            "服饰",
            "装扮",
            "衣著",
            "衣装",
            "着装",
            "西装",
            "化妆",
            "衣饰",
            "饰品",
            "辛苦",
            "厌烦",
            "无聊",
            "落寞",
            "平常",
            "整天",
            "遇到困难",
            "时日",
            "往常"
        ]
    ],
    "拜尘": [
        "拜尘",
        "Worship dust",
        "崇拜灰尘",
        [
            "崇拜",
            "灰尘",
            "尘埃",
            "信仰",
            "烟雾",
            "敬奉",
            "污垢",
            "敬拜",
            "尘土",
            "膜拜",
            "崇敬",
            "崇拜者",
            "有毒气体",
            "宗教仪式",
            "微粒",
            "碎屑",
            "坑洞",
            "烟尘",
            "敬畏",
            "神化"
        ]
    ],
    "扫门": [
        "扫门",
        "Sweep the door",
        "扫地",
        [
            "扫地",
            "武人",
            "屠夫",
            "沦落",
            "整天",
            "居然",
            "好在",
            "<tr>",
            "Pardosa",
            "</s>"
        ]
    ],
    "通家": [
        "通家",
        "Tong family",
        "童家",
        []
    ],
    "收": [
        "收",
        "Collect",
        "收集",
        [
            "收集",
            "搜集",
            "整理",
            "获取",
            "利用",
            "采集",
            "查阅",
            "抽取",
            "搜罗",
            "得来"
        ]
    ],
    "毛遂": [
        "毛遂",
        "Mao sui",
        "毛遂",
        []
    ],
    "裾": [
        "裾",
        "Fringe",
        "边缘",
        [
            "边缘",
            "边沿",
            "外缘",
            "锯齿状",
            "底部",
            "内侧",
            "破碎",
            "楔形",
            "大块",
            "向外"
        ]
    ],
    "九遗": [
        "九遗",
        "Nine legacies",
        "九大遗产",
        [
            "遗产",
            "财产",
            "资产",
            "遗赠",
            "个人财产",
            "纪念物",
            "收藏品",
            "宝藏",
            "所有者",
            "先父"
        ]
    ],
    "登门": [
        "登门",
        "Arrival",
        "到达",
        [
            "到达",
            "抵达",
            "出发",
            "进发",
            "驶向",
            "穿过",
            "驶离",
            "开到",
            "穿越",
            "驶出"
        ]
    ],
    "投献": [
        "投献",
        "Offer",
        "提供",
        [
            "提供",
            "获取",
            "给予",
            "发放",
            "共享",
            "提供者",
            "备有",
            "透过",
            "包括",
            "缺少"
        ]
    ],
    "献璞": [
        "献璞",
        "Offer up",
        "贡献",
        [
            "贡献",
            "重大贡献",
            "杰出贡献",
            "成就",
            "建树",
            "表彰",
            "功绩",
            "助益",
            "开创性",
            "作出贡献"
        ]
    ],
    "推毂": [
        "推毂",
        "Push hub",
        "推毂",
        []
    ],
    "荐弥衡": [
        "荐弥衡",
        "Recommend balance",
        "推荐余额",
        [
            "推荐",
            "余额",
            "引荐",
            "自荐",
            "额度",
            "举荐",
            "存款",
            "提拔",
            "流通量",
            "录用",
            "结算",
            "差额",
            "力荐",
            "限额",
            "延揽",
            "本金",
            "银行存款",
            "卡内",
            "中选",
            "破例"
        ]
    ],
    "仕宦": [
        "仕宦",
        "Officials",
        "官员",
        [
            "官员",
            "高级官员",
            "高官",
            "官吏",
            "行政官员",
            "地方官吏",
            "地方官",
            "外交人员",
            "文官",
            "亲信"
        ]
    ],
    "银帐": [
        "银帐",
        "Silver account",
        "银账户",
        [
            "银",
            "账户",
            "帐户",
            "铜",
            "账号",
            "帐号",
            "银两",
            "银行帐户",
            "个人信息",
            "白银",
            "该网站",
            "的网站",
            "金融交易",
            "联系人",
            "银和",
            "缯",
            "金制",
            "料",
            "皂",
            "金和"
        ]
    ],
    "棍": [
        "棍",
        "Stick",
        "粘贴",
        [
            "粘贴",
            "黏贴",
            "插入",
            "折叠",
            "水印",
            "贴",
            "窗格",
            "拆开",
            "刷",
            "嵌入"
        ]
    ],
    "昆鸟化": [
        "昆鸟化",
        "Quintilization",
        "五次化",
        [
            "化",
            "简化",
            "本土化",
            "化时",
            "转化",
            "立体化",
            "解构",
            "转化成",
            "既有",
            "所谓"
        ]
    ],
    "瓜期": [
        "瓜期",
        "Melon period",
        "甜瓜期",
        [
            "甜瓜",
            "籽",
            "西瓜",
            "菱角",
            "黄瓜",
            "大蒜",
            "的有",
            "Pardosa",
            "<tr>",
            "</s>"
        ]
    ],
    "入仕": [
        "入仕",
        "Official career",
        "公务生涯",
        [
            "公务",
            "生涯",
            "职业生涯",
            "事业",
            "演艺事业",
            "外事",
            "勤务",
            "公事",
            "书记官",
            "职业",
            "因公",
            "代办",
            "一生",
            "转捩点",
            "有事",
            "年头",
            "均须",
            "多才多艺",
            "一年里",
            "亦须"
        ]
    ],
    "捷径": [
        "捷径",
        "Shortcut",
        "捷径",
        [
            "捷径",
            "的路",
            "搭车",
            "必经",
            "路中",
            "上到",
            "--",
            "从前",
            "Pardosa",
            "</s>"
        ]
    ],
    "鱼饵": [
        "鱼饵",
        "Bait",
        "饵",
        [
            "饵",
            "钓",
            "鱼饵",
            "捕",
            "鱿鱼",
            "诱饵",
            "螃蟹",
            "鱼钩",
            "绞",
            "上钩"
        ]
    ],
    "鱼带": [
        "鱼带",
        "Fish belt",
        "鱼带",
        []
    ],
    "报国": [
        "报国",
        "dedicate oneself to the service of one's country",
        "献身于为国家服务",
        [
            "献身",
            "国家",
            "服务",
            "国家所",
            "国家政府",
            "公共服务",
            "免费",
            "第三世界",
            "发展中国家",
            "发达国家",
            "国际组织",
            "国内",
            "咨询服务",
            "奉献",
            "一站式",
            "服务项目",
            "东欧国家",
            "客户服务",
            "维修服务",
            "奋斗",
            "各地区",
            "增值",
            "全心全意",
            "职志",
            "奉献给",
            "服务于",
            "终生",
            "深信",
            "追随",
            "盼望"
        ]
    ],
    "斗升": [
        "斗升",
        "Bucket up",
        "斗起来",
        [
            "斗",
            "起来",
            "激",
            "鬪",
            "一起",
            "紧紧",
            "出去",
            "痛快",
            "慢慢地",
            "上去",
            "好像",
            "大大的",
            "上来",
            "戟",
            "麒麟",
            "八方",
            "；大",
            "<br>",
            "<BR>",
            "的大"
        ]
    ],
    "累累": [
        "累累",
        "countless",
        "无数的",
        []
    ],
    "朱袍": [
        "朱袍",
        "Zhu pao",
        "朱宝",
        []
    ],
    "网虫": [
        "网虫",
        "Worms",
        "沃尔姆斯",
        []
    ],
    "锥颖": [
        "锥颖",
        "Cone glume",
        "锥颖",
        []
    ],
    "一囊": [
        "一囊",
        "A capsule",
        "胶囊",
        [
            "胶囊",
            "药水",
            "冷冻",
            "盒子",
            "药丸",
            "罐",
            "手环",
            "粉末状",
            "糖果",
            "一次性"
        ]
    ],
    "拘人": [
        "拘人",
        "Arrested person",
        "被捕者",
        [
            "被捕",
            "逮捕",
            "入狱",
            "获释",
            "拘捕",
            "枪杀",
            "遇害",
            "被控",
            "抓获",
            "抓捕"
        ]
    ],
    "旅亭": [
        "旅亭",
        "Travel kiosks",
        "旅游亭",
        [
            "旅游",
            "亭",
            "凉亭",
            "旅游观光",
            "阁",
            "观光",
            "旅游服务",
            "观光旅游",
            "游览",
            "旅游者",
            "轩",
            "堂前",
            "生态旅游",
            "购物",
            "门楼",
            "旅游区",
            "园",
            "亭子",
            "楼前",
            "故又名"
        ]
    ],
    "马衔": [
        "马衔",
        "gag bit",
        "衔铁",
        []
    ],
    "蝉联": [
        "蝉联",
        "Cicada",
        "蝉",
        [
            "蝉",
            "蛾",
            "蛇",
            "蜻蜓",
            "暮",
            "鸠",
            "眉",
            "曙",
            "风铃",
            "蟋蟀"
        ]
    ],
    "忧时": [
        "忧时",
        "Worry about time",
        "担心时间",
        [
            "担心",
            "时间",
            "担忧",
            "害怕",
            "忧虑",
            "惧怕",
            "星期",
            "一段时间",
            "责怪",
            "顾虑",
            "怕",
            "恐怕",
            "激怒",
            "小时",
            "间隔时间",
            "整整",
            "时长",
            "时间段",
            "等待时间",
            "短时间"
        ]
    ],
    "符牒": [
        "符牒",
        "Fu die",
        "傅死",
        []
    ],
    "绶": [
        "绶",
        "Ribbon",
        "带状物",
        [
            "带",
            "状物",
            "带上",
            "弓形",
            "皱褶",
            "盘状",
            "棒状",
            "螺旋状",
            "锥形",
            "突起",
            "板状",
            "背著",
            "上端",
            "隙",
            "随身携带",
            "只见",
            "放",
            "偷偷地",
            "远方",
            "上头"
        ]
    ],
    "若": [
        "若",
        "If",
        "如果",
        []
    ],
    "头童": [
        "头童",
        "Head boy",
        "班长",
        [
            "班长",
            "排长",
            "班主任",
            "大队长",
            "连长",
            "指导员",
            "小队长",
            "班上",
            "连队",
            "中队长"
        ]
    ],
    "齿": [
        "齿",
        "tooth",
        "牙齿",
        [
            "牙齿",
            "下颚",
            "骨头",
            "下颌",
            "臼齿",
            "口鼻",
            "颚骨",
            "犬齿",
            "颅骨",
            "颈部"
        ]
    ],
    "豁": [
        "豁",
        "sacrifice",
        "牺牲",
        [
            "牺牲",
            "壮烈牺牲",
            "不惜牺牲",
            "战死沙场",
            "自我牺牲",
            "牺牲生命",
            "牺牲者",
            "壮烈",
            "付出代价",
            "白白"
        ]
    ],
    "鱼缀": [
        "鱼缀",
        "Fish patch",
        "鱼块",
        []
    ]
}