{
    "清甜": [
        "清甜",
        "Sweet and clear",
        "甜美清澈",
        [
            "甜美",
            "清澈",
            "可爱",
            "迷人",
            "清新",
            "温柔",
            "混浊",
            "俏皮",
            "漂亮",
            "甜蜜",
            "爽朗",
            "浑浊",
            "清秀",
            "泉水",
            "温润",
            "流水",
            "水色",
            "纯净",
            "清爽",
            "恬静"
        ]
    ],
    "浅绿": [
        "浅绿",
        "Light green",
        "品绿",
        []
    ],
    "朱颗": [
        "朱颗",
        "Zhu xing",
        "祝星",
        []
    ],
    "几株": [
        "几株",
        "Several plants",
        "几种植物",
        [
            "植物",
            "真菌",
            "药用植物",
            "树种",
            "豆科植物",
            "动植物",
            "木本植物",
            "寄生植物",
            "植物学",
            "变种"
        ]
    ],
    "熟颗": [
        "熟颗",
        "Mature star",
        "成熟恒星",
        [
            "成熟",
            "恒星",
            "白矮星",
            "星体",
            "星系",
            "伴星",
            "星团",
            "红矮星",
            "行星",
            "天体",
            "红巨星",
            "成熟期",
            "萌芽",
            "未成熟",
            "茁壮",
            "明朗",
            "早熟",
            "成熟阶段",
            "商业化",
            "开花结果"
        ]
    ],
    "席上": [
        "席上",
        "Table",
        "桌子",
        [
            "桌子",
            "椅子",
            "盘子",
            "桌上",
            "沙发",
            "书桌",
            "客厅",
            "把手",
            "柜子",
            "窗子"
        ]
    ],
    "珍奇": [
        "珍奇",
        "rare",
        "罕见的",
        [
            "罕见",
            "少见",
            "常见",
            "罕有",
            "鲜见",
            "相似",
            "有名",
            "稀有",
            "相像",
            "引人注目"
        ]
    ],
    "轻翠": [
        "轻翠",
        "Light green",
        "品绿",
        []
    ],
    "珍贡": [
        "珍贡",
        "Jane gong",
        "简·龚",
        [
            "简",
            "龚",
            "陈",
            "徐",
            "杨",
            "姚",
            "珍",
            "邵",
            "顾",
            "胡",
            "谭",
            "邢",
            "福",
            "敏",
            "和文",
            "特为",
            "容",
            "来由",
            "Pardosa",
            "</s>"
        ]
    ],
    "红润": [
        "红润",
        "etc",
        "等等",
        []
    ],
    "轻红": [
        "轻红",
        "Light red",
        "浅红色",
        [
            "浅",
            "红色",
            "黄色",
            "白色",
            "蓝色",
            "橙色",
            "紫色",
            "黑色",
            "粉红色",
            "金色",
            "深蓝色",
            "深",
            "较浅",
            "较深",
            "灰白色",
            "青绿色",
            "棕红色",
            "细",
            "狭",
            "稀"
        ]
    ],
    "青枝": [
        "青枝",
        "Green shoots",
        "绿芽",
        []
    ],
    "数颗": [
        "数颗",
        "Several",
        "几个",
        []
    ],
    "微馨": [
        "微馨",
        "Micro fragrance",
        "微香",
        []
    ],
    "肤全": [
        "肤全",
        "Skin integrity",
        "皮肤完整性",
        [
            "皮肤",
            "完整性",
            "皮肤上",
            "表皮",
            "毛发",
            "肌肤",
            "黏膜",
            "眼部",
            "指甲",
            "一致性",
            "脸部",
            "面部",
            "可用性",
            "相容性",
            "延续性",
            "连贯性",
            "连续性",
            "正确性",
            "持续性",
            "无损"
        ]
    ],
    "味超": [
        "味超",
        "Taste super",
        "味道好极了",
        [
            "味道",
            "香味",
            "口感",
            "甜味",
            "风味",
            "口味",
            "香气",
            "甜",
            "原味",
            "辣味"
        ]
    ],
    "穠": [
        "穠",
        "I'm sorry, but I don't know what I'm talking about. I don't know what I'm talking about.",
        "对不起，我不知道我在说什么。我不知道我在说什么。",
        [
            "对不起",
            "知道",
            "说什么",
            "告诉",
            "明白",
            "告诉他",
            "并不知道",
            "想到",
            "真的",
            "其实",
            "发觉",
            "究竟",
            "心痛",
            "谢谢",
            "问道",
            "真是",
            "亲爱的",
            "是不是",
            "一句话",
            "没事",
            "没关系",
            "丢脸",
            "到底",
            "就让",
            "明明",
            "脱口而出",
            "还好",
            "想见"
        ]
    ],
    "自落": [
        "自落",
        "Self - falling",
        "自降的",
        []
    ],
    "颗圆": [
        "颗圆",
        "Circle",
        "圆",
        [
            "圆",
            "凸",
            "弧",
            "圆形",
            "锥状",
            "圆锥",
            "椭圆",
            "大圆",
            "小圆",
            "长圆"
        ]
    ],
    "圆脆": [
        "圆脆",
        "Round crisp",
        "圆脆的",
        []
    ],
    "红生": [
        "红生",
        "Red birth",
        "红色出生",
        [
            "红色",
            "出生",
            "黄色",
            "白色",
            "蓝色",
            "出生于",
            "橙色",
            "紫色",
            "生于",
            "黑色",
            "粉红色",
            "金色",
            "深蓝色",
            "出生地",
            "长大",
            "出世",
            "外祖母",
            "幼时",
            "外祖父",
            "祖父母"
        ]
    ],
    "珍品": [
        "珍品",
        "Treasures",
        "珍爱",
        [
            "珍爱",
            "珍惜",
            "想念",
            "挚爱",
            "大人物",
            "想见",
            "此时此刻",
            "<tr>",
            "Pardosa",
            "</s>"
        ]
    ],
    "宜登": [
        "宜登",
        "Yideng",
        "宜登",
        []
    ],
    "脸半红": [
        "脸半红",
        "Half red in the face",
        "脸半红",
        []
    ],
    "香胜": [
        "香胜",
        "Xiangsheng",
        "响生",
        []
    ],
    "夭桃": [
        "夭桃",
        "Yao Tao",
        "姚涛",
        []
    ],
    "迎日": [
        "迎日",
        "Welcome to Japan",
        "欢迎来到日本",
        [
            "欢迎",
            "来到",
            "日本",
            "回到",
            "青睐",
            "前往",
            "带到",
            "喜爱",
            "追捧",
            "离开",
            "带回",
            "韩国",
            "热烈欢迎",
            "注目",
            "爱戴",
            "遇见",
            "离开了",
            "瞩目",
            "冲绳",
            "欧美",
            "带至",
            "赞许",
            "带往",
            "赞赏",
            "日本帝国",
            "南韩",
            "日本人",
            "东洋",
            "日本国",
            "长崎"
        ]
    ],
    "多鲜": [
        "多鲜",
        "How fresh",
        "多新鲜啊",
        [
            "新鲜",
            "美味",
            "食材",
            "好吃",
            "可口",
            "水果",
            "牛奶",
            "蜜糖",
            "甜食",
            "的食品"
        ]
    ],
    "佳实": [
        "佳实",
        "Jiashi",
        "伽师",
        [
            "伽师",
            "大乘",
            "楞伽",
            "论师",
            "俱舍论",
            "中观",
            "解深密",
            "诸法",
            "因缘",
            "缘起"
        ]
    ],
    "脸嫩": [
        "脸嫩",
        "The face is tender",
        "脸很嫩",
        [
            "脸",
            "嫩",
            "书上",
            "脸上",
            "帕",
            "脸颊",
            "甘",
            "纳",
            "微笑",
            "贴",
            "沙拉",
            "脸部",
            "脸孔",
            "马拉",
            "暗讽",
            "马格",
            "温",
            "撕",
            "波尔",
            "的卡"
        ]
    ],
    "定": [
        "定",
        "set",
        "一套",
        []
    ],
    "碧缀": [
        "碧缀",
        "Brigitte",
        "布丽吉特",
        [
            "吉特",
            "努",
            "特拉",
            "萨拉",
            "比尔",
            "古拉",
            "特里",
            "波瓦",
            "布鲁",
            "的卡"
        ]
    ],
    "可侑觞": [
        "可侑觞",
        "However, it is still possible to do so.",
        "然而，这样做仍然是可能的。",
        [
            "做",
            "仍然",
            "可能",
            "依然",
            "有可能",
            "一直",
            "不太可能",
            "可能会",
            "确实",
            "或许",
            "也许",
            "似乎",
            "几乎",
            "即便如此",
            "始终",
            "显然",
            "即使如此",
            "做到",
            "意味著",
            "认真",
            "好好",
            "仅仅",
            "想到",
            "无论如何",
            "基本上",
            "花钱",
            "动手",
            "继续做",
            "要用",
            "来作"
        ]
    ],
    "金橘": [
        "金橘",
        "Tangerines",
        "橘子",
        [
            "橘子",
            "糖果",
            "蘑菇",
            "香蕉",
            "草莓",
            "芭乐",
            "零食",
            "芒果",
            "里头",
            "<BR>"
        ]
    ],
    "圆清": [
        "圆清",
        "Round and clear",
        "圆而清晰",
        [
            "清晰",
            "明晰",
            "模糊",
            "准确",
            "直观",
            "简洁",
            "完整",
            "细致",
            "模糊不清",
            "明了"
        ]
    ],
    "香小": [
        "香小",
        "Small fragrance",
        "小香味",
        [
            "香味",
            "香气",
            "味道",
            "气味",
            "甜味",
            "风味",
            "酸味",
            "苦味",
            "果香",
            "味"
        ]
    ],
    "佳色": [
        "佳色",
        "Good color",
        "好颜色",
        [
            "颜色",
            "色调",
            "黄色",
            "红色",
            "紫色",
            "蓝色",
            "白色",
            "粉红色",
            "橙色",
            "色"
        ]
    ],
    "水橘": [
        "水橘",
        "Water orange",
        "水橙",
        []
    ],
    "金衣": [
        "金衣",
        "Gold dress",
        "金色连衣裙",
        [
            "金色",
            "连衣裙",
            "银色",
            "蓝色",
            "白色",
            "红色",
            "黑色",
            "紫色",
            "黄色",
            "粉红色",
            "深蓝色",
            "外套",
            "裙子",
            "领结",
            "长裙",
            "衬衫",
            "短裙",
            "袜子",
            "领带",
            "夹克"
        ]
    ],
    "风餐": [
        "风餐",
        "Wind meal",
        "风餐",
        []
    ],
    "色重": [
        "色重",
        "Color weight",
        "颜色重量",
        [
            "颜色",
            "重量",
            "总重量",
            "色调",
            "总重",
            "黄色",
            "红色",
            "紫色",
            "尺寸",
            "蓝色",
            "配重",
            "体积",
            "白色",
            "粉红色",
            "橙色",
            "色",
            "车重",
            "载重量",
            "载重",
            "载荷"
        ]
    ],
    "入口": [
        "入口",
        "Entrance",
        "入口",
        [
            "入口",
            "正门",
            "大门",
            "门廊",
            "对面",
            "走道",
            "入口处",
            "出口处",
            "中庭",
            "正对面"
        ]
    ],
    "奇姿": [
        "奇姿",
        "Odd appearance",
        "奇怪的外观",
        [
            "奇怪",
            "外观",
            "外观上",
            "外形",
            "怪异",
            "外型",
            "古怪",
            "诡异",
            "好奇",
            "形状",
            "造型",
            "寻常",
            "好像",
            "有趣",
            "轮廓",
            "外表",
            "样式",
            "无聊",
            "奇特",
            "外观设计"
        ]
    ],
    "星灿": [
        "星灿",
        "Starshine",
        "明星",
        [
            "明星",
            "当红",
            "艺人",
            "影星",
            "新人",
            "大明星",
            "电影明星",
            "歌星",
            "男模",
            "女明星"
        ]
    ],
    "柑": [
        "柑",
        "mandarin orange",
        "橘子",
        [
            "橘子",
            "糖果",
            "蘑菇",
            "香蕉",
            "草莓",
            "芭乐",
            "零食",
            "芒果",
            "里头",
            "<BR>"
        ]
    ],
    "蜡弹": [
        "蜡弹",
        "Wax bomb",
        "蜡弹",
        []
    ],
    "色秀": [
        "色秀",
        "Color show",
        "彩色显示",
        []
    ],
    "圆圆": [
        "圆圆",
        "round",
        "圆形物",
        [
            "圆形",
            "物",
            "方形",
            "椭圆形",
            "长方形",
            "弧形",
            "半圆形",
            "圆锥形",
            "球形",
            "呈圆形",
            "六角形",
            "器物",
            "器皿",
            "功用",
            "质",
            "一物",
            "可作",
            "若无",
            "常为",
            "；也"
        ]
    ],
    "露饮": [
        "露饮",
        "Dew drink",
        "露水饮料",
        [
            "露水",
            "饮料",
            "饮品",
            "酒类",
            "咖啡",
            "酒精饮料",
            "果汁",
            "牛奶",
            "零食",
            "汽水",
            "冰淇淋",
            "云朵",
            "雾气",
            "薄雾",
            "夜晚",
            "清爽",
            "月光",
            "冬日",
            "的水",
            "金子"
        ]
    ],
    "可人": [
        "可人",
        "Keren",
        "凯伦",
        [
            "凯伦",
            "前夫",
            "同事",
            "前妻",
            "前男友",
            "伊恩",
            "凯文",
            "俩人",
            "杰夫",
            "</s>"
        ]
    ],
    "味酸": [
        "味酸",
        "Taste acid",
        "味道酸",
        [
            "味道",
            "酸",
            "香味",
            "口感",
            "甜味",
            "风味",
            "碱",
            "口味",
            "醇",
            "胺",
            "香气",
            "酯",
            "甜",
            "原味",
            "辣味",
            "硫",
            "盐酸",
            "乙酸",
            "醛",
            "硫酸"
        ]
    ],
    "王孙": [
        "王孙",
        "prince's descendants",
        "王子的后裔",
        [
            "王子",
            "后裔",
            "后代",
            "先祖",
            "祖先",
            "女王",
            "祖上",
            "始祖",
            "子孙",
            "王后",
            "王族",
            "王子和",
            "远祖",
            "的族",
            "殿下",
            "Prince",
            "克里斯蒂娜",
            "安德烈",
            "叔叔",
            "的兄弟"
        ]
    ],
    "黄欺": [
        "黄欺",
        "Yellow deceit",
        "黄色欺骗",
        [
            "黄色",
            "欺骗",
            "红色",
            "白色",
            "紫色",
            "粉红色",
            "橙色",
            "黄绿色",
            "蓝色",
            "橙黄色",
            "深蓝色",
            "愚弄",
            "恐吓",
            "骗",
            "羞辱",
            "掩饰",
            "故意",
            "骗子",
            "撒谎",
            "迷惑"
        ]
    ],
    "晚菊": [
        "晚菊",
        "Late chrysanthemum",
        "晚期菊花",
        [
            "晚期",
            "菊花",
            "中期",
            "中晚期",
            "早期",
            "末期",
            "后期",
            "梅花",
            "中叶",
            "牡丹",
            "荷花",
            "中后期",
            "后半期",
            "更早",
            "菊",
            "桂花",
            "牡丹花",
            "兰花",
            "海棠",
            "红豆"
        ]
    ],
    "喷人": [
        "喷人",
        "Spray people",
        "喷人",
        []
    ],
    "轻烟": [
        "轻烟",
        "Light smoke",
        "轻烟",
        []
    ],
    "实重": [
        "实重",
        "true weight",
        "净重",
        [
            "净重",
            "总重量",
            "总重",
            "乘载",
            "离地",
            "重",
            "满载",
            "每颗",
            "次之",
            "的单"
        ]
    ],
    "地簇": [
        "地簇",
        "Ground cluster",
        "地面群",
        [
            "地面",
            "群",
            "高处",
            "障碍物",
            "地上",
            "垂直",
            "顶部",
            "底部",
            "高空",
            "集合",
            "离地",
            "斜坡",
            "群集",
            "一组",
            "大群",
            "群人",
            "集合起来",
            "这群人",
            "为数众多",
            "；也"
        ]
    ],
    "鹅儿染": [
        "鹅儿染",
        "Goose dyeing",
        "鹅染色",
        [
            "鹅",
            "染色",
            "染料",
            "鸡",
            "染色剂",
            "鸭",
            "颜料",
            "羊",
            "上色",
            "切片",
            "皮肤上",
            "猪",
            "山羊",
            "染",
            "奶",
            "着色",
            "雁",
            "漂白",
            "小鸡",
            "鸭子"
        ]
    ],
    "圆小": [
        "圆小",
        "Small circle",
        "小圆",
        [
            "小圆",
            "圆盘",
            "球体",
            "圆形",
            "锥状",
            "球型",
            "圆锥",
            "六角形",
            "盘上",
            "梨形"
        ]
    ],
    "圆并": [
        "圆并",
        "Round union",
        "圆联盟",
        [
            "圆",
            "联盟",
            "该联盟",
            "的联盟",
            "凸",
            "Alliance",
            "自由联盟",
            "弧",
            "圆形",
            "锥状",
            "圆锥",
            "新联盟",
            "国家联盟",
            "Union",
            "椭圆",
            "大圆",
            "三巨头",
            "小圆",
            "的组织",
            "长圆"
        ]
    ],
    "映新": [
        "映新",
        "Ying Xin",
        "辛颖",
        []
    ],
    "味蕴": [
        "味蕴",
        "Flavor aggregates",
        "风味聚集体",
        [
            "风味",
            "味道",
            "口味",
            "口感",
            "香味",
            "甜味",
            "饮食文化",
            "菜肴",
            "原味",
            "原汁原味"
        ]
    ],
    "蜡样": [
        "蜡样",
        "Wax sample",
        "蜡样",
        []
    ],
    "舌上": [
        "舌上",
        "On the tongue",
        "舌头上",
        [
            "舌头",
            "鼻子",
            "嘴唇",
            "喉咙",
            "耳朵",
            "嘴巴",
            "口腔",
            "眼睛",
            "手指",
            "口部"
        ]
    ],
    "柿子": [
        "柿子",
        "Persimmon",
        "柿子",
        [
            "柿子",
            "香菇",
            "红豆",
            "黄瓜",
            "竹笋",
            "萝卜",
            "冬瓜",
            "龙眼",
            "桂花",
            "瓜子"
        ]
    ],
    "红星": [
        "红星",
        "red star",
        "红星",
        [
            "红星",
            "艳阳天",
            "红日",
            "东升",
            "曾三度",
            "名扬四海",
            "突出表现",
            "才与",
            "</s>",
            "Pardosa"
        ]
    ],
    "虬卵": [
        "虬卵",
        "Qiu egg",
        "秋蛋",
        []
    ],
    "碧蒂": [
        "碧蒂",
        "Biddy",
        "小鸡",
        [
            "小鸡",
            "母鸡",
            "兔子",
            "狗",
            "小猪",
            "青蛙",
            "猴子",
            "鸭子",
            "小孩子",
            "大头"
        ]
    ],
    "含津": [
        "含津",
        "Containing Tianjin",
        "包含天津",
        [
            "包含",
            "天津",
            "青岛",
            "上海",
            "天津市",
            "包括",
            "沈阳",
            "济南",
            "北京",
            "涵盖",
            "塘沽",
            "汉口",
            "大连",
            "还包括",
            "构成",
            "包涵",
            "相关联",
            "值得注意",
            "都有",
            "举例来说"
        ]
    ],
    "丰肌": [
        "丰肌",
        "Abundant muscle",
        "丰富的肌肉",
        [
            "丰富",
            "肌肉",
            "非常丰富",
            "多样",
            "四肢",
            "身体",
            "关节",
            "神经",
            "下肢",
            "脊柱",
            "躯干",
            "手部",
            "肌肉组织",
            "丰富多彩",
            "多样化",
            "独特",
            "丰沛",
            "珍贵",
            "比较丰富",
            "充沛"
        ]
    ],
    "凌冬": [
        "凌冬",
        "Ling dong",
        "灵东",
        []
    ],
    "嫩红": [
        "嫩红",
        "Nenjiang red",
        "嫩江红",
        [
            "嫩江",
            "红",
            "松花江",
            "白",
            "牡丹江",
            "辽河",
            "黑龙江",
            "黑河",
            "蓝",
            "黑",
            "吉林",
            "滦河",
            "伊通河",
            "吉林市",
            "绿",
            "橙",
            "紫色",
            "金色",
            "茶色",
            "浅蓝"
        ]
    ],
    "低亚": [
        "低亚",
        "Lower Asia",
        "下亚洲",
        [
            "亚洲",
            "东南亚",
            "亚洲地区",
            "东亚",
            "大洋洲",
            "东南亚地区",
            "亚太地区",
            "南亚",
            "亚洲区",
            "东亚地区"
        ]
    ],
    "凝霜": [
        "凝霜",
        "Coagulation frost",
        "凝固霜",
        [
            "凝固",
            "霜",
            "凝结",
            "熔化",
            "融化",
            "溶解",
            "蒸发",
            "硬化",
            "溶化",
            "变质",
            "沸腾",
            "寒",
            "雪",
            "雨",
            "幽",
            "暗",
            "尘",
            "苍",
            "凝",
            "虹"
        ]
    ],
    "垂枝重": [
        "垂枝重",
        "Vertical weight",
        "垂直重量",
        [
            "垂直",
            "重量",
            "总重量",
            "总重",
            "横向",
            "度角",
            "尺寸",
            "配重",
            "侧向",
            "体积",
            "直线",
            "向下",
            "竖直",
            "斜向",
            "纵向",
            "车重",
            "载重量",
            "向上",
            "载重",
            "载荷"
        ]
    ],
    "牛心": [
        "牛心",
        "Cow heart",
        "牛心",
        [
            "牛心",
            "五指山",
            "黄花",
            "河沟",
            "花叶",
            "响水",
            "核桃",
            "八方",
            "</s>",
            "Pardosa"
        ]
    ],
    "红囊": [
        "红囊",
        "Red sac",
        "红色囊",
        [
            "红色",
            "囊",
            "黄色",
            "白色",
            "蓝色",
            "橙色",
            "紫色",
            "黑色",
            "粉红色",
            "金色",
            "深蓝色",
            "腺",
            "鞘",
            "腺体",
            "苞",
            "孔",
            "刚毛",
            "绒毛",
            "中空",
            "粘液"
        ]
    ],
    "火伞": [
        "火伞",
        "summer sunshine",
        "夏季阳光",
        [
            "夏季",
            "阳光",
            "冬季",
            "春季",
            "遮蔽",
            "日光",
            "太阳光",
            "秋季",
            "天空",
            "雾气",
            "云彩",
            "强光",
            "奥林匹克运动会中国代表团",
            "光照",
            "夏天",
            "排球比赛",
            "雨天",
            "索契",
            "篮球比赛",
            "冬奥"
        ]
    ],
    "佳味": [
        "佳味",
        "Good taste",
        "味道不错",
        [
            "味道",
            "不错",
            "香味",
            "不俗",
            "口感",
            "甜味",
            "风味",
            "很好",
            "极佳",
            "口味",
            "优异",
            "亮眼",
            "极好",
            "香气",
            "甜",
            "原味",
            "辣味",
            "很差",
            "差强人意",
            "不太好"
        ]
    ],
    "脆绿": [
        "脆绿",
        "Brittle green",
        "脆绿色",
        [
            "脆",
            "绿色",
            "橙色",
            "黄色",
            "红色",
            "蓝色",
            "白色",
            "粉红色",
            "紫色",
            "浅绿色",
            "深蓝色",
            "质地",
            "硬",
            "柔软",
            "酥",
            "果皮",
            "稀",
            "软",
            "肉",
            "薄"
        ]
    ],
    "道旁": [
        "道旁",
        "Side of the road",
        "路边",
        [
            "路边",
            "路旁",
            "街上",
            "河边",
            "旁边",
            "沿路",
            "路上",
            "住家",
            "路人",
            "山边"
        ]
    ],
    "透日": [
        "透日",
        "Through the sun",
        "透过太阳",
        [
            "透过",
            "太阳",
            "月亮",
            "木星",
            "利用",
            "天王星",
            "金星",
            "借此",
            "主星",
            "分享",
            "人马座",
            "星体",
            "织女星",
            "水星",
            "借以",
            "来进行",
            "可让",
            "借助",
            "更进一步",
            "为了让"
        ]
    ],
    "叶鲜": [
        "叶鲜",
        "Fresh leaves",
        "新鲜树叶",
        [
            "新鲜",
            "树叶",
            "树枝",
            "树干",
            "树上",
            "树皮",
            "叶子",
            "枝条",
            "嫩叶",
            "美味",
            "枝叶",
            "落叶",
            "食材",
            "好吃",
            "可口",
            "水果",
            "牛奶",
            "蜜糖",
            "甜食",
            "的食品"
        ]
    ],
    "熟": [
        "熟",
        "Ripe",
        "成熟的",
        [
            "成熟",
            "成熟期",
            "萌芽",
            "未成熟",
            "茁壮",
            "明朗",
            "早熟",
            "成熟阶段",
            "商业化",
            "开花结果"
        ]
    ],
    "新带": [
        "新带",
        "New belt",
        "新皮带",
        [
            "新",
            "皮带",
            "新的",
            "绳子",
            "把手",
            "支架",
            "棍子",
            "布料",
            "链条",
            "外套",
            "金属制",
            "原先",
            "另行",
            "最初",
            "铁环",
            "一新",
            "从新",
            "取而代之",
            "新近",
            "上新"
        ]
    ],
    "星影出": [
        "星影出",
        "Star shadow",
        "恒星阴影",
        [
            "恒星",
            "阴影",
            "白矮星",
            "星体",
            "星系",
            "伴星",
            "星团",
            "红矮星",
            "行星",
            "天体",
            "红巨星",
            "黑暗",
            "阴霾",
            "边缘",
            "光环",
            "影子",
            "镜子",
            "双眼",
            "噩梦",
            "恶梦"
        ]
    ],
    "千枝": [
        "千枝",
        "Thousands of branches",
        "成千上万的树枝",
        [
            "成千上万",
            "树枝",
            "树上",
            "树叶",
            "树干",
            "数以千计",
            "枝条",
            "数以万计",
            "数以百计",
            "木头",
            "树皮",
            "藤蔓",
            "树根",
            "成百上千",
            "树桩",
            "上百",
            "据称",
            "为数众多",
            "有数",
            "在在"
        ]
    ],
    "八棱": [
        "八棱",
        "Eight edges",
        "八边",
        []
    ],
    "晓连": [
        "晓连",
        "Xiao Lian",
        "连笑",
        []
    ],
    "星影": [
        "星影",
        "Star shadow",
        "恒星阴影",
        [
            "恒星",
            "阴影",
            "白矮星",
            "星体",
            "星系",
            "伴星",
            "星团",
            "红矮星",
            "行星",
            "天体",
            "红巨星",
            "黑暗",
            "阴霾",
            "边缘",
            "光环",
            "影子",
            "镜子",
            "双眼",
            "噩梦",
            "恶梦"
        ]
    ],
    "圆颗": [
        "圆颗",
        "Round star",
        "圆形星",
        [
            "圆形",
            "星",
            "方形",
            "椭圆形",
            "长方形",
            "弧形",
            "半圆形",
            "圆锥形",
            "球形",
            "呈圆形",
            "六角形",
            "主星",
            "星星",
            "银河",
            "天狼星",
            "织女星",
            "五星",
            "猎户座",
            "星辰",
            "亮"
        ]
    ],
    "饱经": [
        "饱经",
        "Experienced",
        "有经验的",
        [
            "经验",
            "专业知识",
            "知识",
            "实战经验",
            "潜能",
            "成果",
            "充分",
            "科学知识",
            "方面",
            "长处"
        ]
    ],
    "七绝": [
        "七绝",
        "Seven unique skills",
        "七种独特的技能",
        [
            "独特",
            "技能",
            "独有",
            "鲜明",
            "多样",
            "与众不同",
            "奇特",
            "新颖",
            "能力",
            "技巧",
            "独具",
            "专业技能",
            "截然不同",
            "契合",
            "精神力",
            "专业知识",
            "战技",
            "熟练",
            "习得",
            "职业技能"
        ]
    ],
    "晚带": [
        "晚带",
        "Late band",
        "后期波段",
        [
            "后期",
            "波段",
            "中期",
            "末期",
            "初期",
            "中后期",
            "可见光",
            "早期",
            "红外线",
            "前期",
            "晚期",
            "初",
            "无线电波",
            "红外",
            "频段",
            "后半期",
            "红外光",
            "频谱",
            "辐射源",
            "近红外"
        ]
    ],
    "熠耀": [
        "熠耀",
        "Bright and bright",
        "明亮明亮",
        [
            "明亮",
            "暗淡",
            "光亮",
            "昏暗",
            "黯淡",
            "耀眼",
            "夜空",
            "醒目",
            "蓝白色",
            "亮"
        ]
    ],
    "朱苞": [
        "朱苞",
        "Zhu Bao",
        "朱宝",
        []
    ],
    "映日鲜": [
        "映日鲜",
        "Shine on the sun",
        "照耀太阳",
        [
            "照耀",
            "太阳",
            "月亮",
            "照亮",
            "木星",
            "天王星",
            "金星",
            "主星",
            "升起",
            "人马座",
            "星体",
            "织女星",
            "水星",
            "云彩",
            "灿烂",
            "闪耀",
            "大地",
            "仰望",
            "光明",
            "光辉"
        ]
    ],
    "连路": [
        "连路",
        "Link road",
        "连接道路",
        [
            "连接",
            "道路",
            "相连",
            "连接起来",
            "通往",
            "干道",
            "路段",
            "连通",
            "直达",
            "联接",
            "沿路",
            "连结",
            "通到",
            "柏油路",
            "高架桥",
            "相互连接",
            "路面",
            "高架道路",
            "交通设施",
            "巷道"
        ]
    ],
    "金衣美": [
        "金衣美",
        "Gold dress beauty",
        "金色礼服美",
        [
            "金色",
            "礼服",
            "银色",
            "蓝色",
            "白色",
            "红色",
            "黑色",
            "紫色",
            "领结",
            "黄色",
            "穿着",
            "粉红色",
            "深蓝色",
            "服装",
            "常服",
            "晚礼服",
            "西装",
            "上衣",
            "装束",
            "短裙"
        ]
    ]
}