{
    "窗凉": [
        "窗凉",
        "Window cooling",
        "窗户冷却",
        [
            "窗户",
            "冷却",
            "加热",
            "玻璃窗",
            "墙壁",
            "天花板",
            "蒸发",
            "屋顶",
            "冷凝",
            "阳台",
            "房顶",
            "楼梯间",
            "降温",
            "加压",
            "窗子",
            "熔化",
            "窗台",
            "凝固",
            "液态",
            "汽化"
        ]
    ],
    "绿施": [
        "绿施",
        "Green fertilizer",
        "绿色肥料",
        [
            "绿色",
            "肥料",
            "橙色",
            "黄色",
            "红色",
            "蓝色",
            "白色",
            "饲料",
            "粉红色",
            "紫色",
            "原料",
            "浅绿色",
            "深蓝色",
            "农药",
            "蔬菜",
            "谷物",
            "食粮",
            "稻谷",
            "大豆",
            "蔗糖"
        ]
    ],
    "心中": [
        "心中",
        "in the heart",
        "心里",
        [
            "心里",
            "心中",
            "内心",
            "心底",
            "明白",
            "忘了",
            "真是",
            "总是",
            "好像",
            "就让"
        ]
    ],
    "斜窥": [
        "斜窥",
        "Oblique peep",
        "斜窥",
        [
            "斜",
            "窥",
            "横",
            "侧",
            "斜向",
            "竖",
            "平直",
            "窥见",
            "腰",
            "楔形",
            "凸",
            "观",
            "见",
            "中段",
            "窥探",
            "言之",
            "言及",
            "可知",
            "近于",
            "瞻"
        ]
    ],
    "扇欲裁": [
        "扇欲裁",
        "Fan to cut",
        "扇形切割",
        [
            "扇形",
            "切割",
            "马蹄形",
            "切割成",
            "挤压",
            "研磨",
            "切削",
            "切开",
            "圆形",
            "弧形",
            "接合",
            "整块",
            "椭圆形",
            "半圆形",
            "切出",
            "长条形",
            "凹形",
            "大块",
            "圆锥",
            "月形"
        ]
    ],
    "没阶": [
        "没阶",
        "No order",
        "没有命令",
        [
            "没有",
            "命令",
            "没",
            "并未",
            "无法",
            "不会",
            "不能",
            "从未",
            "未",
            "没有人",
            "很难",
            "下令",
            "指示",
            "指令",
            "下达",
            "请求",
            "立即",
            "军令",
            "号令",
            "擅自"
        ]
    ],
    "闲堆": [
        "闲堆",
        "Idle pile",
        "闲置桩",
        [
            "闲置",
            "占用",
            "荒废",
            "废弃",
            "空置",
            "搬离",
            "迁走",
            "拆掉",
            "资金不足",
            "清空"
        ]
    ],
    "满庭": [
        "满庭",
        "Full court",
        "合议庭",
        [
            "合议庭",
            "陪审团",
            "再审",
            "被告",
            "北京市高级人民法院",
            "初审",
            "被告人",
            "终审",
            "审判长",
            "检察机关"
        ]
    ],
    "雨积": [
        "雨积",
        "Rain accumulation",
        "雨水积聚",
        [
            "雨水",
            "积聚",
            "河水",
            "水气",
            "的水",
            "地下水",
            "水分",
            "湿气",
            "泥土",
            "沙土",
            "积存",
            "水",
            "渗入",
            "渗出",
            "聚积",
            "释放出",
            "倾倒",
            "释放出来",
            "滋生",
            "除去"
        ]
    ],
    "翠痕": [
        "翠痕",
        "Cui mark",
        "崔痕",
        []
    ],
    "石发": [
        "石发",
        "Stone hair",
        "石毛",
        []
    ],
    "翠晕": [
        "翠晕",
        "Turquoise halo",
        "绿松石晕",
        [
            "绿松石",
            "晕",
            "玉石",
            "青金石",
            "暗",
            "闪",
            "宝石",
            "玛瑙",
            "钻石",
            "闪光",
            "金质",
            "屑",
            "朱红色",
            "致密",
            "碎",
            "影",
            "珍珠",
            "白玉",
            "亮",
            "后发"
        ]
    ],
    "鹤迹": [
        "鹤迹",
        "Crane tracks",
        "起重机轨道",
        [
            "起重机",
            "轨道",
            "吊车",
            "木星",
            "行星",
            "太阳系",
            "近地点",
            "驳船",
            "钢缆",
            "土星",
            "倾角",
            "挖掘机",
            "颗卫星",
            "轮子",
            "钢架",
            "水星",
            "消防车",
            "转轴",
            "机架",
            "推土机"
        ]
    ],
    "生阁": [
        "生阁",
        "Shengge",
        "圣格",
        []
    ],
    "乱叠": [
        "乱叠",
        "Random stacking",
        "随机堆积",
        [
            "堆积",
            "冲刷",
            "沉积",
            "风化",
            "沉降",
            "下陷",
            "崩落",
            "填充",
            "沙土",
            "大块"
        ]
    ],
    "盈阶": [
        "盈阶",
        "Surplus order",
        "剩余订单",
        [
            "剩余",
            "订单",
            "剩下",
            "余下",
            "订购",
            "交货",
            "全数",
            "采购",
            "供货",
            "交付",
            "订货",
            "下单",
            "试产",
            "批次",
            "一小",
            "多余",
            "只剩",
            "剩",
            "悉数",
            "这样一来"
        ]
    ],
    "露芽": [
        "露芽",
        "Dew bud",
        "露珠芽",
        [
            "露珠",
            "芽",
            "花柱",
            "果",
            "分枝",
            "幼苗",
            "小叶",
            "长成",
            "生",
            "稀",
            "牧人",
            "初夏",
            "牵牛",
            "树梢",
            "白马",
            "远方",
            "上头",
            "都从",
            "</s>",
            "Pardosa"
        ]
    ],
    "斑点": [
        "斑点",
        "Spots",
        "斑点",
        [
            "斑点",
            "斑纹",
            "黑斑",
            "条纹",
            "斑块",
            "白斑",
            "黄褐色",
            "红斑",
            "深褐色",
            "白点"
        ]
    ],
    "地衣": [
        "地衣",
        "lichen",
        "地衣",
        [
            "地衣",
            "真菌",
            "苔藓",
            "泥炭",
            "云杉",
            "桦树",
            "酵母菌",
            "植物所",
            "菌类",
            "热带植物"
        ]
    ],
    "不模": [
        "不模",
        "No mode",
        "无模式",
        [
            "模式",
            "方式",
            "方式也",
            "Mode",
            "的系统",
            "方式上",
            "方式而",
            "种系统",
            "来进行",
            "方式在"
        ]
    ],
    "绿痕": [
        "绿痕",
        "Green mark",
        "绿色标记",
        [
            "绿色",
            "标记",
            "橙色",
            "黄色",
            "红色",
            "蓝色",
            "标示",
            "标识",
            "记号",
            "白色",
            "粉红色",
            "标明",
            "紫色",
            "浅绿色",
            "深蓝色",
            "上标",
            "标有",
            "标示出",
            "上面",
            "标上"
        ]
    ],
    "绕栏": [
        "绕栏",
        "Winding bar",
        "卷绕杆",
        [
            "卷绕",
            "杆",
            "板",
            "针",
            "车轮",
            "锤",
            "扳",
            "推杆",
            "拇指",
            "底板",
            "把手",
            "一维",
            "高斯",
            "切线",
            "尖点",
            "抛物线",
            "可压缩",
            "x-",
            "双曲线",
            "的环"
        ]
    ],
    "纵润": [
        "纵润",
        "Longitudinal wetting",
        "纵向润湿",
        [
            "纵向",
            "润湿",
            "横向",
            "垂直",
            "平行",
            "侧向",
            "两端",
            "交叉",
            "斜向",
            "吸水",
            "中轴",
            "主干",
            "漂白",
            "滴",
            "溶化",
            "洗涤",
            "变黑",
            "变色",
            "压平",
            "需注意"
        ]
    ],
    "幽景": [
        "幽景",
        "Deep and remote view",
        "幽景",
        []
    ],
    "染黛": [
        "染黛",
        "Dyed black",
        "染色黑色",
        [
            "染色",
            "黑色",
            "白色",
            "红色",
            "黄色",
            "灰色",
            "银色",
            "粉红色",
            "紫色",
            "蓝色",
            "金色",
            "染料",
            "染色剂",
            "颜料",
            "上色",
            "切片",
            "皮肤上",
            "染",
            "着色",
            "漂白"
        ]
    ],
    "空庭": [
        "空庭",
        "Empty court",
        "空法庭",
        [
            "空",
            "法庭",
            "法院",
            "法官",
            "陪审团",
            "裁决",
            "法庭上",
            "最高法院",
            "联邦法院",
            "被告",
            "高等法院",
            "机",
            "飞",
            "浮",
            "影",
            "自在",
            "飞龙",
            "自造",
            "自力",
            "</s>"
        ]
    ],
    "花绣": [
        "花绣",
        "Flower embroidery",
        "花卉刺绣",
        [
            "花卉",
            "刺绣",
            "织锦",
            "花木",
            "剪纸",
            "盆景",
            "园艺",
            "牡丹",
            "花草",
            "绣花",
            "木雕",
            "缝制",
            "梳子",
            "兰花",
            "花果",
            "果树",
            "插花",
            "版画",
            "手工艺",
            "金丝"
        ]
    ],
    "浮鹅眼": [
        "浮鹅眼",
        "Floating goose eye",
        "浮鹅眼",
        []
    ],
    "工巧": [
        "工巧",
        "fine",
        "很好",
        [
            "很好",
            "不错",
            "极好",
            "更好",
            "良好",
            "很差",
            "较好",
            "最好",
            "极佳",
            "不太好"
        ]
    ],
    "积地": [
        "积地",
        "Land accumulation",
        "土地积累",
        [
            "土地",
            "积累",
            "农地",
            "耕地",
            "田地",
            "累积",
            "用地",
            "田产",
            "国有土地",
            "荒地",
            "农田",
            "所有权",
            "吸取",
            "获取",
            "积攒",
            "积聚",
            "依靠",
            "获益",
            "受益",
            "造就"
        ]
    ],
    "绿毯": [
        "绿毯",
        "Green blanket",
        "绿色毯子",
        [
            "绿色",
            "毯子",
            "橙色",
            "黄色",
            "红色",
            "蓝色",
            "白色",
            "粉红色",
            "紫色",
            "浅绿色",
            "深蓝色",
            "毯",
            "毛毯",
            "袋子",
            "棉被",
            "盘子",
            "裹",
            "包在",
            "铃铛",
            "于是就"
        ]
    ],
    "虽多": [
        "虽多",
        "Although many",
        "虽然很多",
        []
    ],
    "鳞鳞": [
        "鳞鳞",
        "Scaly scale",
        "鳞片状鳞片",
        [
            "鳞片状",
            "鳞片",
            "斑纹",
            "斑点",
            "棘刺",
            "鳞甲",
            "黑褐色",
            "骨板",
            "背部",
            "突起",
            "深褐色",
            "叶鞘",
            "托叶",
            "宿存",
            "绒毛",
            "分枝",
            "小枝",
            "星状",
            "紫红色",
            "淡紫色"
        ]
    ],
    "闲阶": [
        "闲阶",
        "Idle order",
        "闲置订单",
        [
            "闲置",
            "订单",
            "订购",
            "占用",
            "交货",
            "采购",
            "荒废",
            "废弃",
            "空置",
            "供货",
            "交付",
            "订货",
            "下单",
            "搬离",
            "迁走",
            "试产",
            "批次",
            "拆掉",
            "资金不足",
            "清空"
        ]
    ],
    "微圆": [
        "微圆",
        "Micro circle",
        "微圆",
        []
    ],
    "织翠毛": [
        "织翠毛",
        "Weaving emerald wool",
        "编织祖母绿羊毛",
        [
            "编织",
            "祖母绿",
            "羊毛",
            "毛皮",
            "皮革",
            "丝绸",
            "亚麻",
            "织成",
            "编织成",
            "缝制",
            "刺绣",
            "布料",
            "棉花",
            "钻石",
            "绿柱石",
            "缝纫",
            "剪刀",
            "羊皮",
            "梳子",
            "藤条",
            "花样",
            "小麦",
            "电气石",
            "宝石",
            "棉",
            "方解石",
            "青金石",
            "紫水晶",
            "硫化物",
            "云母"
        ]
    ],
    "翠蒙茸": [
        "翠蒙茸",
        "Cui Meng Rong",
        "崔孟荣",
        []
    ],
    "不产": [
        "不产",
        "No production",
        "不生产",
        [
            "生产",
            "制造",
            "生产线",
            "生产商",
            "投入生产",
            "采购",
            "生产厂",
            "装配",
            "产出",
            "原材料"
        ]
    ],
    "豪门": [
        "豪门",
        "rich and powerful family",
        "有钱有势的家庭",
        [
            "家庭",
            "中产阶级",
            "家庭成员",
            "大家庭",
            "贫穷",
            "父母",
            "家庭主妇",
            "父母亲",
            "兄弟姐妹",
            "普通家庭"
        ]
    ],
    "雨成": [
        "雨成",
        "Rain",
        "雨",
        [
            "雨",
            "雾",
            "风雨",
            "雪",
            "寒",
            "枯",
            "夜",
            "飘",
            "月光",
            "雨天"
        ]
    ],
    "草绿": [
        "草绿",
        "Grass green",
        "草绿色",
        [
            "草绿色",
            "土黄色",
            "灰白色",
            "紫红色",
            "棕红色",
            "米色",
            "暗红色",
            "墨绿色",
            "浅色",
            "橘红色"
        ]
    ],
    "密镇": [
        "密镇",
        "Mi town",
        "米城",
        []
    ],
    "怜庭竹": [
        "怜庭竹",
        "Loving family bamboo",
        "爱家竹",
        [
            "爱家",
            "竹",
            "堑",
            "竹子",
            "木",
            "松",
            "苗",
            "锦",
            "竹叶",
            "葫芦",
            "大竹",
            "和善",
            "闺蜜",
            "任性",
            "珍爱",
            "偏偏",
            "动心",
            "大方",
            "全因",
            "</s>"
        ]
    ],
    "鹊践": [
        "鹊践",
        "Quejian",
        "魁坚",
        []
    ],
    "堪万选": [
        "堪万选",
        "Candidacy election",
        "候选人选举",
        [
            "候选人",
            "选举",
            "参选人",
            "议会选举",
            "补选",
            "大选",
            "参选",
            "初选",
            "投票",
            "总统大选",
            "普选",
            "民主选举",
            "竞选",
            "提名人",
            "国会议员",
            "当选者",
            "选举前",
            "参选者"
        ]
    ],
    "困窘": [
        "困窘",
        "embarrassed",
        "尴尬的",
        [
            "尴尬",
            "失望",
            "难堪",
            "沮丧",
            "惊讶",
            "不快",
            "难过",
            "不安",
            "困惑",
            "惊愕"
        ]
    ],
    "掩门": [
        "掩门",
        "Cover the door",
        "把门盖上",
        [
            "把门",
            "进门",
            "后门",
            "窗子",
            "进去",
            "半夜",
            "把火",
            "居然",
            "好几次",
            "上到"
        ]
    ],
    "更生": [
        "更生",
        "regeneration",
        "再生",
        [
            "再生",
            "再造",
            "增殖",
            "转化",
            "有机体",
            "不可逆的",
            "其会",
            "除去",
            "经年累月",
            "</s>"
        ]
    ],
    "穷巷": [
        "穷巷",
        "Poor lane",
        "可怜的小路",
        [
            "可怜",
            "小路",
            "真是",
            "安慰",
            "心里",
            "山路",
            "可悲",
            "山间",
            "嫌弃",
            "无助",
            "林间",
            "居然",
            "山下",
            "河边",
            "洼",
            "小山",
            "沿路",
            "池上",
            "庆幸",
            "无能为力"
        ]
    ],
    "风若": [
        "风若",
        "If the wind blows",
        "如果风刮了",
        []
    ],
    "芜": [
        "芜",
        "Wuhu",
        "芜湖",
        [
            "芜湖",
            "安庆",
            "蚌埠",
            "合肥",
            "九江",
            "镇江",
            "泰州",
            "池州",
            "江阴",
            "六安"
        ]
    ],
    "绳穿": [
        "绳穿",
        "Rope threading",
        "穿绳",
        []
    ],
    "窍": [
        "窍",
        "Orifice",
        "孔",
        [
            "孔",
            "小孔",
            "圆孔",
            "上端",
            "开口",
            "下端",
            "盖",
            "中空",
            "接合处",
            "穿孔"
        ]
    ],
    "未通": [
        "未通",
        "Not through",
        "不通过",
        []
    ],
    "三铢": [
        "三铢",
        "Three baht",
        "三铢",
        []
    ],
    "点绿": [
        "点绿",
        "A little green",
        "有点绿",
        [
            "有点",
            "绿",
            "蓝",
            "有一点",
            "看似",
            "看起来",
            "实在太",
            "看上去",
            "绿色",
            "好像",
            "太",
            "却是",
            "想像中",
            "红",
            "黄绿",
            "紫",
            "紫色",
            "双色",
            "浅蓝",
            "橙"
        ]
    ],
    "疑施": [
        "疑施",
        "Suspected application",
        "可疑应用",
        [
            "可疑",
            "应用",
            "应用于",
            "应用领域",
            "广泛应用",
            "领域",
            "怀疑",
            "运用于",
            "知情",
            "运用",
            "分析方法",
            "系统设计",
            "疑似",
            "知悉",
            "技术的发展",
            "嫌犯",
            "行凶",
            "确实",
            "出事",
            "寻常"
        ]
    ],
    "黛": [
        "黛",
        "Diane",
        "黛安",
        [
            "黛安",
            "玛莎",
            "珍妮",
            "艾玛",
            "艾琳",
            "阿尔玛",
            "芭芭拉",
            "安德鲁",
            "马修",
            "Pardosa"
        ]
    ],
    "幽庭畔": [
        "幽庭畔",
        "Deep and remote court side",
        "幽院这边",
        []
    ],
    "山疑": [
        "山疑",
        "Mountain doubt",
        "山地怀疑",
        [
            "山地",
            "怀疑",
            "丘陵",
            "山区",
            "丘陵地带",
            "平地",
            "高山",
            "平原",
            "坡地",
            "猜测",
            "可疑",
            "相信",
            "猜疑",
            "丘陵地区",
            "山地区",
            "坚称",
            "欺骗",
            "知悉",
            "声称",
            "不以为然"
        ]
    ],
    "雨痕": [
        "雨痕",
        "Raindrop imprint",
        "雨痕",
        []
    ],
    "沾处": [
        "沾处",
        "Sticking place",
        "顶住点",
        [
            "顶住",
            "顶着",
            "冲破",
            "挡住",
            "拉起",
            "抵住",
            "推入",
            "拉出",
            "面对着",
            "拉入"
        ]
    ],
    "圆青": [
        "圆青",
        "Round green",
        "圆绿色",
        [
            "圆",
            "绿色",
            "橙色",
            "黄色",
            "红色",
            "蓝色",
            "白色",
            "粉红色",
            "紫色",
            "浅绿色",
            "深蓝色",
            "凸",
            "弧",
            "圆形",
            "锥状",
            "圆锥",
            "椭圆",
            "大圆",
            "小圆",
            "长圆"
        ]
    ],
    "范金": [
        "范金",
        "Fan Jin",
        "金范",
        []
    ],
    "地似": [
        "地似",
        "Ground appearance",
        "地面外观",
        [
            "地面",
            "外观",
            "外观上",
            "外形",
            "外型",
            "形状",
            "造型",
            "高处",
            "轮廓",
            "外表",
            "样式",
            "障碍物",
            "地上",
            "外观设计",
            "垂直",
            "顶部",
            "底部",
            "高空",
            "离地",
            "斜坡"
        ]
    ],
    "带烟租": [
        "带烟租",
        "Rent with tobacco",
        "烟草租金",
        [
            "烟草",
            "租金",
            "地价",
            "楼价",
            "市价",
            "棉花",
            "房租",
            "月租",
            "管理费",
            "业主",
            "物业",
            "茶叶",
            "酒类",
            "价钱",
            "蔗糖",
            "香烟",
            "酒精饮料",
            "乳制品",
            "谷物",
            "烟叶"
        ]
    ],
    "萤影": [
        "萤影",
        "Hotaru shadow",
        "萤影",
        []
    ],
    "过时": [
        "过时",
        "Obsolete",
        "废弃",
        [
            "废弃",
            "荒废",
            "拆毁",
            "弃置",
            "毁坏",
            "拆掉",
            "被弃",
            "夷平",
            "不复存在",
            "被遗弃"
        ]
    ],
    "柔茵": [
        "柔茵",
        "Rouyin",
        "柔印",
        []
    ],
    "谢池": [
        "谢池",
        "Xie chi",
        "谢驰",
        []
    ],
    "醒醉": [
        "醒醉",
        "Wake up drunk",
        "喝醉了醒来",
        [
            "喝醉",
            "醒来",
            "醒来时",
            "喝酒",
            "醒过来",
            "苏醒",
            "发现自己",
            "奄奄一息",
            "昏倒",
            "惊醒",
            "睡着",
            "喝得",
            "躺在",
            "酒醉",
            "做爱",
            "喝醉酒",
            "发怒",
            "冷静下来",
            "装作"
        ]
    ],
    "异彩": [
        "异彩",
        "extraordinary splendour",
        "异彩纷呈",
        []
    ],
    "楚甸": [
        "楚甸",
        "Chudian",
        "楚甸",
        []
    ],
    "映阶碧": [
        "映阶碧",
        "Ying Jie Bi",
        "英杰碧",
        [
            "英杰",
            "碧",
            "莲",
            "茵",
            "珊",
            "琪",
            "云",
            "虹",
            "芳",
            "徐文",
            "芝",
            "战将",
            "伟",
            "方刚",
            "和美",
            "多亏",
            "一齐",
            "</s>",
            "<tr>",
            "Pardosa"
        ]
    ],
    "芊芊": [
        "芊芊",
        "Sandy",
        "桑迪",
        [
            "桑迪",
            "格兰德",
            "丹尼",
            "格雷斯",
            "泰勒",
            "珍妮",
            "米兰达",
            "艾伦",
            "韦恩",
            "迪安"
        ]
    ],
    "芳毯": [
        "芳毯",
        "Aromatic blanket",
        "芳香毯",
        [
            "芳香",
            "毯",
            "地毯",
            "香气",
            "醇",
            "衍生物",
            "精油",
            "布料",
            "毯子",
            "类物质",
            "衣料",
            "酚",
            "醇类",
            "重氮",
            "大蒜",
            "皮革",
            "靴子",
            "棉",
            "纸制",
            "裹"
        ]
    ],
    "迎凉": [
        "迎凉",
        "Welcome to cool",
        "欢迎冷静",
        [
            "欢迎",
            "冷静",
            "青睐",
            "喜爱",
            "追捧",
            "热烈欢迎",
            "注目",
            "爱戴",
            "耐心",
            "瞩目",
            "自信",
            "果断",
            "赞许",
            "赞赏",
            "冷漠",
            "诚恳",
            "镇定",
            "真诚",
            "坚毅",
            "坦率"
        ]
    ],
    "秦原": [
        "秦原",
        "Qin Yuan",
        "秦源",
        []
    ],
    "柔香": [
        "柔香",
        "Soft fragrance",
        "柔和的香味",
        [
            "柔和",
            "香味",
            "香气",
            "味道",
            "气味",
            "甜味",
            "圆润",
            "风味",
            "柔美",
            "酸味",
            "轻柔",
            "苦味",
            "果香",
            "优雅",
            "味",
            "圆滑",
            "明快",
            "衬托",
            "高亢",
            "含蓄"
        ]
    ],
    "入帘青": [
        "入帘青",
        "Green curtain",
        "绿色窗帘",
        [
            "绿色",
            "窗帘",
            "橙色",
            "黄色",
            "红色",
            "蓝色",
            "白色",
            "粉红色",
            "紫色",
            "浅绿色",
            "深蓝色",
            "地板",
            "窗框",
            "天花板",
            "天窗",
            "沙发",
            "毛巾",
            "窗台",
            "把手",
            "皮包"
        ]
    ],
    "拂露": [
        "拂露",
        "Whisk dew",
        "打露水",
        [
            "露水",
            "云朵",
            "雾气",
            "薄雾",
            "夜晚",
            "清爽",
            "月光",
            "冬日",
            "的水",
            "金子"
        ]
    ],
    "湘岸曲": [
        "湘岸曲",
        "Xiang An Qu",
        "翔安区",
        []
    ],
    "竞春": [
        "竞春",
        "Race spring",
        "比赛弹簧",
        [
            "比赛",
            "弹簧",
            "赛事",
            "球赛",
            "决赛",
            "连杆",
            "预赛",
            "赛",
            "半决赛",
            "热身赛",
            "对抗赛",
            "轴承",
            "表演赛",
            "液压",
            "车轮",
            "油压",
            "刚性",
            "支架",
            "琴弦",
            "飞轮"
        ]
    ],
    "梦池": [
        "梦池",
        "Dream pool",
        "梦池",
        []
    ],
    "翠带": [
        "翠带",
        "Cui belt",
        "崔带",
        []
    ],
    "接续": [
        "接续",
        "continue",
        "继续",
        [
            "继续",
            "之后",
            "暂时",
            "一直",
            "再次",
            "此后",
            "独自",
            "之前",
            "在此期间",
            "在此之后"
        ]
    ],
    "翠染": [
        "翠染",
        "Cui dye",
        "崔染料",
        [
            "崔",
            "染料",
            "颜料",
            "染色",
            "裴",
            "薛",
            "树脂",
            "染色剂",
            "原料",
            "李",
            "涂料",
            "精油",
            "染剂",
            "衍生物",
            "杨",
            "范",
            "李彦",
            "侄子",
            "许",
            "堂弟"
        ]
    ],
    "烟叶": [
        "烟叶",
        "Tobacco leaf",
        "烟叶",
        [
            "烟叶",
            "茶叶",
            "棉花",
            "干果",
            "烟草",
            "稻谷",
            "卷烟",
            "棉",
            "大豆",
            "小麦"
        ]
    ],
    "江滨": [
        "江滨",
        "Riverside",
        "河畔",
        [
            "河畔",
            "纳河",
            "河",
            "图尔",
            "右岸",
            "茨河",
            "河东岸",
            "河口",
            "畔",
            "杜省"
        ]
    ],
    "经寒": [
        "经寒",
        "Through cold",
        "通过寒冷",
        [
            "寒冷",
            "严寒",
            "炎热",
            "潮湿",
            "凉爽",
            "温暖",
            "冬天",
            "酷热",
            "较冷",
            "暖和"
        ]
    ],
    "姑苏": [
        "姑苏",
        "Gusu",
        "姑苏",
        [
            "姑苏",
            "吴郡",
            "苏州",
            "秦淮",
            "钱塘",
            "吴江",
            "常熟",
            "吴地",
            "金陵",
            "嘉兴"
        ]
    ],
    "台下": [
        "台下",
        "The audience",
        "观众",
        [
            "观众",
            "观众们",
            "电视观众",
            "听众",
            "影迷",
            "观众群",
            "乐迷",
            "歌迷",
            "观看",
            "粉丝"
        ]
    ],
    "吐尽": [
        "吐尽",
        "Spit it out",
        "吐出来",
        []
    ],
    "荧": [
        "荧",
        "perplexed",
        "困惑的",
        [
            "困惑",
            "疑惑",
            "苦恼",
            "沮丧",
            "惊讶",
            "好奇",
            "不安",
            "奇怪",
            "厌烦",
            "不快"
        ]
    ],
    "青摇": [
        "青摇",
        "Green shake",
        "绿色抖动",
        [
            "绿色",
            "抖动",
            "橙色",
            "黄色",
            "红色",
            "蓝色",
            "白色",
            "粉红色",
            "紫色",
            "浅绿色",
            "深蓝色",
            "晃动",
            "摇晃",
            "颤动",
            "震荡",
            "跳动",
            "摇动",
            "出现异常",
            "上会",
            "间歇"
        ]
    ],
    "露丛": [
        "露丛",
        "Dew clump",
        "露水团",
        [
            "露水",
            "团",
            "大队",
            "旅",
            "团长",
            "兵团",
            "师",
            "三团",
            "民团",
            "云朵",
            "雾气",
            "小分队",
            "薄雾",
            "全团",
            "夜晚",
            "清爽",
            "月光",
            "冬日",
            "的水",
            "金子"
        ]
    ],
    "绿铺": [
        "绿铺",
        "Green shop",
        "绿色商店",
        [
            "绿色",
            "商店",
            "店铺",
            "的商店",
            "橙色",
            "黄色",
            "红色",
            "蓝色",
            "超市",
            "店面",
            "百货公司",
            "白色",
            "零售店",
            "餐馆",
            "小店",
            "商家",
            "粉红色",
            "紫色",
            "浅绿色",
            "深蓝色"
        ]
    ],
    "人亡": [
        "人亡",
        "Death",
        "死亡",
        [
            "死亡",
            "丧生",
            "失踪",
            "丧命",
            "致死",
            "幸存者",
            "生还",
            "遇害",
            "死亡者",
            "被害"
        ]
    ],
    "宜轻过": [
        "宜轻过",
        "Should be lighter than before",
        "应该比以前轻",
        [
            "应该",
            "以前",
            "轻",
            "应当",
            "现在",
            "之前",
            "不应",
            "不该",
            "必要",
            "一定会",
            "无论如何",
            "确实",
            "在此之前",
            "应",
            "某种程度",
            "过去",
            "基本上",
            "从前",
            "重",
            "实际上",
            "那时候",
            "直到现在",
            "较重",
            "少",
            "驭",
            "基本型",
            "重为",
            "纯",
            "整体而言",
            "</s>"
        ]
    ],
    "空随": [
        "空随",
        "Empty following",
        "空跟随",
        [
            "空",
            "跟随",
            "追随",
            "跟从",
            "随同",
            "机",
            "飞",
            "曾随",
            "跟着",
            "一同",
            "跟著",
            "浮",
            "舅父",
            "影",
            "自在",
            "先是",
            "飞龙",
            "自造",
            "自力",
            "</s>"
        ]
    ]
}