{
    "雨辟": [
        "雨辟",
        "Rain monarch",
        "雨水君主",
        [
            "雨水",
            "君主",
            "君王",
            "统治者",
            "国王",
            "河水",
            "水气",
            "的水",
            "地下水",
            "皇帝",
            "水分",
            "国君",
            "湿气",
            "臣民",
            "泥土",
            "沙土",
            "水",
            "王室",
            "帝王",
            "臣子"
        ]
    ],
    "虬痕": [
        "虬痕",
        "Qiu mark",
        "秋痕",
        []
    ],
    "暮年": [
        "暮年",
        "old age",
        "晚年",
        [
            "晚年",
            "潜心",
            "一生",
            "闲居",
            "终其一生",
            "长年",
            "深居简出",
            "不得志",
            "著书",
            "高龄"
        ]
    ],
    "编篱": [
        "编篱",
        "Hedge weaving",
        "树篱编织",
        [
            "编织",
            "织成",
            "编织成",
            "缝制",
            "刺绣",
            "缝纫",
            "剪刀",
            "梳子",
            "藤条",
            "花样"
        ]
    ],
    "防": [
        "防",
        "Prevent",
        "预防",
        [
            "预防",
            "防治",
            "预防措施",
            "预防性",
            "防止",
            "公共卫生",
            "防范",
            "传染病",
            "持续性",
            "卫生保健"
        ]
    ],
    "野鹿": [
        "野鹿",
        "Deer",
        "鹿",
        [
            "鹿",
            "牛",
            "水牛",
            "梅花鹿",
            "虎",
            "野猪",
            "头",
            "蜈蚣",
            "兜",
            "两头"
        ]
    ],
    "有待": [
        "有待",
        "remain",
        "留下",
        [
            "留下",
            "留给",
            "留下来",
            "留有",
            "遗失",
            "遗留",
            "丢失",
            "遗留下来",
            "埋没",
            "遗留下"
        ]
    ],
    "翠烟": [
        "翠烟",
        "Cui smoke",
        "翠烟",
        []
    ],
    "晓色": [
        "晓色",
        "Xiao color",
        "肖氏色",
        []
    ],
    "好共": [
        "好共",
        "Good total",
        "良好总数",
        [
            "良好",
            "总数",
            "总人数",
            "较好",
            "极佳",
            "数目",
            "很好",
            "极好",
            "半数",
            "较佳",
            "更佳",
            "分之一",
            "不错",
            "总共",
            "总计",
            "多达",
            "据统计",
            "较差",
            "为数",
            "很差"
        ]
    ],
    "梢分": [
        "梢分",
        "Tip separation",
        "尖端分离",
        [
            "分离",
            "分离出来",
            "分开",
            "分立",
            "转化",
            "剥离",
            "裂解",
            "受控",
            "复合",
            "除去"
        ]
    ],
    "庭影重": [
        "庭影重",
        "The shadow is heavy",
        "阴影很重",
        [
            "阴影",
            "重",
            "黑暗",
            "轻",
            "阴霾",
            "边缘",
            "光环",
            "影子",
            "镜子",
            "双眼",
            "噩梦",
            "恶梦",
            "较重",
            "重为",
            "直",
            "为重",
            "再加",
            "正",
            "助于",
            "</s>"
        ]
    ],
    "根从": [
        "根从",
        "Root from",
        "根来自",
        [
            "根",
            "六根",
            "上端",
            "下部",
            "棍子",
            "杆子",
            "钉",
            "下端",
            "顶上",
            "相联"
        ]
    ],
    "日励": [
        "日励",
        "Daily excitation",
        "每日激励",
        [
            "激励",
            "鼓舞",
            "鼓励",
            "期望",
            "激发",
            "坚持不懈",
            "驱使",
            "期许",
            "上进",
            "无疑"
        ]
    ],
    "开径": [
        "开径",
        "Opening diameter",
        "开口直径",
        [
            "开口",
            "直径",
            "直径约",
            "厚度",
            "宽度",
            "球形",
            "高约",
            "半径",
            "cm",
            "椭圆形",
            "圆形",
            "嘴巴",
            "口部",
            "侧边",
            "前端",
            "口",
            "尾端",
            "朝北",
            "微微",
            "侧面"
        ]
    ],
    "佳宾": [
        "佳宾",
        "Jiabin",
        "贾斌",
        []
    ],
    "自相": [
        "自相",
        "Self - phase",
        "自相位",
        [
            "相位",
            "振幅",
            "增益",
            "频域",
            "脉冲",
            "载波",
            "波形",
            "频率响应",
            "正弦",
            "自适应"
        ]
    ],
    "石槛": [
        "石槛",
        "Stone sill",
        "石槛",
        []
    ],
    "借秋阴": [
        "借秋阴",
        "Borrow autumn shade",
        "借秋色",
        [
            "秋色",
            "烟雨",
            "夜雨",
            "秋风",
            "碧水",
            "荷花",
            "仙鹤",
            "山居",
            "飘",
            "故又名"
        ]
    ],
    "无令": [
        "无令",
        "No order",
        "没有命令",
        [
            "没有",
            "命令",
            "没",
            "并未",
            "无法",
            "不会",
            "不能",
            "从未",
            "未",
            "没有人",
            "很难",
            "下令",
            "指示",
            "指令",
            "下达",
            "请求",
            "立即",
            "军令",
            "号令",
            "擅自"
        ]
    ],
    "草蔓侵": [
        "草蔓侵",
        "Weed invasion",
        "杂草入侵",
        [
            "杂草",
            "入侵",
            "侵略",
            "树木",
            "侵入",
            "野草",
            "进犯",
            "落叶",
            "侵扰",
            "征服",
            "吞并",
            "发动战争",
            "重新占领",
            "除草剂",
            "树叶",
            "松树",
            "并吞",
            "果树",
            "丛生",
            "大树"
        ]
    ],
    "根带": [
        "根带",
        "root zone",
        "山根带",
        [
            "山根",
            "带",
            "带上",
            "饭田",
            "中川",
            "长谷川",
            "高桥",
            "背著",
            "田中",
            "饭冢",
            "上田",
            "隙",
            "大谷",
            "随身携带",
            "和田",
            "只见",
            "放",
            "偷偷地",
            "远方",
            "上头"
        ]
    ],
    "痕多": [
        "痕多",
        "Many marks",
        "许多标记",
        [
            "标记",
            "标示",
            "标识",
            "记号",
            "标明",
            "上标",
            "标有",
            "标示出",
            "上面",
            "标上"
        ]
    ],
    "笋看": [
        "笋看",
        "Look at the bamboo shoots",
        "看看竹笋",
        [
            "看看",
            "竹笋",
            "想到",
            "是不是",
            "刚才",
            "芋头",
            "想想",
            "进去",
            "到底",
            "忘了",
            "就让",
            "西瓜",
            "香菇",
            "再来",
            "番薯",
            "韭菜",
            "瓜子",
            "冬瓜",
            "竹叶",
            "菱角"
        ]
    ],
    "上番": [
        "上番",
        "Last time",
        "上次",
        [
            "上次",
            "前次",
            "去年",
            "再一",
            "下一场",
            "足足",
            "差一点",
            "都未",
            "都只",
            "恰巧"
        ]
    ],
    "斑竹": [
        "斑竹",
        "Owner",
        "物主",
        [
            "物主",
            "一物",
            "原主",
            "于其",
            "排他",
            "亦非",
            "就其",
            "因由",
            "理应",
            "</s>"
        ]
    ],
    "红泪": [
        "红泪",
        "Red tears",
        "红色的眼泪",
        [
            "红色",
            "眼泪",
            "黄色",
            "白色",
            "蓝色",
            "橙色",
            "紫色",
            "黑色",
            "粉红色",
            "金色",
            "深蓝色",
            "泪水",
            "流下",
            "泪",
            "流泪",
            "哭泣",
            "悲伤",
            "心痛",
            "想念",
            "心碎"
        ]
    ],
    "丹晕": [
        "丹晕",
        "Dan halo",
        "丹晕",
        []
    ],
    "相间": [
        "相间",
        "interphase",
        "界面",
        [
            "界面",
            "介面",
            "用户界面",
            "插件",
            "应用程序",
            "编辑器",
            "图形",
            "图形界面",
            "GUI",
            "图标"
        ]
    ],
    "啼痕": [
        "啼痕",
        "Tipping mark",
        "倾翻标记",
        [
            "标记",
            "标示",
            "标识",
            "记号",
            "标明",
            "上标",
            "标有",
            "标示出",
            "上面",
            "标上"
        ]
    ],
    "犹在": [
        "犹在",
        "Still there",
        "还在那里",
        []
    ],
    "紫纹": [
        "紫纹",
        "Purple stripes",
        "紫色条纹",
        [
            "紫色",
            "条纹",
            "黄色",
            "粉红色",
            "白色",
            "红色",
            "斑纹",
            "黄绿色",
            "蓝色",
            "紫红色",
            "斑点",
            "深红色",
            "深蓝色",
            "深褐色",
            "斑块",
            "色带",
            "横纹",
            "背部",
            "橘红色",
            "白点"
        ]
    ],
    "红斑": [
        "红斑",
        "erythema",
        "红斑",
        [
            "红斑",
            "斑点",
            "白斑",
            "黑斑",
            "皮疹",
            "斑",
            "白点",
            "不规则",
            "皱纹",
            "结节"
        ]
    ],
    "烟啼": [
        "烟啼",
        "Smoke crow",
        "烟鸦",
        []
    ],
    "含愁": [
        "含愁",
        "Sorrow",
        "伤心事",
        []
    ],
    "若散": [
        "若散",
        "If scattered",
        "如果分散",
        [
            "分散",
            "集中",
            "密集",
            "集中于",
            "转移",
            "高度集中",
            "大部分",
            "这样一来",
            "混杂",
            "充分利用"
        ]
    ],
    "哀怨": [
        "哀怨",
        "sad",
        "悲哀的",
        [
            "悲哀",
            "悲伤",
            "苦闷",
            "忧伤",
            "哀伤",
            "伤感",
            "凄凉",
            "孤独",
            "孤寂",
            "诉说"
        ]
    ],
    "未穷": [
        "未穷",
        "Not poor",
        "不穷",
        []
    ],
    "一朝": [
        "一朝",
        "Once",
        "一次",
        []
    ],
    "旧恨": [
        "旧恨",
        "Old hatred",
        "旧怨",
        []
    ],
    "愁思": [
        "愁思",
        "melancholy",
        "忧郁",
        [
            "忧郁",
            "悲伤",
            "抑郁",
            "焦虑",
            "忧伤",
            "孤独",
            "孤寂",
            "感伤",
            "迷惘",
            "多愁善感"
        ]
    ],
    "露节": [
        "露节",
        "Dew knot",
        "露水结",
        [
            "露水",
            "结",
            "云朵",
            "雾气",
            "拢",
            "薄雾",
            "合",
            "夜晚",
            "缘",
            "清爽",
            "月光",
            "珠",
            "冬日",
            "的水",
            "娆",
            "金子",
            "交",
            "在手",
            "常为",
            "</s>"
        ]
    ],
    "劲": [
        "劲",
        "Strength",
        "力量",
        [
            "力量",
            "意志",
            "意志力",
            "军事力量",
            "意识",
            "生命力",
            "勇气",
            "自我意识",
            "精神力量",
            "力"
        ]
    ],
    "长新痕": [
        "长新痕",
        "Long new mark",
        "长新记号",
        [
            "记号",
            "符号",
            "标记",
            "大写字母",
            "小写字母",
            "箭头",
            "上标",
            "圆圈",
            "下标",
            "上面"
        ]
    ],
    "泪痕": [
        "泪痕",
        "Tears",
        "眼泪",
        [
            "眼泪",
            "泪水",
            "流下",
            "泪",
            "流泪",
            "哭泣",
            "悲伤",
            "心痛",
            "想念",
            "心碎"
        ]
    ],
    "犊角": [
        "犊角",
        "Calf angle",
        "小腿角",
        [
            "小腿",
            "大腿",
            "腿部",
            "手臂",
            "脚踝",
            "肩膀",
            "右脚",
            "臀部",
            "脚部",
            "膝部"
        ]
    ],
    "稚子": [
        "稚子",
        "child",
        "儿童",
        [
            "儿童",
            "孩童",
            "青少年",
            "成年人",
            "幼儿",
            "成人",
            "老年人",
            "学龄前",
            "婴幼儿",
            "学童"
        ]
    ],
    "锦朋": [
        "锦朋",
        "Jin Peng",
        "金鹏",
        [
            "金鹏",
            "春华",
            "世昌",
            "张毅",
            "金家",
            "中成",
            "和顺",
            "安和",
            "Pardosa",
            "</s>"
        ]
    ],
    "屈节": [
        "屈节",
        "forfeit one's honour",
        "丧失荣誉",
        [
            "丧失",
            "荣誉",
            "失去",
            "荣誉奖",
            "颁发",
            "剥夺",
            "殊荣",
            "荣衔",
            "名誉博士",
            "名誉",
            "夺去",
            "获奖者",
            "金质奖章",
            "桂冠",
            "减损",
            "完全恢复",
            "失掉",
            "忽视",
            "无法控制",
            "归因于"
        ]
    ],
    "抽锦": [
        "抽锦",
        "Draw brocade",
        "画织锦",
        [
            "画",
            "织锦",
            "所画",
            "刺绣",
            "描画",
            "画作",
            "图画",
            "肖像画",
            "素描",
            "画像",
            "手绘",
            "速写",
            "瓷",
            "绣花",
            "织造",
            "绸",
            "砚",
            "团花",
            "缯",
            "匠人"
        ]
    ],
    "抽萌": [
        "抽萌",
        "Sucking sprout",
        "吸芽",
        []
    ],
    "触苔": [
        "触苔",
        "Touch moss",
        "触摸苔藓",
        [
            "触摸",
            "苔藓",
            "触碰",
            "树干",
            "碰触",
            "地衣",
            "泥炭",
            "落叶",
            "树叶",
            "嘴唇",
            "手指",
            "蕨类植物",
            "抚摸",
            "针叶树",
            "维管束",
            "指尖",
            "细枝",
            "可让",
            "合上",
            "能用"
        ]
    ],
    "破玉": [
        "破玉",
        "Broken jade",
        "碎玉",
        []
    ],
    "披烟": [
        "披烟",
        "Smoke",
        "烟",
        [
            "烟",
            "香烟",
            "喷",
            "抽",
            "口含",
            "瓶",
            "醉",
            "屑",
            "爆竹",
            "飘"
        ]
    ],
    "犀角": [
        "犀角",
        "rhinoceros horn",
        "犀角",
        [
            "犀角",
            "象牙",
            "香木",
            "白玉",
            "青玉",
            "绢",
            "金玉",
            "白面",
            "辟邪",
            "玉石"
        ]
    ],
    "穿壁": [
        "穿壁",
        "Through the wall",
        "穿过墙",
        [
            "穿过",
            "墙",
            "穿越",
            "跨过",
            "围墙",
            "横穿",
            "一堵",
            "越过",
            "通向",
            "穿行",
            "墙壁",
            "矮墙",
            "横越",
            "绕过",
            "高墙",
            "门楼",
            "内墙",
            "跨越",
            "回廊",
            "墙外"
        ]
    ],
    "剥肤": [
        "剥肤",
        "Skin peeling",
        "脱皮",
        [
            "脱皮",
            "叮咬",
            "蜕皮",
            "皱纹",
            "毛发",
            "脱毛",
            "长成",
            "绒毛",
            "水泡",
            "变色"
        ]
    ],
    "渐高": [
        "渐高",
        "Step up",
        "增加",
        [
            "增加",
            "减少",
            "降低",
            "提高",
            "增大",
            "上升",
            "缩减",
            "减低",
            "减小",
            "增高"
        ]
    ],
    "迸犀": [
        "迸犀",
        "Blending rhinoceros",
        "混合犀牛",
        [
            "混合",
            "犀牛",
            "混和",
            "羚羊",
            "结合",
            "野牛",
            "食肉动物",
            "黑熊",
            "亚洲象",
            "猎豹",
            "长颈鹿",
            "融合",
            "混",
            "大象",
            "象",
            "分离",
            "复合",
            "混杂",
            "混搭",
            "混合成"
        ]
    ],
    "破藓": [
        "破藓",
        "Mosses",
        "苔藓",
        [
            "苔藓",
            "树干",
            "地衣",
            "泥炭",
            "落叶",
            "树叶",
            "蕨类植物",
            "针叶树",
            "维管束",
            "细枝"
        ]
    ],
    "分枝": [
        "分枝",
        "branch",
        "树枝",
        [
            "树枝",
            "树上",
            "树叶",
            "树干",
            "枝条",
            "木头",
            "树皮",
            "藤蔓",
            "树根",
            "树桩"
        ]
    ],
    "出篱": [
        "出篱",
        "Out of the fence",
        "走出围墙",
        [
            "走出",
            "围墙",
            "栅栏",
            "走进",
            "墙",
            "高墙",
            "矮墙",
            "围栏",
            "走到",
            "铁门",
            "墙垣",
            "四周",
            "墙外",
            "走回",
            "走过",
            "带进",
            "踏进",
            "踏出",
            "进到",
            "眼看"
        ]
    ],
    "玉标": [
        "玉标",
        "Jade standard",
        "玉石标准",
        [
            "玉石",
            "标准",
            "国际标准",
            "玉器",
            "规范",
            "标准化",
            "规格",
            "基准",
            "新标准",
            "绿松石",
            "象牙",
            "铜器",
            "准则",
            "工艺品",
            "宝石",
            "白玉",
            "标准规范",
            "玉",
            "常规",
            "故称"
        ]
    ],
    "并出": [
        "并出",
        "And out",
        "出去",
        [
            "出去",
            "过来",
            "回去",
            "进去",
            "回来",
            "进来",
            "悄悄",
            "跟着",
            "上去",
            "上来"
        ]
    ],
    "裹玉": [
        "裹玉",
        "Wrapping jade",
        "包裹玉",
        [
            "包裹",
            "玉",
            "包覆",
            "锦",
            "袋子",
            "包在",
            "珠",
            "衣物",
            "凤",
            "麒麟",
            "密封",
            "白玉",
            "包上",
            "袋中",
            "中空",
            "苍",
            "芳",
            "裹",
            "芝",
            "和龙"
        ]
    ],
    "破土": [
        "破土",
        "break ground",
        "创办",
        [
            "创办",
            "创立",
            "开办",
            "创办人",
            "筹办",
            "创设",
            "创建",
            "创办者",
            "合办",
            "所办"
        ]
    ],
    "如簪": [
        "如簪",
        "Such as hairpins",
        "例如发夹",
        [
            "发夹",
            "弯",
            "弯角",
            "尾端",
            "上会",
            "偶而",
            "都只",
            "萨多韦",
            "Pardosa",
            "</s>"
        ]
    ],
    "龙露角": [
        "龙露角",
        "Dragon's dew point",
        "龙的露点",
        [
            "龙",
            "露点",
            "龙的",
            "龙科",
            "翼龙",
            "龙是",
            "龙是种",
            "龙有",
            "龙及",
            "蜥脚类",
            "禽",
            "零度",
            "附注",
            "地方会",
            "请注意",
            "特别之处",
            "则有",
            "；也",
            "除此以外",
            "</s>"
        ]
    ],
    "出土": [
        "出土",
        "come up",
        "发生",
        [
            "发生",
            "再次发生",
            "遭遇",
            "时有发生",
            "引发",
            "起因",
            "频发",
            "愈演愈烈",
            "暴发",
            "牵涉到"
        ]
    ],
    "姿耸壑": [
        "姿耸壑",
        "Pose shrugged his shoulders",
        "姿耸耸肩",
        [
            "姿",
            "耸耸肩",
            "姿态",
            "身姿",
            "初次",
            "客观主义",
            "兰德公司",
            "时以",
            "纽约客",
            "更以",
            "自相矛盾",
            "尤利西斯",
            "三本书",
            "重述",
            "正经",
            "话说",
            "<BR>",
            "紧接著",
            "时是",
            "</s>"
        ]
    ],
    "干霄气": [
        "干霄气",
        "Dry air",
        "干空气",
        [
            "干",
            "空气",
            "气体",
            "热空气",
            "液体",
            "氧气",
            "二氧化碳",
            "氮气",
            "湿气",
            "热气",
            "氢气",
            "腊",
            "拔",
            "脱",
            "拓",
            "温",
            "容",
            "天和",
            "先为",
            "</s>"
        ]
    ],
    "金甲": [
        "金甲",
        "Golden armour",
        "金色盔甲",
        [
            "金色",
            "盔甲",
            "铠甲",
            "甲胄",
            "银色",
            "蓝色",
            "白色",
            "红色",
            "黑色",
            "紫色",
            "头盔",
            "黄色",
            "粉红色",
            "深蓝色",
            "兵器",
            "斗篷",
            "铠",
            "盾牌",
            "护甲",
            "披风"
        ]
    ],
    "门前": [
        "门前",
        "immediate goalmouth",
        "直接守门员",
        [
            "直接",
            "守门员",
            "门将",
            "左后卫",
            "后卫",
            "前锋",
            "中后卫",
            "右后卫",
            "足球员",
            "中锋",
            "场上",
            "必要",
            "单独",
            "并不需要",
            "从外部",
            "如此一来",
            "实际上",
            "这样一来",
            "反之亦然",
            "同样"
        ]
    ],
    "各生": [
        "各生",
        "Each student",
        "每个学生",
        [
            "学生",
            "的学生",
            "师生",
            "教师",
            "许多学生",
            "同学",
            "教职员",
            "学校",
            "校内",
            "很多学生"
        ]
    ],
    "班班": [
        "班班",
        "Class class",
        "班级",
        [
            "班级",
            "全校",
            "学生",
            "学年",
            "高中学生",
            "全校学生",
            "男生",
            "高一",
            "高三",
            "高年级"
        ]
    ],
    "隐文": [
        "隐文",
        "Hidden text",
        "隐藏文字",
        [
            "隐藏",
            "文字",
            "书写",
            "文本",
            "手写",
            "楔形文字",
            "象形文字",
            "字词",
            "文句",
            "注释",
            "隐蔽",
            "注解",
            "伪装",
            "隐密",
            "黑影",
            "背后",
            "隐秘",
            "暗藏",
            "隐匿",
            "像是"
        ]
    ],
    "专车": [
        "专车",
        "Car",
        "汽车",
        [
            "汽车",
            "摩托车",
            "的汽车",
            "卡车",
            "轿车",
            "货车",
            "车主",
            "汽车公司",
            "小汽车",
            "车也"
        ]
    ],
    "作竹时": [
        "作竹时",
        "When making bamboo",
        "制作竹子时",
        [
            "制作",
            "竹子",
            "芦苇",
            "竹节",
            "原木",
            "木头",
            "制做",
            "创作",
            "录制",
            "葫芦",
            "剪辑",
            "桑树",
            "大树",
            "制作者",
            "摄制",
            "自制",
            "制作团队",
            "竹叶",
            "制作公司",
            "栽"
        ]
    ],
    "中小": [
        "中小",
        "Medium and small",
        "中小型",
        []
    ],
    "见角": [
        "见角",
        "See angle",
        "见角",
        []
    ],
    "离锦": [
        "离锦",
        "Leave brocade",
        "离开锦缎",
        [
            "离开",
            "锦缎",
            "离开了",
            "返回",
            "回到",
            "留在",
            "来到",
            "离去",
            "逃离",
            "进入",
            "重回",
            "绢",
            "丝绸",
            "绸",
            "缝制",
            "首饰",
            "布料",
            "绸缎",
            "衣料",
            "都用"
        ]
    ],
    "成行": [
        "成行",
        "In line",
        "成一直线",
        [
            "直线",
            "直角",
            "线段",
            "夹角",
            "切线",
            "度角",
            "平行",
            "中点",
            "圆周",
            "斜向"
        ]
    ],
    "婢仆": [
        "婢仆",
        "Servants and servants",
        "仆人和仆人",
        [
            "仆人",
            "主人",
            "佣人",
            "服侍",
            "奴仆",
            "仆役",
            "管家",
            "随从",
            "主子",
            "仆从"
        ]
    ],
    "初解": [
        "初解",
        "Initial solution",
        "初始解",
        [
            "解",
            "解法",
            "化简",
            "解出",
            "求得",
            "解是",
            "求",
            "所求",
            "由此可知",
            "二阶"
        ]
    ],
    "凤岂": [
        "凤岂",
        "Phoenix",
        "凤凰",
        [
            "凤凰",
            "大鹏",
            "麒麟",
            "龙神",
            "朝阳",
            "七星",
            "飞龙",
            "天马",
            "Pardosa",
            "</s>"
        ]
    ],
    "愁无食": [
        "愁无食",
        "Sorrow without food",
        "没有食物的悲伤",
        [
            "没有",
            "食物",
            "悲伤",
            "哀伤",
            "没",
            "忧伤",
            "并未",
            "悲痛",
            "无法",
            "伤心",
            "不会",
            "不能",
            "从未",
            "悲哀",
            "未",
            "思念",
            "没有人",
            "伤感",
            "很难",
            "难过",
            "忧郁",
            "肉类",
            "营养",
            "进食",
            "食用",
            "饲料",
            "粪便",
            "食材",
            "腐肉",
            "蜂蜜"
        ]
    ],
    "近舍": [
        "近舍",
        "Close quarters",
        "近距离",
        [
            "近距离",
            "远距离",
            "短距离",
            "近距",
            "快速移动",
            "长距离",
            "近战",
            "远距",
            "掩蔽",
            "并能"
        ]
    ],
    "傍穿": [
        "傍穿",
        "Side wear",
        "侧面磨损",
        [
            "侧面",
            "磨损",
            "前方",
            "上方",
            "前部",
            "侧边",
            "顶部",
            "下方",
            "破损",
            "外侧",
            "侵蚀",
            "损坏",
            "上部",
            "下部",
            "风化",
            "腐蚀",
            "断裂",
            "生锈",
            "变形",
            "松动"
        ]
    ],
    "壁": [
        "壁",
        "wall",
        "墙壁",
        [
            "墙壁",
            "天花板",
            "墙上",
            "窗户",
            "玻璃窗",
            "栏杆",
            "门窗",
            "墙面",
            "房顶",
            "木板"
        ]
    ],
    "外多": [
        "外多",
        "Outside",
        "在外面",
        [
            "外面",
            "进去",
            "里面",
            "角落",
            "好像",
            "外边",
            "窗子",
            "外头",
            "隔壁",
            "底下"
        ]
    ],
    "看皮": [
        "看皮",
        "Look at the skin",
        "看看皮肤",
        [
            "看看",
            "皮肤",
            "皮肤上",
            "表皮",
            "毛发",
            "想到",
            "肌肤",
            "黏膜",
            "眼部",
            "指甲",
            "是不是",
            "脸部",
            "面部",
            "刚才",
            "想想",
            "进去",
            "到底",
            "忘了",
            "就让",
            "再来"
        ]
    ],
    "琅玕": [
        "琅玕",
        "Langji",
        "姬阆",
        [
            "姬",
            "阆",
            "夔",
            "沔",
            "邠",
            "涪",
            "晴",
            "豳",
            "媛",
            "樱",
            "妹妹",
            "咲",
            "眉州",
            "绫",
            "梓",
            "千寻",
            "谠",
            "入蜀",
            "悠",
            "贞"
        ]
    ],
    "环立": [
        "环立",
        "Ring stand",
        "环形支架",
        [
            "环形",
            "支架",
            "螺栓",
            "铰链",
            "底座",
            "脚架",
            "铝制",
            "栓",
            "环型",
            "把手",
            "前端",
            "中空",
            "马蹄形",
            "环状",
            "圆形",
            "环路",
            "外侧",
            "外壁",
            "外环",
            "长条形"
        ]
    ],
    "枝半疏": [
        "枝半疏",
        "Branches half sparse",
        "分枝半稀疏",
        [
            "分枝",
            "稀疏",
            "茎",
            "花茎",
            "对生",
            "稠密",
            "单生",
            "密集",
            "叶缘",
            "枝条",
            "小叶",
            "稀少",
            "小枝",
            "叶为",
            "浓密",
            "细小",
            "零散",
            "极小",
            "均匀分布",
            "比较大"
        ]
    ],
    "龙方": [
        "龙方",
        "Long Fang",
        "龙方",
        []
    ],
    "喜有": [
        "喜有",
        "Happy to have",
        "很高兴有",
        [
            "高兴",
            "后悔",
            "吃惊",
            "生气",
            "十分高兴",
            "感到高兴",
            "感激",
            "欣慰",
            "欣喜",
            "就让"
        ]
    ],
    "孙": [
        "孙",
        "Sun",
        "太阳",
        [
            "太阳",
            "月亮",
            "木星",
            "天王星",
            "金星",
            "主星",
            "人马座",
            "星体",
            "织女星",
            "水星"
        ]
    ],
    "依堂": [
        "依堂",
        "Yitang",
        "唐毅",
        []
    ],
    "烟霁": [
        "烟霁",
        "Smoke Ji",
        "烟姬",
        []
    ],
    "抽簪": [
        "抽簪",
        "Pumped hairpin",
        "抽水发夹",
        [
            "抽水",
            "发夹",
            "抽水机",
            "水桶",
            "注水",
            "水车",
            "水泵",
            "弯",
            "吊车",
            "的水",
            "将水",
            "过水",
            "弯角",
            "尾端",
            "上会",
            "偶而",
            "都只",
            "萨多韦",
            "Pardosa",
            "</s>"
        ]
    ]
}