{
    "万神": [
        "万神",
        "All gods",
        "所有的神",
        [
            "神",
            "神灵",
            "祂",
            "神明",
            "天神",
            "神祇",
            "大神",
            "众神",
            "诸神",
            "天上"
        ]
    ],
    "骇": [
        "骇",
        "Terrible",
        "可怕的",
        [
            "可怕",
            "骇人",
            "吓人",
            "愚蠢",
            "难以置信",
            "奇怪",
            "悲惨",
            "噩梦",
            "荒谬",
            "好像"
        ]
    ],
    "伟士": [
        "伟士",
        "Weiss",
        "外斯",
        []
    ],
    "惠心": [
        "惠心",
        "Hui Xin",
        "慧欣",
        []
    ],
    "但未": [
        "但未",
        "But not yet",
        "但还没有",
        [
            "没有",
            "没",
            "并未",
            "无法",
            "不会",
            "不能",
            "从未",
            "未",
            "没有人",
            "很难"
        ]
    ],
    "污": [
        "污",
        "sewage",
        "污水",
        [
            "污水",
            "废水",
            "污泥",
            "废物",
            "污水处理厂",
            "用水",
            "垃圾",
            "污水处理",
            "自来水",
            "污染物"
        ]
    ],
    "羊羹": [
        "羊羹",
        "Sheep soup",
        "羊汤",
        []
    ],
    "石盘": [
        "石盘",
        "Stone plate",
        "石板",
        [
            "石板",
            "石头",
            "石柱",
            "砌成",
            "巨石",
            "一块",
            "石灰",
            "瓦片",
            "石质",
            "大块"
        ]
    ],
    "碎痕": [
        "碎痕",
        "Broken mark",
        "破损痕迹",
        [
            "破损",
            "痕迹",
            "损坏",
            "损毁",
            "剥落",
            "锈蚀",
            "毁损",
            "脱落",
            "漏水",
            "渗漏",
            "开裂",
            "伤痕",
            "印痕",
            "印记",
            "脚印",
            "残缺",
            "遗留",
            "坑洞",
            "残缺不全",
            "遗留下来"
        ]
    ],
    "坚石": [
        "坚石",
        "Hard stone",
        "坚硬的石头",
        [
            "坚硬",
            "石头",
            "石块",
            "木头",
            "柔软",
            "厚实",
            "一块",
            "粗糙",
            "结实",
            "泥土",
            "质地",
            "砖头",
            "石板",
            "粗大",
            "较厚",
            "巨石",
            "沙子",
            "中空",
            "石子",
            "坚韧"
        ]
    ],
    "四平": [
        "四平",
        "Siping",
        "四平",
        [
            "四平",
            "长春",
            "公主岭",
            "锦州",
            "营口",
            "齐齐哈尔",
            "中共军队",
            "吉林市",
            "锦西",
            "鞍山"
        ]
    ],
    "守道": [
        "守道",
        "Keep track",
        "注意动向",
        [
            "注意",
            "动向",
            "留意",
            "特别注意",
            "提醒",
            "敌情",
            "警惕",
            "行踪",
            "注意到",
            "肯定",
            "动静",
            "忽略",
            "最新消息",
            "去向",
            "的资讯",
            "获知",
            "真实情况",
            "全面性",
            "同样",
            "请注意"
        ]
    ],
    "支孤垒": [
        "支孤垒",
        "Isolated barrier",
        "隔离屏障",
        [
            "隔离",
            "屏障",
            "天然屏障",
            "阻隔",
            "隔绝",
            "隔断",
            "封闭",
            "强制",
            "分离",
            "战略要地",
            "第二道",
            "一道",
            "威慑",
            "外围",
            "监护",
            "永久性",
            "受控",
            "分开",
            "可避免",
            "两处"
        ]
    ],
    "雨洒": [
        "雨洒",
        "Rain shower",
        "阵雨",
        [
            "阵雨",
            "雷阵雨",
            "下雨",
            "小雨",
            "雷雨",
            "阴天",
            "雨天",
            "晴天",
            "盛夏",
            "飘雪"
        ]
    ],
    "扫苔": [
        "扫苔",
        "Sweep moss",
        "扫青苔",
        [
            "扫",
            "青苔",
            "荆棘",
            "长满",
            "杂草丛生",
            "布满",
            "洗",
            "吊",
            "大石",
            "遍地",
            "丛生",
            "弄",
            "滚",
            "放",
            "头",
            "榆树",
            "整片",
            "有多处",
            "大白",
            "</s>"
        ]
    ],
    "鏖兵": [
        "鏖兵",
        "Battle troops",
        "战斗部队",
        [
            "战斗部队",
            "部队",
            "地面部队",
            "作战部队",
            "海军陆战队",
            "的空军",
            "陆军部队",
            "航空部队",
            "支部队",
            "该部队"
        ]
    ],
    "一隅": [
        "一隅",
        "a corner",
        "角落",
        [
            "角落",
            "外面",
            "四周",
            "到处",
            "旁边",
            "里面",
            "墙边",
            "外边",
            "底下",
            "从前"
        ]
    ],
    "对敌": [
        "对敌",
        "Enemy",
        "敌军",
        [
            "敌军",
            "敌兵",
            "敌方",
            "友军",
            "守军",
            "敌人",
            "俄军",
            "敌",
            "曹军",
            "出其不意"
        ]
    ],
    "启枰": [
        "启枰",
        "Starting table",
        "起始表",
        [
            "起始",
            "表",
            "表格",
            "注记",
            "此表",
            "所列",
            "列于",
            "备注",
            "请注意",
            "接续",
            "详见",
            "算起",
            "是从",
            "同上",
            "开端",
            "应在",
            "都是在",
            "在在",
            "</s>",
            "Pardosa"
        ]
    ],
    "侵藓迹": [
        "侵藓迹",
        "Mosses invasion",
        "苔藓入侵",
        [
            "苔藓",
            "入侵",
            "侵略",
            "侵入",
            "进犯",
            "树干",
            "侵扰",
            "征服",
            "地衣",
            "吞并",
            "泥炭",
            "发动战争",
            "重新占领",
            "落叶",
            "树叶",
            "蕨类植物",
            "并吞",
            "针叶树",
            "维管束",
            "细枝"
        ]
    ],
    "荆朴": [
        "荆朴",
        "Jingpu",
        "普京",
        [
            "普京",
            "梅德韦杰夫",
            "叶利钦",
            "戈尔巴乔夫",
            "赫鲁晓夫",
            "纳扎尔巴耶夫",
            "弗拉基米尔·普京",
            "埃尔多安",
            "卢卡申科",
            "俄罗斯政府"
        ]
    ],
    "磨为子": [
        "磨为子",
        "Grinding into a child",
        "磨成一个孩子",
        [
            "磨成",
            "孩子",
            "小孩",
            "父母",
            "孩子们",
            "母亲",
            "女儿",
            "男孩",
            "兄弟姐妹",
            "父母亲",
            "夫妻俩",
            "切成",
            "烘烤",
            "烤",
            "制成",
            "研磨",
            "汁",
            "去皮",
            "磨制",
            "熟"
        ]
    ],
    "松落": [
        "松落",
        "pitch",
        "投",
        [
            "投",
            "转",
            "投到",
            "改投",
            "并转",
            "投效",
            "弃",
            "输",
            "季末",
            "2011年夏天"
        ]
    ],
    "交攻": [
        "交攻",
        "Cross attack",
        "交叉攻击",
        [
            "交叉",
            "攻击",
            "反击",
            "袭击",
            "突袭",
            "炮击",
            "偷袭",
            "拦截",
            "还击",
            "奇袭",
            "炮轰",
            "交叠",
            "平行",
            "横向",
            "接合",
            "交错",
            "斜向",
            "对角",
            "复合",
            "一个大"
        ]
    ],
    "收子": [
        "收子",
        "Receipts",
        "收入",
        [
            "收入",
            "收益",
            "总收入",
            "利润",
            "支出",
            "税收",
            "年收入",
            "盈余",
            "盈利",
            "补贴"
        ]
    ],
    "乱云根": [
        "乱云根",
        "Luanyun root",
        "栾云根",
        []
    ],
    "井绞": [
        "井绞",
        "Well heave",
        "井涌",
        []
    ],
    "砻": [
        "砻",
        "Long",
        "长的",
        [
            "长",
            "宽",
            "总长",
            "长三",
            "高约",
            "窄",
            "短",
            "较宽",
            "稍长",
            "粗大"
        ]
    ],
    "纽文": [
        "纽文",
        "Newman",
        "纽曼",
        [
            "纽曼",
            "福勒",
            "米勒",
            "安德森",
            "西蒙斯",
            "弗莱明",
            "罗素",
            "考克斯",
            "鲍尔",
            "霍尔"
        ]
    ],
    "铸龟": [
        "铸龟",
        "Cast turtle",
        "铸造海龟",
        [
            "铸造",
            "海龟",
            "铸",
            "海洋生物",
            "鲨鱼",
            "铸币",
            "铸成",
            "龙虾",
            "海牛",
            "海鸟",
            "虎鲸",
            "铜制",
            "螃蟹",
            "铜币",
            "铸铁",
            "乌龟",
            "造币",
            "儒艮",
            "铜质",
            "银制"
        ]
    ],
    "封爵": [
        "封爵",
        "Honour",
        "荣誉",
        [
            "荣誉",
            "荣誉奖",
            "颁发",
            "殊荣",
            "荣衔",
            "名誉博士",
            "名誉",
            "获奖者",
            "金质奖章",
            "桂冠"
        ]
    ],
    "铸金": [
        "铸金",
        "Cast gold",
        "铸造金",
        [
            "铸造",
            "铸",
            "铸币",
            "铸成",
            "铜制",
            "铜币",
            "铸铁",
            "造币",
            "铜质",
            "银制"
        ]
    ],
    "鹊化": [
        "鹊化",
        "Magpie",
        "喜鹊",
        [
            "喜鹊",
            "乌鸦",
            "红嘴",
            "雁",
            "老虎",
            "渡鸦",
            "白头翁",
            "燕子",
            "白头",
            "大白"
        ]
    ],
    "有章": [
        "有章",
        "Chapter",
        "回",
        [
            "回",
            "返",
            "回来",
            "回去",
            "完",
            "归来",
            "回老家",
            "起程",
            "终",
            "下回"
        ]
    ],
    "荣贵": [
        "荣贵",
        "Ronggui",
        "容桂",
        [
            "容桂",
            "清溪镇",
            "顺德",
            "赤溪",
            "江门市",
            "新会",
            "汕头市",
            "太平镇",
            "新圩镇",
            "江门"
        ]
    ],
    "忠信": [
        "忠信",
        "Faithful faith",
        "忠诚的信念",
        [
            "忠诚",
            "信念",
            "忠心",
            "价值观",
            "意志",
            "精神",
            "理性",
            "坚定",
            "观念",
            "忠于",
            "真理",
            "本质",
            "真诚",
            "正直",
            "谦逊",
            "衷心",
            "负责任",
            "坚信",
            "不屈不挠",
            "忠贞"
        ]
    ],
    "如斗": [
        "如斗",
        "Such as bucket",
        "如水桶",
        [
            "水桶",
            "盘子",
            "一桶",
            "蜡烛",
            "泥浆",
            "开水",
            "水槽",
            "浴缸",
            "的水",
            "火炉"
        ]
    ],
    "借爵": [
        "借爵",
        "Borrow Jue",
        "借爵",
        []
    ],
    "鹊瑞": [
        "鹊瑞",
        "Maguire",
        "马奎尔",
        [
            "马",
            "奎尔",
            "吉尔",
            "两匹",
            "艾力克",
            "雷克斯",
            "凯尔",
            "马和",
            "辛格",
            "牛",
            "驼",
            "尼尔",
            "安德森",
            "西蒙",
            "一匹马",
            "布洛克",
            "马在",
            "白马",
            "福",
            "</s>"
        ]
    ],
    "细腻": [
        "细腻",
        "Exquisite",
        "精致的",
        [
            "精致",
            "精美",
            "精巧",
            "精细",
            "华丽",
            "细致",
            "新颖",
            "优雅",
            "气派",
            "典雅"
        ]
    ],
    "龟顾": [
        "龟顾",
        "Turtle care",
        "海龟护理",
        [
            "海龟",
            "护理",
            "保健",
            "海洋生物",
            "照护",
            "鲨鱼",
            "医疗",
            "龙虾",
            "诊疗",
            "海牛",
            "海鸟",
            "虎鲸",
            "医护",
            "卫生",
            "螃蟹",
            "乌龟",
            "护理人员",
            "儒艮",
            "看护",
            "眼科"
        ]
    ],
    "镌刻": [
        "镌刻",
        "engrave",
        "铭记",
        [
            "铭记",
            "缅怀",
            "称颂",
            "追念",
            "赞颂",
            "颂扬",
            "长存",
            "不忘",
            "光荣",
            "座右铭"
        ]
    ],
    "不盈": [
        "不盈",
        "No gain",
        "没有收获",
        [
            "没有",
            "收获",
            "没",
            "并未",
            "无法",
            "不会",
            "不能",
            "从未",
            "未",
            "没有人",
            "很难",
            "进账",
            "收成",
            "进帐",
            "入账",
            "赚得",
            "整年",
            "取得成功",
            "获得好评",
            "翻身"
        ]
    ],
    "二寸": [
        "二寸",
        "Two inches",
        "两英寸",
        []
    ],
    "面函": [
        "面函",
        "Face function",
        "面函数",
        [
            "面",
            "函数",
            "变量",
            "表达式",
            "面的",
            "算子",
            "参数",
            "formula_",
            "线性",
            "数组",
            "变数",
            "给定",
            "面上",
            "四面",
            "面有",
            "两方",
            "侧",
            "大面",
            "菱形",
            "两道"
        ]
    ],
    "篆纽": [
        "篆纽",
        "Seal button",
        "密封按钮",
        [
            "密封",
            "按钮",
            "按键",
            "容器",
            "遥控器",
            "手柄",
            "屏幕",
            "滑鼠",
            "按住",
            "开关",
            "按动",
            "操纵杆",
            "密闭",
            "加压",
            "贮存",
            "装入",
            "中空",
            "物料",
            "填充",
            "盖子"
        ]
    ],
    "龟灵": [
        "龟灵",
        "Turtle spirit",
        "海龟精神",
        [
            "海龟",
            "精神",
            "信念",
            "人格",
            "意识",
            "海洋生物",
            "鲨鱼",
            "尊严",
            "精神上",
            "思维",
            "龙虾",
            "自觉",
            "海牛",
            "海鸟",
            "虎鲸",
            "良知",
            "美德",
            "螃蟹",
            "乌龟",
            "儒艮"
        ]
    ],
    "银朱": [
        "银朱",
        "vermilion",
        "朱红色",
        [
            "朱红色",
            "深红色",
            "暗红色",
            "墨绿色",
            "紫红色",
            "橙红色",
            "桃红色",
            "淡蓝色",
            "茶色",
            "橘红色"
        ]
    ],
    "篆字": [
        "篆字",
        "Seal character",
        "密封字符",
        [
            "密封",
            "字符",
            "字符串",
            "容器",
            "个字符",
            "字节",
            "Unicode",
            "codice_",
            "大写字母",
            "空格",
            "符号",
            "小写字母",
            "密闭",
            "加压",
            "贮存",
            "装入",
            "中空",
            "物料",
            "填充",
            "盖子"
        ]
    ],
    "函封": [
        "函封",
        "Seal with the box",
        "用盒子密封",
        [
            "盒子",
            "密封",
            "容器",
            "盒",
            "箱子",
            "密闭",
            "加压",
            "袋子",
            "贮存",
            "装入",
            "抽屉",
            "中空",
            "物料",
            "盖子",
            "盘子",
            "柜子",
            "木箱",
            "填充",
            "桌面上"
        ]
    ],
    "未丧": [
        "未丧",
        "Not lost",
        "没有迷路",
        [
            "没有",
            "迷路",
            "没",
            "并未",
            "无法",
            "不会",
            "不能",
            "从未",
            "未",
            "没有人",
            "很难",
            "风雪",
            "旅人",
            "走失",
            "误入",
            "雪地",
            "碰到",
            "迷途",
            "某种原因",
            "恰巧"
        ]
    ],
    "阴有": [
        "阴有",
        "Yin has",
        "尹有",
        []
    ],
    "龟文": [
        "龟文",
        "Turtle script",
        "海龟脚本",
        [
            "海龟",
            "脚本",
            "剧本",
            "海洋生物",
            "鲨鱼",
            "分镜",
            "JavaScript",
            "龙虾",
            "海牛",
            "海鸟",
            "脚本语言",
            "程序员",
            "虎鲸",
            "螃蟹",
            "CGI",
            "开发人员",
            "乌龟",
            "原作者",
            "儒艮",
            "制作者"
        ]
    ],
    "帝缄": [
        "帝缄",
        "Emperor's silence",
        "皇帝的沉默",
        [
            "皇帝",
            "沉默",
            "登基",
            "君主",
            "帝",
            "太后",
            "臣民",
            "诸王",
            "帝王",
            "朝臣",
            "臣子",
            "绝望",
            "孤独",
            "噩梦",
            "心碎",
            "寂静",
            "梦魇",
            "呐喊",
            "无声",
            "无论如何"
        ]
    ],
    "金缕细": [
        "金缕细",
        "Gold wisp",
        "金缕",
        [
            "金缕",
            "梅科",
            "香木",
            "帚",
            "缨",
            "白皮",
            "花红",
            "黄杨",
            "木棉",
            "清风"
        ]
    ],
    "雀马": [
        "雀马",
        "Sparrow horse",
        "麻雀马",
        [
            "麻雀",
            "马",
            "麻将",
            "两匹",
            "金鱼",
            "马和",
            "牛",
            "驼",
            "花牌",
            "一匹马",
            "老虎",
            "马在",
            "白马",
            "大头",
            "蟋蟀",
            "蚊子",
            "福",
            "燕子",
            "大白",
            "</s>"
        ]
    ],
    "军政": [
        "军政",
        "Military and political",
        "军事和政治",
        [
            "军事",
            "政治",
            "军事战略",
            "在政治上",
            "国防",
            "外交",
            "战略",
            "军事力量",
            "政治经济",
            "意识形态",
            "内政",
            "防卫",
            "政客",
            "自由派",
            "联合作战",
            "国际关系",
            "政治性",
            "和平时期",
            "社会变革",
            "当权者"
        ]
    ],
    "长随": [
        "长随",
        "Long following",
        "长期跟踪",
        [
            "长期",
            "跟踪",
            "追踪",
            "长年",
            "一直",
            "监视",
            "搜索",
            "长时间",
            "监控",
            "行踪",
            "仍然",
            "尾随",
            "长期以来",
            "依然",
            "藏身处",
            "伪装成",
            "经常性",
            "近十年",
            "伪装",
            "曾一度"
        ]
    ],
    "朱绶贵": [
        "朱绶贵",
        "Zhu Shougui",
        "朱守贵",
        []
    ],
    "刓封": [
        "刓封",
        "Cut seal",
        "切割密封",
        [
            "切割",
            "密封",
            "容器",
            "密闭",
            "加压",
            "切割成",
            "贮存",
            "装入",
            "挤压",
            "研磨",
            "切削",
            "切开",
            "中空",
            "物料",
            "填充",
            "接合",
            "整块",
            "盖子",
            "切出",
            "大块"
        ]
    ],
    "留项": [
        "留项",
        "Leave items",
        "留下物品",
        [
            "留下",
            "物品",
            "道具",
            "留给",
            "留下来",
            "衣物",
            "日常用品",
            "宝物",
            "物件",
            "留有",
            "器具",
            "饰品",
            "餐具",
            "件物品",
            "遗失",
            "遗留",
            "丢失",
            "遗留下来",
            "埋没",
            "遗留下"
        ]
    ],
    "籍": [
        "籍",
        "record",
        "记录",
        [
            "记录",
            "纪录",
            "历史记录",
            "记录下来",
            "历史纪录",
            "日志",
            "记事",
            "详细描述",
            "就有",
            "据信"
        ]
    ],
    "天印": [
        "天印",
        "Sky print",
        "天空印记",
        [
            "天空",
            "印记",
            "夜空",
            "星空",
            "月亮",
            "地平线",
            "烙印",
            "星辰",
            "黑夜",
            "纹身",
            "星星",
            "闪耀",
            "流星",
            "伤疤",
            "烙",
            "光辉",
            "从前",
            "----",
            "在在",
            "</s>"
        ]
    ],
    "玉文长": [
        "玉文长",
        "Yuwenchang",
        "宇文畅",
        [
            "宇文",
            "畅",
            "杨坚",
            "宇文泰",
            "慕容",
            "独孤信",
            "高欢",
            "宇文化及",
            "宇文护",
            "北周",
            "李元",
            "逸",
            "裕",
            "婉",
            "衷",
            "流芳",
            "湛",
            "引",
            "容",
            "</s>"
        ]
    ],
    "龟蛇": [
        "龟蛇",
        "Turtle snake",
        "龟蛇",
        []
    ],
    "辨国章": [
        "辨国章",
        "Distinguish the national seal",
        "辨别国玺",
        [
            "辨别",
            "国玺",
            "分辨",
            "辨识",
            "辨认",
            "识别",
            "鉴别",
            "判断",
            "区分",
            "印信",
            "判别",
            "看出",
            "玺",
            "特准",
            "阿尔邦",
            "二王",
            "时则",
            "</s>",
            "Pardosa",
            "<tr>"
        ]
    ],
    "惯守": [
        "惯守",
        "Habitual guard",
        "习惯性守卫",
        [
            "习惯性",
            "守卫",
            "把守",
            "看守",
            "卫兵",
            "驻守",
            "护卫",
            "警卫",
            "驻扎",
            "城外",
            "戒备森严",
            "嘲弄",
            "常常",
            "比如说",
            "众所周知",
            "同样",
            "惯常",
            "；也",
            "</s>",
            "Pardosa"
        ]
    ],
    "销印": [
        "销印",
        "Pin printing",
        "针式印刷",
        [
            "印刷",
            "印刷品",
            "印制",
            "装订",
            "纸张",
            "铅字",
            "印刷机",
            "印刷技术",
            "影印",
            "印刷厂"
        ]
    ],
    "鲰": [
        "鲰",
        "Pomfret",
        "鲳鱼",
        []
    ],
    "聊收": [
        "聊收",
        "Talk to me",
        "跟我说话",
        [
            "说话",
            "说出",
            "交谈",
            "言语",
            "讲出",
            "讲",
            "说谎",
            "好像",
            "话语",
            "咒骂"
        ]
    ],
    "寒斋": [
        "寒斋",
        "Han Zhai",
        "韩宅",
        []
    ],
    "煮茶": [
        "煮茶",
        "Cooking tea",
        "煮茶",
        []
    ],
    "水火": [
        "水火",
        "extreme misery",
        "极度痛苦",
        [
            "极度",
            "痛苦",
            "伤痛",
            "极为",
            "极其",
            "悲伤",
            "苦难",
            "十分",
            "折磨",
            "苦痛",
            "恐惧",
            "苦恼",
            "病痛",
            "绝望",
            "极不",
            "愈发",
            "过分",
            "近乎",
            "却是",
            "以致于"
        ]
    ],
    "盈虚": [
        "盈虚",
        "Surplus virtual",
        "剩余虚拟",
        [
            "剩余",
            "虚拟",
            "剩下",
            "余下",
            "虚拟世界",
            "全数",
            "模拟",
            "实体",
            "真实世界",
            "云端",
            "一小",
            "ID",
            "多余",
            "只剩",
            "剩",
            "悉数",
            "终端",
            "绑定",
            "这样一来",
            "各种类型"
        ]
    ],
    "趋热": [
        "趋热",
        "Warming up",
        "预热",
        [
            "预热",
            "加压",
            "点火",
            "冷气",
            "吸热",
            "挤出",
            "气化",
            "沸腾",
            "机内",
            "定时"
        ]
    ],
    "炎上": [
        "炎上",
        "Yan Shang",
        "商演",
        []
    ],
    "蝇声": [
        "蝇声",
        "Fly noise",
        "飞行噪声",
        [
            "飞行",
            "噪声",
            "飞行中",
            "滑翔",
            "飞行器",
            "杂讯",
            "滑行",
            "着陆",
            "飞机",
            "噪音",
            "航空器",
            "频率",
            "跳伞",
            "起飞",
            "阻尼",
            "失真",
            "谐波",
            "频谱",
            "信道",
            "增益"
        ]
    ],
    "天籁": [
        "天籁",
        "TEANA",
        "茶叶协会",
        [
            "茶叶",
            "协会",
            "该协会",
            "联合会",
            "茶",
            "Association",
            "原料",
            "棉花",
            "总会",
            "烟草",
            "布匹",
            "烟叶",
            "学会",
            "基金会",
            "蔗糖",
            "理事会",
            "大米",
            "茶商",
            "创会",
            "该学会"
        ]
    ],
    "活火": [
        "活火",
        "Live fire",
        "实弹射击",
        [
            "实弹射击",
            "实战",
            "实弹",
            "射击训练",
            "军训",
            "配发",
            "海军陆战队",
            "制式化",
            "中型机",
            "迫击"
        ]
    ],
    "烧栗": [
        "烧栗",
        "Burning chestnut",
        "燃烧栗子",
        [
            "燃烧",
            "栗子",
            "自燃",
            "点燃",
            "火焰",
            "点火",
            "挥发",
            "着火",
            "氢气",
            "熔化",
            "氮气",
            "豌豆",
            "泡菜",
            "萝卜",
            "豆皮",
            "蜜糖",
            "红豆",
            "籽",
            "蒲公英",
            "草莓"
        ]
    ],
    "银瓶": [
        "银瓶",
        "silver pot",
        "银锅",
        []
    ],
    "炙手": [
        "炙手",
        "Hot shot",
        "过热",
        [
            "过热",
            "短路",
            "失效",
            "高热",
            "损耗",
            "熄火",
            "机件",
            "冒烟",
            "过载",
            "出现异常"
        ]
    ],
    "喧寂": [
        "喧寂",
        "Loud silence",
        "大声的沉默",
        [
            "大声",
            "沉默",
            "大叫",
            "大喊",
            "高声",
            "听见",
            "呼喊",
            "台下",
            "起身",
            "低头",
            "叫喊",
            "绝望",
            "孤独",
            "噩梦",
            "心碎",
            "寂静",
            "梦魇",
            "呐喊",
            "无声",
            "无论如何"
        ]
    ],
    "冷暖": [
        "冷暖",
        "Cold and warm",
        "寒冷和温暖",
        [
            "寒冷",
            "温暖",
            "严寒",
            "炎热",
            "潮湿",
            "凉爽",
            "冬天",
            "暖和",
            "酷热",
            "较冷",
            "吹拂",
            "夏天",
            "宁静",
            "一年四季"
        ]
    ],
    "翠焰": [
        "翠焰",
        "Cui Yan",
        "崔琰",
        []
    ],
    "热中": [
        "热中",
        "Thermal",
        "热的",
        [
            "热",
            "冷",
            "刺",
            "热力",
            "热和",
            "波",
            "高热",
            "微",
            "温",
            "圣万桑"
        ]
    ],
    "凤琴": [
        "凤琴",
        "Feng Qin",
        "冯琴",
        []
    ],
    "鸣咽": [
        "鸣咽",
        "Loud pharynx",
        "大声咽",
        [
            "大声",
            "咽",
            "大叫",
            "大喊",
            "高声",
            "听见",
            "呼喊",
            "鼻腔",
            "台下",
            "起身",
            "低头",
            "舌",
            "叫喊",
            "舌头",
            "鼓膜",
            "喉",
            "口腔",
            "突",
            "颊",
            "口部"
        ]
    ],
    "蟪蛄": [
        "蟪蛄",
        "Mitochondria",
        "线粒体",
        [
            "线粒体",
            "细胞核",
            "细胞质",
            "真核细胞",
            "细胞内",
            "叶绿体",
            "核糖体",
            "真核生物",
            "磷酸化",
            "肝细胞"
        ]
    ],
    "支颐": [
        "支颐",
        "cup one's check in the hand",
        "手中拿着支票",
        [
            "手中",
            "拿着",
            "支票",
            "手里",
            "手上",
            "拿著",
            "拿起",
            "手拿",
            "收据",
            "现金",
            "带着",
            "拿走",
            "本票",
            "指着",
            "拿出",
            "带上",
            "单据",
            "背着",
            "票据",
            "银行帐户",
            "控制权",
            "保证金",
            "发票",
            "帐单",
            "交给",
            "主导权",
            "赶走",
            "据为己有",
            "占为己有",
            "还给"
        ]
    ],
    "热烘": [
        "热烘",
        "Hot baking",
        "热烘烤",
        [
            "热",
            "烘烤",
            "烤制",
            "面团",
            "配料",
            "煮熟",
            "烤",
            "烹煮",
            "面糊",
            "加水",
            "奶油",
            "冷",
            "刺",
            "热力",
            "热和",
            "波",
            "高热",
            "微",
            "温",
            "圣万桑"
        ]
    ],
    "坐褥": [
        "坐褥",
        "Sitting mattress",
        "坐褥垫",
        [
            "坐",
            "跪",
            "抬",
            "坐着",
            "坐下",
            "驾",
            "厢",
            "吊",
            "只见",
            "仰"
        ]
    ],
    "挽回": [
        "挽回",
        "redeem",
        "履行",
        [
            "履行",
            "遵守",
            "承担",
            "义务",
            "行使",
            "负起",
            "兑现",
            "信守",
            "应尽",
            "强制执行"
        ]
    ],
    "光折": [
        "光折",
        "Light folding",
        "轻折叠",
        [
            "轻",
            "折叠",
            "拉链",
            "接合",
            "螺旋",
            "重",
            "卷曲",
            "翻转",
            "粘贴",
            "剪切",
            "支架",
            "前端",
            "较重",
            "少",
            "驭",
            "基本型",
            "重为",
            "纯",
            "整体而言",
            "</s>"
        ]
    ],
    "草蚓": [
        "草蚓",
        "Grass worm",
        "草虫",
        []
    ],
    "激扬": [
        "激扬",
        "Jiyang",
        "济阳",
        [
            "济阳",
            "陈留",
            "淮阳",
            "汝南",
            "兰陵",
            "丹阳",
            "东阳",
            "宁海",
            "乐安",
            "新阳"
        ]
    ],
    "蚯蚓": [
        "蚯蚓",
        "Earthworm",
        "蚯蚓",
        [
            "蚯蚓",
            "昆虫",
            "蚂蚁",
            "蚊子",
            "毛虫",
            "蜘蛛",
            "蝌蚪",
            "小动物",
            "菌类",
            "蝎子"
        ]
    ],
    "拥褐边": [
        "拥褐边",
        "Brown edge",
        "棕色边",
        [
            "棕色",
            "褐色",
            "黄褐色",
            "灰色",
            "红褐色",
            "浅黄色",
            "紫色",
            "灰褐色",
            "黄色",
            "棕黄色"
        ]
    ],
    "暖透": [
        "暖透",
        "Warm through",
        "温暖通过",
        [
            "温暖",
            "寒冷",
            "凉爽",
            "暖和",
            "炎热",
            "较冷",
            "吹拂",
            "夏天",
            "宁静",
            "一年四季"
        ]
    ],
    "撩起": [
        "撩起",
        "Lift up",
        "举起",
        [
            "举起",
            "高举",
            "挥舞",
            "挥动",
            "竖起",
            "拿起",
            "高呼",
            "大喊",
            "抬起",
            "拉起"
        ]
    ]
}