{
    "铺翠影": [
        "铺翠影",
        "Shop Cuiying",
        "崔莹商店",
        [
            "崔莹",
            "商店",
            "店铺",
            "的商店",
            "超市",
            "店面",
            "百货公司",
            "零售店",
            "餐馆",
            "小店",
            "商家",
            "黄海道",
            "义州",
            "忠清",
            "全罗道",
            "恭愍王",
            "江原",
            "岛津义弘",
            "晋州",
            "安东"
        ]
    ],
    "坠寒": [
        "坠寒",
        "Falling cold",
        "冷下来",
        []
    ],
    "枝森": [
        "枝森",
        "Jason",
        "詹森",
        [
            "詹森",
            "威尔逊",
            "甘迺迪",
            "亨德森",
            "巴特勒",
            "柯林斯",
            "克拉克",
            "米勒",
            "罗宾逊",
            "桑德斯"
        ]
    ],
    "青玉": [
        "青玉",
        "sapphire",
        "蓝宝石",
        [
            "蓝宝石",
            "红宝石",
            "钻石",
            "宝石",
            "绿宝石",
            "紫水晶",
            "水晶",
            "翡翠",
            "玛瑙",
            "珍珠"
        ]
    ],
    "蜂度影": [
        "蜂度影",
        "Bee shadow",
        "阴影",
        [
            "阴影",
            "黑暗",
            "阴霾",
            "边缘",
            "光环",
            "影子",
            "镜子",
            "双眼",
            "噩梦",
            "恶梦"
        ]
    ],
    "叶影": [
        "叶影",
        "Leaf shadow",
        "叶阴影",
        [
            "叶",
            "阴影",
            "小叶",
            "萼",
            "苞",
            "枝",
            "黑暗",
            "梗",
            "阴霾",
            "果",
            "三叶",
            "叶为",
            "边缘",
            "光环",
            "影子",
            "茸",
            "镜子",
            "双眼",
            "噩梦",
            "恶梦"
        ]
    ],
    "乱稠叠": [
        "乱稠叠",
        "Thickened stack",
        "加厚烟囱",
        [
            "加厚",
            "烟囱",
            "舰桥",
            "排气管",
            "排气口",
            "排烟",
            "船首",
            "玻璃窗",
            "加高",
            "通风口",
            "加宽",
            "水塔",
            "接合处",
            "房顶",
            "支架",
            "硬质",
            "外露",
            "前部",
            "侧面",
            "略作"
        ]
    ],
    "凤干": [
        "凤干",
        "Phoenix stem",
        "凤凰茎",
        [
            "凤凰",
            "茎",
            "枝条",
            "分枝",
            "花茎",
            "叶柄",
            "根茎",
            "花柱",
            "叶子",
            "小叶",
            "叶",
            "大鹏",
            "麒麟",
            "龙神",
            "朝阳",
            "七星",
            "飞龙",
            "天马",
            "Pardosa",
            "</s>"
        ]
    ],
    "菶菶": [
        "菶菶",
        "Chun - wan",
        "春湾",
        []
    ],
    "参猗漆": [
        "参猗漆",
        "Ginseng lacquer",
        "人参漆",
        [
            "人参",
            "漆",
            "药材",
            "涂",
            "金箔",
            "油漆",
            "涂漆",
            "籽",
            "砚",
            "料",
            "灵芝",
            "当归",
            "嵌",
            "肉桂",
            "大豆",
            "大蒜",
            "毯",
            "大黄",
            "荞麦",
            "裹"
        ]
    ],
    "生怜": [
        "生怜",
        "Raw flow",
        "原始流量",
        [
            "原始",
            "流量",
            "水量",
            "每秒",
            "水流量",
            "流速",
            "完整",
            "容量",
            "量",
            "输水",
            "容量大",
            "早期",
            "每秒钟",
            "类似",
            "重构",
            "零碎",
            "更早",
            "独有",
            "许多现代",
            "值得注意"
        ]
    ],
    "所": [
        "所",
        "The",
        "这",
        []
    ],
    "叶剪": [
        "叶剪",
        "Leaf shear",
        "叶剪",
        []
    ],
    "碧罗": [
        "碧罗",
        "Biro",
        "比罗",
        [
            "比罗",
            "金刀",
            "德岛",
            "老松",
            "高松",
            "高冈",
            "那霸市",
            "极乐寺",
            "明石",
            "来由"
        ]
    ],
    "凤栖阴": [
        "凤栖阴",
        "Fengqi yin",
        "丰气饮",
        [
            "饮",
            "醉",
            "喝",
            "酒",
            "饮酒",
            "酣",
            "浴",
            "尝",
            "啖",
            "茶"
        ]
    ],
    "雍雍": [
        "雍雍",
        "Yong Yong",
        "勇勇",
        []
    ],
    "死欲": [
        "死欲",
        "Death desire",
        "死亡欲望",
        [
            "死亡",
            "欲望",
            "丧生",
            "性欲",
            "失踪",
            "丧命",
            "诱惑",
            "渴望",
            "人性",
            "致死",
            "本能",
            "情欲",
            "冲动",
            "幸存者",
            "生还",
            "贪欲",
            "遇害",
            "精神上",
            "死亡者",
            "被害"
        ]
    ],
    "扬其声": [
        "扬其声",
        "Raise its voice",
        "提高声音",
        [
            "提高",
            "声音",
            "提升",
            "降低",
            "增加",
            "大大提高",
            "大幅提高",
            "进一步提高",
            "减少",
            "声响",
            "减低",
            "更高",
            "歌声",
            "笑声",
            "人声",
            "感觉",
            "音调",
            "刺耳",
            "沙哑",
            "声效"
        ]
    ],
    "新柳": [
        "新柳",
        "New willow",
        "新柳树",
        [
            "新",
            "柳树",
            "新的",
            "榆树",
            "松树",
            "柏树",
            "枫树",
            "枫香",
            "桑树",
            "槐树",
            "青草",
            "菱角",
            "原先",
            "另行",
            "最初",
            "一新",
            "从新",
            "取而代之",
            "新近",
            "上新"
        ]
    ],
    "舞腰": [
        "舞腰",
        "Dance waist",
        "跳舞腰",
        [
            "跳舞",
            "腰",
            "唱歌",
            "肩",
            "表演",
            "袖",
            "膝",
            "弹吉他",
            "颈",
            "背",
            "唱歌跳舞",
            "舞者",
            "弹钢琴",
            "玩乐",
            "表演者",
            "接吻",
            "肘",
            "缠",
            "眉",
            "后背"
        ]
    ],
    "暖律": [
        "暖律",
        "Warm law",
        "温定律",
        [
            "温",
            "定律",
            "方程",
            "公式",
            "相对论",
            "原理",
            "广义相对论",
            "热力学",
            "关系式",
            "洛仑兹",
            "法则",
            "甘",
            "辛",
            "嫩",
            "容",
            "特为",
            "先为",
            "都于",
            "</s>",
            "Pardosa"
        ]
    ],
    "舒眼倦": [
        "舒眼倦",
        "Shuyan tired eyes",
        "晏殊疲惫的眼睛",
        [
            "晏殊",
            "疲惫",
            "眼睛",
            "双眼",
            "疲乏",
            "瞳孔",
            "耳朵",
            "疲累",
            "鼻子",
            "嘴唇",
            "额头",
            "眼球",
            "疲倦",
            "嘴巴",
            "疲惫不堪",
            "胸部",
            "虚弱",
            "沮丧",
            "欧阳修",
            "惊恐",
            "筋疲力尽",
            "气馁",
            "苏轼",
            "张载",
            "刘禹锡",
            "范仲淹",
            "黄庭坚",
            "宋人",
            "风雅",
            "唐人"
        ]
    ],
    "方乍展": [
        "方乍展",
        "Party exhibition",
        "派对展览",
        [
            "派对",
            "展览",
            "展出",
            "展览会",
            "舞会",
            "展会",
            "生日派对",
            "狂欢",
            "展",
            "展览馆",
            "展示",
            "展馆",
            "展品",
            "宴会",
            "展场",
            "聚会",
            "晚宴",
            "约会",
            "嘉年华",
            "万圣节"
        ]
    ],
    "顿添": [
        "顿添",
        "Dundee",
        "邓迪",
        [
            "邓迪",
            "德文郡",
            "肯特郡",
            "布里斯托尔",
            "埃克塞特",
            "雷丁",
            "阿伯丁",
            "德比郡",
            "谢菲尔德",
            "南安普敦"
        ]
    ],
    "今岁": [
        "今岁",
        "This year",
        "今年",
        [
            "今年",
            "去年",
            "本年",
            "月份",
            "明年",
            "来年",
            "本年度",
            "当年",
            "月内",
            "上周"
        ]
    ],
    "似旧": [
        "似旧",
        "Like old",
        "像旧的一样",
        [
            "旧",
            "原有",
            "新",
            "原来",
            "上新",
            "原先",
            "原本",
            "从新",
            "从前",
            "才将"
        ]
    ],
    "描金": [
        "描金",
        "trace a design in gold",
        "用黄金描绘图案",
        [
            "黄金",
            "描绘",
            "图案",
            "刻画",
            "描写",
            "描画",
            "描绘出",
            "花纹",
            "图样",
            "描述",
            "纹饰",
            "描绘成",
            "标志",
            "样式",
            "背面",
            "描摹",
            "几何图形",
            "宝石",
            "刻划",
            "金色",
            "装饰物",
            "再现",
            "白银",
            "贵金属",
            "钻石",
            "黄金和",
            "绿宝石",
            "玉石",
            "蓝宝石",
            "金子"
        ]
    ],
    "全施": [
        "全施",
        "Full application",
        "完全应用",
        [
            "完全",
            "应用",
            "应用于",
            "几乎",
            "基本上",
            "应用领域",
            "广泛应用",
            "实际上",
            "领域",
            "运用于",
            "仅仅",
            "无论如何",
            "全然",
            "运用",
            "实质上",
            "显然",
            "只不过",
            "分析方法",
            "系统设计",
            "技术的发展"
        ]
    ],
    "低柔": [
        "低柔",
        "Low softness",
        "低柔软度",
        [
            "低",
            "较低",
            "较高",
            "高",
            "更高",
            "极低",
            "很低",
            "高于",
            "偏高",
            "较差"
        ]
    ],
    "聂聂": [
        "聂聂",
        "Nie nie",
        "聂越",
        []
    ],
    "蜀道": [
        "蜀道",
        "Shu Dao",
        "舒岛",
        []
    ],
    "偏润": [
        "偏润",
        "Partial lubrication",
        "部分润滑",
        [
            "部分",
            "润滑",
            "部份",
            "大部分",
            "润滑剂",
            "一小",
            "润滑油",
            "轴承",
            "机油",
            "其余部分",
            "外",
            "大多",
            "之外",
            "热处理",
            "以外",
            "均",
            "通气",
            "弹性体",
            "油脂",
            "机械性"
        ]
    ],
    "恍若": [
        "恍若",
        "seem",
        "似乎",
        [
            "似乎",
            "或许",
            "也许",
            "显然",
            "无论如何",
            "确实",
            "只不过",
            "看来",
            "其实",
            "却是"
        ]
    ],
    "情霞": [
        "情霞",
        "Qing Xia",
        "夏青",
        []
    ],
    "无留": [
        "无留",
        "No stay",
        "不留下",
        [
            "留下",
            "留给",
            "留下来",
            "留有",
            "遗失",
            "遗留",
            "丢失",
            "遗留下来",
            "埋没",
            "遗留下"
        ]
    ],
    "波正": [
        "波正",
        "Wave positive",
        "波正",
        []
    ],
    "乱霞": [
        "乱霞",
        "Chaos",
        "混乱",
        [
            "混乱",
            "恐慌",
            "动荡",
            "纷乱",
            "混乱状态",
            "动荡不安",
            "不安",
            "大乱",
            "动乱",
            "慌乱"
        ]
    ],
    "收新雨": [
        "收新雨",
        "Collect new rain",
        "收集新的雨水",
        [
            "收集",
            "新的",
            "雨水",
            "搜集",
            "新",
            "河水",
            "重新",
            "水气",
            "的水",
            "地下水",
            "水分",
            "湿气",
            "泥土",
            "沙土",
            "水",
            "整理",
            "获取",
            "利用",
            "采集",
            "最初",
            "原先",
            "更进一步",
            "取而代之",
            "查阅",
            "属于自己",
            "抽取",
            "一新",
            "搜罗",
            "在此之后",
            "得来"
        ]
    ],
    "输篱菊": [
        "输篱菊",
        "Hedgerow transport",
        "绿篱运输",
        [
            "运输",
            "交通运输",
            "铁路运输",
            "货物运输",
            "运送",
            "输送",
            "空运",
            "运输工具",
            "货运",
            "海上运输"
        ]
    ],
    "锦作团": [
        "锦作团",
        "Jin Zuo Tuan",
        "金佐俊",
        []
    ],
    "染红": [
        "染红",
        "Dyed red",
        "染成红色",
        [
            "染成",
            "红色",
            "黄色",
            "白色",
            "蓝色",
            "橙色",
            "紫色",
            "黑色",
            "粉红色",
            "金色",
            "深蓝色",
            "涂",
            "青色",
            "变红",
            "褪色"
        ]
    ],
    "成团": [
        "成团",
        "clustering",
        "聚类",
        []
    ],
    "余绮": [
        "余绮",
        "Yu Qi",
        "宇奇",
        []
    ],
    "晚霜": [
        "晚霜",
        "late frost",
        "晚霜",
        []
    ],
    "伴井桐": [
        "伴井桐",
        "Tongjing tong",
        "通经通",
        [
            "通经",
            "通",
            "合",
            "六经",
            "道通",
            "往还",
            "精于",
            "尤精",
            "诸家",
            "辨",
            "武",
            "行",
            "弁",
            "金石",
            "引",
            "踵",
            "文义",
            "故称",
            "有旧",
            "成之"
        ]
    ],
    "巢鹊": [
        "巢鹊",
        "Nest magpie",
        "喜鹊巢",
        [
            "喜鹊",
            "巢",
            "巢内",
            "巢中",
            "巢穴",
            "乌鸦",
            "生蛋",
            "红嘴",
            "鸟",
            "雁",
            "老虎",
            "蜂巢",
            "渡鸦",
            "蜘蛛网",
            "白头翁",
            "燕子",
            "白头",
            "树梢",
            "大白"
        ]
    ],
    "屋下": [
        "屋下",
        "Under the house",
        "在房子下面",
        [
            "房子",
            "下面",
            "屋子",
            "上面",
            "小屋",
            "公寓",
            "前面",
            "院子",
            "住所",
            "小木屋",
            "后院",
            "邻居",
            "隔壁",
            "后面",
            "示例",
            "示意图",
            "请注意",
            "上头",
            "比如说",
            "一个大"
        ]
    ],
    "成荚": [
        "成荚",
        "Pod formation",
        "荚果形成",
        [
            "荚果",
            "形成",
            "浆果",
            "构成",
            "成形",
            "呈现出",
            "核果",
            "小叶",
            "转变成",
            "产生",
            "演化成",
            "对生",
            "过渡到",
            "单叶",
            "成型",
            "逐步形成",
            "籽",
            "茎叶",
            "短柄",
            "花为"
        ]
    ],
    "误穿": [
        "误穿",
        "Missed through",
        "错过了",
        [
            "错过",
            "错失",
            "缺席",
            "可惜",
            "下一场",
            "赶上",
            "分心",
            "擦身而过",
            "再继续",
            "不幸"
        ]
    ],
    "色润": [
        "色润",
        "Color embellish",
        "彩色润饰",
        [
            "润饰",
            "润色",
            "说教",
            "梗概",
            "重新整理",
            "特别之处",
            "；也",
            "<tr>",
            "Pardosa",
            "</s>"
        ]
    ],
    "轻飘": [
        "轻飘",
        "light",
        "光",
        [
            "光",
            "瞳",
            "红光",
            "暗",
            "光和",
            "白光",
            "亮",
            "和光",
            "日光",
            "虹"
        ]
    ],
    "圆殊": [
        "圆殊",
        "Round jusri",
        "圆日",
        []
    ],
    "为欣": [
        "为欣",
        "For joy",
        "为了快乐",
        [
            "快乐",
            "幸福",
            "美好",
            "欢乐",
            "开心",
            "无忧无虑",
            "愉快",
            "孤独",
            "甜蜜",
            "寂寞"
        ]
    ],
    "供静景": [
        "供静景",
        "For a quiet view",
        "安静地看",
        [
            "安静",
            "宁静",
            "平静",
            "悠闲",
            "平常",
            "沉静",
            "耐心",
            "寂静",
            "安详",
            "往常"
        ]
    ],
    "垂枝": [
        "垂枝",
        "hanger wood",
        "悬挂木",
        [
            "悬挂",
            "木",
            "挂",
            "挂起",
            "香",
            "竹",
            "挂有",
            "珠",
            "旗杆",
            "竖立",
            "树",
            "松",
            "赤",
            "放置",
            "摆放",
            "安放",
            "大石",
            "柿",
            "置放",
            "顶上"
        ]
    ],
    "薄似": [
        "薄似",
        "Thin like",
        "瘦得像",
        []
    ],
    "直欲": [
        "直欲",
        "Direct desire",
        "直接欲望",
        [
            "直接",
            "欲望",
            "性欲",
            "诱惑",
            "渴望",
            "人性",
            "本能",
            "情欲",
            "冲动",
            "贪欲",
            "必要",
            "精神上",
            "单独",
            "并不需要",
            "从外部",
            "如此一来",
            "实际上",
            "这样一来",
            "反之亦然",
            "同样"
        ]
    ],
    "点景": [
        "点景",
        "Point view",
        "观点",
        [
            "观点",
            "看法",
            "论点",
            "见解",
            "论据",
            "论者",
            "论调",
            "观念",
            "论述",
            "本质"
        ]
    ],
    "矮松": [
        "矮松",
        "Dwarf pine",
        "矮松",
        []
    ],
    "磈": [
        "磈",
        "Nai",
        "奈",
        [
            "奈",
            "雅",
            "萝",
            "波",
            "奥特",
            "贝特",
            "波尔",
            "隆",
            "冈",
            "和美"
        ]
    ],
    "礧": [
        "礧",
        "Gui",
        "GUI",
        [
            "GUI",
            "图形用户界面",
            "Java",
            "图形化",
            "用户界面",
            "IDE",
            "图形界面",
            "开发工具",
            "GTK",
            "应用软件"
        ]
    ],
    "周围": [
        "周围",
        "Around",
        "到处",
        [
            "到处",
            "四处",
            "街上",
            "一路上",
            "角落",
            "乡间",
            "整天",
            "时常",
            "悄悄",
            "随处"
        ]
    ],
    "缩": [
        "缩",
        "withdraw",
        "撤退",
        [
            "撤退",
            "后撤",
            "撤到",
            "撤走",
            "撤出",
            "退守",
            "追击",
            "退却",
            "撤军",
            "退到"
        ]
    ],
    "合抱": [
        "合抱",
        "Clap up",
        "鼓掌",
        [
            "鼓掌",
            "起立",
            "掌声",
            "欢呼",
            "嘘声",
            "喝彩",
            "致意",
            "台下",
            "在场",
            "在座"
        ]
    ],
    "新柯": [
        "新柯",
        "New ko",
        "新科",
        [
            "新科",
            "后有",
            "2人",
            "人口为129人",
            "奥列尼夫卡",
            "时为",
            "Pardosa",
            "</s>",
            "人口为120人",
            "<tr>"
        ]
    ],
    "几上": [
        "几上",
        "How many times",
        "多少次",
        []
    ],
    "日转": [
        "日转",
        "Daily rotation",
        "每日轮换",
        [
            "轮换",
            "换人",
            "常规",
            "轮流",
            "轮班",
            "交替",
            "以此类推",
            "间歇",
            "三节",
            "</s>"
        ]
    ],
    "长影": [
        "长影",
        "Long shadow",
        "长阴影",
        [
            "长",
            "阴影",
            "宽",
            "总长",
            "长三",
            "黑暗",
            "阴霾",
            "高约",
            "窄",
            "边缘",
            "光环",
            "影子",
            "短",
            "镜子",
            "较宽",
            "双眼",
            "稍长",
            "粗大",
            "噩梦",
            "恶梦"
        ]
    ],
    "短材": [
        "短材",
        "Short material",
        "短材料",
        [
            "短",
            "材料",
            "较短",
            "较长",
            "物料",
            "材质",
            "窄",
            "工艺",
            "涂层",
            "塑料",
            "胶合板",
            "金属材料",
            "涂料",
            "更长",
            "细",
            "粗壮",
            "略长",
            "粗",
            "碳化",
            "稍短"
        ]
    ],
    "古干": [
        "古干",
        "Gu Gan",
        "古干",
        []
    ],
    "直上": [
        "直上",
        "Straight up",
        "真实地",
        [
            "真实",
            "现实",
            "主观",
            "真实世界",
            "真正",
            "普通人",
            "想像",
            "相符",
            "单纯",
            "确实"
        ]
    ],
    "岂盈": [
        "岂盈",
        "Surplus",
        "盈余",
        [
            "盈余",
            "赤字",
            "收益",
            "盈利",
            "支出",
            "结余",
            "纯利",
            "营收",
            "利息",
            "额度"
        ]
    ],
    "椿": [
        "椿",
        "Toona pile",
        "香椿堆",
        [
            "香椿",
            "堆",
            "填",
            "瓦砾",
            "泥巴",
            "沙土",
            "萝卜",
            "厚皮",
            "大石",
            "芥菜",
            "冰糖",
            "砖头",
            "地里",
            "菱角",
            "火炉",
            "番薯",
            "瓜子",
            "紫花",
            "香芹",
            "大块"
        ]
    ],
    "仙种": [
        "仙种",
        "Immortal species",
        "不朽物种",
        [
            "物种",
            "亚种",
            "种群",
            "生境",
            "鸟类",
            "群落",
            "特有种",
            "品种",
            "哺乳动物",
            "类群"
        ]
    ],
    "繁根": [
        "繁根",
        "Multiplication of roots",
        "根的增殖",
        [
            "根",
            "增殖",
            "细胞分裂",
            "增生",
            "凋亡",
            "六根",
            "抑制",
            "裂解",
            "上端",
            "下部",
            "再生",
            "棍子",
            "转化",
            "游离",
            "杆子",
            "钉",
            "下端",
            "诱导",
            "顶上",
            "相联"
        ]
    ],
    "拥肿": [
        "拥肿",
        "Ontogenous swelling",
        "个体性肿胀",
        [
            "肿胀",
            "出血",
            "疼痛",
            "发炎",
            "红肿",
            "肿大",
            "溃疡",
            "水肿",
            "咳嗽",
            "腹痛"
        ]
    ],
    "应久历": [
        "应久历",
        "Should be a long time",
        "应该是很长时间了",
        [
            "应该",
            "很长",
            "时间",
            "很短",
            "应当",
            "不长",
            "不应",
            "不该",
            "必要",
            "推移",
            "星期",
            "一段时间",
            "一定会",
            "无论如何",
            "确实",
            "应",
            "某种程度",
            "极短",
            "较长",
            "小时",
            "间隔时间",
            "更长",
            "整整",
            "时长",
            "时间段",
            "等待时间",
            "短时间",
            "很久",
            "内都"
        ]
    ],
    "经世": [
        "经世",
        "The world",
        "世界",
        [
            "世界",
            "全世界",
            "全球",
            "世界性",
            "世上",
            "当今世界",
            "在世界上",
            "全球性",
            "当今",
            "21世纪"
        ]
    ],
    "长青": [
        "长青",
        "Evergreen",
        "常绿树",
        []
    ],
    "雨练": [
        "雨练",
        "Rain training",
        "雨水训练",
        [
            "雨水",
            "训练",
            "军事训练",
            "专业训练",
            "培训",
            "体能训练",
            "河水",
            "特训",
            "受训",
            "水气",
            "的水",
            "地下水",
            "水分",
            "基础训练",
            "湿气",
            "操练",
            "泥土",
            "沙土",
            "水",
            "锻炼"
        ]
    ],
    "屡阅": [
        "屡阅",
        "Repeated reading",
        "重复阅读",
        [
            "重复",
            "阅读",
            "读者",
            "反复",
            "写作",
            "读物",
            "段落",
            "学习者",
            "书本",
            "减法",
            "朗读",
            "每一次",
            "移位",
            "写出",
            "读到",
            "选读",
            "单调",
            "多次重复",
            "重复使用",
            "以此类推"
        ]
    ],
    "岁历": [
        "岁历",
        "Year calendar",
        "年日历",
        [
            "日历",
            "年历",
            "月相",
            "图表",
            "记事",
            "年为",
            "了了",
            "除此以外",
            "早先",
            "</s>"
        ]
    ],
    "枝屈": [
        "枝屈",
        "Branch flexion",
        "分支弯曲",
        [
            "分支",
            "弯曲",
            "倾斜",
            "伸展",
            "平直",
            "伸长",
            "凸起",
            "直角",
            "侧向",
            "下垂",
            "突起",
            "支系",
            "谱系",
            "主干",
            "是从",
            "共同点",
            "现今",
            "自成",
            "不相关的",
            "见下文"
        ]
    ],
    "神龙": [
        "神龙",
        "Dragon!",
        "龙！",
        [
            "龙",
            "龙的",
            "龙科",
            "翼龙",
            "龙是",
            "龙是种",
            "龙有",
            "龙及",
            "蜥脚类",
            "禽"
        ]
    ],
    "松桧": [
        "松桧",
        "Pine juniper",
        "松柏",
        [
            "松柏",
            "银杏",
            "松树",
            "樟树",
            "榕树",
            "大树",
            "榕",
            "果树",
            "梧桐",
            "栽"
        ]
    ],
    "为佳友": [
        "为佳友",
        "Be a good friend",
        "做个好朋友",
        [
            "好朋友",
            "朋友",
            "好友",
            "女朋友",
            "男朋友",
            "挚友",
            "相识",
            "老友",
            "朋友们",
            "密友"
        ]
    ],
    "枝柯": [
        "枝柯",
        "Zhike",
        "止咳",
        [
            "止咳",
            "化痰",
            "消炎",
            "清热",
            "活血",
            "清热解毒",
            "利尿",
            "解热",
            "生姜",
            "良药"
        ]
    ],
    "恩沾": [
        "恩沾",
        "Um ... um, um, um, um, um, um, um, um, um, um, um, um, um, um, um, um, um, um ...",
        "嗯...嗯，嗯，嗯，嗯，嗯，嗯，嗯，嗯，嗯，嗯，嗯，嗯，嗯，嗯，嗯，嗯，嗯，嗯，嗯...",
        []
    ],
    "根因": [
        "根因",
        "Root cause",
        "根本原因",
        [
            "根本原因",
            "不可避免",
            "根源",
            "从根本上",
            "主因",
            "深层次",
            "某种程度",
            "关键在于",
            "所谓",
            "早先"
        ]
    ],
    "作旧": [
        "作旧",
        "Be old",
        "老了",
        [
            "老",
            "杨家",
            "据说",
            "外公",
            "从前",
            "据传",
            "来由",
            "据闻",
            "Pardosa",
            "</s>"
        ]
    ],
    "根本": [
        "根本",
        "Fundamental",
        "基本的",
        [
            "基本",
            "基本上",
            "前提",
            "整体",
            "理论上",
            "大体",
            "也就是说",
            "必需",
            "大体上",
            "原则上"
        ]
    ],
    "固轮": [
        "固轮",
        "Fixed wheel",
        "固定轮",
        [
            "固定",
            "相同",
            "通常",
            "互换",
            "浮动",
            "分开",
            "一般来说",
            "单独",
            "比较简单",
            "一般而言"
        ]
    ],
    "良木": [
        "良木",
        "Goodwood",
        "古德伍德公园附近举行的赛马会",
        [
            "公园",
            "附近",
            "举行",
            "赛马会",
            "举办",
            "马会",
            "邻近",
            "公园内",
            "森林公园",
            "一处",
            "不远处",
            "绿地",
            "召开",
            "靠近",
            "出席",
            "临近",
            "园内",
            "中央公园",
            "开幕",
            "周围",
            "闭幕",
            "西南方",
            "主办",
            "郊外",
            "参加",
            "花园",
            "周边地区",
            "高尔夫球场",
            "长廊",
            "植物园",
            "赛马",
            "马主",
            "举办地",
            "东华三院",
            "康乐及",
            "移师",
            "会所",
            "香港会",
            "银禧",
            "马场"
        ]
    ],
    "老根": [
        "老根",
        "Old root",
        "老根",
        [
            "老",
            "根",
            "六根",
            "上端",
            "下部",
            "棍子",
            "杨家",
            "杆子",
            "钉",
            "下端",
            "顶上",
            "据说",
            "相联",
            "外公",
            "从前",
            "据传",
            "来由",
            "据闻",
            "Pardosa",
            "</s>"
        ]
    ],
    "蚁动": [
        "蚁动",
        "Ant movement",
        "蚂蚁运动",
        [
            "蚂蚁",
            "运动",
            "蜘蛛",
            "蜜蜂",
            "蚯蚓",
            "毛虫",
            "蟑螂",
            "文学运动",
            "青年运动",
            "蚊子",
            "群众运动",
            "苍蝇",
            "爱国运动",
            "蜘蛛网",
            "青蛙",
            "运动所",
            "革新运动",
            "社会活动",
            "民族运动",
            "国家主义"
        ]
    ],
    "带蝉": [
        "带蝉",
        "With cicada",
        "蝉",
        [
            "蝉",
            "蛾",
            "蛇",
            "蜻蜓",
            "暮",
            "鸠",
            "眉",
            "曙",
            "风铃",
            "蟋蟀"
        ]
    ],
    "连市": [
        "连市",
        "Lianshi",
        "石莲",
        []
    ],
    "废宫": [
        "废宫",
        "Abandoned palace",
        "废弃宫殿",
        [
            "废弃",
            "宫殿",
            "王宫",
            "皇宫",
            "荒废",
            "夏宫",
            "陵墓",
            "拆毁",
            "府邸",
            "庭院",
            "城堡",
            "寝宫",
            "弃置",
            "行宫",
            "毁坏",
            "拆掉",
            "被弃",
            "夷平",
            "不复存在",
            "被遗弃"
        ]
    ],
    "栖鸟": [
        "栖鸟",
        "Habitat bird",
        "栖息地鸟类",
        [
            "栖息地",
            "鸟类",
            "栖地",
            "生境",
            "动物",
            "哺乳动物",
            "繁殖地",
            "猛禽",
            "种群",
            "昆虫",
            "群落",
            "两栖类",
            "两栖动物",
            "哺乳类",
            "海鸟",
            "野生动物",
            "类动物",
            "生态环境",
            "生态系统",
            "雨林"
        ]
    ],
    "盈园": [
        "盈园",
        "Yingyuan",
        "颖园",
        []
    ]
}