{
    "蠲": [
        "蠲",
        "eliminate",
        "消除",
        [
            "消除",
            "避免",
            "减轻",
            "去除",
            "抑制",
            "抵消",
            "补救",
            "扫除",
            "抑止",
            "除去"
        ]
    ],
    "慝": [
        "慝",
        "U",
        "U",
        [
            "U",
            "U-",
            "S",
            "V",
            "A",
            "F",
            "E",
            "G",
            "B",
            "O"
        ]
    ],
    "影碎": [
        "影碎",
        "Shadow fragments",
        "阴影碎片",
        [
            "阴影",
            "碎片",
            "残骸",
            "碎块",
            "碎裂",
            "破碎",
            "黑暗",
            "阴霾",
            "坑洞",
            "散落",
            "破洞",
            "边缘",
            "打碎",
            "光环",
            "影子",
            "镜子",
            "大块",
            "双眼",
            "噩梦",
            "恶梦"
        ]
    ],
    "翠阴": [
        "翠阴",
        "Cui yin",
        "崔寅",
        []
    ],
    "寒影": [
        "寒影",
        "Cold shadow",
        "冷阴影",
        [
            "冷",
            "阴影",
            "冻",
            "黑暗",
            "阴霾",
            "边缘",
            "光环",
            "影子",
            "寒",
            "冷热",
            "镜子",
            "双眼",
            "凝",
            "冷水",
            "噩梦",
            "恶梦",
            "的水",
            "稀",
            "和气",
            "</s>"
        ]
    ],
    "细声": [
        "细声",
        "Fine sound",
        "细微的声音",
        [
            "细微",
            "声音",
            "声响",
            "歌声",
            "微小",
            "笑声",
            "人声",
            "感觉",
            "音调",
            "刺耳",
            "沙哑",
            "声效",
            "微妙",
            "细节",
            "稍微",
            "更深",
            "微细",
            "上会",
            "或多或少",
            "结构上"
        ]
    ],
    "柔梢": [
        "柔梢",
        "Soft tip",
        "软尖端",
        [
            "软",
            "硬",
            "较硬",
            "硬质",
            "较厚",
            "微",
            "纤",
            "粗",
            "冷",
            "软性"
        ]
    ],
    "细流": [
        "细流",
        "thread",
        "线",
        [
            "线",
            "该线",
            "支线",
            "本站",
            "终点站",
            "新线",
            "线或",
            "两条路线",
            "直通",
            "中央线"
        ]
    ],
    "攘寒": [
        "攘寒",
        "Hot cold",
        "热感冒",
        [
            "热",
            "感冒",
            "发烧",
            "过敏",
            "肝病",
            "咳嗽",
            "肺炎",
            "病症",
            "哮喘",
            "气喘",
            "冷",
            "胃痛",
            "刺",
            "热力",
            "热和",
            "波",
            "高热",
            "微",
            "温",
            "圣万桑"
        ]
    ],
    "莲塘": [
        "莲塘",
        "Lotus pond",
        "荷花池",
        [
            "荷花池",
            "莲花池",
            "亭子",
            "花坛",
            "中山公园",
            "观音岩",
            "南湖",
            "北湖",
            "碧水",
            "红桥"
        ]
    ],
    "避日": [
        "避日",
        "Avoid the sun",
        "避开太阳",
        [
            "避开",
            "太阳",
            "月亮",
            "木星",
            "天王星",
            "金星",
            "避免",
            "主星",
            "人马座",
            "星体",
            "躲避",
            "织女星",
            "水星",
            "回避",
            "逃避",
            "规避",
            "尽量避免",
            "尽量减少",
            "碰到",
            "能避免"
        ]
    ],
    "波尤冷": [
        "波尤冷",
        "Wave especially cold",
        "波浪特别冷",
        [
            "波浪",
            "特别",
            "冷",
            "海浪",
            "水波",
            "冻",
            "尤其",
            "波纹",
            "水滴",
            "同样",
            "涟漪",
            "浪花",
            "退潮",
            "寒",
            "冷热",
            "卷起",
            "水平线",
            "之外",
            "相当多",
            "凝",
            "冷水",
            "值得注意",
            "引人注意",
            "的水",
            "除此以外",
            "都有",
            "稀",
            "和气",
            "比如说",
            "</s>"
        ]
    ],
    "波漾": [
        "波漾",
        "Wave overflow",
        "波浪溢出",
        [
            "波浪",
            "溢出",
            "海浪",
            "水波",
            "阻塞",
            "波纹",
            "水滴",
            "流出",
            "漏出",
            "渗出",
            "涟漪",
            "溢",
            "浪花",
            "退潮",
            "冰冻",
            "的水",
            "卷起",
            "水平线",
            "填充",
            "倾倒"
        ]
    ],
    "枝疏": [
        "枝疏",
        "Branches sparse",
        "树枝稀疏",
        [
            "树枝",
            "稀疏",
            "树上",
            "树叶",
            "树干",
            "枝条",
            "木头",
            "树皮",
            "稠密",
            "藤蔓",
            "树根",
            "密集",
            "稀少",
            "树桩",
            "浓密",
            "细小",
            "零散",
            "极小",
            "均匀分布",
            "比较大"
        ]
    ],
    "界破": [
        "界破",
        "Broken boundary",
        "断裂边界",
        [
            "断裂",
            "边界",
            "国界",
            "边界线",
            "边境",
            "分界线",
            "边境线",
            "疆界",
            "界线",
            "脱落",
            "挤压",
            "折断",
            "崩塌",
            "塌陷",
            "分界",
            "松脱",
            "崩落",
            "边境地区",
            "撕裂",
            "碎裂"
        ]
    ],
    "浮叶": [
        "浮叶",
        "floating leaf",
        "浮叶",
        []
    ],
    "翩": [
        "翩",
        "Pian",
        "雅司病",
        []
    ],
    "翻过": [
        "翻过",
        "Turn over",
        "移交",
        [
            "移交",
            "接管",
            "交还",
            "转交",
            "收回",
            "交还给",
            "交回",
            "交予",
            "交由",
            "交接"
        ]
    ],
    "傍映": [
        "傍映",
        "Side view",
        "侧景",
        []
    ],
    "相连": [
        "相连",
        "be joined",
        "加入",
        [
            "加入",
            "重新加入",
            "投身",
            "申请加入",
            "转入",
            "投身于",
            "转到",
            "自组",
            "转为",
            "转至"
        ]
    ],
    "脉": [
        "脉",
        "pulse",
        "脉搏",
        [
            "脉搏",
            "跳动",
            "搏动",
            "节律",
            "颤抖",
            "发烧",
            "摇动",
            "似是",
            "不止",
            "----"
        ]
    ],
    "声和": [
        "声和",
        "Sound sum",
        "声音和",
        [
            "声音",
            "声响",
            "歌声",
            "笑声",
            "人声",
            "感觉",
            "音调",
            "刺耳",
            "沙哑",
            "声效"
        ]
    ],
    "彩凤鸣": [
        "彩凤鸣",
        "Choi Fengming",
        "崔·冯明",
        [
            "崔",
            "裴",
            "薛",
            "李",
            "杨",
            "范",
            "李彦",
            "侄子",
            "许",
            "堂弟"
        ]
    ],
    "停溜": [
        "停溜",
        "Stop running",
        "别跑了",
        []
    ],
    "湛": [
        "湛",
        "Zhan",
        "詹",
        [
            "詹",
            "潘",
            "伟",
            "翰",
            "劳",
            "王俊",
            "敏",
            "倩",
            "许",
            "先为"
        ]
    ],
    "分开": [
        "分开",
        "Separate",
        "不同的",
        [
            "不同",
            "有所不同",
            "相同",
            "各有不同",
            "各不相同",
            "多种不同",
            "不尽相同",
            "相异",
            "完全相同",
            "并不相同"
        ]
    ],
    "细脉长": [
        "细脉长",
        "Meridian length",
        "子午线长度",
        [
            "子午线",
            "长度",
            "宽度",
            "经度",
            "间距",
            "总长度",
            "阔度",
            "经线",
            "尺寸",
            "间隔",
            "大小",
            "较宽",
            "弧度",
            "北极点",
            "天球",
            "圆周",
            "分点",
            "大圆",
            "经纬度",
            "中点"
        ]
    ],
    "填": [
        "填",
        "fill",
        "充满",
        [
            "充满",
            "充满著",
            "感受到",
            "充满着",
            "展现出",
            "展现",
            "极富",
            "流露出",
            "带给",
            "看似"
        ]
    ],
    "水穿": [
        "水穿",
        "Water penetration",
        "进水",
        [
            "进水",
            "入水",
            "右舷",
            "左舷",
            "下沉",
            "注水",
            "弹药库",
            "倾覆",
            "上浮",
            "出水"
        ]
    ],
    "龙堆": [
        "龙堆",
        "Dragon heap",
        "龙堆",
        []
    ],
    "径软": [
        "径软",
        "Diameter soft",
        "直径柔软",
        [
            "直径",
            "柔软",
            "直径约",
            "坚硬",
            "厚度",
            "粗糙",
            "结实",
            "宽度",
            "蓬松",
            "球形",
            "高约",
            "半径",
            "cm",
            "纤细",
            "卷曲",
            "椭圆形",
            "厚实",
            "圆形",
            "较厚",
            "粗大"
        ]
    ],
    "鸥眠": [
        "鸥眠",
        "Gull sleep",
        "海鸥睡眠",
        [
            "海鸥",
            "睡眠",
            "睡眠中",
            "呼吸",
            "清醒",
            "REM",
            "生理",
            "天鹅",
            "知觉",
            "排便",
            "失眠",
            "痉挛",
            "海燕",
            "马鞍",
            "鸽子",
            "燕子",
            "苍鹰",
            "</s>",
            "<tr>",
            "Pardosa"
        ]
    ],
    "篆文": [
        "篆文",
        "seal script",
        "印章脚本",
        [
            "印章",
            "脚本",
            "剧本",
            "分镜",
            "JavaScript",
            "图章",
            "脚本语言",
            "程序员",
            "CGI",
            "印玺",
            "开发人员",
            "印鉴",
            "钱币",
            "原作者",
            "印文",
            "制作者",
            "刻字",
            "名片",
            "装饰品",
            "原件"
        ]
    ],
    "鸳睡": [
        "鸳睡",
        "Spend their honeymoons sleeping",
        "度蜜月睡觉",
        [
            "度蜜月",
            "睡觉",
            "睡",
            "起床",
            "睡觉时",
            "吃饭",
            "睡着",
            "整天",
            "喝水",
            "叫醒",
            "半夜",
            "蜜月",
            "坐飞机",
            "完婚",
            "新婚",
            "新婚夫妇",
            "启程",
            "散心",
            "起程",
            "环游世界"
        ]
    ],
    "鸟迹": [
        "鸟迹",
        "Bird track",
        "鸟轨",
        []
    ],
    "地阔": [
        "地阔",
        "Land width",
        "台面宽度",
        [
            "台面",
            "宽度",
            "长度",
            "间距",
            "厚度",
            "较宽",
            "阔度",
            "宽",
            "窄",
            "跨度",
            "跨距",
            "浮出",
            "公开化",
            "板面",
            "眼下",
            "取而代之",
            "骤然",
            "上来",
            "再加",
            "</s>"
        ]
    ],
    "雁聚": [
        "雁聚",
        "Wild goose gathering",
        "雁群",
        []
    ],
    "篆平": [
        "篆平",
        "Seal cutting",
        "密封切割",
        [
            "密封",
            "切割",
            "容器",
            "密闭",
            "加压",
            "切割成",
            "贮存",
            "装入",
            "挤压",
            "研磨",
            "切削",
            "切开",
            "中空",
            "物料",
            "填充",
            "接合",
            "整块",
            "盖子",
            "切出",
            "大块"
        ]
    ],
    "鹭起": [
        "鹭起",
        "Heron rise",
        "苍鹭上升",
        [
            "苍鹭",
            "上升",
            "下降",
            "攀升",
            "升高",
            "回升",
            "下跌",
            "飙升",
            "增加",
            "增高",
            "持续上升",
            "鹭",
            "水鸟",
            "雀鸟",
            "鸬鹚",
            "渡鸦",
            "游隼",
            "鹌鹑",
            "八哥",
            "燕雀"
        ]
    ],
    "星点": [
        "星点",
        "star point",
        "中性点",
        []
    ],
    "凫眠": [
        "凫眠",
        "Taimian",
        "台棉",
        []
    ],
    "似雪": [
        "似雪",
        "Like snow",
        "像雪一样",
        [
            "雪",
            "雨",
            "霜",
            "露",
            "雾",
            "枯",
            "寒",
            "白雪",
            "碧",
            "喜"
        ]
    ],
    "虫书": [
        "虫书",
        "Worm book",
        "蠕虫书",
        [
            "蠕虫",
            "书",
            "著作",
            "序言",
            "序文",
            "文中",
            "笔记",
            "论著",
            "前言",
            "注解",
            "著书",
            "电脑病毒",
            "寄生虫",
            "蟑螂",
            "变形虫",
            "珊瑚虫",
            "爬虫",
            "臭虫",
            "蚯蚓",
            "爬虫类"
        ]
    ],
    "逐浪": [
        "逐浪",
        "Step by step",
        "逐步地",
        []
    ],
    "岸边": [
        "岸边",
        "Shore",
        "岸",
        [
            "岸",
            "南岸",
            "北岸",
            "西岸",
            "北",
            "东岸",
            "湖西",
            "西",
            "对岸",
            "东南方"
        ]
    ],
    "衰草": [
        "衰草",
        "Fading grass",
        "褪色草",
        [
            "褪色",
            "草",
            "变黄",
            "剥落",
            "菊",
            "变黑",
            "染成",
            "遮盖",
            "苋",
            "红花",
            "变红",
            "稻",
            "劣化",
            "木",
            "青草",
            "竹叶",
            "变色",
            "白花",
            "芭蕉",
            "深红色"
        ]
    ],
    "江头": [
        "江头",
        "Jiang tou",
        "江头",
        []
    ],
    "滩留": [
        "滩留",
        "Beach reservation",
        "海滩保留地",
        [
            "海滩",
            "保留地",
            "沙滩",
            "海岸",
            "保留区",
            "海边",
            "海湾",
            "Beach",
            "浅滩",
            "海岸边",
            "岸边",
            "印第安",
            "东海岸",
            "俄克拉荷马州",
            "国家公园内",
            "亚利桑那州",
            "霍皮族",
            "纳瓦",
            "特拉华",
            "俄克拉何马州"
        ]
    ],
    "露浥": [
        "露浥",
        "Lu su",
        "鲁肃",
        [
            "鲁肃",
            "孙权",
            "吕蒙",
            "周瑜",
            "陆逊",
            "刘表",
            "张昭",
            "诸葛亮",
            "甘宁",
            "程普"
        ]
    ],
    "风吹": [
        "风吹",
        "The wind",
        "风",
        [
            "风",
            "风吹",
            "西风",
            "吹拂",
            "吹",
            "北风",
            "大风",
            "暴风",
            "雨",
            "和风"
        ]
    ],
    "临流": [
        "临流",
        "Temporary current",
        "短暂流",
        [
            "短暂",
            "流",
            "一段时间",
            "东流",
            "流向",
            "断断续续",
            "之后",
            "直至",
            "长时间",
            "源",
            "在此期间",
            "流过",
            "在此之后",
            "流水",
            "漂",
            "逆",
            "年中",
            "迳",
            "短时间",
            "引"
        ]
    ],
    "陌上": [
        "陌上",
        "Mo",
        "卫生干事",
        [
            "卫生",
            "干事",
            "公共卫生",
            "主任",
            "环境卫生",
            "医疗卫生",
            "医疗",
            "指导员",
            "保健",
            "科长",
            "健康",
            "总干事",
            "秘书",
            "助理员",
            "科科长",
            "医疗保健",
            "护理",
            "组组长",
            "卫生保健",
            "宣传部长"
        ]
    ],
    "黄云": [
        "黄云",
        "Huang Yun",
        "黄云",
        [
            "黄云",
            "虹",
            "云鹤",
            "刘一",
            "嵩",
            "洙",
            "高翔",
            "为伴",
            "皓",
            "甚是"
        ]
    ],
    "花底": [
        "花底",
        "Flower bottom",
        "花底",
        []
    ],
    "水寄": [
        "水寄",
        "Water mail",
        "水上邮件",
        [
            "水上",
            "邮件",
            "电子邮件",
            "电邮",
            "邮箱",
            "Gmail",
            "陆上",
            "电话号码",
            "发送",
            "联系人",
            "投递",
            "游船",
            "潜水",
            "收件",
            "摩托艇",
            "小舟",
            "渡船",
            "湖上",
            "浮",
            "下海"
        ]
    ],
    "潮痕": [
        "潮痕",
        "Tidal mark",
        "潮痕",
        []
    ],
    "风披": [
        "风披",
        "Wind cape",
        "风帽",
        []
    ],
    "白铺": [
        "白铺",
        "White shop",
        "白店",
        []
    ],
    "鸟散": [
        "鸟散",
        "Bird scatter",
        "鸟散开",
        [
            "鸟",
            "散开",
            "雉",
            "雁",
            "蛇",
            "鸽",
            "禽",
            "鹭",
            "乌鸦",
            "似",
            "鸵鸟",
            "前行",
            "盘旋",
            "伸展",
            "卷起",
            "清空",
            "摇动",
            "一团",
            "移去",
            "来时"
        ]
    ],
    "风平": [
        "风平",
        "Wind level",
        "风力等级",
        [
            "风力",
            "等级",
            "风速",
            "级别",
            "阵风",
            "强风",
            "风势",
            "强度",
            "烈风",
            "气压",
            "雨势",
            "狂风",
            "层级",
            "类别",
            "标准",
            "层次",
            "档次",
            "品位",
            "基准",
            "一般来说"
        ]
    ],
    "静映": [
        "静映",
        "Static reflection",
        "静态反射",
        [
            "静态",
            "反射",
            "光线",
            "动态",
            "折射",
            "反射光",
            "照射",
            "散射",
            "入射",
            "太阳光",
            "透射",
            "叠加",
            "线性",
            "快照",
            "模板",
            "实例",
            "一个系统",
            "型式",
            "可执行",
            "连续性"
        ]
    ],
    "稳": [
        "稳",
        "Steady",
        "稳定的",
        [
            "稳定",
            "平稳",
            "不稳定的",
            "稳固",
            "比较稳定",
            "平衡",
            "有利于",
            "保持稳定",
            "安定",
            "牢固"
        ]
    ],
    "雨膏": [
        "雨膏",
        "Rain cream",
        "雨霜",
        []
    ],
    "添愈润": [
        "添愈润",
        "Add more and more moisture",
        "添加越来越多的水分",
        [
            "添加",
            "越来越",
            "水分",
            "水份",
            "更加",
            "愈来愈",
            "加到",
            "愈发",
            "越发",
            "养分",
            "加进",
            "日益",
            "湿气",
            "水气",
            "蒸发",
            "日渐",
            "更为",
            "热量",
            "去除",
            "的水",
            "愈加",
            "营养物质",
            "更",
            "矿物质",
            "移除",
            "去掉",
            "附加",
            "填充",
            "掺入",
            "替换成"
        ]
    ],
    "霜华冷": [
        "霜华冷",
        "Frost and cold",
        "霜冻和寒冷",
        [
            "霜冻",
            "寒冷",
            "严寒",
            "炎热",
            "潮湿",
            "凉爽",
            "温暖",
            "冬天",
            "酷热",
            "较冷",
            "暖和",
            "干热",
            "冰雹",
            "阴雨",
            "多雨",
            "下雪",
            "严冬",
            "日晒",
            "秋冬季",
            "更为严重"
        ]
    ],
    "潮回": [
        "潮回",
        "Tidal gyrus",
        "潮汐涡旋",
        [
            "潮汐",
            "涡旋",
            "重力",
            "湍流",
            "海流",
            "引力",
            "地球磁场",
            "等离子体",
            "激波",
            "水滴",
            "海浪",
            "涡流",
            "沉降",
            "下沉",
            "波浪",
            "震荡",
            "的环",
            "星体",
            "旋涡"
        ]
    ],
    "日射星": [
        "日射星",
        "Sunstar star",
        "太阳星",
        [
            "太阳",
            "星",
            "月亮",
            "木星",
            "天王星",
            "金星",
            "主星",
            "人马座",
            "星体",
            "织女星",
            "水星",
            "星星",
            "银河",
            "天狼星",
            "五星",
            "猎户座",
            "星辰",
            "亮"
        ]
    ],
    "低迷": [
        "低迷",
        "Downturn",
        "低迷时期",
        [
            "低迷",
            "时期",
            "下滑",
            "不振",
            "时代",
            "不景气",
            "初期",
            "末期",
            "后期",
            "中后期",
            "高企",
            "走下坡",
            "一时期",
            "停滞",
            "每况愈下",
            "疲软",
            "以前",
            "停滞不前",
            "中期",
            "初"
        ]
    ],
    "雁落": [
        "雁落",
        "Wild goose falls",
        "雁落",
        []
    ],
    "江沫": [
        "江沫",
        "Jiang mo",
        "姜末",
        []
    ],
    "拥": [
        "拥",
        "crowd",
        "人群",
        [
            "人群",
            "群体",
            "年轻人",
            "老年人",
            "成年人",
            "青年人",
            "这群人",
            "许多人",
            "一些人",
            "群人"
        ]
    ],
    "雪浪": [
        "雪浪",
        "Snow wave",
        "雪浪",
        []
    ],
    "翻": [
        "翻",
        "Turn",
        "转动",
        [
            "转动",
            "旋转",
            "摆动",
            "滑动",
            "振动",
            "旋转轴",
            "翻转",
            "转轴",
            "静止",
            "飞轮"
        ]
    ],
    "孤峰": [
        "孤峰",
        "isolated peak",
        "孤立峰",
        [
            "孤立",
            "峰",
            "山峰",
            "岭",
            "山岭",
            "孤立无援",
            "崖",
            "穹丘",
            "岩",
            "山麓",
            "峰顶",
            "紧张状态",
            "西坡",
            "边缘化",
            "弱小",
            "险恶",
            "根深蒂固",
            "退缩",
            "依附",
            "长期以来"
        ]
    ],
    "轶云": [
        "轶云",
        "Yi yun",
        "易云",
        []
    ],
    "虹外": [
        "虹外",
        "Outside the rainbow",
        "彩虹之外",
        [
            "彩虹",
            "之外",
            "以外",
            "外",
            "基本上",
            "闪耀",
            "星星",
            "均",
            "小马",
            "除此以外",
            "七彩",
            "蝴蝶",
            "月光",
            "黎明",
            "闪亮",
            "都有",
            "沙漏",
            "都是",
            "值得注意",
            "正因如此"
        ]
    ],
    "半生": [
        "半生",
        "half a lifetime",
        "半衰期",
        [
            "半衰期",
            "同位素",
            "半衰",
            "砹",
            "锝",
            "核素",
            "寿命",
            "放射性",
            "氙",
            "钫"
        ]
    ],
    "壁立": [
        "壁立",
        "Wall stand",
        "壁式支架",
        [
            "支架",
            "螺栓",
            "铰链",
            "底座",
            "脚架",
            "铝制",
            "栓",
            "把手",
            "前端",
            "中空"
        ]
    ],
    "独耸": [
        "独耸",
        "Alone shrug",
        "独自耸耸肩",
        [
            "独自",
            "耸耸肩",
            "独自一人",
            "一同",
            "一起",
            "好不容易",
            "跟著",
            "执意",
            "三人",
            "自已",
            "起先",
            "客观主义",
            "兰德公司",
            "纽约客",
            "自相矛盾",
            "尤利西斯",
            "三本书",
            "重述",
            "正经",
            "话说"
        ]
    ],
    "表": [
        "表",
        "Table",
        "桌子",
        [
            "桌子",
            "椅子",
            "盘子",
            "桌上",
            "沙发",
            "书桌",
            "客厅",
            "把手",
            "柜子",
            "窗子"
        ]
    ],
    "孤高": [
        "孤高",
        "Lone height",
        "孤立高度",
        [
            "孤立",
            "高度",
            "水平",
            "孤立无援",
            "倾斜度",
            "离地",
            "紧张状态",
            "相对",
            "边缘化",
            "整体",
            "弱小",
            "险恶",
            "根深蒂固",
            "总体",
            "移动性",
            "退缩",
            "依附",
            "相对于",
            "持续性",
            "长期以来"
        ]
    ],
    "一朵": [
        "一朵",
        "a",
        "a",
        [
            "a",
            "s",
            "w",
            "d",
            "man",
            "In",
            "For",
            "As",
            "If",
            "And"
        ]
    ],
    "蓝堆": [
        "蓝堆",
        "Blue heap",
        "蓝色堆",
        [
            "蓝色",
            "堆",
            "红色",
            "深蓝色",
            "白色",
            "黄色",
            "粉红色",
            "橙色",
            "紫色",
            "金色",
            "浅蓝色",
            "填",
            "瓦砾",
            "泥巴",
            "沙土",
            "大石",
            "砖头",
            "地里",
            "火炉",
            "大块"
        ]
    ],
    "高寒": [
        "高寒",
        "high and cold",
        "又高又冷",
        [
            "高",
            "冷",
            "低",
            "较高",
            "较低",
            "极高",
            "很高",
            "更高",
            "极低",
            "很低",
            "冻",
            "颇高",
            "寒",
            "冷热",
            "凝",
            "冷水",
            "的水",
            "稀",
            "和气",
            "</s>"
        ]
    ],
    "崭绝": [
        "崭绝",
        "Come to an end",
        "结束",
        [
            "结束",
            "完结",
            "落幕",
            "告一段落",
            "终止",
            "终结",
            "过后",
            "中止",
            "就此结束",
            "之前"
        ]
    ],
    "耸": [
        "耸",
        "Song song",
        "宋松",
        []
    ],
    "碧汉前": [
        "碧汉前",
        "Before Brigham",
        "在布里格姆之前",
        [
            "姆",
            "之前",
            "以前",
            "之后",
            "在此之前",
            "沃",
            "什",
            "兹",
            "瑟",
            "以后",
            "里斯",
            "默",
            "前",
            "帕",
            "弗",
            "迈",
            "此前",
            "先前",
            "在此之后",
            "早先"
        ]
    ],
    "戟": [
        "戟",
        "Halberd",
        "戟",
        [
            "戟",
            "矛",
            "斧",
            "长柄",
            "禽",
            "牛角",
            "蜈蚣",
            "胁",
            "兜",
            "驰"
        ]
    ],
    "标管隙": [
        "标管隙",
        "Standard tube gap",
        "标准管间隙",
        [
            "标准",
            "间隙",
            "国际标准",
            "规范",
            "空隙",
            "标准化",
            "规格",
            "基准",
            "新标准",
            "间隔",
            "缝隙",
            "准则",
            "孔洞",
            "标准规范",
            "隙",
            "连接处",
            "常规",
            "过道",
            "很窄",
            "间或"
        ]
    ],
    "寸碧": [
        "寸碧",
        "Cunbi",
        "库比",
        []
    ],
    "插云": [
        "插云",
        "Insert cloud",
        "插入云",
        [
            "插入",
            "云",
            "放入",
            "插进",
            "弹出",
            "断开",
            "接在",
            "抽出",
            "填充",
            "嵌入",
            "尘",
            "填入",
            "幽",
            "寒",
            "阳",
            "名曰",
            "碧",
            "皓",
            "虹",
            "容"
        ]
    ],
    "高插": [
        "高插",
        "High insertion",
        "高插入",
        [
            "高",
            "插入",
            "低",
            "较高",
            "较低",
            "极高",
            "很高",
            "更高",
            "极低",
            "很低",
            "放入",
            "颇高",
            "插进",
            "弹出",
            "断开",
            "接在",
            "抽出",
            "填充",
            "嵌入",
            "填入"
        ]
    ],
    "云鬟": [
        "云鬟",
        "Cloud Huan",
        "云欢",
        []
    ],
    "众山": [
        "众山",
        "All the mountains",
        "所有的山",
        [
            "山",
            "山下",
            "山上",
            "山脚下",
            "山麓",
            "山脚",
            "山腰",
            "山有",
            "后山",
            "石山"
        ]
    ],
    "空倚": [
        "空倚",
        "Empty lean",
        "空瘦",
        []
    ],
    "伏": [
        "伏",
        "V",
        "V",
        [
            "V",
            "G",
            "S",
            "L",
            "R",
            "T",
            "I",
            "O",
            "Z",
            "FF"
        ]
    ],
    "凌汉表": [
        "凌汉表",
        "Linghan watch",
        "凌晗手表",
        [
            "手表",
            "怀表",
            "腕表",
            "钟表",
            "笔记本电脑",
            "洗衣机",
            "电器",
            "运动鞋",
            "皮包",
            "的产品"
        ]
    ],
    "竖立": [
        "竖立",
        "stand",
        "站立",
        [
            "站立",
            "双脚",
            "坐下",
            "抬起",
            "躺卧",
            "肩膀",
            "坐姿",
            "蹲",
            "头顶",
            "坐着"
        ]
    ],
    "出镜": [
        "出镜",
        "Out of the mirror",
        "从镜子里出来",
        [
            "镜子",
            "里",
            "里面",
            "一面镜子",
            "里头",
            "桌子",
            "中都",
            "盒子",
            "之中",
            "好像",
            "看不见",
            "中的",
            "衣橱",
            "沙漏",
            "影子",
            "看得见",
            "底下",
            "那时候",
            "内都",
            "从前"
        ]
    ],
    "耸汉": [
        "耸汉",
        "Song Han",
        "宋汉",
        []
    ]
}