{
    "枥": [
        "枥",
        "Sakyamuni",
        "释迦牟尼",
        [
            "释迦牟尼",
            "佛陀",
            "弥勒",
            "菩萨",
            "阿弥陀佛",
            "释迦",
            "佛祖",
            "佛",
            "尊者",
            "菩提"
        ]
    ],
    "击壶": [
        "击壶",
        "Strike pot",
        "打击罐",
        [
            "打击",
            "罐",
            "瓶",
            "压制",
            "威胁",
            "箱",
            "容器",
            "挫败",
            "盛载",
            "罐内",
            "盒",
            "玻璃瓶",
            "筒",
            "冲击",
            "铜制",
            "反击",
            "反扑",
            "反制",
            "遏制",
            "重挫"
        ]
    ],
    "失马": [
        "失马",
        "Lost horse",
        "失马",
        []
    ],
    "困鳞": [
        "困鳞",
        "Trapped scales",
        "被困秤",
        [
            "被困",
            "秤",
            "受困",
            "躲进",
            "逃出",
            "获救",
            "生还",
            "困于",
            "称量",
            "逃过一劫",
            "抛下",
            "幸免于难",
            "量度",
            "大件",
            "箸",
            "称重",
            "开大",
            "需用",
            "只用",
            "天和"
        ]
    ],
    "躇": [
        "躇",
        "Chu",
        "摄氏热单位",
        [
            "热",
            "单位",
            "的单位",
            "一个单位",
            "其单位",
            "基本单位",
            "为单位",
            "冷",
            "各单位",
            "刺",
            "计量",
            "热力",
            "该单位",
            "热和",
            "波",
            "其他部门",
            "高热",
            "微",
            "温",
            "圣万桑"
        ]
    ],
    "耕莘": [
        "耕莘",
        "Gengshen",
        "庚申",
        []
    ],
    "作龙": [
        "作龙",
        "As a dragon",
        "像龙一样",
        [
            "龙",
            "龙的",
            "龙科",
            "翼龙",
            "龙是",
            "龙是种",
            "龙有",
            "龙及",
            "蜥脚类",
            "禽"
        ]
    ],
    "赋枯鱼": [
        "赋枯鱼",
        "Dead fish",
        "死鱼",
        []
    ],
    "违人意": [
        "违人意",
        "Contrary to people's wishes",
        "违背人们的意愿",
        [
            "违背",
            "意愿",
            "违反",
            "有违",
            "抵触",
            "遵从",
            "愿意",
            "遵守",
            "无视",
            "意向",
            "违抗",
            "希望",
            "期望",
            "背离",
            "相悖",
            "善意",
            "有意",
            "自愿",
            "主动",
            "无意"
        ]
    ],
    "袖手": [
        "袖手",
        "Stand by",
        "支持",
        [
            "支持",
            "反对",
            "拥护",
            "支持者",
            "赞同",
            "赞成",
            "大力支持",
            "全力支持",
            "默许",
            "背书"
        ]
    ],
    "无奇策": [
        "无奇策",
        "No wonder",
        "难怪",
        [
            "难怪",
            "不该",
            "自嘲",
            "理所当然",
            "照样",
            "不对",
            "毕竟",
            "以致于",
            "才对",
            "；也"
        ]
    ],
    "书中": [
        "书中",
        "Books",
        "书",
        [
            "书",
            "著作",
            "序言",
            "序文",
            "文中",
            "笔记",
            "论著",
            "前言",
            "注解",
            "著书"
        ]
    ],
    "人忌": [
        "人忌",
        "People avoid",
        "人们回避",
        [
            "回避",
            "规避",
            "忽视",
            "无视",
            "避开",
            "忽略",
            "顾虑",
            "补救",
            "尽量避免",
            "不对"
        ]
    ],
    "敛熰": [
        "敛熰",
        "Gathering of wealth",
        "财富的积累",
        [
            "财富",
            "积累",
            "累积",
            "利润",
            "财产",
            "资本",
            "吸取",
            "富人",
            "金钱",
            "钱财",
            "获取",
            "积攒",
            "财货",
            "贪婪",
            "个人财产",
            "积聚",
            "依靠",
            "获益",
            "受益",
            "造就"
        ]
    ],
    "壶歌": [
        "壶歌",
        "Pot song",
        "盆栽歌曲",
        [
            "盆栽",
            "歌曲",
            "首歌曲",
            "首歌",
            "此曲",
            "歌词",
            "曲目",
            "流行歌曲",
            "曲子",
            "经典歌曲",
            "曲",
            "盆景",
            "花卉",
            "花盆",
            "落叶",
            "观赏用",
            "栽",
            "果树",
            "室外",
            "兰花"
        ]
    ],
    "怜枥": [
        "怜枥",
        "Flow pattern",
        "流型",
        []
    ],
    "世疏": [
        "世疏",
        "Shi Shu",
        "史叔",
        []
    ],
    "且": [
        "且",
        "And",
        "和",
        []
    ],
    "屈壮图": [
        "屈壮图",
        "Quzhuang diagram",
        "衢州图",
        [
            "衢州",
            "图",
            "金华",
            "台州",
            "嘉兴",
            "温州",
            "湖州",
            "处州",
            "诸暨",
            "乐清",
            "东阳",
            "示意图",
            "所示",
            "三幅",
            "绘出",
            "平面图",
            "左图",
            "布",
            "上图",
            "由此可知"
        ]
    ],
    "嬴骥": [
        "嬴骥",
        "Win a race",
        "赢得比赛",
        [
            "赢得",
            "比赛",
            "赛事",
            "夺得",
            "获得",
            "赢取",
            "拿下",
            "取得",
            "球赛",
            "决赛",
            "夺下",
            "预赛",
            "赛",
            "半决赛",
            "勇夺",
            "热身赛",
            "对抗赛",
            "表演赛",
            "摘得",
            "蝉联"
        ]
    ],
    "斯风": [
        "斯风",
        "The wind",
        "风",
        [
            "风",
            "风吹",
            "西风",
            "吹拂",
            "吹",
            "北风",
            "大风",
            "暴风",
            "雨",
            "和风"
        ]
    ],
    "车道": [
        "车道",
        "Lane",
        "小巷",
        [
            "小巷",
            "巷子",
            "街巷",
            "沿街",
            "街上",
            "横街",
            "一条街",
            "巷道",
            "客栈",
            "小街"
        ]
    ],
    "拱疏": [
        "拱疏",
        "Arch thinning",
        "弓变薄",
        [
            "弓",
            "变薄",
            "刀",
            "刀刃",
            "手",
            "刃",
            "增厚",
            "融化",
            "变厚",
            "变窄",
            "绳",
            "腰",
            "碎裂",
            "镰",
            "槌",
            "拉长",
            "破洞",
            "头",
            "皱纹",
            "内层"
        ]
    ],
    "瓮舞": [
        "瓮舞",
        "Urn dance",
        "骨灰舞",
        [
            "骨灰",
            "舞",
            "火化",
            "遗体",
            "舞蹈",
            "安葬",
            "歌舞",
            "灵柩",
            "遗骨",
            "舞者",
            "棺木",
            "歌",
            "琵琶",
            "舞狮",
            "埋葬",
            "跳舞",
            "墓地",
            "遗愿",
            "鹤",
            "麒麟"
        ]
    ],
    "醢": [
        "醢",
        "Thickening",
        "增厚",
        [
            "增厚",
            "变薄",
            "硬化",
            "内层",
            "外层",
            "较厚",
            "很薄",
            "增生",
            "加厚",
            "略为"
        ]
    ],
    "壮志": [
        "壮志",
        "Ambition",
        "追求",
        [
            "追求",
            "执着",
            "渴望",
            "生活态度",
            "执著",
            "信念",
            "自觉",
            "真诚",
            "追寻",
            "渴求"
        ]
    ],
    "初题": [
        "初题",
        "Initial question",
        "初始问题",
        [
            "问题",
            "难题",
            "原因",
            "疑虑",
            "情况",
            "缺陷",
            "疑问",
            "关键问题",
            "解决办法",
            "弊端"
        ]
    ],
    "未能": [
        "未能",
        "cannot",
        "不能",
        [
            "不能",
            "无法",
            "不会",
            "不必",
            "只能",
            "不用",
            "不可",
            "必须",
            "很难",
            "没法"
        ]
    ],
    "探": [
        "探",
        "explore",
        "探索",
        [
            "探索",
            "探寻",
            "探究",
            "探险",
            "冒险",
            "探讨",
            "追寻",
            "探求",
            "揭示",
            "聚焦"
        ]
    ],
    "虎穴": [
        "虎穴",
        "a tiger's cave-- a dangerous place",
        "老虎的洞穴——一个危险的地方",
        [
            "老虎",
            "洞穴",
            "危险",
            "地方",
            "岩洞",
            "山洞",
            "洞内",
            "岩石",
            "地洞",
            "巢穴",
            "危险性",
            "洞窟",
            "岩壁",
            "生命危险",
            "深处",
            "狐狸",
            "致命",
            "脆弱",
            "乌鸦",
            "可怕",
            "狗",
            "猴子",
            "兔子",
            "小心",
            "蟒蛇",
            "乌龟",
            "凶险",
            "大多",
            "有可能",
            "猿猴",
            "险恶",
            "人口众多",
            "区域内",
            "之外",
            "偏远地区",
            "燕子",
            "以外",
            "大都",
            "以前",
            "；也"
        ]
    ],
    "独转蓬": [
        "独转蓬",
        "Single - turn awning, single - turn awning, single - turn awning, single - turn awning, single - turn awning, single - turn awning, single - turn awning, single - turn awning.",
        "单圈遮阳篷、单圈遮阳篷、单圈遮阳篷、单圈遮阳篷、单圈遮阳篷、单圈遮阳篷、单圈遮阳篷。",
        [
            "单圈",
            "圈速",
            "维泰尔",
            "跑完",
            "冲刺",
            "快上",
            "起跑",
            "平均速度",
            "创纪录",
            "紧随"
        ]
    ],
    "莫作": [
        "莫作",
        "Don't do it",
        "不要这样做",
        [
            "不要",
            "做",
            "不想",
            "不该",
            "不让",
            "不必",
            "绝不会",
            "绝不",
            "免得",
            "切勿",
            "不用",
            "做到",
            "认真",
            "好好",
            "想到",
            "花钱",
            "动手",
            "继续做",
            "要用",
            "来作"
        ]
    ],
    "破浪": [
        "破浪",
        "Breaking the Waves",
        "破浪前进",
        []
    ],
    "雄飞": [
        "雄飞",
        "Xiongfei",
        "熊飞",
        []
    ],
    "手掬": [
        "手掬",
        "Hands up",
        "举起手来",
        []
    ],
    "四冥": [
        "四冥",
        "Four ghosts",
        "四个鬼魂",
        [
            "鬼魂",
            "附身",
            "亡灵",
            "巫婆",
            "恶鬼",
            "鬼",
            "阴间",
            "女巫",
            "魂魄",
            "冤魂"
        ]
    ],
    "有志": [
        "有志",
        "Aspiring",
        "有抱负的",
        [
            "抱负",
            "志向",
            "热忱",
            "期许",
            "使命感",
            "向往",
            "志气",
            "上进",
            "前程",
            "有志"
        ]
    ],
    "声摇": [
        "声摇",
        "Sound wave",
        "音波",
        [
            "音波",
            "声波",
            "高频率",
            "等离子",
            "闪光",
            "电子装置",
            "远距离",
            "诱饵",
            "远距",
            "回音"
        ]
    ],
    "隐雾": [
        "隐雾",
        "Hidden fog",
        "隐藏雾",
        [
            "隐藏",
            "雾",
            "雨",
            "隐蔽",
            "伪装",
            "日光",
            "隐密",
            "黑影",
            "背后",
            "隐秘",
            "暗藏",
            "桐",
            "雪",
            "隐匿",
            "像是",
            "夕",
            "月光",
            "浮",
            "影",
            "美里"
        ]
    ],
    "八极": [
        "八极",
        "Eight poles",
        "八极",
        [
            "八极",
            "绝学",
            "绝技",
            "太极",
            "习武",
            "真传",
            "武当",
            "无极",
            "自许",
            "实乃"
        ]
    ],
    "洒扫": [
        "洒扫",
        "sweep",
        "全胜",
        [
            "全胜",
            "不败",
            "胜",
            "季军",
            "获胜",
            "小胜",
            "殿军",
            "完胜",
            "首战",
            "获得胜利"
        ]
    ],
    "气贯": [
        "气贯",
        "Gas penetration",
        "气体渗透",
        [
            "气体",
            "渗透",
            "氢气",
            "液体",
            "氮气",
            "微粒",
            "空气",
            "气态",
            "二氧化碳",
            "水蒸气",
            "液态",
            "渗入",
            "渗透到",
            "侵入",
            "压制",
            "阻绝",
            "箝制",
            "阻碍",
            "威慑",
            "割裂"
        ]
    ],
    "气冲": [
        "气冲",
        "Air impact",
        "空气冲击",
        [
            "空气",
            "冲击",
            "气体",
            "热空气",
            "液体",
            "氧气",
            "二氧化碳",
            "氮气",
            "反弹",
            "湿气",
            "热气",
            "氢气",
            "阻碍",
            "负面影响",
            "震荡",
            "震撼",
            "挤压",
            "推波助澜",
            "致使",
            "首当其冲"
        ]
    ],
    "看匣": [
        "看匣",
        "Look at the box",
        "看看这个盒子",
        [
            "看看",
            "盒子",
            "想到",
            "盒",
            "箱子",
            "是不是",
            "刚才",
            "想想",
            "进去",
            "到底",
            "袋子",
            "忘了",
            "抽屉",
            "就让",
            "盖子",
            "盘子",
            "柜子",
            "木箱",
            "再来",
            "桌面上"
        ]
    ],
    "肝胆": [
        "肝胆",
        "Hepatobiliary",
        "肝胆的",
        [
            "肝胆",
            "实无",
            "水火",
            "实乃",
            "绝",
            "揽",
            "实为",
            "自是",
            "锐",
            "实是"
        ]
    ],
    "一古剑": [
        "一古剑",
        "- Gu Jian",
        "-顾剑",
        [
            "-",
            "干",
            "安",
            "--",
            "先于",
            "在在",
            "时是",
            "<tr>",
            "Pardosa",
            "</s>"
        ]
    ],
    "勋业": [
        "勋业",
        "Merits and accomplishments",
        "优点和成就",
        [
            "优点",
            "成就",
            "缺点",
            "灵活性",
            "贡献",
            "特性",
            "特点",
            "好处",
            "实用性",
            "成果",
            "才华",
            "建树",
            "功绩",
            "低成本",
            "名声",
            "高效率",
            "天分",
            "不同之处",
            "才智",
            "多才多艺"
        ]
    ],
    "司马": [
        "司马",
        "a surname",
        "姓氏",
        [
            "姓氏",
            "姓",
            "人名",
            "汉姓",
            "姓名",
            "名字",
            "复姓",
            "称谓",
            "改姓",
            "一姓"
        ]
    ],
    "空题": [
        "空题",
        "Empty topic",
        "空洞的话题",
        [
            "空洞",
            "话题",
            "热门话题",
            "议题",
            "焦点",
            "敏感话题",
            "流行文化",
            "扭曲",
            "公众人物",
            "想象",
            "戏仿",
            "时下",
            "戏谑",
            "似乎",
            "好像",
            "看不见",
            "破碎",
            "或许",
            "显然",
            "只不过"
        ]
    ],
    "颖脱": [
        "颖脱",
        "Cleavage",
        "分裂",
        [
            "分裂",
            "分化",
            "对立",
            "内部矛盾",
            "内斗",
            "瓦解",
            "分崩离析",
            "崩解",
            "决裂",
            "分离"
        ]
    ],
    "抚囊": [
        "抚囊",
        "Massage capsule",
        "按摩胶囊",
        [
            "按摩",
            "胶囊",
            "美容",
            "脚底",
            "药水",
            "健身",
            "冷冻",
            "盒子",
            "药丸",
            "罐",
            "洗浴",
            "泡茶",
            "推拿",
            "手环",
            "粉末状",
            "调理",
            "糖果",
            "小便",
            "浴",
            "一次性"
        ]
    ],
    "锥": [
        "锥",
        "cone",
        "圆锥体",
        [
            "圆锥体",
            "锥状",
            "弧线",
            "圆锥",
            "椭圆",
            "锥形",
            "球状",
            "心形",
            "星状",
            "小圆"
        ]
    ],
    "行藏": [
        "行藏",
        "Hiding",
        "隐藏",
        [
            "隐藏",
            "隐蔽",
            "伪装",
            "隐密",
            "黑影",
            "背后",
            "隐秘",
            "暗藏",
            "隐匿",
            "像是"
        ]
    ],
    "独倚楼": [
        "独倚楼",
        "Alone building",
        "单独建筑",
        [
            "单独",
            "建筑",
            "建筑物",
            "建筑群",
            "建筑风格",
            "宗教建筑",
            "公共建筑",
            "塔楼",
            "建物",
            "建筑设计",
            "巴洛克式",
            "分开",
            "直接",
            "原则上",
            "另行",
            "实际上",
            "基本上",
            "之外",
            "实质上",
            "除此以外"
        ]
    ],
    "敢": [
        "敢",
        "Dare",
        "敢",
        [
            "敢",
            "不敢",
            "不行",
            "却说",
            "必",
            "何必",
            "奈何",
            "不出",
            "不来",
            "唯独"
        ]
    ],
    "知音": [
        "知音",
        "Bosom friend",
        "知心朋友",
        []
    ],
    "青眼": [
        "青眼",
        "favour",
        "赞同",
        [
            "赞同",
            "赞成",
            "拥护",
            "采纳",
            "对此",
            "一致",
            "赞许",
            "异议",
            "表示同意",
            "附和"
        ]
    ],
    "按剑": [
        "按剑",
        "Press the sword",
        "按剑",
        []
    ],
    "焦桐": [
        "焦桐",
        "Jiao Tong",
        "娇童",
        []
    ],
    "珠暗": [
        "珠暗",
        "Dark bead",
        "暗珠",
        []
    ],
    "长鸣": [
        "长鸣",
        "Long song",
        "长歌",
        [
            "长歌",
            "箫",
            "任氏",
            "相随",
            "边城",
            "九首",
            "回首",
            "谐",
            "逍遥",
            "自是"
        ]
    ],
    "绝弦": [
        "绝弦",
        "Absolute chord",
        "绝对和弦",
        [
            "绝对",
            "和弦",
            "和声",
            "低音",
            "调性",
            "人声",
            "变奏",
            "音阶",
            "声部",
            "曲式",
            "赋格",
            "意味著",
            "也就是说",
            "显然",
            "并不一定",
            "理论上",
            "无论如何",
            "实际上",
            "仅仅",
            "毕竟"
        ]
    ],
    "负草": [
        "负草",
        "Negative grass",
        "负草",
        []
    ],
    "朱弦": [
        "朱弦",
        "Zhu xian",
        "朱仙",
        []
    ],
    "挥斤": [
        "挥斤",
        "Swing one's weight",
        "摆动某人的重量",
        [
            "摆动",
            "重量",
            "总重量",
            "转动",
            "总重",
            "晃动",
            "旋转",
            "尺寸",
            "配重",
            "体积",
            "车重",
            "载重量",
            "弯曲",
            "载重",
            "侧向",
            "前倾",
            "载荷",
            "扭动",
            "摇动",
            "回转"
        ]
    ],
    "垩": [
        "垩",
        "chalk",
        "白垩",
        [
            "白垩",
            "砂岩",
            "石灰岩",
            "岩层",
            "泥岩",
            "沉积岩",
            "石灰石",
            "粘土",
            "黏土",
            "砂砾"
        ]
    ],
    "鼻": [
        "鼻",
        "Nose",
        "鼻子",
        [
            "鼻子",
            "耳朵",
            "嘴唇",
            "嘴巴",
            "舌头",
            "脸颊",
            "额头",
            "脖子",
            "喉咙",
            "下巴"
        ]
    ],
    "终绝": [
        "终绝",
        "End of life",
        "寿命终止",
        [
            "寿命",
            "终止",
            "中止",
            "停止",
            "暂停",
            "使用寿命",
            "取消",
            "平均寿命",
            "延后",
            "告一段落",
            "生命周期",
            "重启",
            "重新启动",
            "暂时中止",
            "年限",
            "更长",
            "生命期",
            "寿命长",
            "停留时间",
            "间隔时间"
        ]
    ],
    "璞": [
        "璞",
        "Pu",
        "聚氨酯",
        [
            "聚氨酯",
            "增塑剂",
            "聚乙烯",
            "树脂",
            "聚丙烯",
            "聚苯乙烯",
            "塑料",
            "软质",
            "合成树脂",
            "轻质"
        ]
    ],
    "三献": [
        "三献",
        "Three offerings",
        "三份供品",
        [
            "三份",
            "供品",
            "祭品",
            "纸钱",
            "神明",
            "香案",
            "四份",
            "烧香",
            "回礼",
            "焚香",
            "新郎",
            "五份",
            "举行仪式",
            "二分",
            "共五",
            "一整",
            "内中",
            "</s>",
            "<tr>",
            "Pardosa"
        ]
    ],
    "燕昭": [
        "燕昭",
        "Yanzhao",
        "赵岩",
        [
            "赵岩",
            "洎",
            "王钦",
            "郭文",
            "戚",
            "李家",
            "李德",
            "白家",
            "郭氏",
            "陈东"
        ]
    ],
    "怜马": [
        "怜马",
        "Flow horse",
        "流动马",
        [
            "流动",
            "马",
            "两匹",
            "移动",
            "马和",
            "牛",
            "扩散",
            "驼",
            "悬浮",
            "流向",
            "流出",
            "一匹马",
            "恒定",
            "震荡",
            "马在",
            "浮动",
            "白马",
            "的移动",
            "福",
            "</s>"
        ]
    ],
    "剑鲜": [
        "剑鲜",
        "Sword fresh",
        "剑新鲜",
        [
            "剑",
            "新鲜",
            "刀",
            "宝剑",
            "刃",
            "神剑",
            "长剑",
            "美味",
            "匕首",
            "刀剑",
            "食材",
            "双剑",
            "斧",
            "好吃",
            "可口",
            "水果",
            "牛奶",
            "蜜糖",
            "甜食",
            "的食品"
        ]
    ],
    "初鸣": [
        "初鸣",
        "First song",
        "第一首歌",
        [
            "第一首歌",
            "首歌",
            "张唱片",
            "曲子",
            "Demo",
            "Is",
            "伴唱",
            "Goodbye",
            "首曲",
            "Something"
        ]
    ],
    "匣": [
        "匣",
        "casket",
        "棺材",
        [
            "棺材",
            "棺木",
            "箱子",
            "坟墓",
            "棺",
            "墓穴",
            "棺椁",
            "尸身",
            "头颅",
            "石棺"
        ]
    ],
    "不顾": [
        "不顾",
        "Ignoring",
        "忽略",
        [
            "忽略",
            "忽视",
            "相反",
            "看来",
            "显然",
            "也许",
            "或许",
            "无关",
            "或多或少",
            "比如说"
        ]
    ],
    "钟子": [
        "钟子",
        "Clock",
        "时钟",
        [
            "时钟",
            "计时器",
            "计时",
            "定时器",
            "计数器",
            "偏移",
            "同步",
            "步进",
            "时计",
            "瞬时"
        ]
    ],
    "騄": [
        "騄",
        "Catfish",
        "鲶鱼",
        [
            "鲶鱼",
            "鲫鱼",
            "鳗鱼",
            "鲨鱼",
            "螃蟹",
            "鱿鱼",
            "鲔鱼",
            "龙虾",
            "鱼和",
            "大头"
        ]
    ],
    "駬": [
        "駬",
        "The goby",
        "戈比",
        [
            "戈比",
            "里拉",
            "波尼",
            "塞拉",
            "加里",
            "希瓦",
            "伊克",
            "古拉",
            "波瓦",
            "的卡"
        ]
    ],
    "遭": [
        "遭",
        "turn",
        "转动",
        [
            "转动",
            "旋转",
            "摆动",
            "滑动",
            "振动",
            "旋转轴",
            "翻转",
            "转轴",
            "静止",
            "飞轮"
        ]
    ],
    "支遁": [
        "支遁",
        "Zhi Dun",
        "支遁",
        []
    ],
    "爱鹰": [
        "爱鹰",
        "Love eagles",
        "爱鹰",
        []
    ],
    "刀呈": [
        "刀呈",
        "Knife presentation",
        "刀演示",
        [
            "刀",
            "演示",
            "剑",
            "匕首",
            "大刀",
            "刃",
            "短刀",
            "刀剑",
            "武士刀",
            "刀子",
            "刀刃",
            "展示",
            "幻灯片",
            "预览",
            "模拟",
            "仿真",
            "摄像",
            "科学实验",
            "示范",
            "展示出"
        ]
    ],
    "一割": [
        "一割",
        "A cut",
        "切",
        [
            "切",
            "托",
            "夫",
            "博",
            "昂",
            "戈",
            "布",
            "加",
            "透",
            "彻"
        ]
    ],
    "谁识": [
        "谁识",
        "Who knows",
        "谁知道",
        [
            "知道",
            "告诉",
            "明白",
            "告诉他",
            "并不知道",
            "想到",
            "真的",
            "其实",
            "发觉",
            "究竟"
        ]
    ],
    "伯牙": [
        "伯牙",
        "Yu Boya",
        "俞伯牙",
        []
    ],
    "枯桐": [
        "枯桐",
        "Kutong",
        "古通",
        []
    ],
    "得云": [
        "得云",
        "Cloud",
        "云",
        [
            "云",
            "尘",
            "幽",
            "寒",
            "阳",
            "名曰",
            "碧",
            "皓",
            "虹",
            "容"
        ]
    ],
    "绝朱": [
        "绝朱",
        "Zhu Jue",
        "朱珏",
        []
    ],
    "笑面": [
        "笑面",
        "Smiling face",
        "笑脸",
        [
            "笑脸",
            "微笑",
            "笑容",
            "广告词",
            "招牌",
            "泰迪熊",
            "面孔",
            "脸孔",
            "样子",
            "貌似"
        ]
    ],
    "嗔": [
        "嗔",
        "be displeased",
        "不高兴",
        [
            "高兴",
            "后悔",
            "吃惊",
            "生气",
            "十分高兴",
            "感到高兴",
            "感激",
            "欣慰",
            "欣喜",
            "就让"
        ]
    ],
    "拳": [
        "拳",
        "fist",
        "拳头",
        [
            "拳头",
            "双手",
            "脑袋",
            "斧头",
            "手掌",
            "鞭子",
            "头上",
            "手脚",
            "屁股",
            "徒手"
        ]
    ],
    "知几": [
        "知几",
        "Know what",
        "知道吗",
        [
            "知道",
            "告诉",
            "明白",
            "告诉他",
            "并不知道",
            "想到",
            "真的",
            "其实",
            "发觉",
            "究竟"
        ]
    ],
    "蓍龟": [
        "蓍龟",
        "Yarrow turtle",
        "雅罗海龟",
        [
            "雅罗",
            "海龟",
            "海洋生物",
            "鲨鱼",
            "龙虾",
            "海牛",
            "海鸟",
            "虎鲸",
            "螃蟹",
            "乌龟",
            "儒艮",
            "多鳞",
            "鲁氏",
            "婆罗门参",
            "舒氏",
            "和平街道",
            "铁西街道",
            "</s>",
            "Pardosa",
            "<tr>"
        ]
    ],
    "燕雀": [
        "燕雀",
        "brambling",
        "花鸡",
        []
    ],
    "焉知": [
        "焉知",
        "How do you know",
        "你怎么知道的",
        [
            "知道",
            "告诉",
            "明白",
            "告诉他",
            "并不知道",
            "想到",
            "真的",
            "其实",
            "发觉",
            "究竟"
        ]
    ],
    "曲突": [
        "曲突",
        "Curved protrusion",
        "弯曲突起",
        [
            "弯曲",
            "突起",
            "凸起",
            "隆起",
            "倾斜",
            "伸展",
            "凹陷",
            "平直",
            "伸长",
            "锯齿状",
            "锥状",
            "直角",
            "侧向",
            "下垂",
            "前端",
            "外缘",
            "圆锥形",
            "楔形"
        ]
    ],
    "受恩": [
        "受恩",
        "Gratitude",
        "感谢",
        [
            "感谢",
            "感激",
            "表示感谢",
            "答谢",
            "衷心",
            "感恩",
            "非常感谢",
            "致谢",
            "深受感动",
            "来向"
        ]
    ],
    "先退": [
        "先退",
        "Back first",
        "先回去",
        []
    ],
    "脍": [
        "脍",
        "- hey, hey, hey, hey, hey, hey, hey, hey, hey, hey, hey, hey, hey, hey, hey, hey, hey, hey, hey",
        "-嘿，嘿，嘿，嘿，嘿，嘿，嘿，嘿，嘿，嘿，嘿，嘿，嘿，嘿，嘿，嘿，嘿，嘿，嘿，嘿，嘿，嘿，嘿，嘿",
        [
            "-",
            "干",
            "安",
            "--",
            "先于",
            "在在",
            "时是",
            "<tr>",
            "Pardosa",
            "</s>"
        ]
    ]
}