{
    "盎": [
        "盎",
        "full of life",
        "充满生命",
        [
            "充满",
            "生命",
            "充满著",
            "感受到",
            "充满着",
            "展现出",
            "心灵",
            "灵魂",
            "展现",
            "永生",
            "人类",
            "极富",
            "流露出",
            "带给",
            "肉体",
            "全人类",
            "看似",
            "新生命",
            "一个人",
            "精神上"
        ]
    ],
    "瓠子": [
        "瓠子",
        "Bottle pulp",
        "瓶装纸浆",
        [
            "纸浆",
            "木浆",
            "原料",
            "造纸",
            "树脂",
            "焦炭",
            "制品",
            "精炼",
            "罐头",
            "副产品"
        ]
    ],
    "药玉": [
        "药玉",
        "Medicine jade",
        "药玉",
        []
    ],
    "鸬鹚": [
        "鸬鹚",
        "cormorant",
        "鸬鹚",
        [
            "鸬鹚",
            "鹭",
            "豚",
            "鹳",
            "水鸟",
            "鲣鸟",
            "喜鹊",
            "白鹭",
            "八哥",
            "鹌鹑"
        ]
    ],
    "盏": [
        "盏",
        "Lamp",
        "灯",
        [
            "灯",
            "灯笼",
            "灯泡",
            "点灯",
            "蜡烛",
            "灯具",
            "油灯",
            "点亮",
            "喇叭",
            "霓虹"
        ]
    ],
    "巨": [
        "巨",
        "tremendous",
        "巨大的",
        [
            "巨大",
            "极大",
            "相当大",
            "非常大",
            "更大",
            "很大",
            "不小",
            "前所未有",
            "庞大",
            "前所未见"
        ]
    ],
    "金荷": [
        "金荷",
        "Golden lotus",
        "金色莲花",
        [
            "金色",
            "莲花",
            "银色",
            "蓝色",
            "白色",
            "红色",
            "黑色",
            "紫色",
            "黄色",
            "粉红色",
            "深蓝色",
            "宝瓶",
            "梅花",
            "莲",
            "荷花",
            "麒麟",
            "如意",
            "马鞍",
            "垂花",
            "顶上"
        ]
    ],
    "兕": [
        "兕",
        "No",
        "不",
        []
    ],
    "香先": [
        "香先",
        "Incense first",
        "先熏香",
        [
            "先",
            "再行",
            "再",
            "可先",
            "先行",
            "先以",
            "不须",
            "到时",
            "必先",
            "先为"
        ]
    ],
    "杯琢": [
        "杯琢",
        "Cup cut",
        "杯切",
        []
    ],
    "雕琼": [
        "雕琼",
        "Diaoqiong",
        "刁琼",
        []
    ],
    "吸长": [
        "吸长",
        "Suction length",
        "抽吸长度",
        [
            "长度",
            "宽度",
            "间距",
            "总长度",
            "阔度",
            "尺寸",
            "间隔",
            "大小",
            "较宽",
            "弧度"
        ]
    ],
    "元露": [
        "元露",
        "Yuan Lou",
        "元露",
        []
    ],
    "浪未平": [
        "浪未平",
        "The waves are not flat",
        "波浪不平坦",
        [
            "波浪",
            "平坦",
            "海浪",
            "平缓",
            "宽阔",
            "低矮",
            "崎岖",
            "狭窄",
            "陡峭",
            "平整",
            "低平",
            "宽广",
            "水波",
            "波纹",
            "水滴",
            "涟漪",
            "浪花",
            "退潮",
            "卷起",
            "水平线"
        ]
    ],
    "赍送": [
        "赍送",
        "Sending",
        "发送",
        [
            "发送",
            "发送到",
            "发送给",
            "传送",
            "转发",
            "递送",
            "投递",
            "送达",
            "收发",
            "邮寄"
        ]
    ],
    "醪浮": [
        "醪浮",
        "Mash flotation",
        "醪液浮选",
        []
    ],
    "注瓦": [
        "注瓦",
        "Note tile",
        "注释块",
        [
            "注释",
            "注解",
            "译文",
            "批注",
            "评注",
            "原文",
            "释义",
            "脚注",
            "正文",
            "编者"
        ]
    ],
    "倾银": [
        "倾银",
        "Pour silver",
        "倒银",
        [
            "倒",
            "银",
            "铜",
            "银两",
            "白银",
            "推倒",
            "撑",
            "摇动",
            "倾",
            "银和",
            "扯",
            "拉到",
            "缯",
            "围住",
            "金制",
            "放",
            "拉出",
            "料",
            "皂",
            "金和"
        ]
    ],
    "酒壶": [
        "酒壶",
        "Flagon",
        "弗拉贡",
        [
            "弗拉",
            "贡",
            "噶",
            "岁贡",
            "札",
            "扎",
            "米尔",
            "扎巴",
            "钦",
            "德尔",
            "布",
            "德格",
            "岱",
            "拉姆",
            "帕莱",
            "托尔",
            "科尔",
            "的卡",
            "优",
            "奥列尼夫卡"
        ]
    ],
    "红封": [
        "红封",
        "Red seal",
        "红色印章",
        [
            "红色",
            "印章",
            "黄色",
            "白色",
            "蓝色",
            "橙色",
            "紫色",
            "黑色",
            "粉红色",
            "金色",
            "深蓝色",
            "图章",
            "印玺",
            "印鉴",
            "钱币",
            "印文",
            "刻字",
            "名片",
            "装饰品",
            "原件"
        ]
    ],
    "二升": [
        "二升",
        "Two liters",
        "两升",
        []
    ],
    "融": [
        "融",
        "melt",
        "熔化",
        [
            "熔化",
            "熔融",
            "凝固",
            "融化",
            "溶解",
            "受热",
            "溶化",
            "熔解",
            "液态",
            "固化"
        ]
    ],
    "白兽": [
        "白兽",
        "White beast",
        "白色野兽",
        [
            "白色",
            "野兽",
            "黄色",
            "红色",
            "黑色",
            "粉红色",
            "紫色",
            "蓝色",
            "深蓝色",
            "暗红色",
            "金色",
            "怪物",
            "恶魔",
            "狼人",
            "女巫",
            "魔鬼",
            "狐狸",
            "蝎子",
            "青蛙",
            "梦魇"
        ]
    ],
    "金彝": [
        "金彝",
        "Jin Yi",
        "金艺",
        []
    ],
    "劝酬": [
        "劝酬",
        "Advised pay",
        "建议工资",
        [
            "建议",
            "工资",
            "薪水",
            "薪资",
            "薪金",
            "提议",
            "薪酬",
            "退休金",
            "月薪",
            "报酬",
            "同意",
            "要求",
            "利息",
            "加班费",
            "决定",
            "敦促",
            "劝告",
            "建言",
            "促请",
            "表示同意"
        ]
    ],
    "留醉客": [
        "留醉客",
        "Stay drunk",
        "保持喝醉",
        [
            "保持",
            "喝醉",
            "维持",
            "喝酒",
            "喝得",
            "始终保持",
            "保持稳定",
            "酒醉",
            "保有",
            "做爱",
            "睡着",
            "喝醉酒",
            "发怒",
            "保证",
            "保持良好",
            "冷静下来",
            "装作",
            "持续保持",
            "依然",
            "保持一致"
        ]
    ],
    "绿色": [
        "绿色",
        "Green",
        "绿色的",
        [
            "绿色",
            "橙色",
            "黄色",
            "红色",
            "蓝色",
            "白色",
            "粉红色",
            "紫色",
            "浅绿色",
            "深蓝色"
        ]
    ],
    "折庖": [
        "折庖",
        "Fold off",
        "折叠",
        [
            "折叠",
            "拉链",
            "接合",
            "螺旋",
            "卷曲",
            "翻转",
            "粘贴",
            "剪切",
            "支架",
            "前端"
        ]
    ],
    "宁出": [
        "宁出",
        "Ning Chu",
        "宁楚",
        []
    ],
    "形模": [
        "形模",
        "Form mould",
        "成型模具",
        [
            "成型",
            "模具",
            "成形",
            "铸件",
            "成品",
            "工序",
            "工件",
            "部件",
            "螺栓",
            "容器",
            "塑料",
            "固化",
            "坯",
            "盒式",
            "挤出",
            "复合",
            "逐步形成",
            "其发展",
            "换用",
            "应运而生"
        ]
    ],
    "简古": [
        "简古",
        "Jane ancient",
        "简·古",
        [
            "简",
            "古",
            "古代",
            "2世纪",
            "古时",
            "中古",
            "5世纪",
            "4世纪",
            "自古",
            "6世纪",
            "八世纪",
            "珍",
            "福",
            "敏",
            "和文",
            "特为",
            "容",
            "来由",
            "Pardosa",
            "</s>"
        ]
    ],
    "容得": [
        "容得",
        "Tolerance",
        "容忍",
        [
            "容忍",
            "忽视",
            "抗拒",
            "强加",
            "屈从",
            "无视",
            "视而不见",
            "蔑视",
            "不能容忍",
            "坚信"
        ]
    ],
    "几升酒": [
        "几升酒",
        "A few liters of wine",
        "几升酒",
        []
    ],
    "酌向": [
        "酌向",
        "Action direction",
        "行动方向",
        [
            "行动",
            "方向",
            "军事行动",
            "朝向",
            "路径",
            "顺时针",
            "侧向",
            "同方向",
            "秘密行动",
            "联合行动",
            "一段距离",
            "反击",
            "斜向",
            "朝著",
            "实际行动",
            "行动计划",
            "正向",
            "地面部队",
            "采取行动",
            "突击"
        ]
    ],
    "每生风": [
        "每生风",
        "Every wind",
        "每一次风",
        [
            "每一次",
            "风",
            "风吹",
            "西风",
            "吹拂",
            "吹",
            "北风",
            "大风",
            "暴风",
            "雨",
            "和风",
            "接下来",
            "不停",
            "上次",
            "下一场",
            "这样的话",
            "进行时",
            "而会",
            "都能",
            "这两项"
        ]
    ],
    "清真": [
        "清真",
        "Muslim",
        "穆斯林",
        [
            "穆斯林",
            "什叶派",
            "伊斯兰",
            "基督教徒",
            "阿拉伯人",
            "逊尼派",
            "亚美尼亚人",
            "基督徒",
            "回教徒",
            "伊朗人"
        ]
    ],
    "中藏": [
        "中藏",
        "Central Tibet",
        "西藏中部",
        [
            "西藏",
            "中部",
            "北部",
            "东部",
            "东北部",
            "东南部",
            "南部",
            "西部",
            "西北部",
            "西南部",
            "中南部",
            "藏区",
            "西藏地区",
            "康区",
            "拉萨",
            "锡金",
            "西藏地方",
            "尼泊尔",
            "青海",
            "藏人"
        ]
    ],
    "刻鹅": [
        "刻鹅",
        "Carved goose",
        "雕刻鹅",
        [
            "雕刻",
            "鹅",
            "石雕",
            "浮雕",
            "木雕",
            "彩绘",
            "雕塑",
            "雕饰",
            "泥塑",
            "浅浮雕",
            "雕",
            "鸡",
            "鸭",
            "羊",
            "猪",
            "山羊",
            "奶",
            "雁",
            "小鸡",
            "鸭子"
        ]
    ],
    "色莹红": [
        "色莹红",
        "The color is bright red",
        "颜色是鲜红的",
        [
            "颜色",
            "色调",
            "黄色",
            "红色",
            "紫色",
            "蓝色",
            "白色",
            "粉红色",
            "橙色",
            "色"
        ]
    ],
    "泛蚁": [
        "泛蚁",
        "Pan ant",
        "锅蚂蚁",
        [
            "锅",
            "蚂蚁",
            "蜘蛛",
            "蜜蜂",
            "饭",
            "煮",
            "蚯蚓",
            "煎",
            "毛虫",
            "蟑螂",
            "熬",
            "蒸",
            "蚊子",
            "蘸",
            "苍蝇",
            "蜘蛛网",
            "青蛙",
            "汤",
            "酱油",
            "水煮"
        ]
    ],
    "野村": [
        "野村",
        "Nomura",
        "野村证券",
        [
            "野村",
            "证券",
            "股票",
            "银行",
            "金融机构",
            "证券市场",
            "交易所",
            "商业银行",
            "证券交易",
            "小林",
            "上市公司",
            "岩田",
            "高桥",
            "公司股票",
            "吉田",
            "久保",
            "豊",
            "中村",
            "松本",
            "青木"
        ]
    ],
    "林畔": [
        "林畔",
        "Forest bank",
        "森林银行",
        [
            "森林",
            "银行",
            "金融机构",
            "雨林",
            "的银行",
            "商业银行",
            "丛林",
            "分行",
            "沼泽",
            "原始森林",
            "证券",
            "热带雨林",
            "树林",
            "山谷",
            "中央银行",
            "该银行",
            "银行业",
            "汇丰银行",
            "荒野",
            "原野"
        ]
    ],
    "杏村": [
        "杏村",
        "Apricot village",
        "杏子村",
        [
            "杏子",
            "村",
            "山村",
            "头村",
            "村委会",
            "自然村",
            "居委会",
            "东村",
            "坪村",
            "岗村",
            "一村",
            "麻美",
            "悠",
            "杏",
            "下定决心",
            "岂料",
            "三人",
            "多多",
            "四人",
            "自已"
        ]
    ],
    "招饮": [
        "招饮",
        "Recruit drinks",
        "招募饮料",
        [
            "招募",
            "饮料",
            "饮品",
            "召募",
            "酒类",
            "咖啡",
            "征募",
            "酒精饮料",
            "果汁",
            "牛奶",
            "零食",
            "招揽",
            "汽水",
            "冰淇淋",
            "招集",
            "招聘",
            "募兵",
            "动员",
            "雇用",
            "应征"
        ]
    ],
    "路侧": [
        "路侧",
        "Road side",
        "路侧",
        []
    ],
    "低悬": [
        "低悬",
        "Low suspension",
        "低悬浮",
        [
            "低",
            "悬浮",
            "较低",
            "较高",
            "高",
            "更高",
            "极低",
            "很低",
            "高于",
            "偏高",
            "较差",
            "漂浮",
            "微粒",
            "吸附",
            "水滴",
            "凝胶",
            "胶体",
            "泥浆",
            "碎屑",
            "水或"
        ]
    ],
    "数字": [
        "数字",
        "number",
        "数字",
        [
            "数字",
            "位数",
            "小数点",
            "倍数",
            "进制",
            "十进制",
            "二进制",
            "大写字母",
            "十六进制",
            "小数"
        ]
    ],
    "燕市": [
        "燕市",
        "Yan city",
        "燕市",
        []
    ],
    "林头": [
        "林头",
        "Lin tou",
        "林头",
        []
    ],
    "缱绻": [
        "缱绻",
        "deeply attached to each other",
        "彼此深深相连",
        [
            "深深",
            "相连",
            "深深地",
            "连接",
            "连接起来",
            "连通",
            "隔开",
            "相接",
            "相通",
            "相邻",
            "内心",
            "连在一起",
            "毗连",
            "心中",
            "心底",
            "很深",
            "渴望",
            "深切",
            "极深",
            "执着"
        ]
    ],
    "下临": [
        "下临",
        "Next",
        "然后",
        []
    ],
    "广陌": [
        "广陌",
        "Hiromi",
        "弘美",
        []
    ],
    "直招": [
        "直招",
        "Direct action",
        "直接作用",
        [
            "直接",
            "作用",
            "起到",
            "功用",
            "关键作用",
            "必要",
            "抑制作用",
            "起着",
            "效用",
            "主导作用",
            "发挥作用",
            "单独",
            "并不需要",
            "从外部",
            "依赖性",
            "如此一来",
            "实际上",
            "这样一来",
            "反之亦然",
            "同样"
        ]
    ],
    "横野路": [
        "横野路",
        "Hengye road",
        "横野路",
        []
    ],
    "引客": [
        "引客",
        "Attract customers",
        "吸引顾客",
        [
            "吸引",
            "顾客",
            "客户",
            "消费者",
            "客人",
            "商家",
            "卖家",
            "店家",
            "零售商",
            "超市",
            "购买者",
            "更有",
            "观赏",
            "欣赏",
            "带动",
            "众多",
            "慕名而来",
            "带给",
            "吸纳",
            "更是"
        ]
    ],
    "归闲境": [
        "归闲境",
        "Return to leisure",
        "回归休闲",
        [
            "回归",
            "休闲",
            "休闲娱乐",
            "餐饮",
            "游憩",
            "休闲度假",
            "休闲活动",
            "消闲",
            "重返",
            "娱乐区",
            "好去处",
            "复出",
            "旅游观光",
            "重回",
            "重生",
            "重归",
            "复归",
            "转回",
            "紧接",
            "紧接著"
        ]
    ],
    "危楼": [
        "危楼",
        "Dangerous building",
        "危险房屋",
        [
            "危险",
            "房屋",
            "民房",
            "民宅",
            "住宅",
            "住房",
            "房舍",
            "楼房",
            "木屋",
            "平房",
            "危险性",
            "房子",
            "生命危险",
            "致命",
            "脆弱",
            "可怕",
            "小心",
            "凶险",
            "有可能",
            "险恶"
        ]
    ],
    "偏引": [
        "偏引",
        "Biased lead",
        "偏置引线",
        [
            "偏置",
            "引线",
            "回授",
            "反向",
            "金属板",
            "接头",
            "链条",
            "反转",
            "上端",
            "连续性",
            "桥接",
            "开路",
            "也就是说",
            "一般而言",
            "一般来说",
            "反之亦然",
            "顶上",
            "除此以外",
            "瓦尔瓦里夫卡",
            "</s>"
        ]
    ],
    "出幽村": [
        "出幽村",
        "Out of the secluded village",
        "走出偏僻的村庄",
        [
            "走出",
            "偏僻",
            "村庄",
            "偏远",
            "走进",
            "小镇",
            "村镇",
            "走到",
            "村子",
            "人烟稀少",
            "定居点",
            "小村",
            "走回",
            "交通不便",
            "走过",
            "农庄",
            "带进",
            "聚居点",
            "踏进",
            "乡间",
            "踏出",
            "荒凉",
            "居住地",
            "僻静",
            "空旷",
            "进到",
            "偏远地区",
            "眼看",
            "一处"
        ]
    ],
    "手简": [
        "手简",
        "Hand Jane",
        "手珍",
        []
    ],
    "书思": [
        "书思",
        "Book thinking",
        "书籍思维",
        [
            "书籍",
            "思维",
            "思考",
            "理性",
            "认知",
            "书本",
            "书刊",
            "观念",
            "图书",
            "出版物",
            "读物",
            "意识",
            "著作",
            "本质",
            "类书籍",
            "有意识",
            "参考书",
            "直觉",
            "历史书籍",
            "思路"
        ]
    ],
    "君前": [
        "君前",
        "Before you",
        "在你之前",
        [
            "之前",
            "以前",
            "之后",
            "在此之前",
            "以后",
            "前",
            "此前",
            "先前",
            "在此之后",
            "早先"
        ]
    ],
    "设囊": [
        "设囊",
        "Set up a sac",
        "建立一个囊",
        [
            "建立",
            "囊",
            "创建",
            "设立",
            "成立",
            "腺",
            "鞘",
            "腺体",
            "确立",
            "建起",
            "苞",
            "构建",
            "孔",
            "刚毛",
            "建立联系",
            "绒毛",
            "中空",
            "粘液",
            "组织起来",
            "创设"
        ]
    ],
    "挂颊": [
        "挂颊",
        "Hanging cheek",
        "垂颊",
        []
    ],
    "受命": [
        "受命",
        "Order",
        "命令",
        [
            "命令",
            "下令",
            "指示",
            "指令",
            "下达",
            "请求",
            "立即",
            "军令",
            "号令",
            "擅自"
        ]
    ],
    "适": [
        "适",
        "Optimum",
        "最适宜的",
        [
            "最适宜",
            "适宜",
            "非常适合",
            "适于",
            "首选",
            "常居",
            "在在",
            "<tr>",
            "</s>",
            "Pardosa"
        ]
    ],
    "公所": [
        "公所",
        "Cba",
        "中国篮球协会",
        [
            "中国",
            "篮球协会",
            "篮球联赛",
            "我国",
            "中华人民共和国",
            "欧美",
            "华南地区",
            "东亚",
            "西方",
            "冰球",
            "中国人",
            "华北地区",
            "美国篮球协会",
            "Continental",
            "男篮",
            "近现代",
            "NBA联盟",
            "BAA",
            "西部联盟",
            "时更"
        ]
    ],
    "国鱼": [
        "国鱼",
        "National fish",
        "民族鱼",
        [
            "民族",
            "鱼",
            "少数民族",
            "多民族",
            "鱼为",
            "鲨",
            "鲫",
            "鱼属",
            "石斑鱼",
            "鳖",
            "鱼是",
            "汉族的",
            "带鱼",
            "民族性",
            "鲻",
            "中华民族",
            "汉民族",
            "民族语言",
            "人种",
            "国族"
        ]
    ],
    "搢绅": [
        "搢绅",
        "\" Gentry\"",
        "“绅士”",
        [
            "绅士",
            "太平",
            "淑女",
            "干练",
            "精明",
            "乐于助人",
            "苏格兰人",
            "高雅",
            "大班",
            "女士"
        ]
    ],
    "对命": [
        "对命",
        "Right life",
        "正确的生活",
        [
            "正确",
            "生活",
            "准确",
            "恰当",
            "错误",
            "正确地",
            "适当",
            "合理",
            "应该",
            "确实",
            "贫困",
            "日常生活",
            "家庭",
            "无论如何",
            "与世隔绝",
            "穷困",
            "境遇",
            "生活习惯",
            "孤独",
            "社会生活"
        ]
    ],
    "毕事": [
        "毕事",
        "Never put off till tomorrow what you can",
        "尽可能不要拖延到明天",
        [
            "尽可能",
            "不要",
            "拖延",
            "明天",
            "尽量",
            "不想",
            "不该",
            "最大限度",
            "能够",
            "推迟",
            "不让",
            "不必",
            "绝不会",
            "绝不",
            "免得",
            "切勿",
            "不用",
            "延宕",
            "暂缓",
            "耽搁",
            "延后",
            "必要",
            "谢谢",
            "明日",
            "延缓",
            "前提",
            "必需",
            "耽误",
            "一再",
            "阻挠",
            "昨天",
            "来使",
            "如此一来",
            "这样一来",
            "总有一天",
            "忘了",
            "今晚",
            "再来",
            "明明",
            "那时候"
        ]
    ],
    "记善": [
        "记善",
        "Remember good",
        "记得好",
        [
            "记得",
            "忘记",
            "回想",
            "想到",
            "想起",
            "忘了",
            "回忆起",
            "记起",
            "昨天",
            "那时候"
        ]
    ],
    "秉持": [
        "秉持",
        "Uphold",
        "赞成",
        [
            "赞成",
            "赞同",
            "反对",
            "坚决",
            "同意",
            "表示同意",
            "提案",
            "拒绝接受",
            "提议",
            "拥护"
        ]
    ],
    "击奸": [
        "击奸",
        "Strike rape",
        "罢工强奸",
        [
            "罢工",
            "强奸",
            "性侵犯",
            "强暴",
            "大罢工",
            "轮奸",
            "虐待",
            "性虐待",
            "工会",
            "施暴",
            "工潮",
            "受害人",
            "性骚扰",
            "总罢工",
            "诱拐",
            "暴动",
            "劳资纠纷",
            "抗争",
            "工会组织",
            "工运"
        ]
    ],
    "备忽": [
        "备忽",
        "Standby",
        "备用的",
        [
            "备用",
            "可用",
            "自带",
            "两台",
            "机内",
            "启动时",
            "定时",
            "5台",
            "</s>",
            "Pardosa"
        ]
    ],
    "对扬": [
        "对扬",
        "Yeung",
        "杨",
        [
            "杨",
            "李",
            "陈",
            "徐",
            "刘",
            "吴",
            "郭",
            "蔡",
            "朱",
            "邵"
        ]
    ],
    "指画": [
        "指画",
        "finger painting",
        "手指画法",
        [
            "手指",
            "画法",
            "手掌",
            "手臂",
            "技法",
            "拇指",
            "食指",
            "双手",
            "腿",
            "左手",
            "指头",
            "画风",
            "指尖",
            "山水画",
            "构图",
            "人物画",
            "水墨",
            "白描",
            "表现手法",
            "水彩画"
        ]
    ],
    "鱼须": [
        "鱼须",
        "Fish beard",
        "鱼须",
        [
            "鱼",
            "须",
            "需",
            "无须",
            "鱼为",
            "鲨",
            "鲫",
            "鱼属",
            "石斑鱼",
            "鳖",
            "须要",
            "鱼是",
            "带鱼",
            "鲻",
            "均须",
            "仍须",
            "并须",
            "不须",
            "均需",
            "亦须"
        ]
    ],
    "宜上": [
        "宜上",
        "Appropriate",
        "适当的",
        [
            "适当",
            "必要",
            "合理",
            "合适",
            "恰当",
            "必需",
            "尽量",
            "相应",
            "前提",
            "须要"
        ]
    ],
    "诎舒": [
        "诎舒",
        "Yi Shu",
        "易叔",
        []
    ],
    "知有逊": [
        "知有逊",
        "You know, you know, you know, you know, you know, you know, you know, you know, you know, you know, you know, you know, you know, you know, you know, you know",
        "你知道，你知道，你知道，你知道，你知道，你知道，你知道，你知道，你知道，你知道，你知道，你知道，你知道，你知道，你知道，你知道，你知道",
        [
            "知道",
            "告诉",
            "明白",
            "告诉他",
            "并不知道",
            "想到",
            "真的",
            "其实",
            "发觉",
            "究竟"
        ]
    ],
    "正要": [
        "正要",
        "on the point of",
        "即将",
        [
            "即将",
            "将要",
            "刚",
            "刚刚",
            "快要",
            "之际",
            "就此",
            "将会",
            "再一",
            "紧接著"
        ]
    ],
    "奸佞": [
        "奸佞",
        "crafty sycophant",
        "狡猾的阿谀奉承者",
        [
            "狡猾",
            "阿谀奉承",
            "阴险",
            "凶恶",
            "机智",
            "冷酷",
            "狡诈",
            "凶狠",
            "凶残",
            "无情",
            "懦弱",
            "奉承",
            "厌恶",
            "专横",
            "鄙视",
            "朝臣",
            "逢迎",
            "讥讽",
            "自负",
            "低级"
        ]
    ],
    "助心": [
        "助心",
        "Helping heart",
        "助人之心",
        [
            "助人",
            "之心",
            "行善",
            "关怀",
            "身体力行",
            "造福",
            "感恩",
            "励志",
            "勤劳",
            "心",
            "欲",
            "无以",
            "不忘",
            "意欲",
            "决意",
            "有心",
            "不免",
            "自是",
            "有为",
            "自始"
        ]
    ],
    "进见": [
        "进见",
        "See you",
        "再见",
        [
            "再见",
            "妳",
            "谢谢",
            "插曲",
            "告别",
            "艳阳天",
            "想念",
            "想见",
            "我家",
            "<BR>"
        ]
    ],
    "谷璧": [
        "谷璧",
        "Kubi",
        "库比",
        []
    ],
    "称侯封": [
        "称侯封",
        "Called Hou Feng",
        "叫侯峰",
        []
    ],
    "恭": [
        "恭",
        "respectful",
        "有礼貌的",
        [
            "礼貌",
            "客气",
            "粗鲁",
            "彬彬有礼",
            "得体",
            "严肃",
            "坦率",
            "随便",
            "体面",
            "平常"
        ]
    ],
    "鱼简": [
        "鱼简",
        "Fish Jane",
        "鱼简",
        []
    ],
    "始书思": [
        "始书思",
        "Initial thinking",
        "初始思维",
        [
            "思维",
            "思考",
            "理性",
            "认知",
            "观念",
            "意识",
            "本质",
            "有意识",
            "直觉",
            "思路"
        ]
    ],
    "并股": [
        "并股",
        "Joint stock",
        "股份",
        [
            "股份",
            "股权",
            "持股",
            "的股份",
            "大股东",
            "作价",
            "控股权",
            "股票",
            "控股公司",
            "入股"
        ]
    ],
    "断决": [
        "断决",
        "Broken decision",
        "错误的决定",
        [
            "错误",
            "决定",
            "正确",
            "要求",
            "偏差",
            "同意",
            "出错",
            "尽快",
            "最终",
            "不得不",
            "误判",
            "立即",
            "提议",
            "误解",
            "差错",
            "重新考虑",
            "有误",
            "暂时",
            "严重错误",
            "缺失"
        ]
    ],
    "交锋": [
        "交锋",
        "cross swords",
        "争论",
        [
            "争论",
            "争辩",
            "争议",
            "争论中",
            "分歧",
            "讨论",
            "意见分歧",
            "争论不休",
            "疑问",
            "激辩"
        ]
    ],
    "退藏": [
        "退藏",
        "Withdraw from storage",
        "撤出仓库",
        [
            "撤出",
            "仓库",
            "撤离",
            "撤走",
            "撤回",
            "撤退",
            "撤军",
            "占领",
            "库房",
            "撤到",
            "后撤",
            "退回",
            "货仓",
            "堆放",
            "车库",
            "地下室",
            "仓储",
            "储藏室",
            "马厩",
            "谷仓"
        ]
    ],
    "制造": [
        "制造",
        "Manufacture",
        "制造",
        [
            "制造",
            "生产",
            "研发",
            "所制造",
            "装配",
            "生产商",
            "工业用",
            "制做",
            "仿造",
            "制造者"
        ]
    ],
    "剪花": [
        "剪花",
        "Cut flowers",
        "切花",
        []
    ],
    "闻响": [
        "闻响",
        "Smell",
        "气味",
        [
            "气味",
            "香味",
            "臭味",
            "味道",
            "刺激性",
            "香气",
            "异味",
            "恶臭",
            "难闻",
            "闻到"
        ]
    ],
    "双肱": [
        "双肱",
        "Double humerus",
        "双肱骨",
        [
            "肱骨",
            "股骨",
            "肠骨",
            "胫骨",
            "肩胛骨",
            "齿骨",
            "脊椎",
            "后肢",
            "坐骨",
            "前臂"
        ]
    ],
    "断花": [
        "断花",
        "Broken flower",
        "碎花",
        []
    ],
    "两刃": [
        "两刃",
        "Two edges",
        "两条边",
        []
    ]
}