{
    "栖檐": [
        "栖檐",
        "Habitat eaves",
        "生境屋檐",
        [
            "生境",
            "屋檐",
            "栖息地",
            "栖地",
            "屋顶",
            "山墙",
            "植被",
            "飞檐",
            "柱子",
            "生态系统",
            "生态环境",
            "立柱",
            "拱形",
            "群落",
            "野外",
            "动植物",
            "梁柱",
            "顶上",
            "木柱",
            "生存环境"
        ]
    ],
    "画栋": [
        "画栋",
        "Painting building",
        "油漆建筑",
        [
            "油漆",
            "建筑",
            "建筑物",
            "建筑群",
            "涂料",
            "建筑风格",
            "宗教建筑",
            "公共建筑",
            "喷漆",
            "喷涂",
            "塔楼",
            "建物",
            "涂",
            "建筑设计",
            "巴洛克式",
            "漆",
            "纸板",
            "帆布",
            "涂上",
            "粉笔"
        ]
    ],
    "春去": [
        "春去",
        "Spring",
        "弹簧",
        [
            "弹簧",
            "连杆",
            "轴承",
            "液压",
            "车轮",
            "油压",
            "刚性",
            "支架",
            "琴弦",
            "飞轮"
        ]
    ],
    "春分": [
        "春分",
        "Vernal equinox",
        "春分",
        [
            "春分",
            "秋分",
            "冬至",
            "夏至",
            "节气",
            "满月",
            "分点",
            "黄经",
            "黄道",
            "阳历"
        ]
    ],
    "牛巷": [
        "牛巷",
        "Cow lane",
        "牛巷",
        []
    ],
    "柴门": [
        "柴门",
        "Chapman",
        "商人",
        [
            "商人",
            "富商",
            "经商",
            "银行家",
            "贸易商",
            "做生意",
            "致富",
            "商贩",
            "金融家",
            "行商"
        ]
    ],
    "呢喃": [
        "呢喃",
        "twittering",
        "呢喃",
        [
            "呢喃",
            "无心",
            "萧亚轩",
            "柔情",
            "无间",
            "未了",
            "无声",
            "赤子",
            "六度",
            "----"
        ]
    ],
    "巷口": [
        "巷口",
        "Lane opening",
        "车道开口",
        [
            "车道",
            "开口",
            "匝道",
            "车道与",
            "国道",
            "收费站",
            "高架桥",
            "线道",
            "嘴巴",
            "引道",
            "道路",
            "立体交叉",
            "口部",
            "侧边",
            "前端",
            "口",
            "尾端",
            "朝北",
            "微微",
            "侧面"
        ]
    ],
    "拶": [
        "拶",
        "Qie",
        "qualified international executive 国际管理者资格",
        [
            "qualified",
            "international",
            "国际",
            "管理者",
            "资格",
            "国际性",
            "名额",
            "管理人员",
            "国际间",
            "国际上",
            "世界性",
            "政府机构",
            "International",
            "亚太地区",
            "的国际",
            "全球性",
            "教师资格",
            "会籍",
            "年满",
            "豁免",
            "所有者",
            "身份",
            "证照",
            "申请人",
            "matches",
            "参赛权",
            "year",
            "拥有者",
            "经营者",
            "该协会",
            "公共机构",
            "Paris",
            "started",
            "second",
            "en",
            "season",
            "企业主",
            "管理方面",
            "final",
            "special",
            "small",
            "received",
            "total",
            "field",
            "order",
            "Mills",
            "Pardosa",
            "</s>"
        ]
    ],
    "朱楼": [
        "朱楼",
        "Zhu Lou",
        "朱露",
        []
    ],
    "秋来": [
        "秋来",
        "Qiu Lai",
        "秋来",
        [
            "秋",
            "春",
            "冬",
            "夏",
            "秋天",
            "正逢",
            "甫",
            "年秋",
            "元月",
            "后于"
        ]
    ],
    "画梁": [
        "画梁",
        "Painting beam",
        "涂漆梁",
        [
            "涂漆",
            "梁",
            "涂",
            "漆",
            "油漆",
            "姚",
            "郭",
            "打磨",
            "董",
            "谭",
            "光祖",
            "承",
            "喷漆",
            "邢",
            "茶色",
            "李卓",
            "瓦片",
            "覆有",
            "衡",
            "墨绿色"
        ]
    ],
    "趁巢": [
        "趁巢",
        "Take advantage of the nest",
        "利用鸟巢",
        [
            "利用",
            "鸟巢",
            "借助",
            "透过",
            "运用",
            "依靠",
            "雌鸟",
            "水立方",
            "并用",
            "能用",
            "巢",
            "雄鸟",
            "来进行",
            "为了让",
            "借助于",
            "蜂巢",
            "室外",
            "蜘蛛网",
            "鸽子",
            "夏季时"
        ]
    ],
    "秋社": [
        "秋社",
        "Autumn club",
        "秋季俱乐部",
        [
            "秋季",
            "俱乐部",
            "春季",
            "该俱乐部",
            "秋天",
            "体育俱乐部",
            "春天",
            "足球俱乐部",
            "夏天",
            "月份",
            "的俱乐部",
            "秋冬季",
            "中旬",
            "初夏",
            "足球队",
            "一月",
            "了俱乐部",
            "埃弗顿",
            "新球队",
            "该球队"
        ]
    ],
    "鸦村": [
        "鸦村",
        "Crow village",
        "乌鸦村",
        [
            "乌鸦",
            "村",
            "山村",
            "头村",
            "村委会",
            "自然村",
            "居委会",
            "东村",
            "坪村",
            "鹰",
            "岗村",
            "一村",
            "老鹰",
            "蝎子",
            "老虎",
            "猫头鹰",
            "豹子",
            "大嘴",
            "鸽子",
            "渡鸦"
        ]
    ],
    "草屋": [
        "草屋",
        "Grass house",
        "草屋",
        []
    ],
    "掠雨": [
        "掠雨",
        "Swept rain",
        "暴雨",
        [
            "暴雨",
            "强降雨",
            "豪雨",
            "大雨",
            "降雨",
            "狂风暴雨",
            "泥石流",
            "倾盆大雨",
            "大风",
            "狂风"
        ]
    ],
    "鸟衣巷": [
        "鸟衣巷",
        "Bird's clothing lane",
        "鸟衣巷",
        []
    ],
    "旧主": [
        "旧主",
        "Old Lord",
        "老上帝",
        [
            "老",
            "上帝",
            "耶和华",
            "祂",
            "圣灵",
            "真主",
            "恩典",
            "基督",
            "造物主",
            "安拉",
            "启示",
            "杨家",
            "据说",
            "外公",
            "从前",
            "据传",
            "来由",
            "据闻",
            "Pardosa",
            "</s>"
        ]
    ],
    "山查": [
        "山查",
        "Mountain check",
        "山地检查",
        [
            "山地",
            "检查",
            "丘陵",
            "山区",
            "检验",
            "丘陵地带",
            "平地",
            "高山",
            "平原",
            "检查和",
            "检测",
            "坡地",
            "安全检查",
            "丘陵地区",
            "山地区",
            "核查",
            "体检",
            "健康检查",
            "核对",
            "定期检查"
        ]
    ],
    "画帘阁": [
        "画帘阁",
        "Curtain pavilion",
        "窗帘亭",
        [
            "窗帘",
            "亭",
            "凉亭",
            "阁",
            "轩",
            "堂前",
            "门楼",
            "园",
            "地板",
            "窗框",
            "亭子",
            "天花板",
            "楼前",
            "故又名",
            "天窗",
            "沙发",
            "毛巾",
            "窗台",
            "把手",
            "皮包"
        ]
    ],
    "花前": [
        "花前",
        "Before flowers",
        "鲜花前",
        [
            "鲜花",
            "前",
            "之前",
            "花篮",
            "玫瑰花",
            "蜡烛",
            "盛放",
            "花朵",
            "花束",
            "年前",
            "装点",
            "花园里",
            "手拿",
            "在此之前",
            "以前",
            "当年",
            "此前",
            "前所",
            "同一时间",
            "从前"
        ]
    ],
    "语涩": [
        "语涩",
        "Language acerbity",
        "语言涩",
        [
            "语言",
            "涩",
            "语法",
            "词汇",
            "自然语言",
            "母语",
            "第二语言",
            "语种",
            "语言学",
            "口语",
            "句法",
            "棒棒堂",
            "美眉",
            "黒",
            "曜",
            "黑",
            "素人",
            "芸",
            "岚",
            "白"
        ]
    ],
    "宫柳": [
        "宫柳",
        "Miyagi",
        "宫城",
        [
            "宫城",
            "城郭",
            "子城",
            "内城",
            "二条城",
            "石垣",
            "月城",
            "南大门",
            "北城",
            "大谷"
        ]
    ],
    "自动": [
        "自动",
        "Automatic",
        "自动的",
        [
            "自动",
            "系统会",
            "启动时",
            "操作者",
            "终端",
            "定时",
            "则会",
            "基本功能",
            "备用",
            "相应"
        ]
    ],
    "语细": [
        "语细",
        "Fine language",
        "优美的语言",
        [
            "优美",
            "语言",
            "典雅",
            "优雅",
            "语法",
            "词汇",
            "自然语言",
            "母语",
            "清新",
            "壮丽",
            "第二语言",
            "雄伟",
            "语种",
            "语言学",
            "质朴",
            "动人",
            "口语",
            "句法",
            "柔和",
            "美妙"
        ]
    ],
    "尤巧": [
        "尤巧",
        "What a coincidence",
        "真巧",
        []
    ],
    "结新巢": [
        "结新巢",
        "Make a new nest",
        "做一个新的窝",
        [
            "做",
            "新的",
            "窝",
            "新",
            "重新",
            "做到",
            "认真",
            "好好",
            "想到",
            "花钱",
            "动手",
            "最初",
            "继续做",
            "要用",
            "原先",
            "更进一步",
            "取而代之",
            "属于自己",
            "来作",
            "一新",
            "山脚",
            "坑村",
            "在此之后",
            "赤",
            "口",
            "填塞",
            "头",
            "小山丘",
            "盖",
            "</s>"
        ]
    ],
    "野棠": [
        "野棠",
        "Ono tong",
        "小野桐",
        [
            "小野",
            "桐",
            "五郎",
            "幸",
            "枫",
            "原田",
            "菊",
            "樱",
            "野田",
            "三木",
            "高田",
            "二郎",
            "上田",
            "香",
            "山崎",
            "凤",
            "芳",
            "苍",
            "椿"
        ]
    ],
    "飞高": [
        "飞高",
        "Fly high",
        "野心勃勃",
        [
            "野心勃勃",
            "的野心",
            "懦弱",
            "妒忌",
            "雄心勃勃",
            "作对",
            "不甘心",
            "反复无常",
            "怂恿",
            "出谋划策"
        ]
    ],
    "水芹": [
        "水芹",
        "cress",
        "水芹",
        [
            "水芹",
            "大蒜",
            "芥菜",
            "香茅",
            "藿香",
            "蒲公英",
            "姜花",
            "亚菊",
            "荞麦",
            "黄瓜"
        ]
    ],
    "初香": [
        "初香",
        "Initial fragrance",
        "初始香味",
        [
            "香味",
            "香气",
            "味道",
            "气味",
            "甜味",
            "风味",
            "酸味",
            "苦味",
            "果香",
            "味"
        ]
    ],
    "衣轻": [
        "衣轻",
        "Light clothes",
        "轻便服装",
        [
            "轻便",
            "服装",
            "服饰",
            "装扮",
            "衣著",
            "衣装",
            "着装",
            "西装",
            "化妆",
            "衣饰",
            "饰品",
            "轻巧",
            "简易",
            "重量轻",
            "小巧",
            "轻量",
            "简便",
            "金属制",
            "方便使用",
            "的设计"
        ]
    ],
    "更工": [
        "更工",
        "More work",
        "更多工作",
        [
            "更",
            "工作",
            "更加",
            "更为",
            "非常",
            "越来越",
            "愈来愈",
            "不够",
            "管理工作",
            "格外",
            "来得",
            "岗位",
            "实习",
            "兼职",
            "更是",
            "临时工",
            "指导",
            "文书工作",
            "社会活动",
            "指导工作"
        ]
    ],
    "绣户": [
        "绣户",
        "Embroidery household",
        "刺绣家庭",
        [
            "刺绣",
            "家庭",
            "织锦",
            "中产阶级",
            "剪纸",
            "家庭成员",
            "大家庭",
            "贫穷",
            "父母",
            "绣花",
            "家庭主妇",
            "木雕",
            "缝制",
            "梳子",
            "父母亲",
            "兄弟姐妹",
            "普通家庭",
            "版画",
            "手工艺",
            "金丝"
        ]
    ],
    "时双入": [
        "时双入",
        "Time double entry",
        "时间双输入",
        [
            "时间",
            "输入",
            "输出",
            "星期",
            "一段时间",
            "读取",
            "小时",
            "间隔时间",
            "整整",
            "时长",
            "时间段",
            "等待时间",
            "短时间",
            "读写",
            "转换",
            "回传",
            "转换成",
            "重定向",
            "匹配",
            "可用"
        ]
    ],
    "风帘": [
        "风帘",
        "Wind curtain",
        "风幕",
        []
    ],
    "双过影": [
        "双过影",
        "Double shadow",
        "双重阴影",
        [
            "阴影",
            "黑暗",
            "阴霾",
            "边缘",
            "光环",
            "影子",
            "镜子",
            "双眼",
            "噩梦",
            "恶梦"
        ]
    ],
    "陶泥": [
        "陶泥",
        "Clay",
        "黏土",
        [
            "黏土",
            "粘土",
            "石膏",
            "泥土",
            "石灰",
            "木炭",
            "卵石",
            "薄片",
            "压平",
            "大块"
        ]
    ],
    "寻巢": [
        "寻巢",
        "Nesting",
        "嵌套",
        [
            "嵌套",
            "数组",
            "数据结构",
            "链表",
            "数据类型",
            "操作符",
            "子程序",
            "模板",
            "函数调用",
            "结构体"
        ]
    ],
    "画阁": [
        "画阁",
        "Painting cabinet",
        "喷漆柜",
        [
            "喷漆",
            "柜",
            "油漆",
            "喷涂",
            "纸板",
            "喷上",
            "涂漆",
            "箱",
            "上漆",
            "拆下",
            "涂上",
            "涂",
            "屋内",
            "探头",
            "架上",
            "房中",
            "帷",
            "屋中",
            "所在之处",
            "内中"
        ]
    ],
    "华轩": [
        "华轩",
        "Hua Xuan",
        "华轩",
        []
    ],
    "栖身": [
        "栖身",
        "stay",
        "逗留",
        [
            "逗留",
            "停留",
            "滞留",
            "到访",
            "造访",
            "探访",
            "过夜",
            "长途跋涉",
            "起程",
            "长住"
        ]
    ],
    "带雨回": [
        "带雨回",
        "Take the rain back",
        "把雨水带回去",
        [
            "雨水",
            "带回去",
            "河水",
            "水气",
            "的水",
            "地下水",
            "水分",
            "湿气",
            "泥土",
            "沙土",
            "水",
            "回来",
            "放回",
            "带回家",
            "取走",
            "取去",
            "还给",
            "送走",
            "偷偷地",
            "于是就"
        ]
    ],
    "忆主": [
        "忆主",
        "Recall the Lord",
        "召回上帝",
        [
            "召回",
            "上帝",
            "耶和华",
            "祂",
            "圣灵",
            "真主",
            "恩典",
            "基督",
            "造物主",
            "安拉",
            "启示",
            "解任",
            "调离",
            "解职",
            "调回",
            "复职",
            "免职",
            "改派",
            "被免职",
            "当月"
        ]
    ],
    "雕梁": [
        "雕梁",
        "Carved beam",
        "雕刻梁",
        [
            "雕刻",
            "梁",
            "石雕",
            "浮雕",
            "木雕",
            "彩绘",
            "雕塑",
            "雕饰",
            "泥塑",
            "浅浮雕",
            "雕",
            "姚",
            "郭",
            "董",
            "谭",
            "光祖",
            "承",
            "邢",
            "李卓",
            "衡"
        ]
    ],
    "锦雉": [
        "锦雉",
        "Brocade pheasant",
        "锦鸡",
        []
    ],
    "翎": [
        "翎",
        "Feather",
        "羽毛",
        [
            "羽毛",
            "翅膀",
            "毛发",
            "尾巴",
            "尾羽",
            "雄鸟",
            "飞羽",
            "脚趾",
            "四肢",
            "头顶"
        ]
    ],
    "金绶": [
        "金绶",
        "Gold ribbon",
        "金带",
        [
            "带",
            "带上",
            "背著",
            "隙",
            "随身携带",
            "只见",
            "放",
            "偷偷地",
            "远方",
            "上头"
        ]
    ],
    "采采": [
        "采采",
        "Mining",
        "采矿",
        [
            "采矿",
            "矿业",
            "开采",
            "矿山",
            "采矿业",
            "矿场",
            "采掘",
            "伐木",
            "煤矿",
            "铁矿"
        ]
    ],
    "采衣": [
        "采衣",
        "Picking clothes",
        "挑选衣服",
        [
            "挑选",
            "衣服",
            "鞋子",
            "衣物",
            "挑选出",
            "穿着",
            "大衣",
            "外套",
            "裤子",
            "鞋",
            "衣裳",
            "外衣",
            "选取",
            "拣选",
            "筛选",
            "物色",
            "中选",
            "选定",
            "分派",
            "所选"
        ]
    ],
    "吐绶": [
        "吐绶",
        "Spit your ribbon",
        "吐你的丝带",
        [
            "吐",
            "丝带",
            "缎带",
            "彩带",
            "呼",
            "拔",
            "胸前",
            "忽",
            "围巾",
            "金色",
            "圆点",
            "粉红色",
            "外套",
            "紫色",
            "牙",
            "沙",
            "珠",
            "烈",
            "迭",
            "吞"
        ]
    ],
    "舞影": [
        "舞影",
        "Dancing shadow",
        "舞蹈影子",
        [
            "舞蹈",
            "影子",
            "歌舞",
            "舞者",
            "表演",
            "表演者",
            "芭蕾",
            "跳舞",
            "街舞",
            "肚皮舞",
            "现代舞",
            "仿佛",
            "光环",
            "好像",
            "只不过",
            "普通人",
            "犹如",
            "随心所欲",
            "却是",
            "从前"
        ]
    ],
    "艳吐": [
        "艳吐",
        "Brilliant vomit",
        "灿烂的呕吐",
        [
            "灿烂",
            "呕吐",
            "腹泻",
            "呼吸困难",
            "腹痛",
            "头痛",
            "咳嗽",
            "恶心",
            "痉挛",
            "抽搐",
            "发烧",
            "美好",
            "美丽",
            "闪耀",
            "绽放",
            "光辉",
            "闪亮",
            "绚丽",
            "珍重",
            "光阴"
        ]
    ],
    "呼群": [
        "呼群",
        "Call group",
        "呼叫组",
        [
            "呼叫",
            "组",
            "两组",
            "调用",
            "小组",
            "指令",
            "分组",
            "发送",
            "回传",
            "四组",
            "第一组",
            "三组",
            "一组",
            "应答",
            "重定向",
            "组成员",
            "控制台",
            "叫喊",
            "第三组",
            "示意"
        ]
    ],
    "光翻": [
        "光翻",
        "Light flip",
        "轻翻转",
        [
            "轻",
            "翻转",
            "旋转",
            "滑动",
            "反转",
            "倒转",
            "重",
            "翻滚",
            "向上",
            "回转",
            "较重",
            "倒置",
            "好似",
            "少",
            "驭",
            "基本型",
            "重为",
            "纯",
            "整体而言",
            "</s>"
        ]
    ],
    "映叶": [
        "映叶",
        "Reflected leaf",
        "反射叶",
        [
            "反射",
            "叶",
            "光线",
            "折射",
            "反射光",
            "照射",
            "散射",
            "入射",
            "小叶",
            "太阳光",
            "透射",
            "叠加",
            "萼",
            "苞",
            "枝",
            "梗",
            "果",
            "三叶",
            "叶为",
            "茸"
        ]
    ],
    "似开桃": [
        "似开桃",
        "Like a peach",
        "像桃子一样",
        [
            "桃子",
            "柚",
            "杏",
            "贵子",
            "玫瑰花",
            "三叶",
            "草莓",
            "柚子",
            "纯白",
            "<BR>"
        ]
    ],
    "尚阳": [
        "尚阳",
        "Shangyang",
        "商鞅",
        [
            "商鞅",
            "吴起",
            "孙膑",
            "管仲",
            "法家",
            "韩非",
            "魏惠王",
            "魏文侯",
            "秦昭",
            "吕不韦"
        ]
    ],
    "缓行": [
        "缓行",
        "amble",
        "漫步",
        [
            "漫步",
            "散步",
            "野餐",
            "游览",
            "走过",
            "宁静",
            "漫游",
            "环游世界",
            "寂静",
            "驻足"
        ]
    ],
    "红足": [
        "红足",
        "Red foot",
        "红脚",
        []
    ],
    "踏水": [
        "踏水",
        "Tread water",
        "踩水",
        []
    ],
    "浴浪": [
        "浴浪",
        "Bathing wave",
        "沐浴波",
        [
            "沐浴",
            "波",
            "洗浴",
            "洗澡",
            "浴",
            "净身",
            "更衣",
            "洗涤",
            "加里",
            "打水",
            "洗脸",
            "佩",
            "歇息",
            "托",
            "奈",
            "雷",
            "莫",
            "特",
            "波波",
            "的卡"
        ]
    ],
    "花毛": [
        "花毛",
        "Flower hair",
        "花毛",
        []
    ],
    "低声": [
        "低声",
        "In a low voice",
        "低声地",
        [
            "低声",
            "大声",
            "高声",
            "口气",
            "咆哮",
            "耳语",
            "忍不住",
            "点头",
            "脱口而出",
            "不止一次"
        ]
    ],
    "绿头": [
        "绿头",
        "Green head",
        "绿头",
        []
    ],
    "浴水": [
        "浴水",
        "Bath water",
        "浴水",
        []
    ],
    "沙毯": [
        "沙毯",
        "Sand blanket",
        "沙层",
        []
    ],
    "缨": [
        "缨",
        "Tassel",
        "穗",
        []
    ],
    "头惊白": [
        "头惊白",
        "White head",
        "白穗",
        []
    ],
    "游青水": [
        "游青水",
        "Swim green water",
        "游绿水",
        [
            "游",
            "绿水",
            "泛舟",
            "遨游",
            "登临",
            "万里",
            "江上",
            "石岩",
            "浮",
            "常于",
            "南山",
            "长河",
            "逍遥",
            "大河",
            "故又名",
            "月形",
            "象山",
            "故称",
            "</s>"
        ]
    ],
    "萍开": [
        "萍开",
        "Ping kai",
        "平凯",
        []
    ],
    "宜铺": [
        "宜铺",
        "Appropriate paving",
        "适当铺砌",
        [
            "适当",
            "铺砌",
            "必要",
            "合理",
            "合适",
            "铺成",
            "恰当",
            "必需",
            "尽量",
            "相应",
            "砌成",
            "铺设",
            "前提",
            "石砌",
            "须要",
            "碎石",
            "铺上",
            "地砖",
            "石板",
            "鹅卵石"
        ]
    ],
    "茵褥": [
        "茵褥",
        "Wormwood mattress",
        "艾草床垫",
        [
            "床垫",
            "枕头",
            "软垫",
            "木头",
            "沙发",
            "篮子",
            "盘子",
            "皮带",
            "床",
            "肥皂"
        ]
    ],
    "畜从": [
        "畜从",
        "Livestock",
        "牲畜",
        [
            "牲畜",
            "家畜",
            "牲口",
            "牛羊",
            "牛只",
            "放牧",
            "畜",
            "谷物",
            "庄稼",
            "牛马"
        ]
    ],
    "富氏": [
        "富氏",
        "Fuchs",
        "富克斯",
        []
    ],
    "连泥": [
        "连泥",
        "Continuous mud",
        "连续泥浆",
        [
            "连续",
            "泥浆",
            "泥土",
            "污泥",
            "的水",
            "碎石",
            "泥水",
            "密封",
            "沙子",
            "水",
            "水或",
            "倒数",
            "不间断",
            "月份",
            "年终",
            "整年",
            "周内",
            "年中",
            "近十年",
            "紧接著"
        ]
    ],
    "浪梯": [
        "浪梯",
        "Wave ladder",
        "波浪梯",
        [
            "波浪",
            "梯",
            "海浪",
            "水波",
            "波纹",
            "水滴",
            "涟漪",
            "浪花",
            "退潮",
            "塔内",
            "卷起",
            "水平线",
            "望楼",
            "顶上",
            "塔上",
            "三脚",
            "盖",
            "楼内",
            "最上层",
            "</s>"
        ]
    ],
    "毛讶": [
        "毛讶",
        "Mao stunned",
        "毛惊呆了",
        [
            "毛",
            "惊呆",
            "绒毛",
            "刚毛",
            "无毛",
            "粗毛",
            "长毛",
            "白毛",
            "叶",
            "背",
            "大吃一惊",
            "忍不住",
            "小叶",
            "惊呼",
            "亲眼看到",
            "抱着",
            "居然",
            "还好",
            "就让",
            "恰巧"
        ]
    ],
    "浴白波": [
        "浴白波",
        "Bath Bai Bo",
        "巴斯·白波",
        [
            "巴斯",
            "利兹",
            "切斯特",
            "普尔",
            "布鲁克",
            "莱斯",
            "萨里",
            "巴里",
            "巴德",
            "托马斯"
        ]
    ],
    "船护": [
        "船护",
        "Ship protection",
        "船舶保护",
        [
            "船舶",
            "保护",
            "船只",
            "商船",
            "轮船",
            "货船",
            "船",
            "维护",
            "受保护",
            "海运",
            "油轮",
            "保障",
            "驳船",
            "内河",
            "保护措施",
            "确保",
            "人身安全",
            "必要措施",
            "管控",
            "庇护所"
        ]
    ],
    "莫打": [
        "莫打",
        "Don't fight",
        "不要打架",
        [
            "不要",
            "打架",
            "不想",
            "不该",
            "不让",
            "打人",
            "捣乱",
            "不必",
            "绝不会",
            "斗殴",
            "闹事",
            "绝不",
            "免得",
            "切勿",
            "不用",
            "欺负",
            "吵架",
            "不良少年",
            "打抱不平",
            "胡闹"
        ]
    ],
    "养自": [
        "养自",
        "Raising self",
        "自我提升",
        [
            "提升",
            "提高",
            "增加",
            "强化",
            "大幅提高",
            "改善",
            "降低",
            "增强",
            "进一步提高",
            "大大提高"
        ]
    ],
    "吴王": [
        "吴王",
        "King Wu",
        "吴王",
        [
            "吴王",
            "吴国",
            "越王",
            "夫差",
            "楚王",
            "勾践",
            "孙皓",
            "汉高祖",
            "阖",
            "称王"
        ]
    ],
    "冲萍": [
        "冲萍",
        "Blunt ping",
        "钝平",
        []
    ],
    "并戏": [
        "并戏",
        "Combined play",
        "组合游戏",
        [
            "组合",
            "游戏",
            "的游戏",
            "该游戏",
            "一些游戏",
            "新游戏",
            "电子游戏",
            "小游戏",
            "电脑游戏",
            "RPG",
            "单人游戏",
            "人组",
            "配对",
            "Pop",
            "组合成",
            "一组",
            "重新组合",
            "混搭",
            "复合",
            "第一组"
        ]
    ],
    "争浮": [
        "争浮",
        "Struggle for float",
        "浮漂斗争",
        [
            "斗争",
            "权力斗争",
            "争斗",
            "群众运动",
            "阶级斗争",
            "反抗",
            "动乱",
            "抗争",
            "内斗",
            "夺权"
        ]
    ],
    "梗": [
        "梗",
        "stem",
        "阻止",
        [
            "阻止",
            "制止",
            "阻挠",
            "阻挡",
            "阻拦",
            "企图",
            "迫使",
            "解救",
            "正当",
            "阻扰"
        ]
    ],
    "晚游": [
        "晚游",
        "Late tour",
        "后期旅游",
        [
            "后期",
            "旅游",
            "中期",
            "末期",
            "初期",
            "中后期",
            "早期",
            "前期",
            "晚期",
            "旅游观光",
            "观光",
            "初",
            "旅游服务",
            "观光旅游",
            "后半期",
            "游览",
            "旅游者",
            "生态旅游",
            "购物",
            "旅游区"
        ]
    ],
    "朝游": [
        "朝游",
        "Travel toward",
        "向...行进",
        [
            "行进",
            "前进",
            "前行",
            "移动",
            "穿越",
            "穿过",
            "进发",
            "行经",
            "驶去",
            "飘移"
        ]
    ],
    "随鹭伴": [
        "随鹭伴",
        "Accompanying herons",
        "伴随英雄",
        [
            "伴随",
            "英雄",
            "战士",
            "英雄人物",
            "女英雄",
            "反派",
            "斗士",
            "勇敢",
            "预示",
            "坏蛋",
            "侠盗",
            "光荣",
            "牵动",
            "随之而来",
            "特别是在",
            "相关联",
            "显现出",
            "有如",
            "值得注意",
            "在在"
        ]
    ],
    "地小": [
        "地小",
        "The ground is small",
        "地面很小",
        [
            "地面",
            "很小",
            "较小",
            "较大",
            "不大",
            "大得多",
            "相当大",
            "小得多",
            "高处",
            "障碍物",
            "地上",
            "垂直",
            "极小",
            "非常大",
            "并不大",
            "顶部",
            "底部",
            "高空",
            "离地",
            "斜坡"
        ]
    ],
    "聊堪泳": [
        "聊堪泳",
        "Talk about swimming",
        "谈论游泳",
        [
            "谈论",
            "游泳",
            "谈及",
            "谈到",
            "田径",
            "跳水",
            "赛艇",
            "蝶泳",
            "体操",
            "跳高",
            "问及",
            "仰泳",
            "铁人三项",
            "讲到",
            "划艇",
            "争辩",
            "问到",
            "说道",
            "发表意见",
            "谈谈"
        ]
    ],
    "攒藻": [
        "攒藻",
        "Sargassum cumingii",
        "三角帆藻",
        [
            "藻",
            "藻类",
            "绿藻",
            "孢",
            "水母",
            "纤",
            "矽藻",
            "海鞘",
            "毬",
            "曙"
        ]
    ],
    "斜飞": [
        "斜飞",
        "Oblique flight",
        "倾斜飞行",
        [
            "倾斜",
            "飞行",
            "飞行中",
            "弯曲",
            "滑翔",
            "飞行器",
            "垂直",
            "抬升",
            "滑行",
            "度角",
            "着陆",
            "侧向",
            "飞机",
            "航空器",
            "倾斜度",
            "跳伞",
            "起飞",
            "平直",
            "弧度",
            "侧面"
        ]
    ],
    "暮浴": [
        "暮浴",
        "Sunset bath",
        "日落浴",
        [
            "日落",
            "浴",
            "日出",
            "沐浴",
            "饮",
            "黄昏",
            "夜晚",
            "午夜",
            "正午",
            "浴池",
            "子夜",
            "洗浴",
            "消暑",
            "澡",
            "夜幕降临",
            "黎明",
            "破晓",
            "床",
            "滴",
            "凝"
        ]
    ],
    "白波": [
        "白波",
        "Bo Bai",
        "博白",
        [
            "博白",
            "桂平",
            "横县",
            "阳江",
            "桂南",
            "柳州",
            "容县",
            "永州",
            "连州",
            "揭阳"
        ]
    ],
    "晚食": [
        "晚食",
        "Late food",
        "迟食",
        []
    ],
    "入鸡群": [
        "入鸡群",
        "Into the flock",
        "进入羊群",
        [
            "进入",
            "羊群",
            "转入",
            "离开",
            "牧羊人",
            "牲口",
            "牧人",
            "踏入",
            "牧民",
            "牛群",
            "山羊",
            "牛只",
            "转到",
            "转回",
            "重回",
            "进到",
            "绵羊",
            "猛兽",
            "转至",
            "带入"
        ]
    ],
    "未可摩": [
        "未可摩",
        "Not rubbing",
        "不摩擦",
        [
            "摩擦",
            "磨擦",
            "摩擦力",
            "碰撞",
            "振动",
            "挤压",
            "震动",
            "化学作用",
            "震荡",
            "受压"
        ]
    ]
}