{
    "好休": [
        "好休",
        "Good Hugh",
        "好休",
        []
    ],
    "急难": [
        "急难",
        "misfortune",
        "不幸",
        [
            "不幸",
            "意外",
            "差点",
            "险些",
            "幸好",
            "幸运地",
            "幸而",
            "差一点",
            "接二连三",
            "碰巧"
        ]
    ],
    "乞怜": [
        "乞怜",
        "Begging for mercy",
        "乞求怜悯",
        [
            "乞求",
            "怜悯",
            "恳求",
            "宽恕",
            "仁慈",
            "谦卑",
            "慈爱",
            "恩惠",
            "哀求",
            "请罪",
            "报答",
            "活命",
            "盼望",
            "年老",
            "忍耐",
            "不得已",
            "许诺",
            "深信",
            "惟独",
            "无济于事"
        ]
    ],
    "解围": [
        "解围",
        "force an enemy to raise a siege",
        "迫使敌人发起围攻",
        [
            "迫使",
            "敌人",
            "发起",
            "围攻",
            "围困",
            "被迫",
            "攻打",
            "逼使",
            "敌方",
            "攻陷",
            "击溃",
            "攻占",
            "不得不",
            "猛攻",
            "包围",
            "敌军",
            "突袭",
            "进逼",
            "逼迫",
            "发动",
            "入侵者",
            "弱点",
            "己方",
            "号召",
            "被逼",
            "发起人",
            "轻易",
            "最终",
            "致使",
            "敌手",
            "敌",
            "只得",
            "促使",
            "同伴",
            "发起者",
            "策动",
            "策划",
            "倡议",
            "筹组",
            "筹划"
        ]
    ],
    "舞剑": [
        "舞剑",
        "Sword dance",
        "挥剑而舞",
        [
            "挥剑",
            "拔剑",
            "匕首",
            "骑马",
            "挥",
            "左臂",
            "坐骑",
            "遇敌",
            "身后",
            "在手"
        ]
    ],
    "御侮": [
        "御侮",
        "resist invasion",
        "抵抗入侵",
        [
            "抵抗",
            "入侵",
            "侵略",
            "反抗",
            "侵入",
            "抗击",
            "对抗",
            "进犯",
            "反击",
            "抵御",
            "侵扰",
            "抵挡",
            "征服",
            "顽强抵抗",
            "吞并",
            "压制",
            "顽抗",
            "发动战争",
            "重新占领",
            "并吞"
        ]
    ],
    "徒": [
        "徒",
        "Acts",
        "行动",
        [
            "行动",
            "军事行动",
            "秘密行动",
            "联合行动",
            "反击",
            "实际行动",
            "行动计划",
            "地面部队",
            "采取行动",
            "突击"
        ]
    ],
    "辙": [
        "辙",
        "rut",
        "惯例",
        [
            "惯例",
            "不成文",
            "原则上",
            "先例",
            "例外",
            "常规",
            "基本上",
            "实质上",
            "理应",
            "在此之前"
        ]
    ],
    "填海": [
        "填海",
        "Reclamation",
        "开垦",
        [
            "开垦",
            "垦殖",
            "垦",
            "拓垦",
            "垦荒",
            "荒地",
            "耕种",
            "屯垦",
            "开荒",
            "农作"
        ]
    ],
    "排难": [
        "排难",
        "Trouble shooting",
        "问题解答",
        []
    ],
    "脱急": [
        "脱急",
        "Take off your anxiety",
        "消除你的焦虑",
        [
            "消除",
            "焦虑",
            "情绪",
            "恐惧",
            "心理",
            "抑郁",
            "冲动",
            "避免",
            "焦躁",
            "精神上",
            "忧郁",
            "减轻",
            "去除",
            "病态",
            "抑制",
            "抵消",
            "补救",
            "扫除",
            "抑止",
            "除去"
        ]
    ],
    "抚笔": [
        "抚笔",
        "Touch the pen",
        "触摸笔",
        [
            "触摸",
            "笔",
            "触碰",
            "碰触",
            "嘴唇",
            "手指",
            "抚摸",
            "纸",
            "钱",
            "指尖",
            "随手",
            "可让",
            "合上",
            "刷",
            "铜板",
            "能用",
            "琢",
            "攒",
            "未收",
            "用者"
        ]
    ],
    "解纷": [
        "解纷",
        "Resolving disputes",
        "解决争端",
        [
            "解决",
            "争端",
            "纠纷",
            "纷争",
            "冲突",
            "解决问题",
            "争执",
            "紧张局势",
            "彻底解决",
            "军事冲突",
            "领土问题",
            "武装冲突",
            "克服",
            "应对",
            "意见分歧",
            "化解",
            "应付",
            "消除",
            "补救",
            "妥善解决"
        ]
    ],
    "同舟": [
        "同舟",
        "In the same boat",
        "处境相同",
        [
            "处境",
            "相同",
            "完全相同",
            "不同",
            "有所不同",
            "相异",
            "大致相同",
            "相近",
            "完全一致",
            "境况",
            "并不相同",
            "不尽相同",
            "困境",
            "境遇",
            "大环境",
            "境地",
            "无助",
            "漠不关心",
            "无能为力",
            "局外人"
        ]
    ],
    "阱": [
        "阱",
        "pitfall",
        "陷阱",
        [
            "陷阱",
            "圈套",
            "引诱",
            "诡计",
            "伪装",
            "迷惑",
            "稻草人",
            "蜘蛛网",
            "衣橱",
            "黑衣人"
        ]
    ],
    "包胥": [
        "包胥",
        "Bao Xu",
        "宝旭",
        []
    ],
    "气量": [
        "气量",
        "tolerance",
        "容忍",
        [
            "容忍",
            "忽视",
            "抗拒",
            "强加",
            "屈从",
            "无视",
            "视而不见",
            "蔑视",
            "不能容忍",
            "坚信"
        ]
    ],
    "厚德": [
        "厚德",
        "Houde",
        "霍德",
        [
            "霍德",
            "菲利普斯",
            "戈登",
            "据闻",
            "人口为129人",
            "</s>",
            "MLT-",
            "人口为120人",
            "Pardosa",
            "<tr>"
        ]
    ],
    "镇浮": [
        "镇浮",
        "Town float",
        "城镇浮动",
        [
            "城镇",
            "浮动",
            "一个城市",
            "村落",
            "首府",
            "西南部",
            "西北部",
            "的城市",
            "村镇",
            "西部",
            "小镇",
            "固定",
            "挂钩",
            "伸缩",
            "缓冲",
            "外推",
            "一个大",
            "外加",
            "见下文",
            "</s>"
        ]
    ],
    "宏襟": [
        "宏襟",
        "Macro placket",
        "大开口",
        [
            "开口",
            "嘴巴",
            "口部",
            "侧边",
            "前端",
            "口",
            "尾端",
            "朝北",
            "微微",
            "侧面"
        ]
    ],
    "扩宇": [
        "扩宇",
        "Expansion",
        "膨胀",
        [
            "膨胀",
            "收缩",
            "增大",
            "衰减",
            "减慢",
            "减小",
            "变小",
            "波动",
            "变大",
            "加速"
        ]
    ],
    "汪洋": [
        "汪洋",
        "Wang Yang",
        "汪洋",
        [
            "汪洋",
            "万里",
            "李准",
            "王岐山",
            "王维",
            "李锐",
            "李明",
            "天将",
            "Pardosa",
            "</s>"
        ]
    ],
    "涵蓄": [
        "涵蓄",
        "Conservation storage",
        "保存存储器",
        [
            "保存",
            "存储器",
            "闪存",
            "留存",
            "内存",
            "磁盘",
            "保留",
            "存储",
            "硬盘",
            "芯片",
            "存留",
            "存放",
            "RAM",
            "存储设备",
            "完好",
            "SRAM",
            "复原",
            "保有",
            "遗留",
            "留有"
        ]
    ],
    "千寻海": [
        "千寻海",
        "Chihiro sea",
        "千寻海",
        [
            "千寻",
            "海",
            "惠美",
            "海中",
            "海湾",
            "绫",
            "湾内",
            "海角",
            "小岛",
            "松冈",
            "的海",
            "悠",
            "洋",
            "岚",
            "榊",
            "西海",
            "野村",
            "星野",
            "美里",
            "海岸边"
        ]
    ],
    "望高": [
        "望高",
        "Looking high",
        "看上去很高",
        [
            "看上去",
            "很高",
            "看起来",
            "极高",
            "颇高",
            "较高",
            "很低",
            "更高",
            "极低",
            "较低",
            "好像",
            "看似",
            "高",
            "样子",
            "外表",
            "极好",
            "似乎",
            "像是",
            "看来",
            "只不过"
        ]
    ],
    "山斗": [
        "山斗",
        "Mountain bucket",
        "山斗",
        []
    ],
    "气摩": [
        "气摩",
        "Gas friction",
        "气体摩擦",
        [
            "气体",
            "摩擦",
            "磨擦",
            "氢气",
            "液体",
            "氮气",
            "微粒",
            "摩擦力",
            "空气",
            "气态",
            "二氧化碳",
            "水蒸气",
            "液态",
            "碰撞",
            "振动",
            "挤压",
            "震动",
            "化学作用",
            "震荡",
            "受压"
        ]
    ],
    "矫矫": [
        "矫矫",
        "Correction",
        "修正",
        [
            "修正",
            "修改",
            "修订",
            "改正",
            "更正",
            "更新",
            "微调",
            "校正",
            "变更",
            "简化"
        ]
    ],
    "云中鹤": [
        "云中鹤",
        "Yun Zhonghe",
        "云中鹤",
        []
    ],
    "度扩": [
        "度扩",
        "Degree expansion",
        "度膨胀",
        [
            "膨胀",
            "收缩",
            "增大",
            "衰减",
            "减慢",
            "减小",
            "变小",
            "波动",
            "变大",
            "加速"
        ]
    ],
    "掌上": [
        "掌上",
        "Palm",
        "手掌",
        [
            "手掌",
            "拇指",
            "手指",
            "食指",
            "手臂",
            "双脚",
            "肩膀",
            "手部",
            "指尖",
            "把手"
        ]
    ],
    "手摘": [
        "手摘",
        "Hand picking",
        "手选",
        []
    ],
    "天半霞": [
        "天半霞",
        "The sky is half cloudy",
        "天空半阴",
        [
            "天空",
            "夜空",
            "星空",
            "月亮",
            "地平线",
            "星辰",
            "黑夜",
            "星星",
            "闪耀",
            "流星"
        ]
    ],
    "清谈": [
        "清谈",
        "empty talk",
        "空谈",
        [
            "空谈",
            "相悖",
            "功利",
            "一味",
            "凡事",
            "背离",
            "道理",
            "摒弃",
            "所谓",
            "出发点"
        ]
    ],
    "报恩": [
        "报恩",
        "pay a debt of gratitude",
        "偿还感激之情",
        [
            "偿还",
            "感激",
            "偿还债务",
            "感谢",
            "还清",
            "支付",
            "清偿",
            "偿付",
            "钦佩",
            "还债",
            "安慰",
            "高兴",
            "赎回",
            "付清",
            "欣喜",
            "敬佩",
            "崇敬",
            "担保",
            "衷心",
            "深受感动"
        ]
    ],
    "扶轮": [
        "扶轮",
        "Rotary",
        "旋转的",
        [
            "旋转",
            "转动",
            "旋转轴",
            "摆动",
            "滑动",
            "翻转",
            "螺旋",
            "垂直",
            "轴向",
            "回转"
        ]
    ],
    "蛇珠": [
        "蛇珠",
        "Snake bead",
        "蛇珠",
        []
    ],
    "执炙": [
        "执炙",
        "Hold the roast",
        "拿着烤肉",
        [
            "拿着",
            "烤肉",
            "拿著",
            "拿起",
            "手拿",
            "带着",
            "拿走",
            "指着",
            "拿出",
            "带上",
            "菜肴",
            "吃法",
            "背着",
            "点心",
            "道菜",
            "冰淇淋",
            "甜点",
            "猪肉",
            "甜食",
            "街边"
        ]
    ],
    "吞炭": [
        "吞炭",
        "Charcoal swallowing",
        "吞咽木炭",
        [
            "吞咽",
            "木炭",
            "炭",
            "石灰",
            "木头",
            "呼吸",
            "木柴",
            "进食",
            "柴火",
            "泥土",
            "排便",
            "焦油",
            "烟熏",
            "口腔",
            "蜂蜡",
            "咳嗽",
            "呕吐",
            "食道",
            "刷牙",
            "神经性"
        ]
    ],
    "渡蚁": [
        "渡蚁",
        "Cross ant",
        "十字蚁",
        [
            "蚁",
            "蜂",
            "蜘蛛",
            "蜜蜂",
            "蝇",
            "白蚁",
            "蜈蚣",
            "蚂蚁",
            "蟑螂",
            "壁虎"
        ]
    ],
    "结草": [
        "结草",
        "Grass growing",
        "草生长",
        [
            "草",
            "生长",
            "栖息于",
            "潮湿",
            "湿润",
            "繁殖",
            "植被",
            "土壤",
            "发育",
            "落叶",
            "菊",
            "多见于",
            "苋",
            "红花",
            "稻",
            "木",
            "青草",
            "竹叶",
            "白花",
            "芭蕉"
        ]
    ],
    "龟印": [
        "龟印",
        "Turtle print",
        "龟纹",
        []
    ],
    "捐躯": [
        "捐躯",
        "Give one's life",
        "献出自己的生命",
        [
            "献出",
            "生命",
            "心灵",
            "灵魂",
            "永生",
            "人类",
            "肉体",
            "全人类",
            "新生命",
            "送还",
            "一个人",
            "精神上",
            "送去",
            "活命",
            "换回",
            "奉献给",
            "还给",
            "效劳",
            "乞求",
            "想得到"
        ]
    ],
    "盗马": [
        "盗马",
        "Stolen horse",
        "偷来的马",
        [
            "偷来",
            "马",
            "偷走",
            "拿走",
            "抢走了",
            "两匹",
            "伪装成",
            "取走",
            "马和",
            "牛",
            "驼",
            "四处寻找",
            "还给",
            "试图用",
            "一匹马",
            "想用",
            "马在",
            "白马",
            "福",
            "</s>"
        ]
    ],
    "破敌": [
        "破敌",
        "Break the enemy",
        "打败敌人",
        [
            "打败",
            "敌人",
            "击败",
            "击退",
            "敌方",
            "战胜",
            "击溃",
            "取得胜利",
            "敌军",
            "获得胜利",
            "卷土重来",
            "入侵者",
            "弱点",
            "己方",
            "反败为胜",
            "打退",
            "轻易",
            "敌手",
            "敌",
            "同伴"
        ]
    ],
    "苏涸": [
        "苏涸",
        "Sue dried up",
        "苏干了",
        []
    ],
    "知己": [
        "知己",
        "Confidant",
        "知己",
        [
            "知己",
            "挚友",
            "红颜",
            "相知",
            "情人",
            "密友",
            "老友",
            "一段情",
            "钟情",
            "大人物"
        ]
    ],
    "已容": [
        "已容",
        "Accepted",
        "可接受的",
        [
            "接受",
            "拒绝接受",
            "放弃",
            "给予",
            "遵从",
            "做",
            "接纳",
            "不能接受",
            "给与",
            "不感兴趣"
        ]
    ],
    "冯": [
        "冯",
        "Feng",
        "冯",
        [
            "冯",
            "卡尔·",
            "奥托·",
            "岑",
            "恩斯特·",
            "弗里德里希·",
            "Otto",
            "亚历山大·",
            "马克斯·",
            "扬"
        ]
    ],
    "驩": [
        "驩",
        "Mizuki",
        "水月",
        []
    ],
    "触槐": [
        "触槐",
        "Touch the locust tree",
        "触摸槐树",
        [
            "触摸",
            "槐树",
            "触碰",
            "碰触",
            "嘴唇",
            "手指",
            "抚摸",
            "柳树",
            "桑树",
            "指尖",
            "竹林",
            "柏树",
            "玉兰",
            "可让",
            "菜园",
            "灵芝",
            "合上",
            "能用",
            "大白",
            "栽"
        ]
    ],
    "御徒": [
        "御徒",
        "Royal acts",
        "皇家法令",
        [
            "皇家",
            "法令",
            "法案",
            "颁布",
            "法律",
            "条文",
            "法规",
            "行政命令",
            "规章",
            "Royal",
            "新法案",
            "法律条文",
            "英国皇家",
            "英国王室",
            "英王",
            "威灵顿",
            "塞维利亚",
            "圣乔治",
            "根特",
            "考文垂"
        ]
    ],
    "困监车": [
        "困监车",
        "Trapped car",
        "被困车",
        [
            "被困",
            "车",
            "受困",
            "货车",
            "躲进",
            "逃出",
            "获救",
            "卡车",
            "车上",
            "车为",
            "生还",
            "困于",
            "台车",
            "小车",
            "车也",
            "逃过一劫",
            "抛下",
            "幸免于难",
            "两车",
            "车后"
        ]
    ],
    "必兴": [
        "必兴",
        "Will hing",
        "威尔兴",
        [
            "威尔",
            "兴",
            "比尔",
            "格林",
            "史密斯",
            "莱斯",
            "罗伊",
            "威尔森",
            "尼尔",
            "贝克",
            "里德",
            "昌",
            "福",
            "丰",
            "盛",
            "富",
            "大兴",
            "安",
            "和文",
            "有旧"
        ]
    ],
    "犹伤": [
        "犹伤",
        "Still hurt",
        "还疼吗",
        [
            "疼",
            "痛",
            "心痛",
            "还好",
            "嫌弃",
            "想念",
            "可怜",
            "乖",
            "得意",
            "没用"
        ]
    ],
    "范叔袍": [
        "范叔袍",
        "Fan Shu's robe",
        "舒凡长袍",
        [
            "长袍",
            "头巾",
            "袍",
            "披风",
            "外衣",
            "帽",
            "冠冕",
            "斗篷",
            "上衣",
            "头带"
        ]
    ],
    "景慕": [
        "景慕",
        "Jingmu",
        "牧婧",
        []
    ],
    "希骥": [
        "希骥",
        "Xi Ji",
        "十一",
        []
    ],
    "识面": [
        "识面",
        "Face recognition",
        "人脸识别",
        []
    ],
    "芝眉": [
        "芝眉",
        "Cheese eyebrow",
        "奶酪眉",
        [
            "奶酪",
            "眉",
            "干酪",
            "芝士",
            "乳酪",
            "面包",
            "起司",
            "奶油",
            "马铃薯",
            "黄油",
            "牛奶",
            "凤",
            "腰",
            "苍",
            "仰",
            "虹",
            "哑",
            "椿",
            "容",
            "；大"
        ]
    ],
    "叩斗": [
        "叩斗",
        "Knocking bucket",
        "敲击桶",
        [
            "敲击",
            "敲打",
            "敲",
            "打击乐器",
            "击打",
            "钹",
            "琴弦",
            "鼓",
            "摇动",
            "发出声音"
        ]
    ],
    "祥风": [
        "祥风",
        "Auspicious wind",
        "吉祥之风",
        [
            "吉祥",
            "如意",
            "祥瑞",
            "寓意",
            "风调雨顺",
            "好运",
            "三宝",
            "吉利",
            "文殊",
            "麒麟"
        ]
    ],
    "效颦": [
        "效颦",
        "The moment",
        "一…就",
        []
    ],
    "卜邻": [
        "卜邻",
        "Neighbor",
        "邻居",
        [
            "邻居",
            "一家人",
            "房东",
            "阿姨",
            "陌生人",
            "女主人",
            "隔壁",
            "熟人",
            "亲戚",
            "邻居们"
        ]
    ],
    "陂量": [
        "陂量",
        "Quantity",
        "量",
        [
            "量",
            "使用量",
            "用量",
            "需求量",
            "总量",
            "值",
            "生产量",
            "幅度",
            "比率",
            "存量"
        ]
    ],
    "刮目": [
        "刮目",
        "Scratch eyes",
        "抓伤眼睛",
        [
            "抓伤",
            "眼睛",
            "双眼",
            "瞳孔",
            "耳朵",
            "鼻子",
            "嘴唇",
            "额头",
            "眼球",
            "嘴巴",
            "胸部",
            "伤到",
            "割伤",
            "刺伤",
            "不慎",
            "后脑",
            "撕裂",
            "重击",
            "幸亏",
            "后背"
        ]
    ],
    "春树": [
        "春树",
        "Spring tree",
        "春天的树",
        [
            "春天",
            "树",
            "秋天",
            "夏天",
            "初夏",
            "冬天",
            "秋季",
            "春季",
            "树根",
            "大树",
            "夏末",
            "深秋",
            "树是",
            "盛夏",
            "榕",
            "果树",
            "竹子",
            "松树",
            "栽",
            "柏树"
        ]
    ],
    "希颜": [
        "希颜",
        "Xi Yan",
        "喜艳",
        []
    ],
    "叩郸步": [
        "叩郸步",
        "Knocking and dancing",
        "敲门跳舞",
        [
            "敲门",
            "跳舞",
            "唱歌",
            "表演",
            "弹吉他",
            "唱歌跳舞",
            "舞者",
            "弹钢琴",
            "玩乐",
            "表演者",
            "接吻",
            "进门",
            "屋子里",
            "我家",
            "外头",
            "半夜",
            "没事",
            "今晚",
            "不约而同",
            "恰巧"
        ]
    ],
    "为荣": [
        "为荣",
        "Be proud of",
        "高兴",
        [
            "高兴",
            "后悔",
            "吃惊",
            "生气",
            "十分高兴",
            "感到高兴",
            "感激",
            "欣慰",
            "欣喜",
            "就让"
        ]
    ],
    "若瞻": [
        "若瞻",
        "If deep",
        "如果深",
        [
            "深",
            "浅",
            "深达",
            "较深",
            "较浅",
            "淡",
            "植",
            "更深",
            "极深",
            "有旧"
        ]
    ],
    "茂叔": [
        "茂叔",
        "Uncle Mau",
        "茂叔",
        []
    ],
    "暮云": [
        "暮云",
        "Sunset cloud",
        "晚霞",
        [
            "晚霞",
            "水色",
            "飘",
            "红叶",
            "点点",
            "晴天",
            "朝霞",
            "白云",
            "白雪",
            "红日"
        ]
    ],
    "折角": [
        "折角",
        "dog-ear",
        "狗耳朵",
        [
            "狗",
            "耳朵",
            "鼻子",
            "猫",
            "眼睛",
            "老鼠",
            "猴子",
            "兔子",
            "犬",
            "舌头",
            "狐狸",
            "嘴唇",
            "猪",
            "一只猫",
            "脖子",
            "额头",
            "嘴巴",
            "小狗",
            "下巴",
            "前额"
        ]
    ],
    "不衣": [
        "不衣",
        "No clothes",
        "没有衣服",
        [
            "没有",
            "衣服",
            "没",
            "鞋子",
            "衣物",
            "并未",
            "无法",
            "不会",
            "不能",
            "从未",
            "穿着",
            "未",
            "没有人",
            "很难",
            "大衣",
            "外套",
            "裤子",
            "鞋",
            "衣裳",
            "外衣"
        ]
    ],
    "自暖": [
        "自暖",
        "Self - warming",
        "自我升温",
        [
            "升温",
            "加剧",
            "降温",
            "升高",
            "缓和",
            "愈演愈烈",
            "消退",
            "加深",
            "飙升",
            "增温"
        ]
    ],
    "知章": [
        "知章",
        "Chapter of knowledge",
        "知识章节",
        [
            "知识",
            "章节",
            "科学知识",
            "段落",
            "专业知识",
            "篇章",
            "经验",
            "科学",
            "方法论",
            "学问",
            "前言",
            "常识",
            "基础知识",
            "基本知识",
            "引言",
            "各集",
            "序章",
            "节选",
            "副标题",
            "概要"
        ]
    ],
    "蓬壶": [
        "蓬壶",
        "Penghu pot",
        "澎湖壶",
        [
            "澎湖",
            "壶",
            "金门",
            "马祖",
            "澎湖县",
            "恒春",
            "瓶",
            "马公",
            "砚",
            "澎湖群岛",
            "鸡笼",
            "酒杯",
            "小琉球",
            "盆",
            "外岛",
            "瓮",
            "勺",
            "砚台",
            "铜制",
            "琢"
        ]
    ],
    "紫芝": [
        "紫芝",
        "Purple cheese",
        "紫色奶酪",
        [
            "紫色",
            "奶酪",
            "黄色",
            "粉红色",
            "白色",
            "红色",
            "黄绿色",
            "蓝色",
            "紫红色",
            "深红色",
            "深蓝色",
            "干酪",
            "芝士",
            "乳酪",
            "面包",
            "起司",
            "奶油",
            "马铃薯",
            "黄油",
            "牛奶"
        ]
    ],
    "眉宇": [
        "眉宇",
        "Eyebrow",
        "眉毛",
        [
            "眉毛",
            "鼻子",
            "头发",
            "脸部",
            "嘴唇",
            "胡须",
            "指甲",
            "额头",
            "睫毛",
            "下巴"
        ]
    ],
    "李邕": [
        "李邕",
        "Li Yong",
        "李勇",
        [
            "李勇",
            "斌",
            "张瑞",
            "罗志",
            "王永",
            "陈杰",
            "刘杰",
            "子安",
            "王瑞",
            "</s>"
        ]
    ],
    "求识面": [
        "求识面",
        "Seek knowledge surface",
        "寻找知识表面",
        [
            "寻找",
            "知识",
            "表面",
            "找寻",
            "找到",
            "科学知识",
            "寻觅",
            "找出",
            "表层",
            "追寻",
            "专业知识",
            "颗粒",
            "经验",
            "四处寻找",
            "外层",
            "科学",
            "微小",
            "找回",
            "探寻",
            "方法论",
            "表面会",
            "找",
            "很薄",
            "学问",
            "凹凸不平",
            "较厚",
            "内层",
            "常识",
            "基础知识",
            "基本知识"
        ]
    ],
    "蜀天": [
        "蜀天",
        "Shu Tian",
        "舒天",
        []
    ],
    "将期": [
        "将期",
        "Due date",
        "到期日",
        [
            "到期日",
            "到期",
            "权证",
            "有效期",
            "结算",
            "即期",
            "持有人",
            "标的",
            "时限",
            "所持"
        ]
    ],
    "一诺重": [
        "一诺重",
        "A promise",
        "承诺",
        [
            "承诺",
            "允诺",
            "许诺",
            "要求",
            "愿意",
            "希望",
            "尽快",
            "重申",
            "敦促",
            "尽力"
        ]
    ],
    "王翰": [
        "王翰",
        "William Wang",
        "威廉·王",
        [
            "威廉",
            "王",
            "乔治",
            "腓特烈",
            "亨利",
            "弗雷德里克",
            "利奥波德",
            "菲利普",
            "爱德华",
            "克里斯蒂安",
            "阿尔伯特",
            "王为",
            "君",
            "中山王",
            "王之",
            "王于",
            "三王",
            "称王",
            "王时",
            "王以"
        ]
    ],
    "巴月": [
        "巴月",
        "Ba yue",
        "八月",
        [
            "八月",
            "九月",
            "七月",
            "三月",
            "六月",
            "二月",
            "十一月",
            "四月",
            "十二月",
            "十月"
        ]
    ],
    "穹": [
        "穹",
        "dome",
        "圆屋顶",
        []
    ],
    "剡便": [
        "剡便",
        "Cut the stool",
        "剪凳子",
        [
            "剪",
            "凳子",
            "椅子",
            "剪成",
            "凳",
            "桌子",
            "盘子",
            "铰",
            "剪刀",
            "篮子",
            "扯",
            "刷",
            "沙发",
            "滚",
            "吊",
            "垫",
            "翻",
            "枕头",
            "脚踏"
        ]
    ],
    "生存": [
        "生存",
        "Survival",
        "幸存",
        [
            "幸存",
            "生还",
            "幸存者",
            "幸免于难",
            "残存",
            "幸免",
            "下落不明",
            "逃过一劫",
            "留下来",
            "被遗弃"
        ]
    ],
    "抵掌": [
        "抵掌",
        "Arrive at the palm",
        "到达手掌",
        [
            "到达",
            "手掌",
            "抵达",
            "拇指",
            "手指",
            "出发",
            "食指",
            "进发",
            "手臂",
            "双脚",
            "驶向",
            "肩膀",
            "手部",
            "穿过",
            "驶离",
            "开到",
            "穿越",
            "驶出",
            "指尖",
            "把手"
        ]
    ],
    "凭轼": [
        "凭轼",
        "By Shi",
        "施",
        [
            "施",
            "舒",
            "托",
            "雷",
            "柯",
            "扬",
            "劳",
            "温",
            "歇",
            "特为"
        ]
    ],
    "雄辩": [
        "雄辩",
        "Eloquence",
        "雄辩",
        [
            "雄辩",
            "修辞",
            "渊博",
            "诡辩",
            "演说家",
            "才智",
            "有力",
            "立论",
            "坦率",
            "令人吃惊"
        ]
    ],
    "掉": [
        "掉",
        "fall",
        "秋天",
        [
            "秋天",
            "春天",
            "秋季",
            "夏天",
            "春季",
            "冬天",
            "初夏",
            "夏末",
            "秋",
            "一月"
        ]
    ],
    "诙谐": [
        "诙谐",
        "humor",
        "幽默",
        [
            "幽默",
            "诙谐",
            "风趣",
            "幽默感",
            "黑色幽默",
            "滑稽",
            "嘲讽",
            "反讽",
            "趣味",
            "俏皮"
        ]
    ],
    "多智": [
        "多智",
        "How wise",
        "多聪明啊",
        [
            "聪明",
            "聪慧",
            "机智",
            "聪颖",
            "机敏",
            "心地善良",
            "精明",
            "才智",
            "睿智",
            "和善"
        ]
    ],
    "浩汗": [
        "浩汗",
        "Haohan",
        "郝汉",
        []
    ],
    "解颐": [
        "解颐",
        "break into a smile",
        "爆发出微笑",
        [
            "爆发",
            "出",
            "微笑",
            "笑容",
            "笑脸",
            "出有",
            "愈演愈烈",
            "暴发",
            "发生",
            "发动",
            "结束",
            "亲吻",
            "激化",
            "拥抱",
            "成",
            "时值",
            "挑起",
            "一触即发",
            "深情",
            "出新",
            "样子",
            "仿佛",
            "走来",
            "显现出",
            "造出",
            "大人物",
            "显露",
            "单单",
            "借助于",
            "不止"
        ]
    ],
    "谈笑": [
        "谈笑",
        "Laughing and laughing",
        "笑啊笑啊",
        [
            "笑",
            "大笑",
            "痴",
            "哭",
            "疯",
            "恨",
            "叹",
            "自嘲",
            "戏弄",
            "今晚"
        ]
    ],
    "玩世": [
        "玩世",
        "Play the world",
        "玩世界",
        [
            "玩",
            "世界",
            "玩游戏",
            "全世界",
            "全球",
            "世界性",
            "玩到",
            "游玩",
            "世上",
            "玩乐",
            "当今世界",
            "好玩",
            "在世界上",
            "把玩",
            "听音乐",
            "碰",
            "玩意",
            "全球性",
            "当今",
            "21世纪"
        ]
    ]
}