{
    "无迹": [
        "无迹",
        "No trace",
        "没有痕迹",
        [
            "没有",
            "痕迹",
            "没",
            "并未",
            "无法",
            "不会",
            "不能",
            "从未",
            "未",
            "没有人",
            "很难",
            "伤痕",
            "印痕",
            "印记",
            "脚印",
            "残缺",
            "遗留",
            "坑洞",
            "残缺不全",
            "遗留下来"
        ]
    ],
    "补灯": [
        "补灯",
        "Supplementary lamp",
        "辅助灯",
        [
            "辅助",
            "灯",
            "灯笼",
            "灯泡",
            "点灯",
            "蜡烛",
            "灯具",
            "油灯",
            "专用",
            "点亮",
            "喇叭",
            "霓虹",
            "常规",
            "基本功能",
            "主要用途",
            "特别设计",
            "专门设计",
            "来进行",
            "借助于",
            "除此以外"
        ]
    ],
    "闲看": [
        "闲看",
        "Watch it",
        "小心",
        [
            "小心",
            "小心翼翼",
            "不慎",
            "用力",
            "轻轻",
            "故意",
            "进去",
            "随便",
            "分心",
            "细心"
        ]
    ],
    "古史": [
        "古史",
        "Ancient history",
        "古代史",
        []
    ],
    "列三坟": [
        "列三坟",
        "Column 3 grave",
        "第3栏坟墓",
        [
            "栏",
            "坟墓",
            "墓穴",
            "墓地",
            "陵墓",
            "埋葬",
            "石棺",
            "墓碑",
            "棺材",
            "棺木",
            "坟",
            "栏中",
            "右方",
            "右边",
            "排",
            "原设",
            "亦同",
            "则有",
            "Pardosa",
            "</s>"
        ]
    ],
    "细寻": [
        "细寻",
        "Fine search",
        "精细搜索",
        [
            "精细",
            "搜索",
            "细致",
            "搜寻",
            "精巧",
            "精致",
            "追踪",
            "粗糙",
            "繁复",
            "跟踪",
            "细密",
            "简单",
            "查找",
            "精准",
            "精密",
            "查询",
            "侦查",
            "关键字",
            "查看",
            "抓取"
        ]
    ],
    "桔皋": [
        "桔皋",
        "Orange Gao",
        "橙色高",
        [
            "橙色",
            "高",
            "黄色",
            "红色",
            "低",
            "蓝色",
            "较高",
            "绿色",
            "较低",
            "深蓝色",
            "粉红色",
            "紫色",
            "极高",
            "浅蓝色",
            "很高",
            "橘色",
            "更高",
            "极低",
            "很低",
            "颇高"
        ]
    ],
    "咿轧": [
        "咿轧",
        "Yi rolling",
        "易卷",
        []
    ],
    "汲浪": [
        "汲浪",
        "Swapping wave",
        "交换波",
        [
            "交换",
            "波",
            "互相交换",
            "互换",
            "转换",
            "加里",
            "佩",
            "共享",
            "托",
            "奈",
            "雷",
            "对等",
            "莫",
            "特",
            "绑定",
            "中介",
            "波波",
            "的卡",
            "反之亦然",
            "比如说"
        ]
    ],
    "民力": [
        "民力",
        "financial resources of the people",
        "人民的财政资源",
        [
            "人民",
            "财政",
            "资源",
            "自然资源",
            "财务",
            "水资源",
            "天然资源",
            "税收",
            "国库",
            "国民",
            "财政困难",
            "能源",
            "财政状况",
            "民众",
            "各族人民",
            "祖国",
            "支出",
            "当权者",
            "民主自由",
            "税务",
            "人力资源",
            "团结",
            "教育资源",
            "暴政",
            "内政",
            "森林资源",
            "老百姓",
            "税制",
            "人力",
            "海洋资源"
        ]
    ],
    "旱时": [
        "旱时",
        "Drought time",
        "干旱时间",
        [
            "干旱",
            "时间",
            "旱季",
            "潮湿",
            "缺水",
            "干燥",
            "寒冷",
            "雨季",
            "星期",
            "一段时间",
            "干季",
            "炎热",
            "小时",
            "多雨",
            "间隔时间",
            "整整",
            "时长",
            "时间段",
            "等待时间",
            "短时间"
        ]
    ],
    "见用": [
        "见用",
        "See use",
        "请参阅使用",
        [
            "请参阅",
            "使用",
            "用于",
            "采用",
            "详见",
            "参见",
            "参阅",
            "参看",
            "应用于",
            "适用",
            "请见",
            "用作",
            "用到",
            "常用",
            "运用于",
            "可用",
            "参照",
            "详列",
            "简介",
            "请注意"
        ]
    ],
    "架梁": [
        "架梁",
        "Beam erection",
        "梁架设",
        [
            "梁",
            "架设",
            "搭建",
            "安装",
            "铺设",
            "架起",
            "装设",
            "姚",
            "郭",
            "搭起",
            "董",
            "谭",
            "光祖",
            "承",
            "邢",
            "布设",
            "李卓",
            "连到",
            "衡",
            "连上"
        ]
    ],
    "飞泉": [
        "飞泉",
        "cliffside spring",
        "悬崖弹簧",
        [
            "悬崖",
            "弹簧",
            "峭壁",
            "山崖",
            "岩壁",
            "山坡上",
            "连杆",
            "高处",
            "悬崖峭壁",
            "山丘",
            "斜坡",
            "轴承",
            "液压",
            "车轮",
            "油压",
            "刚性",
            "支架",
            "琴弦",
            "海岸边",
            "飞轮"
        ]
    ],
    "润物心": [
        "润物心",
        "Moisturizing heart",
        "保湿心脏",
        [
            "保湿",
            "心脏",
            "肾脏",
            "肺部",
            "脑部",
            "肝脏",
            "脑干",
            "胸腔",
            "瓣膜",
            "脊柱",
            "保温",
            "肺脏",
            "杀菌",
            "漂白",
            "油脂",
            "甲醛",
            "适量",
            "活性炭",
            "温水",
            "失水"
        ]
    ],
    "独闲": [
        "独闲",
        "Idle alone",
        "独自闲着",
        [
            "独自",
            "独自一人",
            "一同",
            "一起",
            "好不容易",
            "跟著",
            "执意",
            "三人",
            "自已",
            "起先"
        ]
    ],
    "咿": [
        "咿",
        "Yi",
        "彝族",
        [
            "彝族",
            "苗族",
            "白族",
            "傣族",
            "壮族",
            "侗族",
            "布依族",
            "纳西族",
            "黎族",
            "西双版纳"
        ]
    ],
    "轧声": [
        "轧声",
        "Rolling sound",
        "滚动声音",
        [
            "滚动",
            "声音",
            "声响",
            "滑动",
            "歌声",
            "笑声",
            "人声",
            "感觉",
            "音调",
            "刺耳",
            "沙哑",
            "声效",
            "向下",
            "向上",
            "滑块",
            "翻转",
            "回转",
            "紧贴",
            "倒转",
            "摇动"
        ]
    ],
    "闺情": [
        "闺情",
        "Boudoir feeling",
        "闺房感觉",
        [
            "感觉",
            "感受",
            "感觉到",
            "好像",
            "感",
            "仿佛",
            "看上去",
            "冲动",
            "心里",
            "想象"
        ]
    ],
    "韵切": [
        "韵切",
        "Rhythm cut",
        "节奏切割",
        [
            "节奏",
            "切割",
            "节拍",
            "旋律",
            "鼓点",
            "节奏感",
            "快节奏",
            "乐句",
            "人声",
            "调子",
            "即兴",
            "切割成",
            "挤压",
            "研磨",
            "切削",
            "切开",
            "接合",
            "整块",
            "切出",
            "大块"
        ]
    ],
    "丁束": [
        "丁束",
        "Bunch of bunches",
        "一束束",
        []
    ],
    "敲日": [
        "敲日",
        "Knock on the sun",
        "敲太阳",
        [
            "敲",
            "太阳",
            "敲打",
            "月亮",
            "木星",
            "敲击",
            "一声",
            "天王星",
            "金星",
            "放",
            "主星",
            "人马座",
            "星体",
            "击打",
            "响",
            "掰",
            "织女星",
            "水星",
            "打碎",
            "摇动"
        ]
    ],
    "清砧": [
        "清砧",
        "Clear anvil",
        "透明砧",
        [
            "透明",
            "砧",
            "半透明",
            "光亮",
            "薄膜",
            "表面",
            "透光",
            "绿色",
            "乳白色",
            "粉红色",
            "紫色",
            "菱",
            "竿",
            "三脚",
            "岩山",
            "凑",
            "牛角",
            "于小",
            "</s>",
            "Pardosa"
        ]
    ],
    "谁家": [
        "谁家",
        "Who?",
        "谁？",
        []
    ],
    "香闺": [
        "香闺",
        "Sweet boudoir",
        "甜蜜的闺房",
        [
            "甜蜜",
            "爱情",
            "浪漫",
            "恋人",
            "温柔",
            "爱",
            "初恋",
            "深情",
            "爱人",
            "寂寞"
        ]
    ],
    "闺响": [
        "闺响",
        "Boudoir ring",
        "闺房戒指",
        [
            "戒指",
            "项链",
            "指环",
            "腰带",
            "魔杖",
            "斗篷",
            "护身符",
            "手环",
            "宝石",
            "怀表"
        ]
    ],
    "双杵力": [
        "双杵力",
        "Double pestle force",
        "双杵力",
        []
    ],
    "捣无歇": [
        "捣无歇",
        "No rest after tamping",
        "捣固后不休息",
        []
    ],
    "无月处": [
        "无月处",
        "No moon",
        "没有月亮",
        [
            "没有",
            "月亮",
            "没",
            "并未",
            "无法",
            "不会",
            "不能",
            "从未",
            "未",
            "没有人",
            "星星",
            "太阳",
            "很难",
            "天空",
            "满月",
            "星辰",
            "月光",
            "天上",
            "闪耀",
            "大地"
        ]
    ],
    "念": [
        "念",
        "Read",
        "阅读",
        [
            "阅读",
            "读者",
            "写作",
            "读物",
            "学习者",
            "书本",
            "朗读",
            "写出",
            "读到",
            "选读"
        ]
    ],
    "远度": [
        "远度",
        "Distances",
        "距离",
        [
            "距离",
            "相距",
            "英哩",
            "半径",
            "一段距离",
            "东北方",
            "间距",
            "靠近",
            "最远",
            "西南方"
        ]
    ],
    "声愈寒": [
        "声愈寒",
        "The colder the sound",
        "声音越冷",
        [
            "声音",
            "声响",
            "歌声",
            "笑声",
            "人声",
            "感觉",
            "音调",
            "刺耳",
            "沙哑",
            "声效"
        ]
    ],
    "寄边": [
        "寄边",
        "Sending side",
        "发送方",
        [
            "发送",
            "发送到",
            "发送给",
            "传送",
            "转发",
            "递送",
            "投递",
            "送达",
            "收发",
            "邮寄"
        ]
    ],
    "捣碎": [
        "捣碎",
        "Mash",
        "糊状物",
        []
    ],
    "流声": [
        "流声",
        "Flowing sound",
        "流动声音",
        [
            "流动",
            "声音",
            "声响",
            "歌声",
            "笑声",
            "人声",
            "感觉",
            "音调",
            "刺耳",
            "沙哑",
            "声效",
            "移动",
            "扩散",
            "悬浮",
            "流向",
            "流出",
            "恒定",
            "震荡",
            "浮动",
            "的移动"
        ]
    ],
    "用尽": [
        "用尽",
        "exhaust",
        "废气",
        [
            "废气",
            "排放",
            "尾气",
            "排气",
            "氮氧化物",
            "污染物",
            "废水",
            "滤网",
            "氢气",
            "二氧化硫"
        ]
    ],
    "闺中": [
        "闺中",
        "In the boudoir",
        "在闺房里",
        [
            "里",
            "里面",
            "里头",
            "中都",
            "之中",
            "中的",
            "底下",
            "那时候",
            "内都",
            "从前"
        ]
    ],
    "已近": [
        "已近",
        "Close",
        "关闭",
        [
            "关闭",
            "重开",
            "关停",
            "停用",
            "暂停",
            "重新启动",
            "停止",
            "停止使用",
            "封闭",
            "废弃"
        ]
    ],
    "万愁": [
        "万愁",
        "Wanchou",
        "万州",
        [
            "万州",
            "涪陵",
            "泸州",
            "宜宾",
            "丰都",
            "奉节",
            "遂宁",
            "广元",
            "长宁",
            "清远"
        ]
    ],
    "幽韵": [
        "幽韵",
        "Quiet rhyme",
        "安静韵",
        [
            "安静",
            "韵",
            "音韵",
            "宁静",
            "广韵",
            "平静",
            "四声",
            "音",
            "韵书",
            "五音",
            "声韵",
            "清音",
            "去声",
            "悠闲",
            "平常",
            "沉静",
            "耐心",
            "寂静",
            "安详",
            "往常"
        ]
    ],
    "续断": [
        "续断",
        "teasel root",
        "续断根",
        [
            "续断",
            "根",
            "六根",
            "薯蓣",
            "上端",
            "独活",
            "下部",
            "棍子",
            "五味子",
            "灯心草",
            "杆子",
            "钉",
            "下端",
            "当归",
            "瑞香",
            "黄杨",
            "顶上",
            "相联",
            "索科利夫卡",
            "马尔季尼夫卡"
        ]
    ],
    "听余": [
        "听余",
        "Listen to me",
        "听我说",
        [
            "听",
            "说",
            "说道",
            "问道",
            "说是",
            "却说",
            "知道",
            "时说",
            "话说",
            "感叹",
            "真是",
            "听得",
            "问",
            "哭",
            "大声",
            "听完",
            "不行",
            "说什么",
            "不来"
        ]
    ],
    "空外音": [
        "空外音",
        "Void tone",
        "空白音调",
        [
            "空白",
            "音调",
            "音高",
            "音色",
            "音阶",
            "高音",
            "音",
            "调子",
            "低音",
            "颤音",
            "人声",
            "填补",
            "错位",
            "印出",
            "纸面",
            "数量有限",
            "反之亦然",
            "值得注意",
            "Pardosa",
            "</s>"
        ]
    ],
    "况经": [
        "况经",
        "State of affairs",
        "事态",
        [
            "事态",
            "局势",
            "情势",
            "形势",
            "进一步",
            "立即",
            "意图",
            "急于",
            "严重性",
            "一再"
        ]
    ],
    "长别心": [
        "长别心",
        "Long parting",
        "长分离",
        [
            "长",
            "分离",
            "宽",
            "总长",
            "长三",
            "分离出来",
            "分开",
            "高约",
            "窄",
            "分立",
            "转化",
            "剥离",
            "短",
            "裂解",
            "较宽",
            "稍长",
            "粗大",
            "受控",
            "复合",
            "除去"
        ]
    ],
    "响逐": [
        "响逐",
        "Ring by ring",
        "一环接一环",
        [
            "一环",
            "接",
            "相接",
            "接上",
            "南接",
            "邻",
            "抵",
            "重要环节",
            "重要一环",
            "路经",
            "接邻",
            "毗连",
            "基本要素",
            "南和",
            "先导",
            "这两项",
            "不单是",
            "总括",
            "</s>",
            "Pardosa"
        ]
    ],
    "经素": [
        "经素",
        "Meridian element",
        "子午线元素",
        [
            "子午线",
            "元素",
            "经度",
            "经线",
            "要素",
            "原素",
            "成分",
            "北极点",
            "金属元素",
            "天球",
            "类型",
            "锕系元素",
            "圆周",
            "特性",
            "成份",
            "分点",
            "表达方式",
            "大圆",
            "经纬度",
            "中点"
        ]
    ],
    "递来": [
        "递来",
        "Deliver it",
        "交付它",
        [
            "交付",
            "交付给",
            "订购",
            "交货",
            "出厂",
            "交付使用",
            "投入生产",
            "下单",
            "下线",
            "签订合同"
        ]
    ],
    "风正急": [
        "风正急",
        "The wind is blowing fast",
        "风刮得很快",
        [
            "风",
            "很快",
            "迅速",
            "不久",
            "便",
            "立刻",
            "之后",
            "马上",
            "刚刚",
            "风吹",
            "慢慢地",
            "西风",
            "吹拂",
            "吹",
            "北风",
            "再一",
            "大风",
            "暴风",
            "雨",
            "和风"
        ]
    ],
    "玉塞寒": [
        "玉塞寒",
        "Jade plug cold",
        "玉塞冷",
        []
    ],
    "敲处": [
        "敲处",
        "Knock on",
        "敲击",
        [
            "敲击",
            "敲打",
            "敲",
            "打击乐器",
            "击打",
            "钹",
            "琴弦",
            "鼓",
            "摇动",
            "发出声音"
        ]
    ],
    "偏明": [
        "偏明",
        "Partial brightness",
        "部分亮度",
        [
            "部分",
            "亮度",
            "光度",
            "部份",
            "大部分",
            "视星等",
            "星等",
            "反射率",
            "一小",
            "最亮",
            "放大率",
            "振幅",
            "照度",
            "其余部分",
            "星体",
            "外",
            "大多",
            "之外",
            "以外",
            "均"
        ]
    ],
    "方絮": [
        "方絮",
        "Square floc",
        "方形絮状物",
        [
            "方形",
            "长方形",
            "圆形",
            "八角形",
            "梯形",
            "正方形",
            "矩形",
            "平顶",
            "六角形",
            "椭圆形"
        ]
    ],
    "鱼卵": [
        "鱼卵",
        "Roe",
        "鱼卵",
        [
            "鱼卵",
            "可食用",
            "鲑鱼",
            "鲱鱼",
            "贝类",
            "鳗鱼",
            "虱目鱼",
            "鱼肉",
            "牡蛎",
            "虾子"
        ]
    ],
    "折帖": [
        "折帖",
        "Folding post",
        "折叠柱",
        [
            "折叠",
            "柱",
            "立柱",
            "圆柱",
            "柱子",
            "廊柱",
            "石柱",
            "双柱",
            "木柱",
            "拉链",
            "拱形",
            "接合",
            "螺旋",
            "卷曲",
            "翻转",
            "四角",
            "粘贴",
            "剪切",
            "支架",
            "前端"
        ]
    ],
    "香皮": [
        "香皮",
        "Fragrant skin",
        "芳香皮肤",
        [
            "芳香",
            "皮肤",
            "皮肤上",
            "表皮",
            "毛发",
            "肌肤",
            "黏膜",
            "眼部",
            "指甲",
            "脸部",
            "面部",
            "香气",
            "醇",
            "衍生物",
            "精油",
            "类物质",
            "酚",
            "醇类",
            "重氮",
            "大蒜"
        ]
    ],
    "一文": [
        "一文",
        "One article",
        "一篇文章",
        [
            "文章",
            "篇文章",
            "短文",
            "评论",
            "文中",
            "书评",
            "社论",
            "发表文章",
            "撰文",
            "篇名"
        ]
    ],
    "藤角": [
        "藤角",
        "Rattan horn",
        "藤角",
        []
    ],
    "残笺": [
        "残笺",
        "Residual notes",
        "剩余票据",
        [
            "剩余",
            "票据",
            "剩下",
            "余下",
            "债券",
            "本票",
            "汇票",
            "全数",
            "支票",
            "证券",
            "抵押",
            "贴现",
            "担保",
            "贷款人",
            "一小",
            "多余",
            "只剩",
            "剩",
            "悉数",
            "这样一来"
        ]
    ],
    "蕴藻": [
        "蕴藻",
        "Algae accumulation",
        "藻类积累",
        [
            "藻类",
            "积累",
            "无脊椎动物",
            "浮游生物",
            "海藻",
            "累积",
            "水生植物",
            "浮游植物",
            "甲壳类",
            "软体动物",
            "浮游动物",
            "绿藻",
            "吸取",
            "获取",
            "积攒",
            "积聚",
            "依靠",
            "获益",
            "受益",
            "造就"
        ]
    ],
    "记事": [
        "记事",
        "Remember",
        "纪念",
        [
            "纪念",
            "纪念碑",
            "缅怀",
            "周年纪念",
            "纪念日",
            "庆祝",
            "记念",
            "纪念性",
            "致敬",
            "为名"
        ]
    ],
    "从巾": [
        "从巾",
        "From the towel",
        "从毛巾上",
        [
            "毛巾",
            "鞋子",
            "衣物",
            "棉被",
            "烫",
            "胶带",
            "纸袋",
            "玻璃瓶",
            "围巾",
            "袜子"
        ]
    ],
    "桑巾": [
        "桑巾",
        "Mulberry towel",
        "桑毛巾",
        [
            "桑",
            "毛巾",
            "鞋子",
            "衣物",
            "布",
            "棉被",
            "纳",
            "莫",
            "烫",
            "戈",
            "胶带",
            "纸袋",
            "拉",
            "玻璃瓶",
            "博",
            "托",
            "围巾",
            "袜子",
            "冈",
            "拉加"
        ]
    ],
    "裁笺": [
        "裁笺",
        "Cutting paper",
        "切割纸",
        [
            "切割",
            "纸",
            "白纸",
            "用纸",
            "糊",
            "纸张",
            "切割成",
            "挤压",
            "研磨",
            "切削",
            "切开",
            "纸板",
            "纸片",
            "笔",
            "接合",
            "纸制",
            "整块",
            "金箔",
            "切出",
            "大块"
        ]
    ],
    "蓉": [
        "蓉",
        "Chengdu",
        "成都",
        [
            "成都",
            "重庆",
            "贵阳",
            "昆明",
            "四川",
            "泸州",
            "西安",
            "绵阳",
            "成都市",
            "遵义"
        ]
    ],
    "八行": [
        "八行",
        "Eight lines",
        "八行",
        []
    ],
    "麦光": [
        "麦光",
        "Maiguang",
        "麦光",
        []
    ],
    "如冰": [
        "如冰",
        "Such as ice",
        "比如冰",
        [
            "冰",
            "冰层",
            "融化",
            "冰冻",
            "冰山",
            "冰块",
            "冰河",
            "融解",
            "冻",
            "雪"
        ]
    ],
    "猪皮": [
        "猪皮",
        "Pig skin",
        "猪皮",
        [
            "猪皮",
            "扒",
            "肥肉",
            "山楂",
            "萝卜",
            "皂",
            "蜂蜡",
            "雀斑",
            "冬瓜",
            "很厚"
        ]
    ],
    "捣网": [
        "捣网",
        "Tamping net",
        "捣固网",
        [
            "捣",
            "固网",
            "宽频",
            "IPTV",
            "电讯",
            "数字电视",
            "电信业",
            "移动电话",
            "电信",
            "电信服务",
            "卫星电视",
            "破",
            "拌",
            "碎",
            "裹",
            "捏",
            "刨",
            "炼",
            "扑",
            "绞"
        ]
    ],
    "简策": [
        "简策",
        "Brief policy",
        "简要政策",
        [
            "简要",
            "政策",
            "详细",
            "方针",
            "措施",
            "概要",
            "详尽",
            "举措",
            "外交政策",
            "政府",
            "财政政策",
            "税制",
            "简略",
            "概述",
            "国策",
            "新政策",
            "简短",
            "简述",
            "摘要",
            "详述"
        ]
    ],
    "赫蹄": [
        "赫蹄",
        "Hehoof",
        "呵呵",
        []
    ],
    "承玉气": [
        "承玉气",
        "Jade bearing gas",
        "含玉气体",
        [
            "气体",
            "氢气",
            "液体",
            "氮气",
            "微粒",
            "空气",
            "气态",
            "二氧化碳",
            "水蒸气",
            "液态"
        ]
    ],
    "蔡伦": [
        "蔡伦",
        "Cai LUN",
        "蔡伦",
        [
            "蔡伦",
            "造纸术",
            "汉光武帝",
            "张衡",
            "郑众",
            "刘安",
            "许慎",
            "淮南王",
            "晋代",
            "虎子"
        ]
    ],
    "贵业": [
        "贵业",
        "Your industry",
        "你的产业",
        [
            "产业",
            "制造业",
            "服务业",
            "传统产业",
            "工业",
            "新兴产业",
            "行业",
            "金融业",
            "科技产业",
            "零售业"
        ]
    ],
    "光莹": [
        "光莹",
        "Light jade-like stone",
        "轻质玉石",
        [
            "轻质",
            "玉石",
            "玉器",
            "绿松石",
            "铝制",
            "象牙",
            "铜器",
            "硬质",
            "工艺品",
            "宝石",
            "白玉",
            "胶合板",
            "软质",
            "聚乙烯",
            "铝",
            "钢制",
            "玉",
            "碳化",
            "整块",
            "故称"
        ]
    ],
    "制藤": [
        "制藤",
        "Rattan making",
        "藤制",
        []
    ],
    "廉方": [
        "廉方",
        "Lian Fang",
        "莲舫",
        [
            "莲舫",
            "纯一",
            "永仁",
            "总算",
            "刘明",
            "惯",
            "前日",
            "都未",
            "亦同",
            "</s>"
        ]
    ],
    "鸦青": [
        "鸦青",
        "Crow green",
        "乌鸦绿",
        [
            "乌鸦",
            "绿",
            "蓝",
            "绿色",
            "鹰",
            "老鹰",
            "蝎子",
            "老虎",
            "猫头鹰",
            "豹子",
            "大嘴",
            "红",
            "黄绿",
            "鸽子",
            "渡鸦",
            "紫",
            "紫色",
            "双色",
            "浅蓝",
            "橙"
        ]
    ],
    "侧理": [
        "侧理",
        "Side principle",
        "边原理",
        [
            "原理",
            "基本原理",
            "理论",
            "定律",
            "方法",
            "物理现象",
            "法则",
            "数学模型",
            "基本概念",
            "分析方法"
        ]
    ],
    "磨李": [
        "磨李",
        "Grinding plum",
        "磨碎李子",
        [
            "磨碎",
            "李子",
            "咀嚼",
            "切碎",
            "消化",
            "煮熟",
            "磨成",
            "压碎",
            "烘烤",
            "肉块",
            "碾碎",
            "红薯",
            "柿子",
            "绿豆",
            "菠萝",
            "梨",
            "茸",
            "芒果",
            "红豆",
            "</s>"
        ]
    ],
    "残青": [
        "残青",
        "Residual green",
        "残余绿",
        [
            "残余",
            "绿",
            "蓝",
            "绿色",
            "瓦解",
            "残存",
            "残留",
            "残部",
            "红",
            "黄绿",
            "侵入",
            "紫",
            "紫色",
            "双色",
            "浅蓝",
            "橙",
            "崩解",
            "覆没",
            "剩余",
            "打散"
        ]
    ],
    "题破": [
        "题破",
        "Topic breaking",
        "话题中断",
        [
            "话题",
            "中断",
            "热门话题",
            "停顿",
            "停止",
            "中止",
            "终止",
            "暂停",
            "停摆",
            "受到影响",
            "议题",
            "焦点",
            "受阻",
            "敏感话题",
            "流行文化",
            "公众人物",
            "暂时中止",
            "戏仿",
            "时下",
            "戏谑"
        ]
    ],
    "细卷": [
        "细卷",
        "Fine roll",
        "精细辊",
        [
            "精细",
            "辊",
            "细致",
            "精巧",
            "精致",
            "粗糙",
            "繁复",
            "细密",
            "简单",
            "工件",
            "精准",
            "精密",
            "压延",
            "螺杆",
            "受力",
            "烧结",
            "轴承",
            "纺丝",
            "穿孔",
            "径向"
        ]
    ],
    "滑称": [
        "滑称",
        "Slip scale",
        "滑动标尺",
        [
            "滑动",
            "标尺",
            "转动",
            "旋转",
            "滚动",
            "翻转",
            "向下",
            "斜面",
            "横向",
            "向上",
            "缓冲",
            "刻度",
            "象限仪",
            "概略",
            "可调",
            "基准",
            "经纬",
            "<tr>",
            "</s>",
            "Pardosa"
        ]
    ],
    "濡毫": [
        "濡毫",
        "Moist",
        "潮湿的",
        [
            "潮湿",
            "干燥",
            "湿润",
            "寒冷",
            "炎热",
            "干旱",
            "凉爽",
            "落叶",
            "茂密",
            "湿"
        ]
    ],
    "交松": [
        "交松",
        "Jiaosong",
        "交松",
        []
    ],
    "洁如": [
        "洁如",
        "Jie ru",
        "洁茹",
        []
    ],
    "方絮重": [
        "方絮重",
        "Square wadding weight",
        "方形填料重量",
        [
            "方形",
            "填料",
            "重量",
            "长方形",
            "圆形",
            "总重量",
            "八角形",
            "梯形",
            "总重",
            "正方形",
            "矩形",
            "平顶",
            "六角形",
            "尺寸",
            "配重",
            "体积",
            "椭圆形",
            "车重",
            "载重量",
            "载重",
            "载荷",
            "填充",
            "黏合剂",
            "硬质",
            "物料",
            "活性炭",
            "很薄",
            "轻质",
            "碳化",
            "含硫"
        ]
    ],
    "上封": [
        "上封",
        "Upper seal",
        "上密封",
        [
            "密封",
            "容器",
            "密闭",
            "加压",
            "贮存",
            "装入",
            "中空",
            "物料",
            "填充",
            "盖子"
        ]
    ],
    "价为": [
        "价为",
        "Price is",
        "价格是",
        [
            "价格",
            "价钱",
            "生产成本",
            "定价",
            "售价",
            "价位",
            "市价",
            "价格比",
            "商品价格",
            "单价"
        ]
    ],
    "夜案": [
        "夜案",
        "Night case",
        "夜间病例",
        [
            "夜间",
            "病例",
            "白天",
            "夜晚",
            "日间",
            "确诊",
            "流感",
            "个案",
            "发生率",
            "患者",
            "病症",
            "傍晚",
            "发病",
            "登革热",
            "传染病",
            "昼间",
            "深夜",
            "定时",
            "日夜",
            "午后"
        ]
    ],
    "频铺": [
        "频铺",
        "Frequency spread",
        "频率展开",
        [
            "频率",
            "展开",
            "振幅",
            "Hz",
            "kHz",
            "频谱",
            "频带",
            "基频",
            "增益",
            "进行",
            "阈值",
            "高频率",
            "开展",
            "告一段落",
            "落幕",
            "揭开",
            "作准备",
            "揭开序幕",
            "进行时",
            "一触即发"
        ]
    ],
    "光宜": [
        "光宜",
        "Light",
        "光",
        [
            "光",
            "瞳",
            "红光",
            "暗",
            "光和",
            "白光",
            "亮",
            "和光",
            "日光",
            "虹"
        ]
    ],
    "闪墨": [
        "闪墨",
        "Flash ink",
        "闪光油墨",
        [
            "闪光",
            "油墨",
            "闪烁",
            "墨水",
            "红光",
            "火焰",
            "纸张",
            "闪电",
            "发光",
            "流星",
            "强光",
            "颜料",
            "火球",
            "涂料",
            "薄膜",
            "涂层",
            "水印",
            "白光",
            "电镀",
            "反光"
        ]
    ],
    "友管": [
        "友管",
        "Friend tube",
        "朋友管",
        [
            "朋友",
            "好朋友",
            "好友",
            "朋友们",
            "熟人",
            "老友",
            "同事",
            "密友",
            "老朋友",
            "女朋友"
        ]
    ],
    "城侯": [
        "城侯",
        "City hall",
        "市政厅",
        [
            "市政厅",
            "大教堂",
            "歌剧院",
            "塔楼",
            "都柏林",
            "国家剧院",
            "圣乔治",
            "旧城区",
            "弗罗茨瓦夫",
            "考文垂"
        ]
    ],
    "明似": [
        "明似",
        "Clearly",
        "显然地",
        [
            "显然",
            "似乎",
            "或许",
            "确实",
            "看来",
            "无论如何",
            "只不过",
            "也许",
            "毕竟",
            "仅仅"
        ]
    ],
    "开觉": [
        "开觉",
        "Open sleep",
        "开放式睡眠",
        [
            "睡眠",
            "睡眠中",
            "呼吸",
            "清醒",
            "REM",
            "生理",
            "知觉",
            "排便",
            "失眠",
            "痉挛"
        ]
    ],
    "楼修": [
        "楼修",
        "Building repair",
        "建筑维修",
        [
            "建筑",
            "维修",
            "建筑物",
            "建筑群",
            "修理",
            "检修",
            "大修",
            "建筑风格",
            "宗教建筑",
            "公共建筑",
            "保养",
            "维修保养",
            "修复",
            "翻修",
            "塔楼",
            "建物",
            "建筑设计",
            "巴洛克式",
            "修整",
            "维护保养"
        ]
    ]
}