{
    "天同色": [
        "天同色",
        "Same color in heaven",
        "天堂一样的颜色",
        [
            "天堂",
            "颜色",
            "色调",
            "黄色",
            "红色",
            "紫色",
            "蓝色",
            "地狱",
            "白色",
            "粉红色",
            "橙色",
            "天国",
            "色",
            "炼狱",
            "魔鬼",
            "国度",
            "尘世",
            "深渊",
            "彼岸",
            "天梯"
        ]
    ],
    "气惨": [
        "气惨",
        "Gas miserably",
        "气惨了",
        []
    ],
    "初凝候": [
        "初凝候",
        "Initial setting",
        "初调",
        []
    ],
    "欲觅": [
        "欲觅",
        "Looking for",
        "寻找",
        [
            "寻找",
            "找寻",
            "找到",
            "寻觅",
            "找出",
            "追寻",
            "四处寻找",
            "找回",
            "探寻",
            "找"
        ]
    ],
    "琼瑶": [
        "琼瑶",
        "Qiongyao",
        "琼瑶",
        [
            "琼瑶",
            "赵薇",
            "还珠格格",
            "陈凯歌",
            "张爱玲",
            "张艺谋",
            "林青霞",
            "姜文",
            "爱情小说",
            "成名作"
        ]
    ],
    "寒勒": [
        "寒勒",
        "Chandler",
        "钱德勒",
        [
            "钱德勒",
            "约翰逊",
            "布拉德利",
            "兰德尔",
            "韦弗",
            "布坎南",
            "亚当斯",
            "库珀",
            "巴克利",
            "布朗"
        ]
    ],
    "冻雾": [
        "冻雾",
        "pogonip",
        "冻雾",
        []
    ],
    "云重": [
        "云重",
        "Cloud weight",
        "云量",
        [
            "云量",
            "相对湿度",
            "湿度",
            "薄雾",
            "阴天",
            "夏季时",
            "天气情况",
            "卷云",
            "露点",
            "十度"
        ]
    ],
    "阁集": [
        "阁集",
        "Cabinet collection",
        "橱柜收藏",
        [
            "橱柜",
            "收藏",
            "珍藏",
            "藏品",
            "收藏品",
            "收藏家",
            "艺术品",
            "馆藏",
            "珍品",
            "展品",
            "美术品",
            "桌子",
            "浴室",
            "沙发",
            "浴缸",
            "衣橱",
            "垃圾箱",
            "小房间",
            "镜子",
            "书本"
        ]
    ],
    "雪共寒": [
        "雪共寒",
        "Snow and cold",
        "雪和寒冷",
        [
            "雪",
            "寒冷",
            "严寒",
            "炎热",
            "潮湿",
            "凉爽",
            "温暖",
            "冬天",
            "酷热",
            "较冷",
            "暖和",
            "雨",
            "霜",
            "露",
            "雾",
            "枯",
            "寒",
            "白雪",
            "碧",
            "喜"
        ]
    ],
    "云垂": [
        "云垂",
        "Cloud hanging",
        "挂云",
        []
    ],
    "为怜": [
        "为怜",
        "For pity",
        "出于怜悯",
        [
            "怜悯",
            "宽恕",
            "仁慈",
            "谦卑",
            "慈爱",
            "恩惠",
            "盼望",
            "忍耐",
            "深信",
            "惟独"
        ]
    ],
    "水墨": [
        "水墨",
        "Ink painting",
        "水墨画",
        [
            "水墨画",
            "水墨",
            "国画",
            "中国画",
            "山水画",
            "绘画",
            "水彩画",
            "画法",
            "油画",
            "人物画"
        ]
    ],
    "今瑞": [
        "今瑞",
        "Today, Switzerland",
        "今天，瑞士",
        [
            "今天",
            "瑞士",
            "比利时",
            "现在",
            "如今",
            "奥地利",
            "今日",
            "苏黎世",
            "捷克",
            "德国",
            "日内瓦",
            "巴塞尔",
            "斯洛伐克",
            "卢森堡",
            "现今",
            "以前",
            "时至今日",
            "那时候",
            "从前",
            "直到现在"
        ]
    ],
    "未须": [
        "未须",
        "Not required",
        "不需要",
        [
            "需要",
            "必须",
            "必需",
            "能够",
            "须要",
            "需",
            "无需",
            "并不需要",
            "所需",
            "只能"
        ]
    ],
    "东廓": [
        "东廓",
        "East profile",
        "东剖面",
        [
            "东",
            "剖面",
            "西",
            "北",
            "南端",
            "西北",
            "西南",
            "东北",
            "东向",
            "北端",
            "东端",
            "垂直",
            "构造",
            "轮廓",
            "圆弧",
            "基岩",
            "扇形",
            "新月形",
            "分层",
            "圆锥"
        ]
    ],
    "履": [
        "履",
        "carry out",
        "执行",
        [
            "执行",
            "继续执行",
            "督导",
            "指派",
            "可执行",
            "执行者",
            "监督",
            "制订",
            "分派",
            "拒绝执行"
        ]
    ],
    "牛衣": [
        "牛衣",
        "Cow coat",
        "牛皮大衣",
        [
            "牛",
            "羊",
            "猪",
            "鸡",
            "鹿",
            "水牛",
            "山羊",
            "头",
            "骆驼",
            "两头"
        ]
    ],
    "怯夜": [
        "怯夜",
        "Afraid of night",
        "害怕夜晚",
        [
            "害怕",
            "夜晚",
            "惧怕",
            "白天",
            "畏惧",
            "担心",
            "夜里",
            "怕",
            "夜间",
            "痛恨",
            "怨恨",
            "厌恶",
            "黄昏",
            "黑夜",
            "憎恨",
            "半夜",
            "早晨",
            "责怪",
            "白昼",
            "午夜"
        ]
    ],
    "先策": [
        "先策",
        "First policy",
        "第一项政策",
        [
            "政策",
            "方针",
            "措施",
            "举措",
            "外交政策",
            "政府",
            "财政政策",
            "税制",
            "国策",
            "新政策"
        ]
    ],
    "驴": [
        "驴",
        "Donkey",
        "驴",
        [
            "驴",
            "羊",
            "驼",
            "骆驼",
            "骡",
            "牛",
            "山羊",
            "骡子",
            "狗",
            "白马"
        ]
    ],
    "静夜": [
        "静夜",
        "Quiet night",
        "安静的夜晚",
        [
            "安静",
            "夜晚",
            "白天",
            "夜里",
            "夜间",
            "宁静",
            "黄昏",
            "黑夜",
            "半夜",
            "平静",
            "早晨",
            "白昼",
            "午夜",
            "悠闲",
            "平常",
            "沉静",
            "耐心",
            "寂静",
            "安详",
            "往常"
        ]
    ],
    "夜静": [
        "夜静",
        "Night stillness",
        "夜晚的宁静",
        [
            "夜晚",
            "宁静",
            "白天",
            "夜里",
            "夜间",
            "安静",
            "黄昏",
            "黑夜",
            "半夜",
            "平静",
            "早晨",
            "白昼",
            "午夜",
            "悠闲",
            "寂静",
            "喧嚣",
            "孤寂",
            "祥和",
            "安稳",
            "冬日"
        ]
    ],
    "淅沥": [
        "淅沥",
        "Xi resembles",
        "十一类似",
        [
            "类似",
            "类似于",
            "相似",
            "相同",
            "十分相似",
            "相近",
            "完全相同",
            "多种不同",
            "近似于",
            "值得注意"
        ]
    ],
    "隆冬": [
        "隆冬",
        "midwinter",
        "冬至",
        [
            "冬至",
            "节气",
            "夏至",
            "春分",
            "立春",
            "秋分",
            "夏历",
            "满月",
            "中秋节",
            "初一"
        ]
    ],
    "梦断": [
        "梦断",
        "Dream break",
        "梦想破灭",
        []
    ],
    "跳珠": [
        "跳珠",
        "Jumping bead",
        "跳跃珠",
        [
            "跳跃",
            "珠",
            "冲刺",
            "奔跑",
            "跳",
            "动作",
            "弹跳",
            "莲",
            "滑行",
            "玉",
            "翻滚",
            "起跳",
            "锦",
            "木",
            "凤",
            "如意",
            "跳出",
            "虹",
            "和黄",
            "和龙"
        ]
    ],
    "梦惊": [
        "梦惊",
        "pavor nocturnus",
        "夜莺",
        [
            "夜莺",
            "天鹅",
            "海鸥",
            "鸽子",
            "海螺",
            "睡美人",
            "呼唤",
            "小王子",
            "地大",
            "Pardosa"
        ]
    ],
    "飘萧": [
        "飘萧",
        "Gone with the wind Xiao",
        "飘萧",
        []
    ],
    "撒盐": [
        "撒盐",
        "salt",
        "盐",
        [
            "盐",
            "食盐",
            "卤",
            "矿",
            "皂",
            "水",
            "醋",
            "长芦",
            "灶",
            "海盐"
        ]
    ],
    "屋瓦": [
        "屋瓦",
        "House tile",
        "屋瓦",
        [
            "屋瓦",
            "瓦片",
            "砖",
            "木造",
            "砖瓦",
            "石造",
            "梁柱",
            "钢筋水泥",
            "石板",
            "窗框"
        ]
    ],
    "窗片": [
        "窗片",
        "Window piece",
        "窗件",
        []
    ],
    "支叟赋": [
        "支叟赋",
        "Zhisou Fu",
        "志寿府",
        []
    ],
    "乱敲": [
        "乱敲",
        "Knock at random",
        "随意敲门",
        [
            "随意",
            "敲门",
            "随便",
            "任意",
            "可任意",
            "轻易",
            "随心所欲",
            "进门",
            "平常",
            "胡乱",
            "屋子里",
            "我家",
            "外头",
            "半夜",
            "没事",
            "不对",
            "今晚",
            "这样一来",
            "不约而同",
            "恰巧"
        ]
    ],
    "窗纸": [
        "窗纸",
        "Window paper",
        "窗纸",
        []
    ],
    "洒窗": [
        "洒窗",
        "Sprinkling window",
        "喷淋窗",
        [
            "窗",
            "阳台",
            "门窗",
            "天窗",
            "小窗",
            "玻璃窗",
            "回廊",
            "拱形",
            "墙面",
            "墙身"
        ]
    ],
    "蚕食": [
        "蚕食",
        "encroach on",
        "侵犯",
        [
            "侵犯",
            "侵害",
            "践踏",
            "骚扰",
            "触犯",
            "侮辱",
            "挑衅",
            "盗用",
            "漠视",
            "中伤"
        ]
    ],
    "惊回": [
        "惊回",
        "Scared back",
        "害怕回来",
        [
            "害怕",
            "回来",
            "回去",
            "惧怕",
            "畏惧",
            "回家",
            "担心",
            "怕",
            "去找",
            "痛恨",
            "怨恨",
            "厌恶",
            "赶紧",
            "憎恨",
            "忘了",
            "跑去",
            "有一天",
            "责怪",
            "跟着",
            "偷偷地"
        ]
    ],
    "睡思": [
        "睡思",
        "Sleep thinking",
        "睡眠思考",
        [
            "睡眠",
            "思考",
            "思维",
            "思索",
            "理解",
            "反思",
            "探究",
            "理性",
            "认知",
            "探讨",
            "直觉",
            "睡眠中",
            "呼吸",
            "清醒",
            "REM",
            "生理",
            "知觉",
            "排便",
            "失眠",
            "痉挛"
        ]
    ],
    "糁": [
        "糁",
        "Charming",
        "迷人的",
        [
            "迷人",
            "美丽",
            "优雅",
            "可爱",
            "甜美",
            "漂亮",
            "美妙",
            "充满活力",
            "动人",
            "与众不同"
        ]
    ],
    "怜飘瓦": [
        "怜飘瓦",
        "Flow tile",
        "流动瓦片",
        [
            "流动",
            "瓦片",
            "砖",
            "屋瓦",
            "砖瓦",
            "砌成",
            "砖石",
            "墙体",
            "灰泥",
            "石板",
            "移动",
            "砖头",
            "扩散",
            "悬浮",
            "流向",
            "流出",
            "恒定",
            "震荡",
            "浮动",
            "的移动"
        ]
    ],
    "打檐": [
        "打檐",
        "Climbing eaves",
        "攀檐",
        []
    ],
    "松": [
        "松",
        "Loose",
        "松的",
        [
            "松",
            "泊",
            "泽",
            "丰",
            "芝",
            "良",
            "隆",
            "芳",
            "和田",
            "椿"
        ]
    ],
    "竹声": [
        "竹声",
        "Bamboo sound",
        "竹声",
        []
    ],
    "谢郎": [
        "谢郎",
        "Sherang",
        "谢朗",
        []
    ],
    "轻糁": [
        "轻糁",
        "Light weight",
        "轻量",
        [
            "轻量",
            "轻量化",
            "轻巧",
            "更轻",
            "高性能",
            "小型化",
            "体积小",
            "非常适合",
            "高效率",
            "的设计"
        ]
    ],
    "竹梢": [
        "竹梢",
        "Bamboo shoot",
        "笋",
        [
            "笋",
            "棉",
            "面线",
            "菱角",
            "桂花",
            "熟",
            "萝卜",
            "石榴",
            "核桃",
            "拢"
        ]
    ],
    "蟹行": [
        "蟹行",
        "Crab line",
        "蟹行",
        []
    ],
    "应是": [
        "应是",
        "Should be",
        "应该是",
        [
            "应该",
            "应当",
            "不应",
            "不该",
            "必要",
            "一定会",
            "无论如何",
            "确实",
            "应",
            "某种程度"
        ]
    ],
    "扑": [
        "扑",
        "Flap",
        "拍打",
        [
            "拍打",
            "敲打",
            "挥动",
            "张开",
            "击打",
            "抬起",
            "发出声响",
            "摇动",
            "失去平衡",
            "发出声音"
        ]
    ],
    "玉粒": [
        "玉粒",
        "Jade grain",
        "玉粒",
        []
    ],
    "敲": [
        "敲",
        "Knock",
        "批评",
        [
            "批评",
            "抨击",
            "严厉批评",
            "指责",
            "质疑",
            "非议",
            "反驳",
            "评论",
            "公开批评",
            "责难"
        ]
    ],
    "窗": [
        "窗",
        "Window",
        "窗户",
        [
            "窗户",
            "玻璃窗",
            "墙壁",
            "天花板",
            "屋顶",
            "阳台",
            "房顶",
            "楼梯间",
            "窗子",
            "窗台"
        ]
    ],
    "拥炉": [
        "拥炉",
        "Holding furnace",
        "保温炉",
        [
            "保温",
            "炉",
            "保暖",
            "防水",
            "隔热",
            "密封",
            "透气",
            "香烛",
            "耐热",
            "熔",
            "杀菌",
            "燃",
            "炼",
            "恒温",
            "气化",
            "火炉",
            "烧",
            "油灯",
            "贮存",
            "蒸"
        ]
    ],
    "听": [
        "听",
        "Listen",
        "听",
        [
            "听",
            "听得",
            "问",
            "哭",
            "大声",
            "听完",
            "不行",
            "说什么",
            "却说",
            "不来"
        ]
    ],
    "打松": [
        "打松",
        "Hit loose",
        "松动",
        [
            "松动",
            "断裂",
            "滑落",
            "下移",
            "外露",
            "失去平衡",
            "抬头",
            "靠拢",
            "消减",
            "</s>"
        ]
    ],
    "喜雨": [
        "喜雨",
        "seasonable rain",
        "季节性降雨",
        [
            "季节性",
            "降雨",
            "降水",
            "雨量",
            "降雪",
            "暴雨",
            "降水量",
            "季节",
            "强降雨",
            "雨季",
            "干旱",
            "局部地区",
            "旱季",
            "夏季和",
            "冬天",
            "春季",
            "秋冬季",
            "夏季时",
            "间歇性",
            "常年"
        ]
    ],
    "黍育": [
        "黍育",
        "Millet breeding",
        "谷子育种",
        [
            "谷子",
            "育种",
            "选育",
            "杂交",
            "繁育",
            "转基因",
            "新品种",
            "良种",
            "分子生物学",
            "余粮",
            "微生物学",
            "培育出",
            "田里",
            "粟",
            "田间",
            "麦子",
            "粟米",
            "种地",
            "大白",
            "</s>"
        ]
    ],
    "救旱": [
        "救旱",
        "Rescue drought",
        "拯救干旱",
        [
            "拯救",
            "干旱",
            "解救",
            "救回",
            "旱季",
            "潮湿",
            "缺水",
            "救出",
            "干燥",
            "寒冷",
            "雨季",
            "救",
            "干季",
            "炎热",
            "复仇",
            "挽救",
            "多雨",
            "挺身而出",
            "救下",
            "搭救"
        ]
    ],
    "相庆": [
        "相庆",
        "Celebrate",
        "庆祝",
        [
            "庆祝",
            "庆典",
            "欢庆",
            "纪念日",
            "节日",
            "新年",
            "纪念活动",
            "圣诞节",
            "庆贺",
            "欢度"
        ]
    ],
    "春意": [
        "春意",
        "thoughts of love",
        "爱的想法",
        [
            "爱",
            "想法",
            "爱人",
            "真爱",
            "点子",
            "想要",
            "尝试",
            "心事",
            "或许",
            "思路",
            "初衷",
            "设想",
            "真心",
            "意念",
            "幸福",
            "甜蜜",
            "亲爱的",
            "期望",
            "真情",
            "挚爱"
        ]
    ],
    "苏旱": [
        "苏旱",
        "Sudan drought",
        "苏丹干旱",
        [
            "苏丹",
            "干旱",
            "旱季",
            "潮湿",
            "缺水",
            "干燥",
            "寒冷",
            "侯赛因",
            "雨季",
            "易卜拉欣",
            "沙阿",
            "埃米尔",
            "干季",
            "炎热",
            "也门",
            "多雨",
            "艾哈迈德",
            "沙特阿拉伯",
            "文莱",
            "阿曼"
        ]
    ],
    "荣野": [
        "荣野",
        "Rongye",
        "叶蓉",
        []
    ],
    "油云": [
        "油云",
        "Oil cloud",
        "油云",
        []
    ],
    "神力": [
        "神力",
        "extraordinary power",
        "非凡的力量",
        [
            "力量",
            "意志",
            "意志力",
            "军事力量",
            "意识",
            "生命力",
            "勇气",
            "自我意识",
            "精神力量",
            "力"
        ]
    ],
    "稷生": [
        "稷生",
        "Jisheng",
        "吉胜",
        []
    ],
    "交欢": [
        "交欢",
        "Sexual intercourse",
        "性交",
        [
            "性交",
            "性行为",
            "肛交",
            "口交",
            "自慰",
            "性爱",
            "手淫",
            "乱伦",
            "性虐待",
            "性交易"
        ]
    ],
    "恩光": [
        "恩光",
        "Enguang",
        "恩光",
        []
    ],
    "贻牟": [
        "贻牟",
        "Yi Mou",
        "易某",
        [
            "易",
            "不易",
            "极易",
            "较易",
            "更易",
            "可避免",
            "不免",
            "尚可",
            "所致",
            "需注意"
        ]
    ],
    "秀田": [
        "秀田",
        "Xiutian",
        "秀田",
        []
    ],
    "沛雨": [
        "沛雨",
        "Rain and rain",
        "雨和雨",
        [
            "雨",
            "雾",
            "风雨",
            "雪",
            "寒",
            "枯",
            "夜",
            "飘",
            "月光",
            "雨天"
        ]
    ],
    "民心": [
        "民心",
        "popular support",
        "大众支持",
        [
            "大众",
            "支持",
            "社会大众",
            "反对",
            "拥护",
            "支持者",
            "赞同",
            "普罗大众",
            "赞成",
            "大力支持",
            "大众所",
            "社会上",
            "全力支持",
            "受众",
            "默许",
            "背书",
            "另类",
            "社会所",
            "许多人",
            "近来"
        ]
    ],
    "谷根苏": [
        "谷根苏",
        "Gugensu",
        "古根素",
        []
    ],
    "生悦气": [
        "生悦气",
        "Be angry with others",
        "对别人生气",
        [
            "生气",
            "气愤",
            "恼怒",
            "愤怒",
            "后悔",
            "伤心",
            "难过",
            "高兴",
            "羞愧",
            "害怕"
        ]
    ],
    "岁": [
        "岁",
        "Years old",
        "…岁",
        []
    ],
    "霖雨": [
        "霖雨",
        "Heavy rain",
        "暴雨",
        [
            "暴雨",
            "强降雨",
            "豪雨",
            "大雨",
            "降雨",
            "狂风暴雨",
            "泥石流",
            "倾盆大雨",
            "大风",
            "狂风"
        ]
    ],
    "焦枯": [
        "焦枯",
        "Burned out",
        "烧坏了",
        []
    ],
    "青覆": [
        "青覆",
        "Green cover",
        "绿色封面",
        [
            "绿色",
            "封面",
            "橙色",
            "黄色",
            "红色",
            "蓝色",
            "封底",
            "白色",
            "内页",
            "封面设计",
            "封套",
            "粉红色",
            "海报",
            "紫色",
            "浅绿色",
            "深蓝色",
            "标题",
            "插图",
            "写真",
            "月历"
        ]
    ],
    "消客": [
        "消客",
        "Customer elimination",
        "客户淘汰",
        [
            "客户",
            "淘汰",
            "顾客",
            "消费者",
            "供应商",
            "出局",
            "买家",
            "投资者",
            "输给",
            "卖家",
            "零售商",
            "止步",
            "客户服务",
            "三轮",
            "首轮",
            "落败",
            "垫底",
            "卫冕冠军",
            "的产品",
            "无缘"
        ]
    ],
    "欢连屋": [
        "欢连屋",
        "Huan Lian House",
        "环联大厦",
        [
            "大厦",
            "大楼",
            "办公大楼",
            "层高",
            "楼高",
            "写字楼",
            "商业大厦",
            "楼",
            "办公楼",
            "商业大楼"
        ]
    ],
    "禾苗": [
        "禾苗",
        "Seedlings",
        "籽苗",
        []
    ],
    "桑麻": [
        "桑麻",
        "Sang Ma",
        "桑玛",
        []
    ],
    "薿": [
        "薿",
        "Scissors",
        "剪刀",
        [
            "剪刀",
            "捏",
            "钳子",
            "斧头",
            "刨",
            "小刀",
            "钉",
            "棍子",
            "绞",
            "做成"
        ]
    ],
    "嘉": [
        "嘉",
        "Scarlett",
        "斯佳丽",
        [
            "斯佳丽",
            "费雯丽",
            "阿什利",
            "自己会",
            "瑞德",
            "凯西",
            "老妇人",
            "丽莎",
            "无济于事",
            "奥利弗"
        ]
    ],
    "蔬润": [
        "蔬润",
        "Vegetable moistening",
        "蔬菜润湿",
        [
            "蔬菜",
            "润湿",
            "水果",
            "肉类",
            "玉米",
            "稻米",
            "蔬果",
            "大豆",
            "豆类",
            "马铃薯",
            "甜菜",
            "吸水",
            "漂白",
            "滴",
            "溶化",
            "洗涤",
            "变黑",
            "变色",
            "压平",
            "需注意"
        ]
    ],
    "欢声": [
        "欢声",
        "cheer",
        "愉快",
        [
            "愉快",
            "无聊",
            "沮丧",
            "厌烦",
            "愉悦",
            "美好",
            "不快",
            "喜悦",
            "有趣",
            "难受"
        ]
    ],
    "枯苗": [
        "枯苗",
        "Dead seedling",
        "死苗",
        []
    ],
    "布谷": [
        "布谷",
        "CUCKOO",
        "疯狂的",
        [
            "疯狂",
            "可怕",
            "狂热",
            "恐怖",
            "古怪",
            "惊奇",
            "恶作剧",
            "噩梦",
            "诡异",
            "白痴"
        ]
    ],
    "绿生波": [
        "绿生波",
        "Green wave",
        "绿色波浪",
        [
            "绿色",
            "波浪",
            "海浪",
            "橙色",
            "黄色",
            "红色",
            "蓝色",
            "白色",
            "粉红色",
            "水波",
            "紫色",
            "浅绿色",
            "深蓝色",
            "波纹",
            "水滴",
            "涟漪",
            "浪花",
            "退潮",
            "卷起",
            "水平线"
        ]
    ],
    "绿满畴": [
        "绿满畴",
        "Green and full of domains",
        "绿色且充满域",
        [
            "绿色",
            "充满",
            "域",
            "充满著",
            "橙色",
            "黄色",
            "红色",
            "蓝色",
            "白色",
            "感受到",
            "充满着",
            "粉红色",
            "展现出",
            "紫色",
            "展现",
            "浅绿色",
            "深蓝色",
            "极富",
            "流露出",
            "带给",
            "看似",
            "邻接",
            "可定义",
            "外延",
            "反之亦然",
            "具体来说",
            "都从",
            "如前所述",
            "亦然",
            "</s>"
        ]
    ],
    "禾稼": [
        "禾稼",
        "Crop",
        "农作物",
        [
            "农作物",
            "作物",
            "稻米",
            "收成",
            "甘蔗",
            "经济作物",
            "庄稼",
            "玉米",
            "农作",
            "棉花"
        ]
    ],
    "芃芃": [
        "芃芃",
        "Chi chi chi chi chi chi chi chi chi chi chi chi chi chi chi chi chi chi chi chi chi chi chi chi chi chi chi chi chi chi chi chi chi chi chi chi chi chi chi chi chi chi chi chi chi chi chi chi chi chi chi chi chi chi chi",
        "集集集集集集集集集集集集集集集集集集集集集集集集集集集集集集集集集集集集集集集集集集集集集集集集集集集集集集集集集集集集集集集集集集集集集集集集集集集集集集",
        [
            "集集",
            "枋寮",
            "北港",
            "斗六",
            "草屯",
            "东势",
            "员林",
            "南投",
            "名间",
            "土库"
        ]
    ],
    "散作": [
        "散作",
        "Scattered work",
        "分散工作",
        [
            "分散",
            "工作",
            "集中",
            "管理工作",
            "密集",
            "集中于",
            "转移",
            "岗位",
            "实习",
            "兼职",
            "临时工",
            "高度集中",
            "指导",
            "大部分",
            "文书工作",
            "这样一来",
            "社会活动",
            "混杂",
            "指导工作",
            "充分利用"
        ]
    ],
    "千村福": [
        "千村福",
        "Qianmurafu",
        "前村复",
        []
    ],
    "商羊": [
        "商羊",
        "Commercial sheep",
        "商品绵羊",
        [
            "商品",
            "绵羊",
            "产品",
            "货品",
            "山羊",
            "奶牛",
            "消费者",
            "羊",
            "消费",
            "商家",
            "零售商",
            "消费品",
            "卖家",
            "的产品",
            "骆驼",
            "羊驼",
            "狗",
            "猪",
            "牧羊人",
            "骡"
        ]
    ],
    "应屡舞": [
        "应屡舞",
        "Should dance frequently",
        "应该经常跳舞",
        [
            "应该",
            "经常",
            "跳舞",
            "常常",
            "时常",
            "唱歌",
            "应当",
            "不应",
            "不时",
            "不该",
            "表演",
            "常",
            "必要",
            "偶尔",
            "一定会",
            "无论如何",
            "往往",
            "弹吉他",
            "确实",
            "应",
            "某种程度",
            "常会",
            "唱歌跳舞",
            "舞者",
            "弹钢琴",
            "平常",
            "玩乐",
            "表演者",
            "接吻",
            "特别"
        ]
    ],
    "燕尾": [
        "燕尾",
        "forked tail",
        "燕尾",
        [
            "燕尾",
            "山墙",
            "屋檐",
            "翘",
            "屋脊",
            "镶边",
            "帘",
            "人字形",
            "盔",
            "则有"
        ]
    ],
    "麦": [
        "麦",
        "wheat",
        "小麦",
        [
            "小麦",
            "玉米",
            "谷物",
            "马铃薯",
            "棉花",
            "甜菜",
            "大米",
            "大豆",
            "大麦",
            "燕麦"
        ]
    ],
    "抽穗": [
        "抽穗",
        "heading",
        "标题",
        [
            "标题",
            "副标题",
            "开头",
            "原文",
            "书名",
            "曲名",
            "结尾",
            "歌名",
            "末尾",
            "篇名"
        ]
    ],
    "物自": [
        "物自",
        "Things from",
        "来自",
        []
    ]
}