{
    "胎化": [
        "胎化",
        "Tire formation",
        "轮胎成型",
        [
            "轮胎",
            "成型",
            "成形",
            "车轮",
            "汽车",
            "车架",
            "拉力",
            "刹车",
            "车胎",
            "固化",
            "后轮",
            "的汽车",
            "润滑油",
            "盒式",
            "挤出",
            "复合",
            "逐步形成",
            "其发展",
            "换用",
            "应运而生"
        ]
    ],
    "鸣露": [
        "鸣露",
        "Loud dew",
        "响亮的露水",
        [
            "响亮",
            "露水",
            "悦耳",
            "高亢",
            "好听",
            "云朵",
            "雾气",
            "清脆",
            "低沉",
            "薄雾",
            "与众不同",
            "夜晚",
            "引人注意",
            "清爽",
            "强而有力",
            "月光",
            "冬日",
            "的水",
            "引人注目",
            "金子"
        ]
    ],
    "应风": [
        "应风",
        "Response to wind",
        "对风的反应",
        [
            "反应",
            "化学反应",
            "质子化",
            "自由基",
            "加成",
            "反应会",
            "催化",
            "中间体",
            "底物",
            "重排"
        ]
    ],
    "回翔": [
        "回翔",
        "Back to Xiang",
        "回翔",
        []
    ],
    "缑山": [
        "缑山",
        "Tsukou mountain",
        "津口山",
        []
    ],
    "清唳": [
        "清唳",
        "Qing Li",
        "清丽",
        []
    ],
    "出鸡群": [
        "出鸡群",
        "Out of the flock",
        "从羊群中出来",
        [
            "羊群",
            "中",
            "中的",
            "之中",
            "中都",
            "中所",
            "当中",
            "牧羊人",
            "里",
            "牲口",
            "中会",
            "牧人",
            "牧民",
            "里面",
            "牛群",
            "山羊",
            "牛只",
            "绵羊",
            "猛兽",
            "之前"
        ]
    ],
    "翘藓径": [
        "翘藓径",
        "Mosses diameter",
        "苔藓直径",
        [
            "苔藓",
            "直径",
            "直径约",
            "厚度",
            "树干",
            "宽度",
            "球形",
            "高约",
            "半径",
            "地衣",
            "cm",
            "椭圆形",
            "泥炭",
            "圆形",
            "落叶",
            "树叶",
            "蕨类植物",
            "针叶树",
            "维管束",
            "细枝"
        ]
    ],
    "茅君游": [
        "茅君游",
        "Mao jun's tour",
        "毛军之旅",
        [
            "之旅",
            "旅程",
            "旅行",
            "历险",
            "旅途",
            "环游世界",
            "冒险",
            "归来",
            "环游",
            "旅途上"
        ]
    ],
    "缑氏": [
        "缑氏",
        "Tsukou's family",
        "筑口的家人",
        [
            "家人",
            "父母",
            "亲人",
            "亲友",
            "亲戚",
            "妻儿",
            "母亲",
            "一家人",
            "全家人",
            "丈夫"
        ]
    ],
    "玄精": [
        "玄精",
        "Xuanjing",
        "玄晶",
        []
    ],
    "辽海": [
        "辽海",
        "Liao hai",
        "廖海",
        []
    ],
    "高鸣": [
        "高鸣",
        "Gao Ming",
        "高明",
        [
            "高明",
            "娴熟",
            "霸道",
            "得意",
            "高深",
            "正派",
            "擅长于",
            "用心",
            "老练",
            "实是"
        ]
    ],
    "缩颈": [
        "缩颈",
        "necking down",
        "缩颈",
        []
    ],
    "凤匹": [
        "凤匹",
        "Phoenix horse",
        "凤凰马",
        [
            "凤凰",
            "马",
            "两匹",
            "马和",
            "牛",
            "驼",
            "大鹏",
            "一匹马",
            "马在",
            "麒麟",
            "白马",
            "龙神",
            "朝阳",
            "七星",
            "飞龙",
            "福",
            "天马",
            "Pardosa",
            "</s>"
        ]
    ],
    "爽健": [
        "爽健",
        "Dr.Scholl's",
        "博士舒尔的",
        [
            "博士",
            "舒尔",
            "教授",
            "Dr",
            "指导教授",
            "芝加哥大学",
            "助手",
            "哈佛大学",
            "麻省理工学院",
            "耶鲁大学",
            "Clark",
            "诺特",
            "康威",
            "莱斯",
            "1]",
            "穆迪",
            "的有",
            "</s>",
            "<tr>",
            "Pardosa"
        ]
    ],
    "双舞": [
        "双舞",
        "Double dance",
        "双人舞蹈",
        [
            "舞蹈",
            "歌舞",
            "舞者",
            "表演",
            "表演者",
            "芭蕾",
            "跳舞",
            "街舞",
            "肚皮舞",
            "现代舞"
        ]
    ],
    "月翻": [
        "月翻",
        "Monthly turnover",
        "月营业额",
        [
            "月",
            "营业额",
            "销售额",
            "月底",
            "营收",
            "同年",
            "月初",
            "同月",
            "年初",
            "业绩",
            "市值",
            "年底",
            "年销售额",
            "产值",
            "翌年",
            "营业收入",
            "年末",
            "月末",
            "零售业",
            "产品销售"
        ]
    ],
    "鸳应": [
        "鸳应",
        "Spend their honeymoons. / / should",
        "度蜜月。/ /应该",
        [
            "度蜜月",
            "应该",
            "应当",
            "不应",
            "不该",
            "必要",
            "一定会",
            "无论如何",
            "确实",
            "应",
            "某种程度",
            "蜜月",
            "坐飞机",
            "完婚",
            "新婚",
            "新婚夫妇",
            "启程",
            "散心",
            "起程",
            "环游世界"
        ]
    ],
    "正色": [
        "正色",
        "Orthochromatic color",
        "正色色",
        [
            "正色",
            "色",
            "青色",
            "紫色",
            "黄色",
            "红色",
            "蓝",
            "白",
            "浅蓝",
            "青绿色",
            "纯白",
            "责问",
            "其意",
            "不以为意",
            "杨荣",
            "奉承",
            "素来",
            "无可奈何",
            "唯独",
            "方是"
        ]
    ],
    "翔玉羽": [
        "翔玉羽",
        "Xiang Yu Yu",
        "湘鱼雨",
        [
            "雨",
            "雾",
            "风雨",
            "雪",
            "寒",
            "枯",
            "夜",
            "飘",
            "月光",
            "雨天"
        ]
    ],
    "素姿": [
        "素姿",
        "Plain pose",
        "普通姿势",
        [
            "普通",
            "姿势",
            "动作",
            "双手",
            "坐姿",
            "双脚",
            "姿态",
            "手臂",
            "手部",
            "手掌",
            "身姿",
            "一般来说",
            "平常",
            "大多",
            "一般而言",
            "基本上",
            "都可",
            "都是",
            "比如说",
            "除此以外"
        ]
    ],
    "欺白": [
        "欺白",
        "Deception of white",
        "白色欺骗",
        [
            "白色",
            "欺骗",
            "黄色",
            "红色",
            "黑色",
            "粉红色",
            "紫色",
            "蓝色",
            "深蓝色",
            "暗红色",
            "金色",
            "愚弄",
            "恐吓",
            "骗",
            "羞辱",
            "掩饰",
            "故意",
            "骗子",
            "撒谎",
            "迷惑"
        ]
    ],
    "静眠": [
        "静眠",
        "Sleeping still",
        "睡不着",
        []
    ],
    "孤岛": [
        "孤岛",
        "Isolated island",
        "孤岛",
        [
            "孤岛",
            "荒岛",
            "未来世界",
            "梦幻",
            "穿越时空",
            "经年累月",
            "正因如此",
            "Pardosa",
            "</s>",
            "<tr>"
        ]
    ],
    "风曳": [
        "风曳",
        "Wind drag",
        "风阻力",
        [
            "风",
            "阻力",
            "离心力",
            "空气阻力",
            "压力",
            "摩擦力",
            "风吹",
            "浮力",
            "西风",
            "吹拂",
            "吹",
            "北风",
            "力矩",
            "大风",
            "推进力",
            "涡流",
            "暴风",
            "湍流",
            "雨",
            "和风"
        ]
    ],
    "玄裳": [
        "玄裳",
        "Xuanchang",
        "宣昌",
        []
    ],
    "鸥合": [
        "鸥合",
        "Gull union",
        "海鸥联盟",
        [
            "海鸥",
            "联盟",
            "该联盟",
            "的联盟",
            "Alliance",
            "自由联盟",
            "天鹅",
            "新联盟",
            "国家联盟",
            "Union",
            "海燕",
            "三巨头",
            "的组织",
            "马鞍",
            "鸽子",
            "燕子",
            "苍鹰",
            "</s>",
            "<tr>",
            "Pardosa"
        ]
    ],
    "弄月": [
        "弄月",
        "Get the moon",
        "抓住月亮",
        [
            "抓住",
            "月亮",
            "星星",
            "太阳",
            "逃跑",
            "捉住",
            "抓到",
            "抓",
            "天空",
            "满月",
            "干掉",
            "制伏",
            "星辰",
            "丢下",
            "赶走",
            "捉到",
            "月光",
            "天上",
            "闪耀",
            "大地"
        ]
    ],
    "展霜毛": [
        "展霜毛",
        "Frost hair",
        "霜毛",
        [
            "霜",
            "毛",
            "绒毛",
            "刚毛",
            "无毛",
            "寒",
            "粗毛",
            "长毛",
            "白毛",
            "叶",
            "雪",
            "背",
            "雨",
            "幽",
            "暗",
            "尘",
            "小叶",
            "苍",
            "凝",
            "虹"
        ]
    ],
    "露红芳": [
        "露红芳",
        "Lu Hongfang",
        "鲁红防",
        []
    ],
    "月壑": [
        "月壑",
        "Moon valley",
        "月亮谷",
        [
            "月亮",
            "谷",
            "星星",
            "太阳",
            "天空",
            "满月",
            "星辰",
            "山",
            "月光",
            "天上",
            "闪耀",
            "山下",
            "大地",
            "山脚下",
            "山间",
            "山中",
            "谷中",
            "深谷",
            "石山",
            "小山"
        ]
    ],
    "孤影": [
        "孤影",
        "Solitary shadow",
        "孤立阴影",
        [
            "孤立",
            "阴影",
            "孤立无援",
            "黑暗",
            "阴霾",
            "紧张状态",
            "边缘",
            "光环",
            "边缘化",
            "影子",
            "弱小",
            "险恶",
            "镜子",
            "双眼",
            "根深蒂固",
            "退缩",
            "噩梦",
            "依附",
            "恶梦",
            "长期以来"
        ]
    ],
    "幽闲": [
        "幽闲",
        "Leisure",
        "闲暇",
        [
            "闲暇",
            "空闲",
            "业余时间",
            "看书",
            "自娱",
            "消遣",
            "打发",
            "出外",
            "平时",
            "常在"
        ]
    ],
    "靖节性": [
        "靖节性",
        "Jing Jie Xing",
        "景洁星",
        []
    ],
    "风林": [
        "风林",
        "Wind forest",
        "风林",
        []
    ],
    "递远声": [
        "递远声",
        "Distant sound",
        "遥远的声音",
        [
            "遥远",
            "声音",
            "声响",
            "歌声",
            "笑声",
            "人声",
            "很远",
            "感觉",
            "音调",
            "刺耳",
            "沙哑",
            "声效",
            "远方",
            "更远",
            "不远",
            "远处",
            "未知",
            "很久以前",
            "远在",
            "恰好"
        ]
    ],
    "高洁": [
        "高洁",
        "Noble and unsullied",
        "高贵而清白",
        [
            "高贵",
            "清白",
            "尊贵",
            "优雅",
            "无罪",
            "高雅",
            "高尚",
            "崇高",
            "谦逊",
            "有罪",
            "睿智",
            "法庭上",
            "冤枉",
            "自白",
            "坦白",
            "与众不同",
            "清秀",
            "所作所为",
            "无罪释放",
            "明知"
        ]
    ],
    "伯夷心": [
        "伯夷心",
        "Boyi heart",
        "博伊之心",
        []
    ],
    "老拳": [
        "老拳",
        "Old fist",
        "老拳",
        []
    ],
    "金头": [
        "金头",
        "Gold head",
        "黄金头",
        [
            "黄金",
            "头",
            "两头",
            "脚",
            "尾",
            "宝石",
            "牛",
            "一头",
            "白银",
            "背",
            "背脊",
            "贵金属",
            "钻石",
            "竖",
            "黄金和",
            "绿宝石",
            "玉石",
            "蓝宝石",
            "后头",
            "金子"
        ]
    ],
    "星眼": [
        "星眼",
        "The Eye",
        "眼睛",
        [
            "眼睛",
            "双眼",
            "瞳孔",
            "耳朵",
            "鼻子",
            "嘴唇",
            "额头",
            "眼球",
            "嘴巴",
            "胸部"
        ]
    ],
    "星眸": [
        "星眸",
        "Xingmou",
        "牟星",
        []
    ],
    "狡兔": [
        "狡兔",
        "Crafty rabbit",
        "狡猾的兔子",
        [
            "狡猾",
            "兔子",
            "老鼠",
            "猴子",
            "小狗",
            "狗",
            "青蛙",
            "阴险",
            "猫",
            "凶恶",
            "机智",
            "冷酷",
            "狐狸",
            "狡诈",
            "凶狠",
            "凶残",
            "无情",
            "懦弱",
            "一只猫",
            "鸭子"
        ]
    ],
    "玉颈": [
        "玉颈",
        "Jade neck",
        "玉颈",
        []
    ],
    "剑翎": [
        "剑翎",
        "Sword ridge",
        "剑脊",
        [
            "剑",
            "脊",
            "刀",
            "宝剑",
            "刃",
            "神剑",
            "长剑",
            "匕首",
            "棱",
            "刀剑",
            "双剑",
            "隆起",
            "斧",
            "凹",
            "突起",
            "皱",
            "裂",
            "沟",
            "凸",
            "马蹄形"
        ]
    ],
    "溆": [
        "溆",
        "I'm sorry",
        "对不起",
        [
            "对不起",
            "心痛",
            "谢谢",
            "亲爱的",
            "没关系",
            "丢脸",
            "脱口而出",
            "还好",
            "想见",
            "就让"
        ]
    ],
    "霜爪": [
        "霜爪",
        "Frost claw",
        "霜爪",
        [
            "霜",
            "爪",
            "趾",
            "爪子",
            "獠牙",
            "四肢",
            "腿",
            "寒",
            "腕",
            "牙",
            "雪",
            "龟壳",
            "叉",
            "雨",
            "幽",
            "暗",
            "尘",
            "苍",
            "凝",
            "虹"
        ]
    ],
    "笼中鸟": [
        "笼中鸟",
        "cageling",
        "笼中鸟",
        []
    ],
    "拘束": [
        "拘束",
        "restrict",
        "限制",
        [
            "限制",
            "容许",
            "受限制",
            "允许",
            "受限",
            "约束",
            "放宽",
            "管制",
            "受到限制",
            "上限"
        ]
    ],
    "欲出": [
        "欲出",
        "To come out",
        "出来",
        []
    ],
    "却把": [
        "却把",
        "But the",
        "但是",
        []
    ],
    "虽丰": [
        "虽丰",
        "Although abundant",
        "虽然丰富",
        [
            "丰富",
            "非常丰富",
            "多样",
            "丰富多彩",
            "多样化",
            "独特",
            "丰沛",
            "珍贵",
            "比较丰富",
            "充沛"
        ]
    ],
    "肉食": [
        "肉食",
        "Meat",
        "肉",
        [
            "肉",
            "鱼肉",
            "猪肉",
            "牛肉",
            "鸡肉",
            "羊肉",
            "鸡",
            "猪",
            "肉块",
            "鸡蛋"
        ]
    ],
    "盘促": [
        "盘促",
        "Disk drive",
        "磁盘驱动器",
        []
    ],
    "心休倦": [
        "心休倦",
        "Rest tired of heart",
        "心旷神怡",
        []
    ],
    "虞人怨": [
        "虞人怨",
        "Worrying about others and complaining about others",
        "担心别人，抱怨别人",
        [
            "担心",
            "抱怨",
            "担忧",
            "害怕",
            "忧虑",
            "惧怕",
            "责怪",
            "顾虑",
            "怕",
            "恐怕",
            "嘲笑",
            "激怒",
            "责骂",
            "责备",
            "撒谎",
            "埋怨",
            "更糟",
            "倒是"
        ]
    ],
    "翻为": [
        "翻为",
        "Turn into",
        "变成",
        [
            "变成",
            "变为",
            "变回",
            "消失",
            "转变成",
            "转化成",
            "演变成",
            "换成",
            "转成",
            "替换成"
        ]
    ],
    "闲愁": [
        "闲愁",
        "Idle sorrow",
        "无聊的悲伤",
        [
            "无聊",
            "悲伤",
            "哀伤",
            "忧伤",
            "悲痛",
            "伤心",
            "无趣",
            "悲哀",
            "思念",
            "沉闷",
            "厌烦",
            "伤感",
            "难过",
            "忧郁",
            "乏味",
            "有趣",
            "愉快",
            "愚蠢",
            "可笑",
            "幼稚"
        ]
    ],
    "终负": [
        "终负",
        "Final negative",
        "最终否定",
        [
            "最终",
            "否定",
            "最后",
            "再次",
            "再一",
            "驳斥",
            "终于",
            "反驳",
            "断言",
            "论证",
            "解释",
            "再度",
            "之后",
            "终究",
            "论点",
            "论断",
            "就此",
            "陈述",
            "所谓",
            "事与愿违"
        ]
    ],
    "搏云心": [
        "搏云心",
        "Beat cloud heart",
        "跳动云心",
        [
            "跳动",
            "颤抖",
            "脉搏",
            "颤动",
            "晃动",
            "抽搐",
            "摇动",
            "抖动",
            "心脏",
            "不止"
        ]
    ],
    "已成": [
        "已成",
        "Has become",
        "已经变成",
        [
            "已经",
            "变成",
            "变为",
            "早已",
            "变回",
            "消失",
            "之前",
            "转变成",
            "从未",
            "仍未",
            "并未",
            "仍然",
            "转化成",
            "演变成",
            "现在",
            "不太可能",
            "早就",
            "换成",
            "转成",
            "替换成"
        ]
    ],
    "悲号": [
        "悲号",
        "Sad sign",
        "悲伤的迹象",
        [
            "悲伤",
            "迹象",
            "哀伤",
            "忧伤",
            "悲痛",
            "伤心",
            "悲哀",
            "思念",
            "伤感",
            "难过",
            "忧郁",
            "征兆",
            "痕迹",
            "似乎",
            "可能",
            "确实",
            "精神状态",
            "先兆",
            "有可能",
            "都还"
        ]
    ],
    "啼晓": [
        "啼晓",
        "Tixiao",
        "提肖",
        []
    ],
    "湘纹": [
        "湘纹",
        "Xiang Wen",
        "文祥",
        []
    ],
    "傍山": [
        "傍山",
        "Mountain side",
        "山腰",
        [
            "山腰",
            "山脚",
            "山顶",
            "山上",
            "山坡上",
            "山麓",
            "山头",
            "山脚下",
            "山下",
            "小山丘"
        ]
    ],
    "锦羽": [
        "锦羽",
        "Brocade feather",
        "锦缎羽毛",
        [
            "锦缎",
            "羽毛",
            "翅膀",
            "毛发",
            "尾巴",
            "尾羽",
            "雄鸟",
            "飞羽",
            "脚趾",
            "四肢",
            "头顶",
            "绢",
            "丝绸",
            "绸",
            "缝制",
            "首饰",
            "布料",
            "绸缎",
            "衣料",
            "都用"
        ]
    ],
    "报晴": [
        "报晴",
        "Report fine",
        "报告罚款",
        [
            "报告",
            "罚款",
            "调查报告",
            "调查结果",
            "研究报告",
            "年度报告",
            "分析报告",
            "处罚",
            "重罚",
            "通报",
            "被罚",
            "份文件",
            "处以",
            "缓刑",
            "简报",
            "被判",
            "违规",
            "统计数据",
            "索偿",
            "违反规定"
        ]
    ],
    "紫毛": [
        "紫毛",
        "Purple hair",
        "紫色头发",
        [
            "紫色",
            "头发",
            "黄色",
            "粉红色",
            "白色",
            "红色",
            "黄绿色",
            "蓝色",
            "紫红色",
            "深红色",
            "深蓝色",
            "短发",
            "脸上",
            "胡须",
            "长发",
            "衣服",
            "毛发",
            "指甲",
            "眉毛",
            "头上"
        ]
    ],
    "暖戏": [
        "暖戏",
        "Warm play",
        "暖玩",
        [
            "暖",
            "玩",
            "玩游戏",
            "玩到",
            "游玩",
            "变暖",
            "玩乐",
            "好玩",
            "把玩",
            "听音乐",
            "冷",
            "碰",
            "玩意",
            "冻",
            "寒带",
            "较冷",
            "融解",
            "中纬度",
            "湿",
            "夏季时"
        ]
    ],
    "依竹": [
        "依竹",
        "According to bamboo",
        "据竹子说",
        [
            "竹子",
            "说",
            "说道",
            "问道",
            "说是",
            "却说",
            "知道",
            "时说",
            "芦苇",
            "话说",
            "感叹",
            "真是",
            "竹节",
            "原木",
            "木头",
            "葫芦",
            "桑树",
            "大树",
            "竹叶",
            "栽"
        ]
    ],
    "春霄": [
        "春霄",
        "Spring clouds",
        "春云",
        []
    ],
    "云林": [
        "云林",
        "cloud forest",
        "雾林",
        []
    ],
    "随阳": [
        "随阳",
        "With yang",
        "和杨一起",
        [
            "杨",
            "一起",
            "李",
            "陈",
            "徐",
            "刘",
            "吴",
            "一同",
            "郭",
            "蔡",
            "朱",
            "邵",
            "独自",
            "朋友们",
            "两人",
            "三人",
            "独自一人",
            "两兄弟",
            "四人",
            "一齐"
        ]
    ],
    "好洁": [
        "好洁",
        "Good clean",
        "很干净",
        [
            "干净",
            "整洁",
            "清洁",
            "洗涤",
            "洁净",
            "洗手",
            "洗澡",
            "污垢",
            "脏",
            "安静"
        ]
    ],
    "江北": [
        "江北",
        "Jiangbei",
        "江北",
        [
            "江北",
            "镇江",
            "沿江",
            "淮安",
            "江阴",
            "江南",
            "湖州",
            "嘉兴",
            "两湖",
            "城北"
        ]
    ],
    "晓树": [
        "晓树",
        "Xiao tree",
        "小树",
        [
            "小树",
            "藤蔓",
            "大树",
            "成片",
            "森森",
            "栽",
            "白杨",
            "毛枝",
            "</s>",
            "Pardosa"
        ]
    ],
    "逐月": [
        "逐月",
        "month by month",
        "逐月",
        []
    ],
    "中留": [
        "中留",
        "Middle retention",
        "中间保留",
        [
            "中间",
            "保留",
            "两边",
            "两端",
            "保有",
            "下方",
            "保存",
            "上方",
            "留存",
            "沿用",
            "正中间",
            "尾端",
            "正中央",
            "上端",
            "原有",
            "下部",
            "延续",
            "存留",
            "保持一致",
            "移去"
        ]
    ],
    "蔽身": [
        "蔽身",
        "Cover up",
        "掩盖",
        [
            "掩盖",
            "掩饰",
            "抹去",
            "掩藏",
            "忽视",
            "抹杀",
            "显露",
            "只不过",
            "暗示",
            "背后"
        ]
    ],
    "静中": [
        "静中",
        "Quiet",
        "安静",
        [
            "安静",
            "宁静",
            "平静",
            "悠闲",
            "平常",
            "沉静",
            "耐心",
            "寂静",
            "安详",
            "往常"
        ]
    ],
    "春后": [
        "春后",
        "After spring",
        "后倒缆",
        []
    ],
    "春前": [
        "春前",
        "Before spring",
        "春天前",
        [
            "春天",
            "前",
            "秋天",
            "夏天",
            "之前",
            "初夏",
            "冬天",
            "秋季",
            "春季",
            "夏末",
            "深秋",
            "盛夏",
            "年前",
            "在此之前",
            "以前",
            "当年",
            "此前",
            "前所",
            "同一时间",
            "从前"
        ]
    ],
    "懊恼": [
        "懊恼",
        "Chagrin",
        "懊恼",
        [
            "懊恼",
            "惊讶",
            "沮丧",
            "讶异",
            "欣喜",
            "吃惊",
            "高兴",
            "厌烦",
            "惊愕",
            "不快"
        ]
    ],
    "释家": [
        "释家",
        "Interpreter",
        "解释者",
        [
            "解释",
            "说明",
            "解读",
            "理解",
            "暗示",
            "推论",
            "表述",
            "断言",
            "阐释",
            "说明了"
        ]
    ],
    "点臆": [
        "点臆",
        "Some assumptions",
        "一些假设",
        [
            "假设",
            "假定",
            "推论",
            "结论",
            "理论上",
            "也就是说",
            "论点",
            "断言",
            "论据",
            "举例"
        ]
    ],
    "罗曾": [
        "罗曾",
        "Luo Zeng",
        "罗增",
        []
    ],
    "解放": [
        "解放",
        "Liberation",
        "解放",
        [
            "解放",
            "和平",
            "解放运动",
            "保卫",
            "人民解放军",
            "解放后",
            "重新占领",
            "革命政府",
            "奋斗",
            "革命者"
        ]
    ],
    "湖边": [
        "湖边",
        "The lake",
        "湖",
        [
            "湖",
            "湖畔",
            "湖泊",
            "湖区",
            "湖中",
            "河",
            "湖东",
            "湖水",
            "湖岸",
            "湖边"
        ]
    ],
    "黄茅": [
        "黄茅",
        "Huang Mao",
        "黄毛",
        [
            "黄毛",
            "大花",
            "细叶",
            "毛萼",
            "疏花",
            "薄叶",
            "紫花",
            "棱果",
            "</s>",
            "Pardosa"
        ]
    ],
    "冈头": [
        "冈头",
        "Okada head",
        "冈田头",
        [
            "冈田",
            "头",
            "佐藤",
            "两头",
            "脚",
            "长谷川",
            "木下",
            "尾",
            "高桥",
            "田中",
            "星野",
            "小林",
            "牛",
            "伊藤",
            "一头",
            "中村",
            "背",
            "背脊",
            "竖",
            "后头"
        ]
    ],
    "秦人": [
        "秦人",
        "Qin people",
        "秦人",
        [
            "秦人",
            "楚人",
            "皋",
            "昧",
            "厉",
            "自是",
            "而今",
            "</s>",
            "<tr>",
            "Pardosa"
        ]
    ],
    "作曲": [
        "作曲",
        "compose",
        "构成",
        [
            "构成",
            "包含",
            "组成",
            "组合而成",
            "组合成",
            "上有",
            "看成",
            "相关联",
            "连在一起",
            "密切相关"
        ]
    ],
    "钩輈": [
        "钩輈",
        "Hook and chariot",
        "钩战车",
        [
            "钩",
            "战车",
            "坦克",
            "反坦克炮",
            "装甲车",
            "T-",
            "轻型坦克",
            "榴弹炮",
            "装甲运兵车",
            "叉",
            "重机枪",
            "SU-",
            "柄",
            "针",
            "舌",
            "钝",
            "尖头",
            "锯",
            "楔",
            "背"
        ]
    ],
    "格": [
        "格",
        "grid",
        "格子",
        [
            "格子",
            "方格",
            "正方形",
            "棋盘",
            "矩形",
            "边框",
            "圆圈",
            "圆点",
            "菱形",
            "窗格"
        ]
    ],
    "磔": [
        "磔",
        "Cutting edge",
        "切削刃",
        [
            "切削",
            "刃",
            "剑",
            "刀",
            "工件",
            "焊接",
            "刀刃",
            "机械加工",
            "刀具",
            "研磨",
            "钻头",
            "切割",
            "弓",
            "铠",
            "锻造",
            "刀剑",
            "冲压",
            "短刀",
            "长剑",
            "利刃"
        ]
    ],
    "赤浪": [
        "赤浪",
        "Red waves",
        "红色波浪",
        [
            "红色",
            "波浪",
            "黄色",
            "白色",
            "蓝色",
            "橙色",
            "紫色",
            "黑色",
            "粉红色",
            "海浪",
            "金色",
            "深蓝色",
            "水波",
            "波纹",
            "水滴",
            "涟漪",
            "浪花",
            "退潮",
            "卷起",
            "水平线"
        ]
    ],
    "缠身": [
        "缠身",
        "Suffer from",
        "遭受",
        [
            "遭受",
            "遭到",
            "造成了",
            "遭遇",
            "蒙受",
            "造成",
            "饱受",
            "经受",
            "所受",
            "致使"
        ]
    ],
    "畏霜": [
        "畏霜",
        "Fear of frost",
        "害怕霜冻",
        [
            "害怕",
            "霜冻",
            "惧怕",
            "畏惧",
            "担心",
            "怕",
            "痛恨",
            "怨恨",
            "厌恶",
            "憎恨",
            "责怪",
            "干热",
            "冰雹",
            "阴雨",
            "多雨",
            "下雪",
            "严冬",
            "日晒",
            "秋冬季",
            "更为严重"
        ]
    ],
    "郑有": [
        "郑有",
        "Zheng you",
        "尤政",
        []
    ]
}