{
    "四户": [
        "四户",
        "Four households",
        "四个家庭",
        [
            "家庭",
            "中产阶级",
            "家庭成员",
            "大家庭",
            "贫穷",
            "父母",
            "家庭主妇",
            "父母亲",
            "兄弟姐妹",
            "普通家庭"
        ]
    ],
    "仪凤": [
        "仪凤",
        "Yi feng",
        "易峰",
        []
    ],
    "栖霞": [
        "栖霞",
        "Qixia",
        "栖霞",
        [
            "栖霞",
            "灵山",
            "灵岩",
            "龙泉",
            "象山",
            "汤山",
            "南山",
            "龙山",
            "方山",
            "德清"
        ]
    ],
    "黄鹤": [
        "黄鹤",
        "Yellow crane",
        "黄色起重机",
        [
            "黄色",
            "起重机",
            "红色",
            "白色",
            "紫色",
            "粉红色",
            "橙色",
            "黄绿色",
            "蓝色",
            "橙黄色",
            "深蓝色",
            "吊车",
            "驳船",
            "钢缆",
            "挖掘机",
            "轮子",
            "钢架",
            "消防车",
            "机架",
            "推土机"
        ]
    ],
    "八窗": [
        "八窗",
        "Eight windows",
        "八扇窗户",
        [
            "窗户",
            "玻璃窗",
            "墙壁",
            "天花板",
            "屋顶",
            "阳台",
            "房顶",
            "楼梯间",
            "窗子",
            "窗台"
        ]
    ],
    "摘星": [
        "摘星",
        "Star picking",
        "开始挑选",
        [
            "挑选",
            "挑选出",
            "选取",
            "拣选",
            "筛选",
            "物色",
            "中选",
            "选定",
            "分派",
            "所选"
        ]
    ],
    "杰槛": [
        "杰槛",
        "Jie sill",
        "界槛",
        []
    ],
    "河山": [
        "河山",
        "Heshan",
        "鹤山",
        [
            "鹤山",
            "惠州",
            "新会",
            "恩平",
            "兴宁",
            "增城",
            "阳江",
            "龙川",
            "江门",
            "台山"
        ]
    ],
    "夜饮": [
        "夜饮",
        "Night drinking",
        "夜间饮酒",
        [
            "夜间",
            "饮酒",
            "喝酒",
            "白天",
            "夜晚",
            "日间",
            "饮宴",
            "饮",
            "傍晚",
            "喝醉",
            "抽烟",
            "酒醉",
            "酒后",
            "昼间",
            "吃喝",
            "嗜酒",
            "深夜",
            "定时",
            "日夜",
            "午后"
        ]
    ],
    "接云": [
        "接云",
        "Connect to the cloud",
        "连接到云",
        [
            "连接",
            "云",
            "相连",
            "连接起来",
            "通往",
            "连通",
            "直达",
            "联接",
            "连结",
            "通到",
            "相互连接",
            "尘",
            "幽",
            "寒",
            "阳",
            "名曰",
            "碧",
            "皓",
            "虹",
            "容"
        ]
    ],
    "层梯": [
        "层梯",
        "Ladder ladder",
        "梯子",
        [
            "梯子",
            "爬上",
            "台阶",
            "高处",
            "篱笆",
            "顶上",
            "把手",
            "上到",
            "进去",
            "高台"
        ]
    ],
    "止尘": [
        "止尘",
        "Dust control",
        "尘埃控制",
        [
            "尘埃",
            "控制",
            "微粒",
            "岩屑",
            "云气",
            "灰尘",
            "掌控",
            "尘粒",
            "气体云",
            "颗粒",
            "太阳风",
            "致密",
            "操控",
            "支配",
            "压制",
            "操纵",
            "管控",
            "依靠",
            "遏制",
            "高度集中"
        ]
    ],
    "形胜": [
        "形胜",
        "favourable geographical position",
        "有利的地理位置",
        [
            "有利",
            "地理位置",
            "不利",
            "有利于",
            "地理环境",
            "区位",
            "不利于",
            "稳固",
            "稳定",
            "利于",
            "地缘",
            "地域",
            "薄弱",
            "腹地",
            "位处",
            "邻近",
            "中心地带",
            "险恶",
            "十分困难",
            "邻近地区"
        ]
    ],
    "秋吟": [
        "秋吟",
        "Autumn songs",
        "秋天的歌",
        [
            "秋天",
            "歌",
            "春天",
            "曲",
            "秋季",
            "夏天",
            "名曲",
            "春季",
            "冬天",
            "此曲",
            "颂歌",
            "初夏",
            "颂",
            "夏末",
            "童谣",
            "谣",
            "秋",
            "原曲",
            "合唱曲",
            "一月"
        ]
    ],
    "梯峻": [
        "梯峻",
        "Ladder height",
        "梯子高度",
        [
            "梯子",
            "高度",
            "爬上",
            "水平",
            "台阶",
            "倾斜度",
            "高处",
            "离地",
            "篱笆",
            "相对",
            "整体",
            "顶上",
            "把手",
            "上到",
            "进去",
            "总体",
            "高台",
            "移动性",
            "相对于",
            "持续性"
        ]
    ],
    "添诗料": [
        "添诗料",
        "Add poetry",
        "添加诗歌",
        [
            "添加",
            "诗歌",
            "抒情诗",
            "诗作",
            "文学作品",
            "散文",
            "加到",
            "文学",
            "加进",
            "诗篇",
            "诗词",
            "诗",
            "短诗",
            "去除",
            "移除",
            "去掉",
            "附加",
            "填充",
            "掺入",
            "替换成"
        ]
    ],
    "百区": [
        "百区",
        "100 districts",
        "100个区",
        []
    ],
    "纳佳": [
        "纳佳",
        "Naja",
        "娜佳",
        [
            "娜",
            "佳",
            "莉",
            "芙",
            "莎",
            "蕾",
            "妮",
            "欠佳",
            "薇",
            "萝",
            "玛",
            "萝拉",
            "很差",
            "较差",
            "不济",
            "极差",
            "不好",
            "差强人意",
            "更差",
            "不顺"
        ]
    ],
    "王作": [
        "王作",
        "Wang Zuo",
        "王佐",
        [
            "王佐",
            "临川",
            "鹤鸣",
            "安福",
            "衷",
            "吴中",
            "王华",
            "尚文",
            "尚贤",
            "吴山"
        ]
    ],
    "助吟情": [
        "助吟情",
        "Help sing",
        "帮助唱歌",
        [
            "帮助",
            "唱歌",
            "跳舞",
            "协助",
            "弹钢琴",
            "演戏",
            "唱",
            "弹吉他",
            "努力",
            "设法",
            "希望",
            "自弹自唱",
            "弹奏",
            "写歌",
            "鼓励",
            "弹琴",
            "试图",
            "尽力",
            "借助",
            "为了让"
        ]
    ],
    "四面山": [
        "四面山",
        "Simian Mountain",
        "四面山",
        []
    ],
    "庾": [
        "庾",
        "Taken",
        "拿",
        []
    ],
    "映斗横": [
        "映斗横",
        "Ying Dou Heng",
        "窦颖恒",
        []
    ],
    "烟水": [
        "烟水",
        "Smoke water",
        "烟水",
        []
    ],
    "光先": [
        "光先",
        "Light first",
        "光第一",
        [
            "光",
            "瞳",
            "红光",
            "暗",
            "光和",
            "白光",
            "亮",
            "和光",
            "日光",
            "虹"
        ]
    ],
    "阑倚": [
        "阑倚",
        "Stop leaning",
        "停止倾斜",
        [
            "停止",
            "倾斜",
            "暂停",
            "中止",
            "终止",
            "弯曲",
            "中断",
            "垂直",
            "抬升",
            "度角",
            "取消",
            "侧向",
            "暂时中止",
            "倾斜度",
            "平直",
            "停顿",
            "弧度",
            "暂时",
            "侧面",
            "暂缓"
        ]
    ],
    "手折": [
        "手折",
        "Hand fold",
        "手折",
        []
    ],
    "中桂": [
        "中桂",
        "Zhonggui",
        "归钟",
        []
    ],
    "槛外": [
        "槛外",
        "Outside the sill",
        "窗台外",
        [
            "窗台",
            "外",
            "之外",
            "以外",
            "露台",
            "阳台",
            "均",
            "窗户",
            "屋顶",
            "墙身",
            "玻璃窗",
            "部份",
            "墙面",
            "皆",
            "顶层",
            "内外",
            "另有",
            "除此以外",
            "盖",
            "则有"
        ]
    ],
    "势尽来": [
        "势尽来",
        "The potential is exhausted",
        "潜能耗尽了",
        [
            "潜能",
            "耗尽",
            "消耗",
            "用尽",
            "创造力",
            "消耗掉",
            "潜力",
            "枯竭",
            "经验",
            "剩下",
            "耗竭",
            "剩余",
            "用光",
            "想像力",
            "所剩无几",
            "创造性",
            "极致",
            "期望",
            "意念",
            "充份"
        ]
    ],
    "梯横": [
        "梯横",
        "Ladder cross",
        "梯形十字",
        [
            "梯形",
            "长方形",
            "矩形",
            "三角形",
            "方形",
            "正方形",
            "菱形",
            "圆形",
            "直角",
            "四边形"
        ]
    ],
    "何人": [
        "何人",
        "who",
        "谁",
        []
    ],
    "语惊": [
        "语惊",
        "Language shock",
        "语言冲击",
        [
            "语言",
            "冲击",
            "语法",
            "词汇",
            "自然语言",
            "母语",
            "第二语言",
            "语种",
            "语言学",
            "口语",
            "反弹",
            "句法",
            "阻碍",
            "负面影响",
            "震荡",
            "震撼",
            "挤压",
            "推波助澜",
            "致使",
            "首当其冲"
        ]
    ],
    "雪野晴": [
        "雪野晴",
        "Snow and sunny",
        "雪和阳光",
        [
            "雪",
            "阳光",
            "雨",
            "遮蔽",
            "日光",
            "太阳光",
            "天空",
            "雾气",
            "云彩",
            "强光",
            "霜",
            "光照",
            "露",
            "雾",
            "雨天",
            "枯",
            "寒",
            "白雪",
            "碧",
            "喜"
        ]
    ],
    "迁居": [
        "迁居",
        "move",
        "移动",
        [
            "移动",
            "行进",
            "旋转",
            "方向移动",
            "静止",
            "飘移",
            "快速移动",
            "漂移",
            "伸展",
            "回转"
        ]
    ],
    "僦": [
        "僦",
        "Bo",
        "博",
        [
            "博",
            "普",
            "夫",
            "利",
            "特",
            "布",
            "隆",
            "扬",
            "戈",
            "福"
        ]
    ],
    "借车": [
        "借车",
        "Borrow a car",
        "借辆车",
        []
    ],
    "问字": [
        "问字",
        "Question word",
        "疑问词",
        [
            "疑问词",
            "疑问句",
            "介词",
            "系词",
            "名词",
            "主语",
            "字词",
            "词组",
            "片语",
            "问句"
        ]
    ],
    "金沙": [
        "金沙",
        "jinsha  gold dust",
        "金沙金粉",
        [
            "金沙",
            "金粉",
            "锦江",
            "嘉陵",
            "黄沙",
            "前海",
            "双河",
            "南山",
            "锦屏",
            "三江",
            "金江",
            "琉璃",
            "金枝玉叶",
            "金漆",
            "舞台艺术",
            "乱世佳人",
            "金叶",
            "梁家辉",
            "如意",
            "夏雨"
        ]
    ],
    "浒": [
        "浒",
        "Hu",
        "胡",
        [
            "胡",
            "翟",
            "顾",
            "黄",
            "邵",
            "洪",
            "龚",
            "董",
            "邹",
            "邢"
        ]
    ],
    "携家": [
        "携家",
        "Bring home",
        "清楚说明",
        [
            "清楚",
            "说明",
            "解释",
            "确切",
            "指明",
            "明确",
            "明了",
            "确实",
            "说明了",
            "所述",
            "陈述",
            "详述",
            "相符",
            "可信",
            "正确",
            "明确指出",
            "暗示",
            "吻合",
            "概述",
            "似乎"
        ]
    ],
    "暖席": [
        "暖席",
        "Warm mat",
        "暖垫",
        [
            "暖",
            "垫",
            "夹",
            "缝",
            "床",
            "变暖",
            "枕头",
            "腰",
            "穿孔",
            "侧边",
            "把手",
            "冷",
            "盖",
            "冻",
            "寒带",
            "较冷",
            "融解",
            "中纬度",
            "湿",
            "夏季时"
        ]
    ],
    "蜂衙": [
        "蜂衙",
        "Bee official",
        "正式",
        [
            "正式",
            "月",
            "年初",
            "同年",
            "年底",
            "在此之前",
            "同月",
            "月底",
            "年末",
            "迟至"
        ]
    ],
    "载书": [
        "载书",
        "Book carrying",
        "载书",
        []
    ],
    "营窟": [
        "营窟",
        "Camp grottoes",
        "营地石窟",
        [
            "营地",
            "石窟",
            "造像",
            "石刻",
            "摩崖",
            "莫高窟",
            "佛塔",
            "窟",
            "敦煌莫高窟",
            "石塔",
            "古寺",
            "军营",
            "帐篷",
            "兵营",
            "宿营",
            "哨站",
            "城外",
            "郊外",
            "庇护所",
            "过夜"
        ]
    ],
    "穷成": [
        "穷成",
        "Poor achievement",
        "成绩不佳",
        [
            "成绩",
            "名次",
            "好成绩",
            "战绩",
            "佳绩",
            "总分",
            "优异成绩",
            "总成绩",
            "学业成绩",
            "学习成绩"
        ]
    ],
    "迁客": [
        "迁客",
        "Relocation of guests",
        "客人搬迁",
        [
            "客人",
            "搬迁",
            "迁往",
            "迁出",
            "迁至",
            "迁入",
            "搬离",
            "迁到",
            "迁离",
            "搬入",
            "顾客",
            "迁址",
            "食客",
            "宾客",
            "用餐",
            "吃饭",
            "招呼",
            "服务生",
            "侍应",
            "喝茶"
        ]
    ],
    "静拟": [
        "静拟",
        "Static fitting",
        "静态拟合",
        [
            "静态",
            "拟合",
            "动态",
            "数值",
            "最优",
            "线性",
            "量化",
            "匹配",
            "快照",
            "模板",
            "实例",
            "近似",
            "渐进",
            "粗略",
            "也就是说",
            "一个系统",
            "型式",
            "可执行",
            "连续性",
            "二阶"
        ]
    ],
    "鸟栖枝": [
        "鸟栖枝",
        "Bird perch",
        "鸟栖",
        []
    ],
    "梦亦安": [
        "梦亦安",
        "Dream is also safe",
        "梦也是安全的",
        [
            "梦",
            "安全",
            "安全性",
            "安全及",
            "公共安全",
            "确保",
            "安全和",
            "必要",
            "人身安全",
            "梦中",
            "宝贝",
            "幻",
            "确保安全",
            "必需",
            "恶梦",
            "梦幻",
            "初恋",
            "明日",
            "月光",
            "醒"
        ]
    ],
    "疏称": [
        "疏称",
        "Loose weight",
        "松散重量",
        [
            "松散",
            "重量",
            "总重量",
            "总重",
            "尺寸",
            "配重",
            "体积",
            "车重",
            "载重量",
            "载重",
            "载荷",
            "牢固",
            "分散",
            "不稳定的",
            "散乱",
            "杂乱",
            "组织化",
            "零碎",
            "零散",
            "强而有力"
        ]
    ],
    "阮氏": [
        "阮氏",
        "Ruan Shi",
        "阮氏",
        [
            "阮氏",
            "阮",
            "黎氏",
            "阮主",
            "阮惠",
            "景兴",
            "广南国",
            "陈氏",
            "莫氏",
            "胡氏"
        ]
    ],
    "馆驿": [
        "馆驿",
        "Hotel and guesthouse",
        "旅馆",
        [
            "旅馆",
            "饭店",
            "餐厅",
            "餐馆",
            "酒吧",
            "旅店",
            "咖啡厅",
            "咖啡店",
            "汽车旅馆",
            "超市"
        ]
    ],
    "乘传": [
        "乘传",
        "Multiplicative transmission",
        "乘法传输",
        [
            "乘法",
            "传输",
            "加法",
            "数据传输",
            "传送",
            "整数",
            "传输数据",
            "幂",
            "有理数",
            "链路",
            "存储",
            "自然数",
            "以太网",
            "乘积",
            "行列式",
            "光纤",
            "通信",
            "终端",
            "减法",
            "等价"
        ]
    ],
    "远邑": [
        "远邑",
        "Yuanyi",
        "袁遗",
        []
    ],
    "续食": [
        "续食",
        "Continuation of food",
        "食物的延续",
        [
            "食物",
            "延续",
            "肉类",
            "营养",
            "进食",
            "食用",
            "沿袭",
            "饲料",
            "粪便",
            "食材",
            "延续下去",
            "腐肉",
            "蜂蜜",
            "延用",
            "承继",
            "承传",
            "依循",
            "并存",
            "保持一致",
            "直到现在"
        ]
    ],
    "置候": [
        "置候",
        "Wait",
        "等待",
        [
            "等待",
            "等候",
            "继续前进",
            "赶紧",
            "准备好",
            "马上",
            "下次",
            "回头",
            "到时",
            "才会"
        ]
    ],
    "娃馆": [
        "娃馆",
        "Eva pavilion",
        "伊娃馆",
        [
            "伊娃",
            "馆",
            "馆内",
            "安娜",
            "亚历克斯",
            "汉娜",
            "奥拉",
            "珍妮",
            "展示馆",
            "丽莎",
            "芭芭拉",
            "玛姬",
            "本馆",
            "分馆",
            "妮娜",
            "厅",
            "展览馆",
            "馆里",
            "图书室",
            "馆主"
        ]
    ],
    "近郊": [
        "近郊",
        "The suburbs",
        "郊区",
        [
            "郊区",
            "市郊",
            "市区",
            "市中心",
            "近郊",
            "居民区",
            "郊外",
            "卫星城",
            "周边地区",
            "城郊"
        ]
    ],
    "羽书": [
        "羽书",
        "Feather book",
        "羽毛书",
        [
            "羽毛",
            "书",
            "著作",
            "翅膀",
            "序言",
            "毛发",
            "尾巴",
            "尾羽",
            "序文",
            "雄鸟",
            "文中",
            "笔记",
            "论著",
            "前言",
            "注解",
            "飞羽",
            "著书",
            "脚趾",
            "四肢",
            "头顶"
        ]
    ],
    "驰传": [
        "驰传",
        "Chi chuan",
        "秦川",
        [
            "秦川",
            "天水",
            "南阳",
            "韩城",
            "上蔡",
            "济源",
            "白水",
            "安康",
            "诸城",
            "于田"
        ]
    ],
    "舍静": [
        "舍静",
        "Shejing",
        "射井",
        []
    ],
    "邮鼓": [
        "邮鼓",
        "Mail drum",
        "邮件滚筒",
        [
            "邮件",
            "滚筒",
            "电子邮件",
            "电邮",
            "邮箱",
            "Gmail",
            "电话号码",
            "发送",
            "联系人",
            "圆筒",
            "投递",
            "收件",
            "铁制",
            "圆盘",
            "铜制",
            "托盘",
            "金属制",
            "上端",
            "铜板",
            "纸制"
        ]
    ],
    "仙盖": [
        "仙盖",
        "Fairy cover",
        "仙女罩",
        [
            "仙女",
            "罩",
            "仙子",
            "车顶",
            "引擎盖",
            "许仙",
            "织女",
            "排气管",
            "筒",
            "支架",
            "铝制",
            "内衬",
            "海神",
            "白蛇",
            "神仙",
            "外罩",
            "龙王",
            "前部",
            "化作",
            "王母"
        ]
    ],
    "岩柱": [
        "岩柱",
        "Rock column",
        "岩柱",
        []
    ],
    "促装": [
        "促装",
        "Promoting installation",
        "促进安装",
        [
            "促进",
            "安装",
            "加装",
            "装设",
            "增进",
            "装上",
            "装配",
            "推动",
            "装有",
            "配备",
            "加强",
            "配置",
            "重新安装",
            "内置",
            "有助于",
            "促成",
            "倡导",
            "有利于",
            "作出贡献",
            "促使"
        ]
    ],
    "奔蹄": [
        "奔蹄",
        "Running hoof",
        "奔跑蹄",
        [
            "奔跑",
            "蹄",
            "跳跃",
            "冲刺",
            "驼",
            "攀爬",
            "跑得",
            "跑步",
            "驴",
            "挥动",
            "保持平衡",
            "舞动",
            "爬行",
            "犀",
            "长颈",
            "羊",
            "白毛",
            "长须",
            "长颈鹿",
            "故称"
        ]
    ],
    "寒砧": [
        "寒砧",
        "Cold anvil",
        "冷砧",
        []
    ],
    "驿楼": [
        "驿楼",
        "Posthouse building",
        "驿馆建筑",
        [
            "建筑",
            "建筑物",
            "建筑群",
            "建筑风格",
            "宗教建筑",
            "公共建筑",
            "塔楼",
            "建物",
            "建筑设计",
            "巴洛克式"
        ]
    ],
    "下程": [
        "下程",
        "Lower course",
        "下层",
        [
            "下层",
            "上层",
            "底层",
            "最底层",
            "中下层",
            "最上层",
            "低层",
            "顶层",
            "中间",
            "下部"
        ]
    ],
    "为客": [
        "为客",
        "For customers",
        "给顾客的",
        [
            "顾客",
            "客户",
            "消费者",
            "客人",
            "商家",
            "卖家",
            "店家",
            "零售商",
            "超市",
            "购买者"
        ]
    ],
    "相礼": [
        "相礼",
        "Courtesy",
        "礼貌",
        [
            "礼貌",
            "客气",
            "粗鲁",
            "彬彬有礼",
            "得体",
            "严肃",
            "坦率",
            "随便",
            "体面",
            "平常"
        ]
    ],
    "轩舆": [
        "轩舆",
        "Hinyu",
        "欣宇",
        []
    ],
    "雁惜": [
        "雁惜",
        "Wild goose precious little",
        "雁惜",
        []
    ],
    "楚山远": [
        "楚山远",
        "Chushanyuan",
        "楚山源",
        []
    ],
    "旅愁": [
        "旅愁",
        "Travel sorrow",
        "旅行悲伤",
        [
            "旅行",
            "悲伤",
            "哀伤",
            "忧伤",
            "悲痛",
            "伤心",
            "悲哀",
            "旅程",
            "旅途",
            "思念",
            "伤感",
            "难过",
            "忧郁",
            "之旅",
            "漫游",
            "环游世界",
            "环游",
            "旅行者",
            "历险",
            "周游世界"
        ]
    ],
    "纷落": [
        "纷落",
        "Fall and fall",
        "秋天和秋天",
        [
            "秋天",
            "春天",
            "秋季",
            "夏天",
            "春季",
            "冬天",
            "初夏",
            "夏末",
            "秋",
            "一月"
        ]
    ],
    "入馆": [
        "入馆",
        "Enter the museum",
        "走进博物馆",
        [
            "走进",
            "博物馆",
            "美术馆",
            "座博物馆",
            "的博物馆",
            "该博物馆",
            "走出",
            "历史博物馆",
            "艺术博物馆",
            "展览馆",
            "走到",
            "国家博物馆",
            "艺术馆",
            "走近",
            "走过",
            "跑到",
            "带进",
            "走去",
            "遇见",
            "碰见"
        ]
    ],
    "送人": [
        "送人",
        "Give away",
        "泄露",
        [
            "泄露",
            "泄漏",
            "外泄",
            "泄密",
            "披露",
            "窃取",
            "篡改",
            "截获",
            "告密",
            "获知"
        ]
    ],
    "门亭": [
        "门亭",
        "Door pavilion",
        "门亭",
        []
    ],
    "本不高": [
        "本不高",
        "This is not high",
        "这并不高",
        [
            "并不",
            "高",
            "低",
            "非常",
            "较高",
            "较低",
            "相当",
            "极高",
            "十分",
            "未必",
            "很高",
            "极为",
            "并不一定",
            "不一定",
            "更高",
            "极低",
            "这不",
            "却是",
            "很低",
            "颇高"
        ]
    ],
    "蝉知": [
        "蝉知",
        "Cicada knowledge",
        "知了知识",
        [
            "知",
            "知识",
            "科学知识",
            "专业知识",
            "经验",
            "闻",
            "言",
            "科学",
            "方法论",
            "学问",
            "常识",
            "基础知识",
            "基本知识",
            "见",
            "尝",
            "汝",
            "悦",
            "可知",
            "唯",
            "自为"
        ]
    ],
    "秦树秋": [
        "秦树秋",
        "Qin shuqiu",
        "秦秋树",
        []
    ],
    "龙祠": [
        "龙祠",
        "Dragon temple",
        "龙宫",
        [
            "龙宫",
            "七星",
            "蓬莱",
            "白龙",
            "悠",
            "月宫",
            "大仙",
            "神山",
            "大川",
            "和龙"
        ]
    ],
    "金麟": [
        "金麟",
        "Jin Lin",
        "金林",
        []
    ],
    "雨湿": [
        "雨湿",
        "Rain wet",
        "雨湿了",
        []
    ],
    "泉心": [
        "泉心",
        "Spring heart",
        "春心",
        []
    ],
    "蓄雨": [
        "蓄雨",
        "Storing rain",
        "储存雨水",
        [
            "储存",
            "雨水",
            "存储",
            "贮存",
            "河水",
            "水气",
            "的水",
            "地下水",
            "存放",
            "水分",
            "湿气",
            "泥土",
            "沙土",
            "水",
            "可用",
            "备份",
            "储藏",
            "暂存",
            "填充",
            "内含"
        ]
    ],
    "雷鼓": [
        "雷鼓",
        "Thunder drum",
        "雷声鼓",
        [
            "雷声",
            "鼓",
            "钹",
            "敲击",
            "摇",
            "锣",
            "击鼓",
            "唢呐",
            "打击乐器",
            "笙",
            "雷鸣",
            "响",
            "如雷",
            "海市蜃楼",
            "天将",
            "幷",
            "；也",
            "Pardosa",
            "<tr>",
            "</s>"
        ]
    ],
    "藏云": [
        "藏云",
        "Hidden cloud",
        "隐藏云",
        [
            "隐藏",
            "云",
            "隐蔽",
            "伪装",
            "尘",
            "幽",
            "隐密",
            "黑影",
            "背后",
            "寒",
            "隐秘",
            "暗藏",
            "隐匿",
            "阳",
            "像是",
            "名曰",
            "碧",
            "皓",
            "虹",
            "容"
        ]
    ],
    "电旗": [
        "电旗",
        "Electric flag",
        "电动旗帜",
        [
            "旗帜",
            "国旗",
            "徽章",
            "旗",
            "军旗",
            "三色旗",
            "盾牌",
            "五星红旗",
            "旗子",
            "徽记"
        ]
    ],
    "恩波": [
        "恩波",
        "Enbo",
        "伯恩",
        [
            "伯恩",
            "斯托克",
            "纳沙泰尔",
            "威尔",
            "哈特",
            "韦德",
            "埃森",
            "比尔",
            "莱斯",
            "皮尔斯"
        ]
    ],
    "寸肤": [
        "寸肤",
        "Inching skin",
        "点动皮肤",
        [
            "皮肤",
            "皮肤上",
            "表皮",
            "毛发",
            "肌肤",
            "黏膜",
            "眼部",
            "指甲",
            "脸部",
            "面部"
        ]
    ],
    "横作浪": [
        "横作浪",
        "Cross waves",
        "交叉波",
        [
            "交叉",
            "波",
            "交叠",
            "平行",
            "横向",
            "接合",
            "交错",
            "加里",
            "斜向",
            "对角",
            "佩",
            "托",
            "奈",
            "雷",
            "莫",
            "特",
            "复合",
            "波波",
            "一个大",
            "的卡"
        ]
    ],
    "朝扶卫": [
        "朝扶卫",
        "North Korea helps to defend the country",
        "朝鲜帮助保卫国家",
        [
            "朝鲜",
            "帮助",
            "保卫国家",
            "朝鲜半岛",
            "协助",
            "高丽",
            "北朝鲜",
            "北韩",
            "努力",
            "韩国",
            "设法",
            "希望",
            "保卫",
            "平壤",
            "鼓励",
            "试图",
            "尽力",
            "朝鲜政府",
            "朝鲜人民军",
            "捍卫",
            "日本人",
            "借助",
            "维护和平",
            "为了让",
            "军事组织",
            "敌国",
            "着想",
            "遂行",
            "威慑",
            "最终目标"
        ]
    ],
    "丹蚀": [
        "丹蚀",
        "Dan erosion",
        "危险侵蚀",
        [
            "危险",
            "侵蚀",
            "风化",
            "冲刷",
            "侵蚀作用",
            "崩塌",
            "冲蚀",
            "崩坍",
            "危险性",
            "抬升",
            "堆积",
            "生命危险",
            "风化作用",
            "致命",
            "脆弱",
            "可怕",
            "小心",
            "凶险",
            "有可能",
            "险恶"
        ]
    ],
    "斗为": [
        "斗为",
        "The bucket is",
        "水桶是",
        [
            "水桶",
            "盘子",
            "一桶",
            "蜡烛",
            "泥浆",
            "开水",
            "水槽",
            "浴缸",
            "的水",
            "火炉"
        ]
    ],
    "禅庵": [
        "禅庵",
        "Zen temple",
        "禅宗寺庙",
        [
            "禅宗",
            "寺庙",
            "寺院",
            "佛寺",
            "净土宗",
            "天台宗",
            "佛教",
            "庙宇",
            "禅法",
            "临济",
            "净土",
            "华严宗",
            "禅",
            "佛塔",
            "寺内",
            "道观",
            "曹洞宗",
            "僧众",
            "大寺",
            "佛堂"
        ]
    ],
    "龙井": [
        "龙井",
        "Longjing",
        "龙井",
        [
            "龙井",
            "龙潭",
            "关庙",
            "水尾",
            "香山",
            "龙山",
            "鱼池",
            "竹山",
            "金山",
            "东山"
        ]
    ],
    "寂尔": [
        "寂尔",
        "Ji er",
        "姬儿",
        []
    ]
}