{
    "见影": [
        "见影",
        "Immediate",
        "马上",
        [
            "马上",
            "立刻",
            "立即",
            "赶紧",
            "便",
            "来不及",
            "正要",
            "竟然",
            "几天后",
            "即刻"
        ]
    ],
    "雌雄": [
        "雌雄",
        "Male and female",
        "雌雄",
        [
            "雌雄",
            "雄鸟",
            "雄雌",
            "斑纹",
            "体形",
            "雌鸟",
            "成体",
            "生殖",
            "白毛",
            "细纹"
        ]
    ],
    "万丈": [
        "万丈",
        "lofty or bottomless",
        "崇高的还是无底的",
        [
            "崇高",
            "无底",
            "至高无上",
            "尊贵",
            "高贵",
            "显赫",
            "尊崇",
            "彰显",
            "超然",
            "高尚",
            "尊荣",
            "深渊",
            "裂开",
            "钻",
            "一个洞",
            "河底",
            "流沙",
            "下界",
            "大石",
            "大洞"
        ]
    ],
    "双出": [
        "双出",
        "Double output",
        "双输出",
        [
            "输出",
            "输入",
            "负载",
            "控制器",
            "编码器",
            "驱动",
            "转换器",
            "转换成",
            "反向",
            "可用"
        ]
    ],
    "晕日": [
        "晕日",
        "Dizzy day",
        "晕天",
        []
    ],
    "藏形": [
        "藏形",
        "Hidden shape",
        "隐藏形状",
        [
            "隐藏",
            "形状",
            "外形",
            "圆形",
            "轮廓",
            "外观",
            "大小",
            "形似",
            "圆锥形",
            "菱形",
            "椭圆形",
            "隐蔽",
            "伪装",
            "隐密",
            "黑影",
            "背后",
            "隐秘",
            "暗藏",
            "隐匿",
            "像是"
        ]
    ],
    "窈窕": [
        "窈窕",
        "secluded",
        "隐退的",
        [
            "隐退",
            "退隐",
            "引退",
            "断绝关系",
            "让位",
            "去职",
            "重归",
            "深居简出",
            "退居",
            "寿终正寝"
        ]
    ],
    "天陂": [
        "天陂",
        "Tian Bei",
        "天北",
        []
    ],
    "化玉": [
        "化玉",
        "Hua Yu",
        "华宇",
        []
    ],
    "朝彩": [
        "朝彩",
        "Toward the color",
        "朝向颜色",
        [
            "朝向",
            "颜色",
            "色调",
            "黄色",
            "红色",
            "紫色",
            "蓝色",
            "白色",
            "粉红色",
            "橙色",
            "朝著",
            "方向",
            "色",
            "面朝",
            "向上",
            "伸展",
            "方向发展",
            "侧面",
            "紧贴",
            "正向"
        ]
    ],
    "偃": [
        "偃",
        "Yan",
        "燕",
        [
            "燕",
            "后赵",
            "燕国",
            "凉",
            "北燕",
            "秦",
            "曹国",
            "代王",
            "汉王",
            "孤"
        ]
    ],
    "蹇": [
        "蹇",
        "lame",
        "无说服力的",
        []
    ],
    "绚汉": [
        "绚汉",
        "Gorgeous Han",
        "美丽的汉",
        [
            "美丽",
            "汉",
            "迷人",
            "漂亮",
            "最美",
            "优雅",
            "可爱",
            "美妙",
            "美好",
            "甜美",
            "灿烂",
            "秦",
            "唐",
            "齐",
            "岱",
            "秦人",
            "兴",
            "当是",
            "和文",
            "先为"
        ]
    ],
    "插空": [
        "插空",
        "Insert empty",
        "插入空",
        [
            "插入",
            "空",
            "放入",
            "插进",
            "弹出",
            "断开",
            "接在",
            "抽出",
            "填充",
            "嵌入",
            "填入",
            "机",
            "飞",
            "浮",
            "影",
            "自在",
            "飞龙",
            "自造",
            "自力",
            "</s>"
        ]
    ],
    "长川": [
        "长川",
        "long river",
        "长河",
        [
            "长河",
            "大河",
            "长桥",
            "的河",
            "故称",
            "称大",
            "----",
            "Pardosa",
            "</s>",
            "<tr>"
        ]
    ],
    "剑光": [
        "剑光",
        "Sword light",
        "剑光",
        []
    ],
    "星渚": [
        "星渚",
        "Xingzhu",
        "祝星",
        []
    ],
    "纡": [
        "纡",
        "Zhou",
        "周",
        []
    ],
    "余": [
        "余",
        "remaining",
        "剩余的",
        [
            "剩余",
            "剩下",
            "余下",
            "全数",
            "一小",
            "多余",
            "只剩",
            "剩",
            "悉数",
            "这样一来"
        ]
    ],
    "浅深": [
        "浅深",
        "Shallow depth",
        "浅深度",
        [
            "浅",
            "深度",
            "深",
            "较浅",
            "较深",
            "灰白色",
            "青绿色",
            "最深处",
            "棕红色",
            "厚度",
            "细",
            "狭",
            "广度",
            "高度",
            "剖面",
            "深达",
            "尺度",
            "稀",
            "浅层"
        ]
    ],
    "斗精": [
        "斗精",
        "Bucket essence",
        "桶香精",
        [
            "香精",
            "精油",
            "蜂蜜",
            "香水",
            "果汁",
            "肥皂",
            "冰糖",
            "香草",
            "柠檬",
            "酯类"
        ]
    ],
    "吐金": [
        "吐金",
        "Spit out gold",
        "吐出金子",
        [
            "吐出",
            "金子",
            "吞下",
            "嘴里",
            "吞食",
            "吃掉",
            "嘴巴",
            "嘴中",
            "口中",
            "肉块",
            "化作",
            "老头",
            "麦子",
            "想用",
            "农夫",
            "于是就",
            "居然",
            "全都",
            "Pardosa",
            "</s>"
        ]
    ],
    "晚光": [
        "晚光",
        "Late light",
        "晚光",
        []
    ],
    "美人": [
        "美人",
        "Beauty",
        "美人",
        [
            "美人",
            "美女",
            "西施",
            "佳人",
            "美艳",
            "美男子",
            "风流",
            "媚",
            "淑女",
            "清秀"
        ]
    ],
    "光华": [
        "光华",
        "brilliance",
        "光辉",
        [
            "光辉",
            "灿烂",
            "美好",
            "闪耀",
            "耀眼",
            "光明",
            "荣光",
            "往昔",
            "长存",
            "往日"
        ]
    ],
    "连云": [
        "连云",
        "Lianyun",
        "李安运",
        []
    ],
    "倒海": [
        "倒海",
        "Pour the sea",
        "倒海",
        []
    ],
    "远汉": [
        "远汉",
        "Far Han",
        "远汉",
        []
    ],
    "玉色": [
        "玉色",
        "jade green",
        "翠绿色",
        [
            "翠绿色",
            "紫色",
            "橘红色",
            "蓝绿色",
            "黄色",
            "青色",
            "深红色",
            "粉红色",
            "深绿色",
            "青绿色"
        ]
    ],
    "天浔": [
        "天浔",
        "Tianxun",
        "天勋",
        []
    ],
    "仙客": [
        "仙客",
        "Fairy guest",
        "仙女客人",
        [
            "仙女",
            "客人",
            "顾客",
            "食客",
            "宾客",
            "仙子",
            "用餐",
            "吃饭",
            "招呼",
            "服务生",
            "侍应",
            "喝茶",
            "许仙",
            "织女",
            "海神",
            "白蛇",
            "神仙",
            "龙王",
            "化作",
            "王母"
        ]
    ],
    "赩": [
        "赩",
        "Baotou",
        "包头",
        [
            "包头",
            "张家口",
            "归绥",
            "呼和浩特",
            "齐齐哈尔",
            "赤峰",
            "兰州",
            "通辽",
            "包头市",
            "承德"
        ]
    ],
    "赫": [
        "赫",
        "Hector",
        "赫克托",
        [
            "赫克托",
            "托斯",
            "珀",
            "阿喀琉斯",
            "卡利",
            "赫利",
            "萨拉",
            "苏珊娜",
            "雷伊",
            "泰特"
        ]
    ],
    "山顶": [
        "山顶",
        "the summit of a mountain",
        "山顶",
        [
            "山顶",
            "山腰",
            "山脚",
            "山上",
            "山坡上",
            "峰顶",
            "斜坡",
            "山下",
            "山脚下",
            "小山丘"
        ]
    ],
    "回馆": [
        "回馆",
        "Back to the museum",
        "回到博物馆",
        [
            "回到",
            "博物馆",
            "返回",
            "离开",
            "留在",
            "美术馆",
            "来到",
            "座博物馆",
            "离开了",
            "的博物馆",
            "该博物馆",
            "重回",
            "历史博物馆",
            "送回",
            "艺术博物馆",
            "展览馆",
            "国家博物馆",
            "搬回",
            "重返",
            "艺术馆"
        ]
    ],
    "剑影": [
        "剑影",
        "Sword shadow",
        "剑影",
        []
    ],
    "贯日": [
        "贯日",
        "Daily penetration",
        "每日渗透率",
        [
            "渗透率",
            "占有率",
            "普及率",
            "使用量",
            "比率",
            "Mbps",
            "升幅",
            "覆盖范围",
            "百分比",
            "第二季度"
        ]
    ],
    "饮涧": [
        "饮涧",
        "Drinking stream",
        "饮用溪流",
        [
            "饮用",
            "溪流",
            "小溪",
            "食用",
            "池塘",
            "喝",
            "河川",
            "茂密",
            "沼泽",
            "山涧",
            "溪边",
            "溪涧",
            "饮水",
            "沼泽地",
            "洗手",
            "煮沸",
            "井水",
            "沐浴",
            "牛奶",
            "蜂蜜"
        ]
    ],
    "仙带": [
        "仙带",
        "Fairy belt",
        "仙女带",
        [
            "仙女",
            "带",
            "仙子",
            "带上",
            "许仙",
            "织女",
            "海神",
            "白蛇",
            "神仙",
            "龙王",
            "化作",
            "王母",
            "背著",
            "隙",
            "随身携带",
            "只见",
            "放",
            "偷偷地",
            "远方",
            "上头"
        ]
    ],
    "成文": [
        "成文",
        "written",
        "书面的",
        []
    ],
    "随雨": [
        "随雨",
        "With the rain",
        "在雨中",
        [
            "雨",
            "中",
            "中的",
            "之中",
            "中都",
            "中所",
            "当中",
            "雾",
            "风雨",
            "雪",
            "里",
            "寒",
            "枯",
            "夜",
            "中会",
            "飘",
            "里面",
            "月光",
            "雨天",
            "之前"
        ]
    ],
    "老龙": [
        "老龙",
        "Old dragon",
        "老龙",
        []
    ],
    "遥岑": [
        "遥岑",
        "Remote cen",
        "远程中心",
        [
            "中心",
            "的中心",
            "该中心",
            "其中心",
            "外围",
            "教育中心",
            "区域内",
            "一个中心",
            "中心地带",
            "为中心"
        ]
    ],
    "照燎": [
        "照燎",
        "According to the meteor",
        "据流星报道",
        [
            "流星",
            "报道",
            "报导",
            "媒体报道",
            "美联社",
            "路透社",
            "新闻报道",
            "引述",
            "闪电",
            "华盛顿邮报",
            "另据",
            "刊文",
            "闪光",
            "极光",
            "火球",
            "旋风",
            "雷电",
            "海市蜃楼",
            "火鸟",
            "苍鹰"
        ]
    ],
    "天腰": [
        "天腰",
        "Day waist",
        "日腰",
        []
    ],
    "拖轩": [
        "拖轩",
        "Drag porch",
        "拖曳门廊",
        [
            "拖曳",
            "门廊",
            "柱廊",
            "拱门",
            "拱形",
            "拱顶",
            "阳台",
            "门厅",
            "圆顶",
            "走道",
            "前厅",
            "装载",
            "炮架",
            "拖动",
            "拖",
            "固定式",
            "空",
            "上装",
            "特别设计",
            "</s>"
        ]
    ],
    "桥形": [
        "桥形",
        "Bridge shape",
        "桥形",
        []
    ],
    "弥天": [
        "弥天",
        "monstrous",
        "巨大的",
        [
            "巨大",
            "极大",
            "相当大",
            "非常大",
            "更大",
            "很大",
            "不小",
            "前所未有",
            "庞大",
            "前所未见"
        ]
    ],
    "天弓": [
        "天弓",
        "Sky bow",
        "天空弓",
        [
            "天空",
            "弓",
            "夜空",
            "星空",
            "月亮",
            "地平线",
            "星辰",
            "黑夜",
            "刀",
            "星星",
            "闪耀",
            "刀刃",
            "手",
            "刃",
            "流星",
            "绳",
            "腰",
            "镰",
            "槌",
            "头"
        ]
    ],
    "照云": [
        "照云",
        "According to the cloud",
        "根据云",
        [
            "云",
            "尘",
            "幽",
            "寒",
            "阳",
            "名曰",
            "碧",
            "皓",
            "虹",
            "容"
        ]
    ],
    "投杯": [
        "投杯",
        "Throw a cup",
        "扔杯子",
        [
            "扔",
            "杯子",
            "扔到",
            "砸",
            "盘子",
            "扔下",
            "扔进",
            "玻璃杯",
            "投掷",
            "酒杯",
            "拿起",
            "丢",
            "拿走",
            "打碎",
            "盛满",
            "桌子",
            "冰块",
            "瓶",
            "酒瓶",
            "把手"
        ]
    ],
    "朝影出": [
        "朝影出",
        "Toward the shadow",
        "走向阴影",
        [
            "走向",
            "阴影",
            "黑暗",
            "南北",
            "阴霾",
            "边缘",
            "朝向",
            "光环",
            "南北向",
            "影子",
            "贯穿",
            "方向发展",
            "迈进",
            "镜子",
            "双眼",
            "趋向",
            "西起",
            "噩梦",
            "恶梦",
            "过渡到"
        ]
    ],
    "乘": [
        "乘",
        "take advantage of",
        "利用",
        [
            "利用",
            "借助",
            "透过",
            "运用",
            "依靠",
            "并用",
            "能用",
            "来进行",
            "为了让",
            "借助于"
        ]
    ],
    "黄道": [
        "黄道",
        "ecliptic",
        "蚀的",
        [
            "蚀",
            "痕",
            "缘",
            "尘",
            "枯",
            "微",
            "激",
            "漏",
            "冻",
            "溢"
        ]
    ],
    "逸势": [
        "逸势",
        "Escape potential",
        "逃逸电位",
        [
            "逃逸",
            "电位",
            "电压",
            "电流",
            "阻抗",
            "电势",
            "电平",
            "阈值",
            "电极",
            "梯度",
            "电化学",
            "逃离现场",
            "捕获",
            "抛出",
            "追上",
            "脱逃",
            "奔逃",
            "脱身",
            "尾随",
            "释放出来"
        ]
    ],
    "含": [
        "含",
        "Containing",
        "包含",
        [
            "包含",
            "包括",
            "涵盖",
            "还包括",
            "构成",
            "包涵",
            "相关联",
            "值得注意",
            "都有",
            "举例来说"
        ]
    ],
    "截断": [
        "截断",
        "cut off",
        "切断",
        [
            "切断",
            "截断",
            "补给线",
            "打通",
            "阻断",
            "接通",
            "割断",
            "退路",
            "侵入",
            "绕过"
        ]
    ],
    "沉日": [
        "沉日",
        "Sunfall",
        "向日葵",
        [
            "向日葵",
            "玫瑰花",
            "雏菊",
            "百合",
            "蒲公英",
            "铃兰",
            "兰花",
            "柚子",
            "草莓",
            "柏木"
        ]
    ],
    "乘雨后": [
        "乘雨后",
        "After the rain",
        "雨后",
        [
            "雨",
            "雾",
            "风雨",
            "雪",
            "寒",
            "枯",
            "夜",
            "飘",
            "月光",
            "雨天"
        ]
    ],
    "横云": [
        "横云",
        "Horizontal cloud",
        "水平云",
        [
            "水平",
            "云",
            "水准",
            "技术水平",
            "高度",
            "素质",
            "程度",
            "高水平",
            "尘",
            "幽",
            "准确度",
            "寒",
            "总体",
            "低水平",
            "阳",
            "名曰",
            "碧",
            "皓",
            "虹",
            "容"
        ]
    ],
    "阔": [
        "阔",
        "rich",
        "富有的",
        [
            "富有",
            "富裕",
            "极富",
            "极具",
            "富于",
            "高贵",
            "优雅",
            "充满活力",
            "与众不同",
            "更有"
        ]
    ],
    "舒": [
        "舒",
        "Shu",
        "舒尼病毒",
        [
            "病毒",
            "病原体",
            "感染",
            "病毒感染",
            "流感病毒",
            "菌株",
            "病原",
            "大肠杆菌",
            "HIV",
            "狂犬病"
        ]
    ],
    "架彩桥": [
        "架彩桥",
        "Color bridge",
        "彩色电桥",
        []
    ],
    "神光": [
        "神光",
        "Divine light",
        "神圣之光",
        [
            "神圣",
            "世俗",
            "圣杯",
            "至高无上",
            "保护者",
            "荣耀",
            "异教徒",
            "象征性",
            "圣者",
            "安息"
        ]
    ],
    "现": [
        "现",
        "now",
        "现在",
        [
            "现在",
            "今天",
            "如今",
            "以前",
            "现今",
            "过去",
            "今日",
            "直到现在",
            "那时候",
            "从前"
        ]
    ],
    "瑞金": [
        "瑞金",
        "Ruijin",
        "瑞金",
        [
            "瑞金",
            "赣州",
            "中央苏区",
            "井冈山",
            "苏区",
            "赣南",
            "鄂豫皖",
            "宁都",
            "闽西",
            "赣县"
        ]
    ],
    "长桥": [
        "长桥",
        "Long bridge",
        "长桥",
        [
            "长桥",
            "长堤",
            "古名",
            "长河",
            "大河",
            "跨河",
            "芙蓉",
            "故又名",
            "交接处",
            "两处"
        ]
    ],
    "跨海": [
        "跨海",
        "Sea crossing",
        "海上穿越",
        [
            "海上",
            "穿越",
            "穿过",
            "横越",
            "跨越",
            "跨过",
            "越过",
            "船只",
            "穿行",
            "横穿",
            "陆上",
            "行经",
            "船队",
            "绕过",
            "船",
            "船舰",
            "海空",
            "舰船",
            "水上",
            "岸上"
        ]
    ],
    "横遮": [
        "横遮",
        "Cross cover",
        "交叉覆盖",
        [
            "交叉",
            "覆盖",
            "交叠",
            "平行",
            "横向",
            "接合",
            "交错",
            "覆盖面积",
            "斜向",
            "散布",
            "布满",
            "对角",
            "遮盖",
            "构成",
            "隔开",
            "延展",
            "伸展",
            "复合",
            "其余部分",
            "一个大"
        ]
    ],
    "雨天": [
        "雨天",
        "rain",
        "雨",
        [
            "雨",
            "雾",
            "风雨",
            "雪",
            "寒",
            "枯",
            "夜",
            "飘",
            "月光",
            "雨天"
        ]
    ],
    "渡汉": [
        "渡汉",
        "Du Han",
        "杜汉",
        []
    ],
    "彩桥": [
        "彩桥",
        "Color bridge",
        "彩色电桥",
        []
    ],
    "少女": [
        "少女",
        "Girl",
        "女孩",
        [
            "女孩",
            "男孩",
            "小女孩",
            "男人",
            "妈妈",
            "小孩",
            "女孩子",
            "女人",
            "孩子们",
            "陌生人"
        ]
    ],
    "封姨": [
        "封姨",
        "Aunt Feng",
        "冯阿姨",
        [
            "冯",
            "阿姨",
            "妈妈",
            "一家人",
            "外婆",
            "姐姐",
            "妹妹",
            "姊姊",
            "卡尔·",
            "奥托·",
            "奶奶",
            "邻居",
            "莎莉",
            "岑",
            "恩斯特·",
            "弗里德里希·",
            "Otto",
            "亚历山大·",
            "马克斯·",
            "扬"
        ]
    ],
    "飞帘": [
        "飞帘",
        "Flying curtain",
        "飞帘",
        []
    ],
    "羊角": [
        "羊角",
        "cavel",
        "羊角",
        [
            "羊角",
            "簸箕",
            "牛角",
            "羊头",
            "萝卜",
            "槐",
            "竹叶",
            "冬瓜",
            "石榴",
            "又叫"
        ]
    ],
    "虎啸": [
        "虎啸",
        "Tiger roar",
        "老虎吼",
        [
            "老虎",
            "吼",
            "狐狸",
            "乌鸦",
            "狗",
            "猴子",
            "兔子",
            "蟒蛇",
            "乌龟",
            "猿猴",
            "头",
            "燕子",
            "咆哮",
            "唤",
            "朝天",
            "白马",
            "两头",
            "飞龙"
        ]
    ],
    "铜鸟": [
        "铜鸟",
        "Copper bird",
        "铜鸟",
        []
    ],
    "松涛": [
        "松涛",
        "the soughing of the wind in the pines",
        "松树中风的沙沙声",
        [
            "松树",
            "中风",
            "心脏病",
            "心肌梗塞",
            "复发",
            "住院",
            "发作",
            "肺炎",
            "脑出血",
            "癫痫",
            "杉树",
            "橡树",
            "脑癌",
            "茂盛",
            "大树",
            "柳树",
            "柏树",
            "松林",
            "枫香",
            "榆树"
        ]
    ],
    "吹衣": [
        "吹衣",
        "Blowing clothes",
        "吹衣服",
        [
            "吹",
            "衣服",
            "鞋子",
            "衣物",
            "穿着",
            "大衣",
            "外套",
            "裤子",
            "鞋",
            "衣裳",
            "外衣",
            "刮起",
            "风",
            "吹起",
            "风吹",
            "刮",
            "吹出",
            "无风",
            "落",
            "卷起"
        ]
    ],
    "拂野": [
        "拂野",
        "Fringe field",
        "散射场",
        [
            "散射",
            "衍射",
            "极化",
            "光波",
            "光子",
            "入射",
            "反射",
            "折射",
            "透射",
            "电磁辐射"
        ]
    ],
    "阿那": [
        "阿那",
        "Ana",
        "轶事",
        [
            "轶事",
            "轶闻",
            "逸事",
            "笔记",
            "记叙",
            "记事",
            "鲜为人知",
            "亲身经历",
            "中有",
            "中曾"
        ]
    ],
    "大王": [
        "大王",
        "king",
        "国王",
        [
            "国王",
            "君主",
            "统治者",
            "王室",
            "摄政王",
            "王后",
            "世",
            "王储",
            "女王",
            "王子"
        ]
    ],
    "巽": [
        "巽",
        "Xun",
        "荀",
        [
            "荀",
            "魏",
            "陆逊",
            "陆机",
            "桓",
            "张温",
            "晏",
            "贾逵",
            "攸",
            "张华"
        ]
    ],
    "二": [
        "二",
        "Two",
        "二",
        []
    ],
    "起苹": [
        "起苹",
        "Starting apple",
        "开始苹果",
        [
            "苹果",
            "苹果公司",
            "小米",
            "黑莓",
            "苹果电脑",
            "iPad",
            "新产品",
            "的产品",
            "洋葱",
            "草莓"
        ]
    ],
    "玉铎": [
        "玉铎",
        "Yuduo",
        "玉多",
        []
    ],
    "鸢鸣": [
        "鸢鸣",
        "Kite singing",
        "风筝歌唱",
        [
            "风筝",
            "歌唱",
            "合唱",
            "演唱",
            "唱歌",
            "独唱",
            "才艺",
            "重唱",
            "声乐",
            "音乐创作",
            "钢琴演奏",
            "菊花",
            "木偶",
            "白羽",
            "白雪",
            "鸽子",
            "梅花",
            "树梢",
            "铃铛",
            "海鸥"
        ]
    ],
    "翣": [
        "翣",
        "Lei",
        "花环",
        [
            "花环",
            "月桂",
            "头饰",
            "稻穗",
            "帽",
            "金色",
            "彩带",
            "灯台",
            "烛台",
            "玫瑰花"
        ]
    ],
    "脯": [
        "脯",
        "candied fruit",
        "蜜饯",
        [
            "蜜饯",
            "糕点",
            "砂糖",
            "冰糖",
            "酱油",
            "点心",
            "果酱",
            "红曲",
            "酿酒",
            "番薯"
        ]
    ],
    "满袖": [
        "满袖",
        "Full sleeve",
        "全套筒",
        [
            "全",
            "套筒",
            "枪管",
            "机匣",
            "枪机",
            "枪身",
            "握把",
            "扳机",
            "护木",
            "复进簧",
            "枪托",
            "仅有",
            "以外",
            "均",
            "全部都是",
            "同类型",
            "全都",
            "正因如此",
            "Pardosa",
            "</s>"
        ]
    ],
    "绵绵": [
        "绵绵",
        "unbroken",
        "未驯服的",
        []
    ],
    "悬瓢": [
        "悬瓢",
        "Suspended ladle",
        "悬挂钢包",
        [
            "悬挂",
            "挂",
            "挂起",
            "挂有",
            "旗杆",
            "竖立",
            "放置",
            "摆放",
            "安放",
            "置放"
        ]
    ],
    "喜怒": [
        "喜怒",
        "Mood",
        "情绪",
        [
            "情绪",
            "焦虑",
            "情感",
            "心理",
            "意识",
            "冲动",
            "心态",
            "恐惧",
            "歇斯底里",
            "精神状态"
        ]
    ],
    "苍梧": [
        "苍梧",
        "Cangwu",
        "苍梧",
        [
            "苍梧",
            "合浦",
            "零陵",
            "桂阳",
            "庐陵",
            "番禺",
            "南郡",
            "豫章",
            "清远",
            "韶"
        ]
    ],
    "穆者": [
        "穆者",
        "Mu zhe",
        "木哲",
        []
    ],
    "鹊鸣": [
        "鹊鸣",
        "Magpie singing",
        "喜鹊歌唱",
        [
            "喜鹊",
            "歌唱",
            "合唱",
            "演唱",
            "唱歌",
            "独唱",
            "才艺",
            "重唱",
            "声乐",
            "音乐创作",
            "钢琴演奏",
            "乌鸦",
            "红嘴",
            "雁",
            "老虎",
            "渡鸦",
            "白头翁",
            "燕子",
            "白头",
            "大白"
        ]
    ],
    "颻": [
        "颻",
        "Squall",
        "尖叫",
        [
            "尖叫",
            "尖叫声",
            "笑声",
            "疯狂",
            "大声",
            "咆哮",
            "嚎叫",
            "大喊",
            "吓跑",
            "呐喊"
        ]
    ],
    "五日": [
        "五日",
        "The five day",
        "五天",
        []
    ],
    "驱烟": [
        "驱烟",
        "Smoke expelling",
        "排烟",
        [
            "排烟",
            "烟囱",
            "气密",
            "罩",
            "排气管",
            "导流",
            "密闭式",
            "特殊设计",
            "原设计",
            "掩蔽"
        ]
    ]
}