{
    "星弁": [
        "星弁",
        "Star line",
        "星形线",
        []
    ],
    "成德": [
        "成德",
        "Chengde",
        "承德",
        [
            "承德",
            "张家口",
            "长春",
            "通辽",
            "阜新",
            "保定",
            "抚顺",
            "密云",
            "易县",
            "朝阳"
        ]
    ],
    "惠文": [
        "惠文",
        "Huiwen",
        "汇文",
        [
            "汇文",
            "清华学堂",
            "清华",
            "中学部",
            "南开",
            "大学堂",
            "仁济医院",
            "复旦",
            "附中",
            "天津大学"
        ]
    ],
    "饰容": [
        "饰容",
        "Decorative capacity",
        "装饰能力",
        [
            "装饰",
            "能力",
            "装饰性",
            "雕刻",
            "战斗能力",
            "装饰品",
            "点缀",
            "花纹",
            "彩绘",
            "装饰物",
            "室内装饰",
            "技能",
            "装潢",
            "灵活性",
            "能力也",
            "能够",
            "控制能力",
            "潜能",
            "并能",
            "意志力"
        ]
    ],
    "遗越": [
        "遗越",
        "Yiyue",
        "一月",
        [
            "一月",
            "六月",
            "七月",
            "八月",
            "九月",
            "四月",
            "三月",
            "十月",
            "二月",
            "中旬"
        ]
    ],
    "四重": [
        "四重",
        "quadruple",
        "四倍",
        []
    ],
    "鈌": [
        "鈌",
        "- no, no, no, no, no, no, no, no, no, no, no, no, no, no, no, no, no, no, no, No. I don't know.",
        "-不，不，不，不，不，不，不，不，不，不，不，不，不，不，不，不，不，不，不，不，不，不，不，我不知道。",
        [
            "-",
            "知道",
            "告诉",
            "明白",
            "告诉他",
            "并不知道",
            "想到",
            "真的",
            "其实",
            "发觉",
            "究竟",
            "干",
            "安",
            "--",
            "先于",
            "在在",
            "时是",
            "<tr>",
            "Pardosa",
            "</s>"
        ]
    ],
    "鸟章": [
        "鸟章",
        "Bird badge",
        "鸟徽章",
        [
            "鸟",
            "徽章",
            "纹章",
            "旗帜",
            "盾徽",
            "盾牌",
            "王冠",
            "标志",
            "雉",
            "雁",
            "蛇",
            "鸽",
            "金色",
            "禽",
            "鹭",
            "乌鸦",
            "缎带",
            "徽记",
            "似",
            "鸵鸟"
        ]
    ],
    "荐贤": [
        "荐贤",
        "Jian xian",
        "建贤",
        []
    ],
    "獬豸": [
        "獬豸",
        "Minmei",
        "明美",
        []
    ],
    "必弹": [
        "必弹",
        "Must play",
        "必须玩",
        [
            "必须",
            "玩",
            "必需",
            "需要",
            "不能",
            "玩游戏",
            "能够",
            "不必",
            "才会",
            "需",
            "只能",
            "须要",
            "玩到",
            "游玩",
            "玩乐",
            "好玩",
            "把玩",
            "听音乐",
            "碰",
            "玩意"
        ]
    ],
    "虎皮": [
        "虎皮",
        "Tiger",
        "老虎",
        [
            "老虎",
            "狐狸",
            "乌鸦",
            "狗",
            "猴子",
            "兔子",
            "蟒蛇",
            "乌龟",
            "猿猴",
            "燕子"
        ]
    ],
    "光连斗": [
        "光连斗",
        "Light bucket",
        "轻型铲斗",
        []
    ],
    "高人服": [
        "高人服",
        "Superior person",
        "上级人员",
        [
            "上级",
            "人员",
            "工作人员",
            "技术人员",
            "职员",
            "医护人员",
            "管理人员",
            "部门",
            "下级",
            "上司",
            "请示",
            "医务人员",
            "执法人员",
            "其他部门",
            "责成",
            "指派",
            "越级",
            "各单位",
            "同僚",
            "其下属"
        ]
    ],
    "盛礼": [
        "盛礼",
        "Sheng Li",
        "胜利",
        [
            "胜利",
            "重大胜利",
            "获得胜利",
            "取得胜利",
            "全胜",
            "获胜",
            "大获全胜",
            "胜利者",
            "得胜",
            "光荣"
        ]
    ],
    "尊元服": [
        "尊元服",
        "Zun yuan fu",
        "尊傅园",
        [
            "尊",
            "殿内",
            "尊像",
            "坐像",
            "观音菩萨",
            "尊为",
            "普贤",
            "而立",
            "并立",
            "崇"
        ]
    ],
    "穷奢": [
        "穷奢",
        "Luxury and extravagance",
        "奢侈和奢侈",
        [
            "奢侈",
            "奢华",
            "奢靡",
            "节俭",
            "放纵",
            "享乐",
            "荒淫",
            "挥霍",
            "无度",
            "简朴"
        ]
    ],
    "讥鵁": [
        "讥鵁",
        "Irony?",
        "讽刺？",
        [
            "讽刺",
            "嘲讽",
            "反讽",
            "嘲弄",
            "挖苦",
            "影射",
            "讥讽",
            "戏谑",
            "讽刺性",
            "揶揄"
        ]
    ],
    "义鸟": [
        "义鸟",
        "Bird of righteousness",
        "正义之鸟",
        [
            "正义",
            "公义",
            "意志",
            "尊严",
            "捍卫者",
            "公平正义",
            "终极",
            "堂堂正正",
            "主旨",
            "才是"
        ]
    ],
    "不正": [
        "不正",
        "iniquity",
        "邪恶",
        [
            "邪恶",
            "恶魔",
            "黑暗",
            "堕落",
            "守护者",
            "邪恶势力",
            "撒旦",
            "罪恶",
            "坏人",
            "破坏者"
        ]
    ],
    "势耸天": [
        "势耸天",
        "The sky is overcast",
        "天空乌云密布",
        [
            "天空",
            "夜空",
            "星空",
            "月亮",
            "地平线",
            "星辰",
            "黑夜",
            "星星",
            "闪耀",
            "流星"
        ]
    ],
    "巑": [
        "巑",
        "Li",
        "里",
        [
            "里",
            "里面",
            "里头",
            "中都",
            "之中",
            "中的",
            "底下",
            "那时候",
            "内都",
            "从前"
        ]
    ],
    "岏": [
        "岏",
        "Kiki",
        "琪琪",
        [
            "琪琪",
            "莉莎",
            "莎莉",
            "姊姊",
            "误打误撞",
            "机缘",
            "前女友",
            "巧合",
            "表妹",
            "艾玛"
        ]
    ],
    "散士": [
        "散士",
        "San Shi",
        "石三",
        []
    ],
    "极品": [
        "极品",
        "The best",
        "最好的",
        [
            "最好",
            "最差",
            "很好",
            "不错",
            "极好",
            "最难",
            "最出色",
            "毫无疑问",
            "众所周知",
            "同样"
        ]
    ],
    "尘缨": [
        "尘缨",
        "Dust tassel",
        "灰尘流苏",
        [
            "灰尘",
            "流苏",
            "尘埃",
            "烟雾",
            "污垢",
            "尘土",
            "有毒气体",
            "微粒",
            "碎屑",
            "坑洞",
            "烟尘",
            "白毛",
            "栗色",
            "绿叶",
            "短柄",
            "小叶",
            "大花",
            "纯色",
            "杂色",
            "紫花"
        ]
    ],
    "辞旧": [
        "辞旧",
        "Farewell to the old",
        "告别老人",
        [
            "告别",
            "老人",
            "道别",
            "老者",
            "老年人",
            "含泪",
            "再会",
            "逝去",
            "再见",
            "重聚",
            "老年",
            "老人家",
            "老太太",
            "谢幕",
            "老翁",
            "老妇",
            "小孩子",
            "老妇人",
            "归来",
            "此时此刻"
        ]
    ],
    "会弁": [
        "会弁",
        "Will do",
        "好的",
        []
    ],
    "光联玉": [
        "光联玉",
        "Guanglian jade",
        "广连玉",
        []
    ],
    "逍遥": [
        "逍遥",
        "Free and unfettered",
        "自由自在",
        [
            "自由自在",
            "无忧无虑",
            "与生俱来",
            "成天",
            "自在",
            "整天",
            "好似",
            "普通人",
            "犹如",
            "全因"
        ]
    ],
    "宜道体": [
        "宜道体",
        "Appropriate body",
        "适当机构",
        [
            "适当",
            "机构",
            "政府机构",
            "的机构",
            "必要",
            "部门",
            "政府部门",
            "合理",
            "合适",
            "恰当",
            "管理机构",
            "必需",
            "私人机构",
            "行政部门",
            "独立机构",
            "尽量",
            "相应",
            "前提",
            "该机构",
            "须要"
        ]
    ],
    "攒弁": [
        "攒弁",
        "Saving chemical",
        "节约化学品",
        [
            "节约",
            "化学品",
            "节省",
            "化学物质",
            "添加剂",
            "药品",
            "食品",
            "有害物质",
            "制剂",
            "化学物",
            "甲醛",
            "所需",
            "化学试剂",
            "减省",
            "降低成本",
            "最大限度",
            "更少",
            "尽可能",
            "提高效率",
            "节省时间"
        ]
    ],
    "星翳": [
        "星翳",
        "Stars",
        "明星",
        [
            "明星",
            "当红",
            "艺人",
            "影星",
            "新人",
            "大明星",
            "电影明星",
            "歌星",
            "男模",
            "女明星"
        ]
    ],
    "未暇": [
        "未暇",
        "No spare time",
        "没有空闲时间",
        [
            "没有",
            "空闲",
            "时间",
            "没",
            "并未",
            "无法",
            "不会",
            "不能",
            "从未",
            "未",
            "没有人",
            "很难",
            "星期",
            "一段时间",
            "小时",
            "间隔时间",
            "闲暇",
            "整整",
            "时长",
            "时间段",
            "等待时间",
            "短时间",
            "休息",
            "只读",
            "整天",
            "平常",
            "往常",
            "那时候",
            "都只",
            "在在"
        ]
    ],
    "逢萌": [
        "逢萌",
        "Every sprout",
        "每个芽",
        [
            "芽",
            "花柱",
            "果",
            "分枝",
            "幼苗",
            "小叶",
            "长成",
            "生",
            "稀",
            "初夏"
        ]
    ],
    "岸帻": [
        "岸帻",
        "The bank",
        "银行",
        [
            "银行",
            "金融机构",
            "的银行",
            "商业银行",
            "分行",
            "证券",
            "中央银行",
            "该银行",
            "银行业",
            "汇丰银行"
        ]
    ],
    "俨新班": [
        "俨新班",
        "Yanyan new class",
        "燕艳新班级",
        [
            "班级",
            "全校",
            "学生",
            "学年",
            "高中学生",
            "全校学生",
            "男生",
            "高一",
            "高三",
            "高年级"
        ]
    ],
    "彩散琼": [
        "彩散琼",
        "Caisanqiong",
        "蔡三琼",
        []
    ],
    "枯淡": [
        "枯淡",
        "Dry light",
        "干光",
        []
    ],
    "霞衣": [
        "霞衣",
        "Xiayi",
        "夏邑",
        []
    ],
    "垂文": [
        "垂文",
        "Vertical text",
        "文字垂直排列",
        [
            "文字",
            "垂直",
            "排列",
            "书写",
            "横向",
            "度角",
            "文本",
            "侧向",
            "排序",
            "直线",
            "向下",
            "竖直",
            "斜向",
            "纵向",
            "手写",
            "楔形文字",
            "象形文字",
            "向上",
            "排列成",
            "字词",
            "顺序排列",
            "文句",
            "注释",
            "注解",
            "依次",
            "左至右",
            "交错",
            "对齐",
            "依序",
            "分列"
        ]
    ],
    "偃月": [
        "偃月",
        "Yanyue",
        "燕月",
        []
    ],
    "聊为": [
        "聊为",
        "Talk about",
        "讨论",
        [
            "讨论",
            "辩论",
            "争论",
            "探讨",
            "研讨",
            "谈论",
            "发表意见",
            "争辩",
            "咨询",
            "提问"
        ]
    ],
    "贡禹弹": [
        "贡禹弹",
        "Gongyu bomb",
        "龚宇炸弹",
        [
            "炸弹",
            "炸药",
            "手榴弹",
            "爆炸",
            "核弹",
            "爆炸物",
            "引爆",
            "定时炸弹",
            "燃烧弹",
            "自杀式"
        ]
    ],
    "纸": [
        "纸",
        "Paper",
        "纸",
        [
            "纸",
            "白纸",
            "用纸",
            "糊",
            "纸张",
            "纸板",
            "纸片",
            "笔",
            "纸制",
            "金箔"
        ]
    ],
    "细皱": [
        "细皱",
        "Fine wrinkles",
        "细纹",
        [
            "细纹",
            "横斑",
            "肉色",
            "褐",
            "网纹",
            "黑纹",
            "白毛",
            "橘红色",
            "杂色",
            "</s>"
        ]
    ],
    "明窗": [
        "明窗",
        "Open window",
        "开窗口",
        []
    ],
    "龟壳": [
        "龟壳",
        "turtle shell",
        "龟壳",
        [
            "龟壳",
            "鳞甲",
            "棘刺",
            "尖牙",
            "乌龟",
            "鱼形",
            "侧边",
            "棱角",
            "肩部",
            "鱼鳞"
        ]
    ],
    "暖室": [
        "暖室",
        "Warm room",
        "温暖的房间",
        [
            "温暖",
            "房间",
            "房间内",
            "卧室",
            "屋子",
            "浴室",
            "客厅",
            "小房间",
            "寒冷",
            "地下室",
            "窗户",
            "凉爽",
            "房内",
            "暖和",
            "炎热",
            "较冷",
            "吹拂",
            "夏天",
            "宁静",
            "一年四季"
        ]
    ],
    "茧头": [
        "茧头",
        "Cocoon head",
        "茧头",
        []
    ],
    "明洁": [
        "明洁",
        "clear and bright",
        "清明",
        [
            "清明",
            "冬至",
            "昌盛",
            "重阳",
            "梅花",
            "造化",
            "时令",
            "大兴",
            "天和",
            "在行"
        ]
    ],
    "吟灯": [
        "吟灯",
        "Sing lamp",
        "歌唱灯",
        [
            "歌唱",
            "灯",
            "合唱",
            "演唱",
            "唱歌",
            "独唱",
            "灯笼",
            "才艺",
            "重唱",
            "声乐",
            "灯泡",
            "音乐创作",
            "钢琴演奏",
            "点灯",
            "蜡烛",
            "灯具",
            "油灯",
            "点亮",
            "喇叭",
            "霓虹"
        ]
    ],
    "独坐": [
        "独坐",
        "Sit alone",
        "独自坐着",
        [
            "独自",
            "坐着",
            "独自一人",
            "坐在",
            "坐下",
            "看着",
            "睡觉",
            "一同",
            "一起",
            "睡着",
            "椅子",
            "抱着",
            "好不容易",
            "跟着",
            "跟著",
            "背著",
            "执意",
            "三人",
            "自已",
            "起先"
        ]
    ],
    "书轩": [
        "书轩",
        "Book porch",
        "书廊",
        []
    ],
    "净明": [
        "净明",
        "Net bright",
        "净亮度",
        [
            "净",
            "亮度",
            "光度",
            "视星等",
            "星等",
            "反射率",
            "最亮",
            "放大率",
            "振幅",
            "照度",
            "清净",
            "星体",
            "信佛",
            "白莲",
            "炼",
            "真如",
            "地藏",
            "普贤",
            "自在",
            "；大"
        ]
    ],
    "深夜": [
        "深夜",
        "late at night",
        "深夜",
        [
            "深夜",
            "晚上",
            "早晨",
            "晚间",
            "傍晚",
            "午夜",
            "通宵",
            "半夜",
            "午后",
            "周一"
        ]
    ],
    "竹床": [
        "竹床",
        "Bamboo bed",
        "竹床",
        []
    ],
    "称芦": [
        "称芦",
        "Weighing reed",
        "称重簧片",
        [
            "称重",
            "簧片",
            "琴弦",
            "琴弓",
            "竹管",
            "笙",
            "簧",
            "木管乐器",
            "弦乐器",
            "管乐器",
            "吹管",
            "除去",
            "需用",
            "于数",
            "都将",
            "除此以外",
            "MLT-",
            "<tr>",
            "Pardosa",
            "</s>"
        ]
    ],
    "花被": [
        "花被",
        "perianth",
        "花被",
        [
            "花被",
            "花萼",
            "苞片",
            "萼片",
            "花瓣",
            "雄蕊",
            "花柱",
            "雄花",
            "雌花",
            "花冠"
        ]
    ],
    "纸帐": [
        "纸帐",
        "Paper account",
        "纸帐",
        [
            "纸",
            "帐",
            "白纸",
            "用纸",
            "糊",
            "纸张",
            "纸板",
            "纸片",
            "笔",
            "纸制",
            "金箔",
            "帖",
            "秃",
            "劝进",
            "密",
            "人头",
            "三番",
            "送与",
            "迭",
            "方将"
        ]
    ],
    "轻融": [
        "轻融",
        "Light melting",
        "轻熔",
        [
            "轻",
            "熔",
            "熔融",
            "熔化",
            "熔解",
            "镀",
            "炉",
            "重",
            "烧成",
            "炼",
            "铍",
            "较重",
            "碳化",
            "少",
            "驭",
            "基本型",
            "重为",
            "纯",
            "整体而言",
            "</s>"
        ]
    ],
    "安贫": [
        "安贫",
        "Poverty alleviation",
        "扶贫",
        [
            "扶贫",
            "贫困地区",
            "助学",
            "脱贫",
            "重点项目",
            "助人",
            "医疗卫生",
            "农业发展",
            "惠及",
            "卫生保健"
        ]
    ],
    "雪屋": [
        "雪屋",
        "Snow house",
        "雪屋",
        []
    ],
    "俭约": [
        "俭约",
        "Thrift contract",
        "节俭合同",
        [
            "节俭",
            "合同",
            "合约",
            "俭朴",
            "俭约",
            "奢侈",
            "合同规定",
            "签订合同",
            "简朴",
            "吝啬",
            "清廉",
            "选择权",
            "协议",
            "廉洁",
            "宽厚",
            "买断",
            "勤劳",
            "报价",
            "协议书",
            "履约"
        ]
    ],
    "障寒": [
        "障寒",
        "Barrier cold",
        "屏障冷",
        [
            "屏障",
            "冷",
            "天然屏障",
            "阻隔",
            "冻",
            "隔断",
            "寒",
            "冷热",
            "战略要地",
            "凝",
            "冷水",
            "第二道",
            "一道",
            "威慑",
            "的水",
            "外围",
            "稀",
            "和气",
            "两处",
            "</s>"
        ]
    ],
    "风隔": [
        "风隔",
        "Wind barrier",
        "风障",
        []
    ],
    "禅榻": [
        "禅榻",
        "Zen couch",
        "禅榻",
        []
    ],
    "宜班": [
        "宜班",
        "Appropriate class",
        "适当类别",
        [
            "适当",
            "类别",
            "必要",
            "合理",
            "合适",
            "恰当",
            "类型",
            "必需",
            "尽量",
            "相应",
            "子类",
            "前提",
            "大类",
            "须要",
            "几类",
            "都可",
            "各种类型",
            "一般来说",
            "一般而言",
            "并不一定"
        ]
    ],
    "泥璫": [
        "泥璫",
        "Mud Rib",
        "泥浆肋",
        [
            "泥浆",
            "肋",
            "泥土",
            "污泥",
            "的水",
            "碎石",
            "泥水",
            "密封",
            "沙子",
            "水",
            "水或",
            "拱",
            "裂",
            "腹",
            "圣若望",
            "褶",
            "脐",
            "结节",
            "肩",
            "细"
        ]
    ],
    "百钱值": [
        "百钱值",
        "100 - dollar value",
        "100美元价值",
        [
            "价值",
            "商业价值",
            "重要性",
            "效用",
            "效益",
            "意义",
            "经济效益",
            "实用价值",
            "内涵",
            "实用性"
        ]
    ],
    "月喜": [
        "月喜",
        "Yuexi",
        "岳西",
        []
    ],
    "素风": [
        "素风",
        "Plain wind",
        "普通风",
        [
            "普通",
            "风",
            "风吹",
            "西风",
            "吹拂",
            "吹",
            "北风",
            "大风",
            "暴风",
            "雨",
            "和风",
            "一般来说",
            "平常",
            "大多",
            "一般而言",
            "基本上",
            "都可",
            "都是",
            "比如说",
            "除此以外"
        ]
    ],
    "轻似": [
        "轻似",
        "Light like",
        "轻如",
        []
    ],
    "卧处": [
        "卧处",
        "Sleeping place",
        "睡觉的地方",
        [
            "睡觉",
            "地方",
            "睡",
            "起床",
            "睡觉时",
            "吃饭",
            "睡着",
            "整天",
            "喝水",
            "叫醒",
            "半夜",
            "大多",
            "人口众多",
            "区域内",
            "之外",
            "偏远地区",
            "以外",
            "大都",
            "以前",
            "；也"
        ]
    ],
    "八尺": [
        "八尺",
        "Eight feet",
        "八英尺",
        []
    ],
    "软如绵": [
        "软如绵",
        "Soft as cotton",
        "柔软如棉",
        [
            "柔软",
            "坚硬",
            "粗糙",
            "结实",
            "蓬松",
            "纤细",
            "卷曲",
            "厚实",
            "较厚",
            "粗大"
        ]
    ],
    "香带": [
        "香带",
        "Fragrant band",
        "芳香带",
        [
            "芳香",
            "带",
            "香气",
            "带上",
            "醇",
            "衍生物",
            "精油",
            "类物质",
            "酚",
            "醇类",
            "重氮",
            "大蒜",
            "背著",
            "隙",
            "随身携带",
            "只见",
            "放",
            "偷偷地",
            "远方",
            "上头"
        ]
    ],
    "百宝": [
        "百宝",
        "Baibao",
        "白豹",
        []
    ],
    "缙": [
        "缙",
        "Jin",
        "金",
        []
    ],
    "一团": [
        "一团",
        "gout",
        "痛风",
        [
            "痛风",
            "病症",
            "高血压",
            "哮喘",
            "关节炎",
            "肾结石",
            "皮肤病",
            "肥胖症",
            "腹水",
            "风湿热"
        ]
    ],
    "万钉": [
        "万钉",
        "Ten thousand nails",
        "一万颗钉子",
        [
            "钉子",
            "木头",
            "铁钉",
            "石头",
            "木板",
            "棍子",
            "钉",
            "木杆",
            "砖头",
            "上面"
        ]
    ],
    "佩玉": [
        "佩玉",
        "Peiyu",
        "玉佩",
        [
            "玉佩",
            "佩玉",
            "云纹",
            "宝珠",
            "璧",
            "缯",
            "金钗",
            "帷",
            "宝龙",
            "四件"
        ]
    ],
    "佩尾": [
        "佩尾",
        "Pew tail",
        "皮尤尾巴",
        [
            "尾巴",
            "四肢",
            "翅膀",
            "前肢",
            "爪子",
            "颈部",
            "后肢",
            "尾部",
            "脚掌",
            "鬃毛"
        ]
    ],
    "鞶": [
        "鞶",
        "Fu",
        "福",
        [
            "福",
            "恩",
            "隆",
            "安",
            "寿",
            "富",
            "兴",
            "丰",
            "贺",
            "容"
        ]
    ],
    "革": [
        "革",
        "hide",
        "隐藏",
        [
            "隐藏",
            "隐蔽",
            "伪装",
            "隐密",
            "黑影",
            "背后",
            "隐秘",
            "暗藏",
            "隐匿",
            "像是"
        ]
    ],
    "缕金": [
        "缕金",
        "Gold wisp",
        "金缕",
        [
            "金缕",
            "梅科",
            "香木",
            "帚",
            "缨",
            "白皮",
            "花红",
            "黄杨",
            "木棉",
            "清风"
        ]
    ],
    "金绅": [
        "金绅",
        "Jin Shen",
        "金申",
        []
    ],
    "鱼佩": [
        "鱼佩",
        "Fish coat",
        "鱼皮",
        [
            "鱼皮",
            "鱼肉",
            "肉",
            "鱿鱼",
            "鱼是",
            "油炸",
            "鳗鱼",
            "肥肉",
            "剥皮",
            "肉块"
        ]
    ],
    "入朝": [
        "入朝",
        "Entering Korea",
        "进入韩国",
        [
            "进入",
            "韩国",
            "南韩",
            "北韩",
            "日本",
            "朝鲜",
            "转入",
            "离开",
            "韩国政府",
            "北朝鲜",
            "大韩民国",
            "中韩",
            "日韩",
            "踏入",
            "转到",
            "转回",
            "重回",
            "进到",
            "转至",
            "带入"
        ]
    ],
    "宜束": [
        "宜束",
        "Appropriate beam",
        "适当波束",
        [
            "适当",
            "波束",
            "必要",
            "合理",
            "合适",
            "恰当",
            "必需",
            "尽量",
            "相应",
            "前提",
            "脉冲",
            "须要",
            "频带",
            "可见光",
            "接收器",
            "无线电波",
            "频域",
            "窄带",
            "高频率",
            "远距离"
        ]
    ],
    "悬腰": [
        "悬腰",
        "Hanging waist",
        "悬腰",
        []
    ],
    "堪缙": [
        "堪缙",
        "Kanjin",
        "日本汉字",
        [
            "日本",
            "汉字",
            "简化字",
            "字音",
            "韩国",
            "用字",
            "繁体字",
            "注音符号",
            "文言文",
            "拼音文字",
            "冲绳",
            "简体字",
            "新字",
            "欧美",
            "日本帝国",
            "南韩",
            "日本人",
            "东洋",
            "日本国",
            "长崎"
        ]
    ],
    "横挂": [
        "横挂",
        "Cross hanging",
        "交叉悬挂",
        [
            "交叉",
            "悬挂",
            "挂",
            "挂起",
            "交叠",
            "平行",
            "横向",
            "接合",
            "交错",
            "挂有",
            "斜向",
            "旗杆",
            "竖立",
            "对角",
            "放置",
            "摆放",
            "安放",
            "复合",
            "置放",
            "一个大"
        ]
    ],
    "束腰": [
        "束腰",
        "girdling",
        "束腰",
        [
            "束腰",
            "裙",
            "柱顶",
            "镶边",
            "下部",
            "下端",
            "上端",
            "中高",
            "Pardosa",
            "</s>"
        ]
    ],
    "红玉烂": [
        "红玉烂",
        "Redjade is rotten",
        "红玉烂了",
        []
    ],
    "博带": [
        "博带",
        "Bo Dai",
        "戴博",
        []
    ],
    "挂金章": [
        "挂金章",
        "Hang gold medals",
        "悬挂金牌",
        [
            "悬挂",
            "金牌",
            "铜牌",
            "奖牌",
            "银牌",
            "奥运金牌",
            "挂",
            "团体冠军",
            "世锦赛",
            "金牌得主",
            "世界冠军",
            "挂起",
            "季军",
            "挂有",
            "旗杆",
            "竖立",
            "放置",
            "摆放",
            "安放",
            "置放"
        ]
    ],
    "闻教": [
        "闻教",
        "Hearing and teaching",
        "听力和教学",
        [
            "听力",
            "教学",
            "授课",
            "教学活动",
            "英语教学",
            "视力",
            "听觉",
            "教研",
            "课堂教学",
            "基础教育",
            "特殊教育",
            "教学内容",
            "学术研究",
            "失聪",
            "耳聋",
            "助听器",
            "知觉",
            "受试者",
            "视力障碍",
            "神经性"
        ]
    ],
    "垂足": [
        "垂足",
        "pedal",
        "脚的",
        [
            "脚",
            "头",
            "脚上",
            "腿",
            "踩",
            "足",
            "后脚",
            "右脚",
            "双脚",
            "手脚"
        ]
    ],
    "悬金": [
        "悬金",
        "Hanging gold",
        "悬挂黄金",
        [
            "悬挂",
            "黄金",
            "挂",
            "挂起",
            "宝石",
            "白银",
            "挂有",
            "贵金属",
            "旗杆",
            "竖立",
            "钻石",
            "放置",
            "摆放",
            "安放",
            "黄金和",
            "绿宝石",
            "置放",
            "玉石",
            "蓝宝石",
            "金子"
        ]
    ]
}