{
    "唐苑": [
        "唐苑",
        "Tang yuan",
        "唐元",
        []
    ],
    "烧林": [
        "烧林",
        "Burning forest",
        "燃烧森林",
        [
            "燃烧",
            "森林",
            "雨林",
            "丛林",
            "沼泽",
            "原始森林",
            "自燃",
            "热带雨林",
            "点燃",
            "树林",
            "山谷",
            "火焰",
            "点火",
            "荒野",
            "原野",
            "挥发",
            "着火",
            "氢气",
            "熔化",
            "氮气"
        ]
    ],
    "娇翠": [
        "娇翠",
        "Jiao Cui",
        "崔郊",
        []
    ],
    "午桥": [
        "午桥",
        "Meridian bridge",
        "子午线桥",
        [
            "子午线",
            "桥",
            "经度",
            "大桥",
            "新桥",
            "吊桥",
            "木桥",
            "桥上",
            "拱桥",
            "经线",
            "石桥",
            "铁路桥",
            "桥下",
            "北极点",
            "天球",
            "圆周",
            "分点",
            "大圆",
            "经纬度",
            "中点"
        ]
    ],
    "酒徒": [
        "酒徒",
        "Drinker",
        "酒徒",
        []
    ],
    "紫艳": [
        "紫艳",
        "Purple",
        "紫色",
        [
            "紫色",
            "黄色",
            "粉红色",
            "白色",
            "红色",
            "黄绿色",
            "蓝色",
            "紫红色",
            "深红色",
            "深蓝色"
        ]
    ],
    "芳菲": [
        "芳菲",
        "Fangfei",
        "方菲",
        []
    ],
    "蝶恋": [
        "蝶恋",
        "Butterfly Love",
        "蝴蝶之爱",
        [
            "蝴蝶",
            "蜻蜓",
            "兰花",
            "猫头鹰",
            "彩虹",
            "蝙蝠",
            "风铃",
            "燕子",
            "茉莉",
            "螳螂"
        ]
    ],
    "美色": [
        "美色",
        "attractive woman",
        "迷人的女人",
        [
            "迷人",
            "女人",
            "男人",
            "美丽",
            "优雅",
            "可爱",
            "甜美",
            "女孩",
            "漂亮",
            "女人们",
            "新娘",
            "妳",
            "爱人",
            "美妙",
            "充满活力",
            "动人",
            "老婆",
            "情人",
            "甜蜜",
            "与众不同"
        ]
    ],
    "簿": [
        "簿",
        "Book",
        "书",
        [
            "书",
            "著作",
            "序言",
            "序文",
            "文中",
            "笔记",
            "论著",
            "前言",
            "注解",
            "著书"
        ]
    ],
    "碎锦坊": [
        "碎锦坊",
        "Broken brocade square",
        "碎锦方",
        []
    ],
    "压玉栏": [
        "压玉栏",
        "Jade column",
        "玉柱",
        []
    ],
    "超群": [
        "超群",
        "supergroup",
        "超群",
        [
            "超群",
            "过人",
            "出神入化",
            "不相上下",
            "超凡",
            "见识",
            "特长",
            "能及",
            "多才多艺",
            "出类拔萃"
        ]
    ],
    "卉": [
        "卉",
        "Ou",
        "牛津大学",
        [
            "牛津大学",
            "剑桥大学",
            "爱丁堡大学",
            "伦敦政治经济学院",
            "格拉斯哥大学",
            "伦敦大学学院",
            "牛津",
            "耶鲁大学",
            "哈佛大学",
            "英国剑桥大学"
        ]
    ],
    "倩晴霞": [
        "倩晴霞",
        "Qian Qing Xia",
        "钱清夏",
        [
            "钱",
            "银子",
            "分钱",
            "钱财",
            "买",
            "银两",
            "借钱",
            "没钱",
            "一大笔钱",
            "花钱"
        ]
    ],
    "含章": [
        "含章",
        "Chapter containing",
        "包含的章节",
        [
            "包含",
            "章节",
            "包括",
            "段落",
            "涵盖",
            "篇章",
            "还包括",
            "构成",
            "前言",
            "引言",
            "包涵",
            "各集",
            "相关联",
            "值得注意",
            "序章",
            "节选",
            "副标题",
            "概要",
            "都有",
            "举例来说"
        ]
    ],
    "映丝柳": [
        "映丝柳",
        "Ying Si Liu",
        "赢驷·刘",
        [
            "赢",
            "驷",
            "刘",
            "陈",
            "赵",
            "吴",
            "杨",
            "李",
            "输掉",
            "蔡",
            "胜出",
            "徐",
            "姚",
            "取胜",
            "郭",
            "获胜",
            "输",
            "对手",
            "桓公",
            "公子",
            "决胜负",
            "打赢",
            "齐景公",
            "王孙",
            "偃",
            "劲敌",
            "荀",
            "绰",
            "仲",
            "晏"
        ]
    ],
    "上林": [
        "上林",
        "Shanglin",
        "上林",
        [
            "林",
            "杨",
            "蔡",
            "洪",
            "邵",
            "郭",
            "和林",
            "彭",
            "潘",
            "芳"
        ]
    ],
    "欲红": [
        "欲红",
        "To be red",
        "红色",
        [
            "红色",
            "黄色",
            "白色",
            "蓝色",
            "橙色",
            "紫色",
            "黑色",
            "粉红色",
            "金色",
            "深蓝色"
        ]
    ],
    "还白": [
        "还白",
        "White",
        "白色",
        [
            "白色",
            "黄色",
            "红色",
            "黑色",
            "粉红色",
            "紫色",
            "蓝色",
            "深蓝色",
            "暗红色",
            "金色"
        ]
    ],
    "冰绡": [
        "冰绡",
        "Ice gauze",
        "冰纱布",
        [
            "冰",
            "纱布",
            "冰层",
            "融化",
            "冰冻",
            "冰山",
            "冰块",
            "冰河",
            "融解",
            "毛巾",
            "冻",
            "雪",
            "玻璃瓶",
            "布料",
            "盖住",
            "肥皂",
            "白纸",
            "垫",
            "穿孔",
            "丝网"
        ]
    ],
    "轻叠": [
        "轻叠",
        "Light stack",
        "光堆栈",
        [
            "光",
            "堆栈",
            "栈",
            "codice_",
            "链表",
            "指针",
            "磁盘",
            "瞳",
            "红光",
            "格式化",
            "模板",
            "暗",
            "光和",
            "白光",
            "示例",
            "亮",
            "和光",
            "可执行",
            "日光",
            "虹"
        ]
    ],
    "武功": [
        "武功",
        "Martial arts",
        "武术",
        [
            "武术",
            "拳术",
            "中国武术",
            "拳法",
            "空手道",
            "传统武术",
            "剑道",
            "武艺",
            "功夫",
            "合气道"
        ]
    ],
    "盈头": [
        "盈头",
        "Surplus head",
        "剩余水头",
        [
            "剩余",
            "水头",
            "剩下",
            "余下",
            "全数",
            "一小",
            "多余",
            "只剩",
            "剩",
            "悉数",
            "分水",
            "屏南",
            "水口",
            "这样一来",
            "名间",
            "东石",
            "大湾",
            "龙溪",
            "大湖",
            "沙湾"
        ]
    ],
    "叶细": [
        "叶细",
        "Leaf fineness",
        "叶细度",
        [
            "叶",
            "小叶",
            "萼",
            "苞",
            "枝",
            "梗",
            "果",
            "三叶",
            "叶为",
            "茸"
        ]
    ],
    "春阴淡": [
        "春阴淡",
        "Chun yin light",
        "春音灯",
        [
            "灯",
            "灯笼",
            "灯泡",
            "点灯",
            "蜡烛",
            "灯具",
            "油灯",
            "点亮",
            "喇叭",
            "霓虹"
        ]
    ],
    "影媚": [
        "影媚",
        "Shadow flattery",
        "影子奉承",
        [
            "影子",
            "奉承",
            "逢迎",
            "讨好",
            "朝臣",
            "鄙视",
            "自负",
            "仿佛",
            "劝诫",
            "光环",
            "好像",
            "只不过",
            "动心",
            "向来",
            "普通人",
            "犹如",
            "唯独",
            "随心所欲",
            "却是",
            "从前"
        ]
    ],
    "轻裁": [
        "轻裁",
        "Light cutting",
        "轻刻磨",
        [
            "磨",
            "篦",
            "泥",
            "锻",
            "擦",
            "勺",
            "珠",
            "细",
            "拓",
            "大白"
        ]
    ],
    "露粉": [
        "露粉",
        "Dew powder",
        "露珠粉",
        [
            "露珠",
            "粉",
            "汁",
            "米粉",
            "绿豆",
            "茸",
            "蘸",
            "芝麻",
            "红豆",
            "菠萝",
            "冬瓜",
            "牧人",
            "牵牛",
            "树梢",
            "白马",
            "远方",
            "上头",
            "都从",
            "</s>",
            "Pardosa"
        ]
    ],
    "绛蜡": [
        "绛蜡",
        "Crimson wax",
        "深红色蜡",
        [
            "深红色",
            "蜡",
            "紫色",
            "黄色",
            "白色",
            "暗红色",
            "金黄色",
            "红色",
            "粉红色",
            "紫红色",
            "深蓝色",
            "制成",
            "伞",
            "树脂",
            "蜂蜡",
            "滴",
            "胭脂",
            "垫",
            "纸制",
            "皂"
        ]
    ],
    "潜凝": [
        "潜凝",
        "Latent coagulation",
        "潜在凝固",
        [
            "凝固",
            "凝结",
            "熔化",
            "融化",
            "溶解",
            "蒸发",
            "硬化",
            "溶化",
            "变质",
            "沸腾"
        ]
    ],
    "董奉": [
        "董奉",
        "Dong Feng",
        "东风",
        [
            "东风",
            "韶山",
            "TE",
            "东方红",
            "改进型",
            "ND",
            "DF",
            "-II",
            "4台",
            "9号"
        ]
    ],
    "游目": [
        "游目",
        "Travelling destination",
        "旅行目的地",
        [
            "旅行",
            "目的地",
            "旅程",
            "旅途",
            "之旅",
            "漫游",
            "环游世界",
            "环游",
            "旅行者",
            "中继站",
            "历险",
            "周游世界",
            "中转站",
            "出发地",
            "回程",
            "搭车",
            "途径",
            "返程",
            "同一时间"
        ]
    ],
    "花低": [
        "花低",
        "Flowers low",
        "花低",
        []
    ],
    "卖": [
        "卖",
        "Sell",
        "卖",
        [
            "卖",
            "买",
            "摊",
            "贩",
            "要买",
            "兜售",
            "赚钱",
            "发财",
            "买来",
            "收"
        ]
    ],
    "拥霞": [
        "拥霞",
        "Huxia",
        "胡夏",
        [
            "胡夏",
            "夏国",
            "西燕",
            "北燕",
            "李冰冰",
            "北疆",
            "伊克",
            "安国",
            "</s>",
            "Pardosa"
        ]
    ],
    "绕园": [
        "绕园",
        "Around the garden",
        "花园周围",
        [
            "花园",
            "周围",
            "周边",
            "四周",
            "庭院",
            "别墅",
            "外围",
            "附近",
            "长廊",
            "区域内",
            "周遭",
            "洋房",
            "庭园",
            "凉亭",
            "远处",
            "中庭",
            "外面",
            "游乐场",
            "一处",
            "玫瑰园"
        ]
    ],
    "铺文锦": [
        "铺文锦",
        "Shop Wen Jin",
        "金文商店",
        [
            "金文",
            "商店",
            "店铺",
            "的商店",
            "超市",
            "店面",
            "百货公司",
            "零售店",
            "餐馆",
            "小店",
            "商家",
            "甲骨文",
            "簋",
            "古文字",
            "殷墟",
            "鼎",
            "训诂学",
            "文",
            "铭",
            "今人"
        ]
    ],
    "衬红云": [
        "衬红云",
        "Red cloud lining",
        "红色云衬",
        [
            "红色",
            "黄色",
            "白色",
            "蓝色",
            "橙色",
            "紫色",
            "黑色",
            "粉红色",
            "金色",
            "深蓝色"
        ]
    ],
    "姚黄": [
        "姚黄",
        "Yao Huang",
        "姚黄",
        []
    ],
    "美肌": [
        "美肌",
        "Beauty muscle",
        "美容肌肉",
        [
            "美容",
            "肌肉",
            "四肢",
            "身体",
            "关节",
            "神经",
            "下肢",
            "脊柱",
            "躯干",
            "手部",
            "肌肉组织",
            "护肤",
            "按摩",
            "化妆",
            "化妆品",
            "瘦身",
            "彩妆",
            "保健",
            "保养品",
            "护肤品"
        ]
    ],
    "魏紫": [
        "魏紫",
        "Wei Zi",
        "魏子",
        []
    ],
    "腻体": [
        "腻体",
        "Tired body",
        "疲惫的身体",
        [
            "疲惫",
            "身体",
            "疲乏",
            "疲累",
            "躯体",
            "全身",
            "肌肉",
            "四肢",
            "疲倦",
            "眼睛",
            "疲惫不堪",
            "身躯",
            "虚弱",
            "双腿",
            "双脚",
            "沮丧",
            "胸部",
            "惊恐",
            "筋疲力尽",
            "气馁"
        ]
    ],
    "贵品": [
        "贵品",
        "Your product",
        "你的产品",
        [
            "产品",
            "的产品",
            "新产品",
            "商品",
            "厂家",
            "其产品",
            "厂商",
            "产品线",
            "电子产品",
            "系列产品"
        ]
    ],
    "百叶": [
        "百叶",
        "Shutter",
        "快门",
        [
            "快门",
            "对焦",
            "相机",
            "闪光灯",
            "变焦",
            "照相机",
            "光圈",
            "摄影机",
            "底片",
            "琴弦"
        ]
    ],
    "媚春": [
        "媚春",
        "Mei chun",
        "美春",
        []
    ],
    "馨香": [
        "馨香",
        "fragrance",
        "香味",
        [
            "香味",
            "香气",
            "味道",
            "气味",
            "甜味",
            "风味",
            "酸味",
            "苦味",
            "果香",
            "味"
        ]
    ],
    "金蕊": [
        "金蕊",
        "Golden stamen",
        "金色雄蕊",
        [
            "金色",
            "雄蕊",
            "银色",
            "花萼",
            "蓝色",
            "心皮",
            "白色",
            "萼片",
            "红色",
            "花瓣",
            "黑色",
            "苞片",
            "花柱",
            "雄花",
            "紫色",
            "花被",
            "雌蕊",
            "黄色",
            "粉红色",
            "深蓝色"
        ]
    ],
    "锦裳": [
        "锦裳",
        "Brocade petticoats",
        "锦缎衬裙",
        [
            "锦缎",
            "绢",
            "丝绸",
            "绸",
            "缝制",
            "首饰",
            "布料",
            "绸缎",
            "衣料",
            "都用"
        ]
    ],
    "娇绿": [
        "娇绿",
        "Green and tender",
        "绿色和温柔",
        [
            "绿色",
            "温柔",
            "橙色",
            "黄色",
            "红色",
            "蓝色",
            "开朗",
            "可爱",
            "善良",
            "白色",
            "柔弱",
            "天真",
            "粉红色",
            "体贴",
            "紫色",
            "浅绿色",
            "任性",
            "纯真",
            "冷酷",
            "深蓝色"
        ]
    ],
    "三春": [
        "三春",
        "Three spring",
        "三个弹簧",
        [
            "弹簧",
            "连杆",
            "轴承",
            "液压",
            "车轮",
            "油压",
            "刚性",
            "支架",
            "琴弦",
            "飞轮"
        ]
    ],
    "锦萼": [
        "锦萼",
        "Calyx calyx",
        "花萼花萼",
        [
            "花萼",
            "花被",
            "花瓣",
            "雄蕊",
            "苞片",
            "萼片",
            "雄花",
            "花冠",
            "雌蕊",
            "花柱"
        ]
    ],
    "多品": [
        "多品",
        "Multi - product",
        "多产品",
        [
            "产品",
            "的产品",
            "新产品",
            "商品",
            "厂家",
            "其产品",
            "厂商",
            "产品线",
            "电子产品",
            "系列产品"
        ]
    ],
    "玉肤": [
        "玉肤",
        "Jade skin",
        "玉皮",
        []
    ],
    "玉佩": [
        "玉佩",
        "Jade",
        "翡翠",
        [
            "翡翠",
            "宝石",
            "珍珠",
            "钻石",
            "玛瑙",
            "明珠",
            "蓝宝石",
            "绿宝石",
            "玉石",
            "小金"
        ]
    ],
    "金缕": [
        "金缕",
        "Golden thread",
        "黄连",
        [
            "黄连",
            "化痰",
            "姜黄",
            "麻黄",
            "当归",
            "红果",
            "大黄",
            "白果",
            "竹叶",
            "毛果"
        ]
    ],
    "妖态": [
        "妖态",
        "Demon state",
        "恶魔状态",
        [
            "恶魔",
            "状态",
            "邪恶",
            "魔王",
            "死神",
            "怪物",
            "魔鬼",
            "吸血鬼",
            "女巫",
            "妖精",
            "守护者",
            "稳定状态",
            "平衡状态",
            "状况",
            "静止状态",
            "情况下",
            "正常",
            "完全",
            "精神状态",
            "长时间"
        ]
    ],
    "低昂": [
        "低昂",
        "Low Ang",
        "低昂",
        []
    ],
    "同妃": [
        "同妃",
        "Tongfei",
        "童菲",
        []
    ],
    "枝枝丽": [
        "枝枝丽",
        "The branches are beautiful",
        "树枝很漂亮",
        [
            "树枝",
            "很漂亮",
            "树上",
            "树叶",
            "树干",
            "枝条",
            "木头",
            "树皮",
            "藤蔓",
            "树根",
            "漂亮",
            "树桩",
            "好看",
            "样子",
            "不起眼",
            "好像",
            "平淡无奇",
            "貌似",
            "有意思",
            "还好"
        ]
    ],
    "吴苑艳": [
        "吴苑艳",
        "Wu Yuanyan",
        "吴颜渊",
        [
            "吴",
            "陈",
            "赵",
            "刘",
            "蔡",
            "杨",
            "徐",
            "姚",
            "郑",
            "邵"
        ]
    ],
    "未识": [
        "未识",
        "No knowledge",
        "不知道",
        [
            "知道",
            "告诉",
            "明白",
            "告诉他",
            "并不知道",
            "想到",
            "真的",
            "其实",
            "发觉",
            "究竟"
        ]
    ],
    "千种": [
        "千种",
        "One thousand kinds",
        "一千种",
        []
    ],
    "雕栏": [
        "雕栏",
        "Carving bar",
        "雕刻条",
        [
            "雕刻",
            "石雕",
            "浮雕",
            "木雕",
            "彩绘",
            "雕塑",
            "雕饰",
            "泥塑",
            "浅浮雕",
            "雕"
        ]
    ],
    "醉颜": [
        "醉颜",
        "Drunk",
        "喝酒",
        [
            "喝酒",
            "饮酒",
            "喝醉",
            "喝得",
            "抽烟",
            "吃饭",
            "酒醉",
            "吃喝",
            "喝茶",
            "整天"
        ]
    ],
    "富艳": [
        "富艳",
        "Fu Yan",
        "严复",
        [
            "严复",
            "梁启超",
            "蔡元培",
            "康有为",
            "章太炎",
            "冯友兰",
            "王宠惠",
            "杨度",
            "容闳",
            "作人"
        ]
    ],
    "对客": [
        "对客",
        "To customers",
        "给顾客",
        [
            "顾客",
            "客户",
            "消费者",
            "客人",
            "商家",
            "卖家",
            "店家",
            "零售商",
            "超市",
            "购买者"
        ]
    ],
    "奇": [
        "奇",
        "odd",
        "奇数的",
        [
            "奇数",
            "偶数",
            "个数",
            "位数",
            "相加",
            "任意",
            "个位数",
            "n-",
            "至多",
            "也就是说"
        ]
    ],
    "汉宫春": [
        "汉宫春",
        "Han Gongchun",
        "韩功春",
        []
    ],
    "饶": [
        "饶",
        "Rao",
        "右前斜位",
        []
    ],
    "体态": [
        "体态",
        "posture",
        "态度",
        [
            "态度",
            "立场",
            "看法",
            "作风",
            "心态",
            "强硬态度",
            "消极",
            "一贯",
            "消极态度",
            "冷漠"
        ]
    ],
    "如欲语": [
        "如欲语",
        "If you wish to speak",
        "如果你想发言",
        [
            "想",
            "发言",
            "想要",
            "只想",
            "不想",
            "希望",
            "打算",
            "讲话",
            "质询",
            "提问",
            "回应",
            "自已",
            "就让",
            "一心",
            "一切都是",
            "发表意见",
            "表态",
            "反驳",
            "质问",
            "点名"
        ]
    ],
    "妖欲动": [
        "妖欲动",
        "Demon movement",
        "恶魔运动",
        [
            "恶魔",
            "运动",
            "邪恶",
            "魔王",
            "死神",
            "怪物",
            "魔鬼",
            "吸血鬼",
            "女巫",
            "妖精",
            "守护者",
            "文学运动",
            "青年运动",
            "群众运动",
            "爱国运动",
            "运动所",
            "革新运动",
            "社会活动",
            "民族运动",
            "国家主义"
        ]
    ],
    "沉香": [
        "沉香",
        "Agilawood",
        "沉香",
        [
            "沉香",
            "灵芝",
            "玉兰",
            "红花",
            "含笑",
            "风铃",
            "龙眼",
            "兰花",
            "香花",
            "桂花"
        ]
    ],
    "亭北": [
        "亭北",
        "Pavilion north",
        "展馆北面",
        [
            "展馆",
            "北面",
            "西面",
            "东面",
            "南面",
            "展区",
            "展厅",
            "西南面",
            "北边",
            "东端",
            "西边",
            "东边",
            "西南方",
            "展览",
            "展览厅",
            "展示馆",
            "展览馆",
            "新馆",
            "馆内",
            "展品"
        ]
    ],
    "叶叶": [
        "叶叶",
        "Leaf",
        "叶子",
        [
            "叶子",
            "花朵",
            "枝条",
            "树叶",
            "树干",
            "果实",
            "枝叶",
            "嫩叶",
            "小叶",
            "茎叶"
        ]
    ],
    "乍笼": [
        "乍笼",
        "First cage",
        "第一个笼子",
        [
            "笼子",
            "脑袋",
            "箱子",
            "巢穴",
            "牢房",
            "胳膊",
            "老鼠",
            "垃圾箱",
            "衣橱",
            "鸽子"
        ]
    ],
    "数苞": [
        "数苞",
        "Several bracts",
        "几个苞片",
        [
            "苞片",
            "花萼",
            "花被",
            "花序",
            "萼片",
            "花梗",
            "雄蕊",
            "蒴果",
            "花柱",
            "雄花"
        ]
    ],
    "仙艳": [
        "仙艳",
        "Xian Yan",
        "西安",
        [
            "西安",
            "成都",
            "兰州",
            "银川",
            "郑州",
            "太原",
            "贵阳",
            "榆林",
            "渭南",
            "山西太原"
        ]
    ],
    "斗": [
        "斗",
        "Bucket",
        "水桶",
        [
            "水桶",
            "盘子",
            "一桶",
            "蜡烛",
            "泥浆",
            "开水",
            "水槽",
            "浴缸",
            "的水",
            "火炉"
        ]
    ],
    "不胜": [
        "不胜",
        "very",
        "很",
        []
    ],
    "粉镜": [
        "粉镜",
        "Powder mirror",
        "粉末镜",
        [
            "粉末",
            "镜",
            "粉状",
            "粉末状",
            "固体",
            "混合物",
            "结晶",
            "黏稠",
            "常温下",
            "氧化铁",
            "浅黄色",
            "镜子",
            "光",
            "影",
            "屏",
            "镜面",
            "美人",
            "勾",
            "透",
            "虹"
        ]
    ],
    "台前": [
        "台前",
        "Front stage",
        "前级",
        [
            "前",
            "之前",
            "年前",
            "在此之前",
            "以前",
            "当年",
            "此前",
            "前所",
            "同一时间",
            "从前"
        ]
    ],
    "娉娉": [
        "娉娉",
        "Ping Ping Ping Ping",
        "平平平平平平",
        []
    ],
    "颜色": [
        "颜色",
        "Color",
        "颜色",
        [
            "颜色",
            "色调",
            "黄色",
            "红色",
            "紫色",
            "蓝色",
            "白色",
            "粉红色",
            "橙色",
            "色"
        ]
    ],
    "依朱户": [
        "依朱户",
        "Yi Zhu Hu",
        "一株虎",
        [
            "虎",
            "豹",
            "狮",
            "象",
            "熊",
            "老虎",
            "鹿",
            "狐",
            "巨",
            "飞龙"
        ]
    ],
    "朝露": [
        "朝露",
        "morning dew",
        "朝露",
        []
    ],
    "明艳": [
        "明艳",
        "bright and beautiful",
        "明亮美丽",
        [
            "明亮",
            "美丽",
            "暗淡",
            "迷人",
            "光亮",
            "漂亮",
            "最美",
            "昏暗",
            "优雅",
            "黯淡",
            "可爱",
            "美妙",
            "美好",
            "甜美",
            "耀眼",
            "灿烂",
            "夜空",
            "醒目",
            "蓝白色",
            "亮"
        ]
    ],
    "杨妃": [
        "杨妃",
        "Yang Fei",
        "杨飞",
        []
    ],
    "娇": [
        "娇",
        "Jiao",
        "角",
        []
    ],
    "舞态": [
        "舞态",
        "Dance style",
        "舞蹈风格",
        [
            "舞蹈",
            "风格",
            "艺术风格",
            "歌舞",
            "舞者",
            "古典风格",
            "表演",
            "建筑风格",
            "个人风格",
            "表演者",
            "芭蕾",
            "音乐风格",
            "跳舞",
            "街舞",
            "画风",
            "格调",
            "肚皮舞",
            "现代舞",
            "情调",
            "表现手法"
        ]
    ],
    "粉光": [
        "粉光",
        "Light pink",
        "浅粉色",
        []
    ],
    "深紫": [
        "深紫",
        "Deep Purple",
        "深紫色",
        [
            "深紫色",
            "淡绿色",
            "深绿色",
            "紫红色",
            "粉红色",
            "橘红色",
            "蓝绿色",
            "淡紫色",
            "橙黄色",
            "暗绿色"
        ]
    ],
    "腻": [
        "腻",
        "Greasy",
        "油腻的",
        [
            "油腻",
            "清淡",
            "香甜",
            "炒菜",
            "开胃",
            "酸甜",
            "清爽",
            "甜食",
            "新鲜",
            "有种"
        ]
    ],
    "满玉阶": [
        "满玉阶",
        "Full Jade Order",
        "全玉订单",
        [
            "订单",
            "订购",
            "交货",
            "采购",
            "供货",
            "交付",
            "订货",
            "下单",
            "试产",
            "批次"
        ]
    ],
    "一种": [
        "一种",
        "One kind",
        "一种",
        []
    ],
    "逐晓风": [
        "逐晓风",
        "Xiao feng by Xiao feng",
        "小峰由小峰创作",
        [
            "创作",
            "音乐创作",
            "作品",
            "创作者",
            "写作",
            "艺术创作",
            "作曲",
            "谱曲",
            "谱写",
            "词曲"
        ]
    ],
    "袭暖香": [
        "袭暖香",
        "Warm smell",
        "温暖的气味",
        [
            "温暖",
            "气味",
            "香味",
            "臭味",
            "寒冷",
            "味道",
            "刺激性",
            "香气",
            "凉爽",
            "异味",
            "暖和",
            "炎热",
            "恶臭",
            "难闻",
            "闻到",
            "较冷",
            "吹拂",
            "夏天",
            "宁静",
            "一年四季"
        ]
    ],
    "西子": [
        "西子",
        "Nishiko",
        "西子",
        [
            "西子",
            "羊城",
            "荷花池",
            "东方红",
            "文化广场",
            "小北",
            "桥边",
            "凯旋",
            "金龙",
            "Pardosa"
        ]
    ],
    "淡痕": [
        "淡痕",
        "Light mark",
        "光标记",
        [
            "光",
            "标记",
            "标示",
            "标识",
            "记号",
            "标明",
            "上标",
            "瞳",
            "标有",
            "红光",
            "标示出",
            "上面",
            "标上",
            "暗",
            "光和",
            "白光",
            "亮",
            "和光",
            "日光",
            "虹"
        ]
    ]
}