{
    "栏下": [
        "栏下",
        "Under the column",
        "在栏下",
        []
    ],
    "浅碧": [
        "浅碧",
        "Light blue",
        "淡蓝",
        []
    ],
    "笼裙": [
        "笼裙",
        "Cage skirt",
        "笼裙",
        []
    ],
    "辨绉": [
        "辨绉",
        "Crepe discrimination",
        "绉歧视",
        [
            "绉",
            "歧视",
            "种族歧视",
            "性别歧视",
            "歧视性",
            "种族主义",
            "差别待遇",
            "偏见",
            "暴力行为",
            "同性恋者",
            "族裔",
            "绸",
            "绸缎",
            "面料",
            "褶",
            "白皮",
            "捻",
            "花样",
            "馒头",
            "马甲"
        ]
    ],
    "曲裾": [
        "曲裾",
        "Qufu",
        "曲阜",
        [
            "曲阜",
            "济宁",
            "商丘",
            "聊城",
            "滕州",
            "巨野县",
            "许昌",
            "历城",
            "滕县",
            "单县"
        ]
    ],
    "树动": [
        "树动",
        "Tree movement",
        "树木运动",
        [
            "树木",
            "运动",
            "杂草",
            "树干",
            "松树",
            "大树",
            "林木",
            "树叶",
            "野草",
            "榕树",
            "果树",
            "文学运动",
            "青年运动",
            "群众运动",
            "爱国运动",
            "运动所",
            "革新运动",
            "社会活动",
            "民族运动",
            "国家主义"
        ]
    ],
    "情何密": [
        "情何密",
        "What's the secret",
        "秘密是什么",
        [
            "秘密",
            "间谍",
            "暗中",
            "暗地里",
            "秘密文件",
            "私下",
            "暗地",
            "私底下",
            "悄悄",
            "授意"
        ]
    ],
    "几岁": [
        "几岁",
        "A few years old",
        "几岁",
        []
    ],
    "此地": [
        "此地",
        "Here",
        "这里",
        []
    ],
    "临省户": [
        "临省户",
        "Pro - provincial households",
        "亲省级家庭",
        [
            "亲",
            "家庭",
            "中产阶级",
            "家庭成员",
            "大家庭",
            "贫穷",
            "父母",
            "家庭主妇",
            "父母亲",
            "兄弟姐妹",
            "普通家庭",
            "内亲",
            "和亲",
            "派",
            "交好",
            "为首",
            "激进派",
            "侄",
            "近臣",
            "贤"
        ]
    ],
    "赵后": [
        "赵后",
        "Zhao Hou",
        "赵厚",
        []
    ],
    "鸣金": [
        "鸣金",
        "Sounding money",
        "听起来像钱",
        [
            "听",
            "起来",
            "钱",
            "银子",
            "分钱",
            "钱财",
            "买",
            "银两",
            "借钱",
            "没钱",
            "听得",
            "问",
            "哭",
            "一大笔钱",
            "大声",
            "听完",
            "不行",
            "花钱",
            "说什么",
            "却说",
            "不来",
            "一起",
            "紧紧",
            "出去",
            "痛快",
            "慢慢地",
            "上去",
            "好像",
            "大大的",
            "上来"
        ]
    ],
    "跗攒": [
        "跗攒",
        "Tarzan",
        "泰山",
        [
            "泰山",
            "嵩山",
            "崂山",
            "华山",
            "黄龙",
            "泰安",
            "龙门",
            "太山",
            "一山",
            "吴山"
        ]
    ],
    "艳欲飞": [
        "艳欲飞",
        "Brilliant to fly",
        "飞行很棒",
        [
            "飞行",
            "很棒",
            "飞行中",
            "滑翔",
            "飞行器",
            "滑行",
            "着陆",
            "飞机",
            "航空器",
            "有趣",
            "跳伞",
            "起飞",
            "令人兴奋",
            "好笑",
            "真的",
            "令人难忘",
            "难以置信",
            "真是",
            "片子",
            "好像"
        ]
    ],
    "方叹": [
        "方叹",
        "Party sigh",
        "派对叹息",
        [
            "派对",
            "叹息",
            "舞会",
            "生日派对",
            "狂欢",
            "宴会",
            "聚会",
            "晚宴",
            "泪流满面",
            "约会",
            "感叹",
            "哭泣",
            "流泪",
            "感慨",
            "嘉年华",
            "万圣节",
            "泣",
            "不禁",
            "叹",
            "从容"
        ]
    ],
    "经时": [
        "经时",
        "Time lapse",
        "时间流逝",
        [
            "时间",
            "流逝",
            "推移",
            "星期",
            "一段时间",
            "小时",
            "间隔时间",
            "很长",
            "整整",
            "很短",
            "时长",
            "时间段",
            "等待时间",
            "短时间",
            "消逝",
            "逝去",
            "不长",
            "变长",
            "某段",
            "流转"
        ]
    ],
    "几朵": [
        "几朵",
        "How many flowers",
        "有多少花",
        [
            "花",
            "花上",
            "小花",
            "萝卜",
            "兰花",
            "白花",
            "牵牛",
            "大花",
            "光阴",
            "红豆"
        ]
    ],
    "宫闱": [
        "宫闱",
        "Miyagi",
        "宫城",
        [
            "宫城",
            "城郭",
            "子城",
            "内城",
            "二条城",
            "石垣",
            "月城",
            "南大门",
            "北城",
            "大谷"
        ]
    ],
    "秦娥": [
        "秦娥",
        "Qin E",
        "秦娥",
        []
    ],
    "黄英": [
        "黄英",
        "Huang ying",
        "黄英",
        [
            "黄英",
            "姚",
            "张杰",
            "陈郁",
            "张瑞",
            "李俊",
            "陈东",
            "索科利夫卡",
            "</s>",
            "Pardosa"
        ]
    ],
    "消灾": [
        "消灾",
        "Disaster mitigation",
        "减灾",
        [
            "减灾",
            "防灾",
            "灾害",
            "应急",
            "自然灾害",
            "突发事件",
            "风险评估",
            "行动计划",
            "工程建设",
            "长期性"
        ]
    ],
    "点玉": [
        "点玉",
        "Some jade",
        "一些玉",
        [
            "玉",
            "锦",
            "珠",
            "凤",
            "麒麟",
            "白玉",
            "苍",
            "芳",
            "芝",
            "和龙"
        ]
    ],
    "寒英": [
        "寒英",
        "Cold English",
        "冷英语",
        [
            "冷",
            "英语",
            "英文",
            "法语",
            "中文",
            "美式英语",
            "冻",
            "法文",
            "直译",
            "西班牙语",
            "English",
            "印度语",
            "寒",
            "冷热",
            "凝",
            "冷水",
            "的水",
            "稀",
            "和气",
            "</s>"
        ]
    ],
    "东篱": [
        "东篱",
        "East hedge",
        "东对冲",
        [
            "东",
            "对冲",
            "西",
            "北",
            "南端",
            "西北",
            "西南",
            "套利",
            "东北",
            "投资者",
            "东向",
            "北端",
            "东端",
            "股票市场",
            "信贷",
            "金融市场",
            "交易者",
            "投资人",
            "高盛",
            "避险"
        ]
    ],
    "叠玉": [
        "叠玉",
        "Fold jade",
        "折叠玉石",
        [
            "折叠",
            "玉石",
            "玉器",
            "绿松石",
            "象牙",
            "拉链",
            "铜器",
            "接合",
            "工艺品",
            "螺旋",
            "宝石",
            "白玉",
            "卷曲",
            "翻转",
            "粘贴",
            "剪切",
            "支架",
            "前端",
            "玉",
            "故称"
        ]
    ],
    "浮金": [
        "浮金",
        "Floating gold",
        "浮金",
        []
    ],
    "黄葩": [
        "黄葩",
        "Huang yuan",
        "黄源",
        [
            "黄源",
            "丁玲",
            "胡愈之",
            "郁达夫",
            "瞿秋白",
            "潘汉年",
            "沈钧儒",
            "陈公博",
            "戴戟",
            "蒲氏"
        ]
    ],
    "樊川": [
        "樊川",
        "Fan Chuan",
        "范川",
        []
    ],
    "西院": [
        "西院",
        "West court",
        "西部法院",
        [
            "西部",
            "法院",
            "东部",
            "北部",
            "南部",
            "西北部",
            "东南部",
            "东北部",
            "西南部",
            "中部",
            "法庭",
            "最高法院",
            "中南部",
            "联邦法院",
            "法官",
            "高等法院",
            "上诉法院",
            "判决",
            "裁决",
            "原告"
        ]
    ],
    "攒金": [
        "攒金",
        "Saving money",
        "存钱",
        [
            "存钱",
            "赚钱",
            "买房",
            "买",
            "要买",
            "借钱",
            "还债",
            "付钱",
            "突发奇想",
            "成天"
        ]
    ],
    "露滋": [
        "露滋",
        "Luz",
        "鲁兹",
        [
            "鲁兹",
            "贝特",
            "罗斯",
            "瓦罗",
            "里斯",
            "莫罗",
            "里奥",
            "马拉",
            "克里",
            "茹"
        ]
    ],
    "曲槛": [
        "曲槛",
        "Curved sill",
        "弯曲门槛",
        [
            "弯曲",
            "门槛",
            "倾斜",
            "伸展",
            "平直",
            "伸长",
            "凸起",
            "直角",
            "侧向",
            "下垂",
            "突起",
            "投票率",
            "上限",
            "基本工资",
            "限额",
            "比率",
            "下限",
            "最低标准",
            "当选者",
            "如此一来"
        ]
    ],
    "食蕊": [
        "食蕊",
        "Fresh core",
        "新鲜岩心",
        [
            "新鲜",
            "岩心",
            "美味",
            "食材",
            "好吃",
            "可口",
            "水果",
            "牛奶",
            "钻探",
            "蜜糖",
            "钻头",
            "甜食",
            "钻孔",
            "的食品",
            "月壤",
            "钻",
            "竖井",
            "专利技术",
            "剖面",
            "数据资料"
        ]
    ],
    "蜡剪": [
        "蜡剪",
        "Wax shear",
        "蜡剪",
        []
    ],
    "秋景": [
        "秋景",
        "autumnal scenery",
        "秋天的风景",
        [
            "秋天",
            "风景",
            "景色",
            "春天",
            "美景",
            "秋季",
            "景致",
            "景观",
            "夏天",
            "春季",
            "自然风光",
            "自然景观",
            "风光",
            "自然风景",
            "冬天",
            "风景秀丽",
            "初夏",
            "夏末",
            "秋",
            "一月"
        ]
    ],
    "金钿翠": [
        "金钿翠",
        "Golden twinkle green",
        "金色闪烁的绿色",
        [
            "金色",
            "闪烁",
            "绿色",
            "银色",
            "蓝色",
            "白色",
            "红色",
            "橙色",
            "黄色",
            "黑色",
            "紫色",
            "闪光",
            "发光",
            "粉红色",
            "深蓝色",
            "红光",
            "浅绿色",
            "灯光",
            "闪耀",
            "发亮",
            "光亮",
            "光点",
            "白光"
        ]
    ],
    "殊芳": [
        "殊芳",
        "Shu Fang",
        "方舒",
        []
    ],
    "风折": [
        "风折",
        "Wind break",
        "风障",
        []
    ],
    "疏烟": [
        "疏烟",
        "Smoke - repellent",
        "防烟的",
        []
    ],
    "疏篱": [
        "疏篱",
        "Scattered fence",
        "分散栅栏",
        [
            "分散",
            "栅栏",
            "围墙",
            "围栏",
            "铁丝网",
            "篱笆",
            "集中",
            "矮墙",
            "铁门",
            "密集",
            "高墙",
            "灯柱",
            "集中于",
            "房顶",
            "转移",
            "高度集中",
            "大部分",
            "这样一来",
            "混杂",
            "充分利用"
        ]
    ],
    "枕花": [
        "枕花",
        "Pillow flower",
        "枕花",
        []
    ],
    "金凝": [
        "金凝",
        "Gold coagulation",
        "金凝聚",
        [
            "凝聚",
            "汇聚",
            "结合",
            "激发",
            "孕育",
            "包容",
            "相辅相成",
            "紧密结合",
            "聚焦",
            "无所不在"
        ]
    ],
    "重阳节": [
        "重阳节",
        "Double ninth festival",
        "重阳节",
        [
            "重阳节",
            "清明节",
            "扫墓",
            "中秋节",
            "每逢",
            "除夕",
            "祈福",
            "大年初一",
            "清明",
            "初九"
        ]
    ],
    "真意": [
        "真意",
        "spirit",
        "精神",
        [
            "精神",
            "信念",
            "人格",
            "意识",
            "尊严",
            "精神上",
            "思维",
            "自觉",
            "良知",
            "美德"
        ]
    ],
    "陶潜": [
        "陶潜",
        "Tao Qian",
        "陶谦",
        [
            "陶谦",
            "曹操",
            "袁术",
            "袁绍",
            "刘表",
            "孙策",
            "臧霸",
            "吕布",
            "下邳",
            "王朗"
        ]
    ],
    "食惟": [
        "食惟",
        "Food supplies",
        "食品供应",
        [
            "食品",
            "供应",
            "供给",
            "乳制品",
            "肉类",
            "药品",
            "酒类",
            "饮品",
            "蔬果",
            "制品",
            "的食品",
            "牛奶",
            "储备",
            "库存",
            "用水",
            "原材料",
            "用电",
            "储藏",
            "自给自足",
            "供货"
        ]
    ],
    "有屈": [
        "有屈",
        "Flexion",
        "弯曲",
        [
            "弯曲",
            "倾斜",
            "伸展",
            "平直",
            "伸长",
            "凸起",
            "直角",
            "侧向",
            "下垂",
            "突起"
        ]
    ],
    "秀比": [
        "秀比",
        "Soapy",
        "似肥皂的",
        [
            "似",
            "肥皂",
            "形似",
            "清洁剂",
            "形如",
            "油脂",
            "香烟",
            "故名",
            "牛奶",
            "果汁",
            "化学药品",
            "故又名",
            "不似",
            "漂白",
            "玲珑",
            "黄油",
            "胶水",
            "近于",
            "故称",
            "有如"
        ]
    ],
    "三花": [
        "三花",
        "Three flowers",
        "三朵花",
        [
            "花",
            "花上",
            "小花",
            "萝卜",
            "兰花",
            "白花",
            "牵牛",
            "大花",
            "光阴",
            "红豆"
        ]
    ],
    "碎金": [
        "碎金",
        "Broken gold",
        "碎金",
        []
    ],
    "柳家": [
        "柳家",
        "Willow house",
        "柳树屋",
        [
            "柳树",
            "屋",
            "榆树",
            "松树",
            "的屋",
            "柏树",
            "枫树",
            "枫香",
            "桑树",
            "屋内",
            "家屋",
            "槐树",
            "宅",
            "青草",
            "屋子",
            "菱角",
            "屋中",
            "屋里",
            "新居",
            "石屋"
        ]
    ],
    "颓龄": [
        "颓龄",
        "Falling age",
        "下降年龄",
        [
            "下降",
            "年龄",
            "上升",
            "升高",
            "下滑",
            "增高",
            "回升",
            "减少",
            "降低",
            "急剧下降",
            "攀升",
            "年纪",
            "岁数",
            "平均年龄",
            "成年",
            "成年人",
            "年岁",
            "比率",
            "年龄组",
            "年长"
        ]
    ],
    "傲": [
        "傲",
        "Proud",
        "自豪的",
        [
            "自豪",
            "骄傲",
            "钦佩",
            "荣幸",
            "敬佩",
            "欣慰",
            "难以置信",
            "引以为傲",
            "钟爱",
            "了不起"
        ]
    ],
    "屈平餐": [
        "屈平餐",
        "Qu Ping meal",
        "曲平餐",
        []
    ],
    "露蕊鲜": [
        "露蕊鲜",
        "Fresh dew",
        "新鲜露水",
        [
            "新鲜",
            "露水",
            "美味",
            "食材",
            "好吃",
            "可口",
            "水果",
            "牛奶",
            "蜜糖",
            "云朵",
            "甜食",
            "雾气",
            "的食品",
            "薄雾",
            "夜晚",
            "清爽",
            "月光",
            "冬日",
            "的水",
            "金子"
        ]
    ],
    "爱孰": [
        "爱孰",
        "Love or not",
        "爱不爱",
        []
    ],
    "如陶": [
        "如陶",
        "Such as pottery",
        "例如陶器",
        [
            "陶器",
            "彩陶",
            "青瓷",
            "石器",
            "青铜器",
            "漆器",
            "器物",
            "铜器",
            "青铜",
            "陶瓷器"
        ]
    ],
    "五美": [
        "五美",
        "Five beauties",
        "五位美女",
        [
            "美女",
            "美人",
            "帅哥",
            "美艳",
            "帅气",
            "漂亮",
            "男扮女装",
            "美男子",
            "淑女",
            "贵妇"
        ]
    ],
    "未荒": [
        "未荒",
        "Unforeseen",
        "无法预料的",
        [
            "无法",
            "预料",
            "难以",
            "不能",
            "很难",
            "只能",
            "没有",
            "未能",
            "不会",
            "能够",
            "未",
            "预期",
            "预料到",
            "预计",
            "短期内",
            "届时",
            "在短期内",
            "预见",
            "考虑到",
            "所料"
        ]
    ],
    "侵阶翠": [
        "侵阶翠",
        "Invasion of terrace emerald green",
        "入侵梯田翠绿色",
        [
            "入侵",
            "梯田",
            "翠绿色",
            "侵略",
            "侵入",
            "进犯",
            "侵扰",
            "征服",
            "吞并",
            "发动战争",
            "紫色",
            "重新占领",
            "橘红色",
            "并吞",
            "蓝绿色",
            "黄色",
            "青色",
            "深红色",
            "坡地",
            "粉红色",
            "深绿色",
            "青绿色",
            "平地",
            "水田",
            "林木",
            "流水",
            "旱地",
            "农作",
            "平铺",
            "松林"
        ]
    ],
    "以知": [
        "以知",
        "To know",
        "知道",
        [
            "知道",
            "告诉",
            "明白",
            "告诉他",
            "并不知道",
            "想到",
            "真的",
            "其实",
            "发觉",
            "究竟"
        ]
    ],
    "最清": [
        "最清",
        "The clearest",
        "最清楚的",
        [
            "清楚",
            "确切",
            "明确",
            "明了",
            "确实",
            "相符",
            "可信",
            "正确",
            "吻合",
            "似乎"
        ]
    ],
    "人爱重": [
        "人爱重",
        "People love to be heavy",
        "人们喜欢变得沉重",
        [
            "喜欢",
            "变得",
            "沉重",
            "讨厌",
            "显得",
            "更加",
            "沈重",
            "越来越",
            "最喜欢",
            "爱好",
            "偏爱",
            "喜好",
            "害羞",
            "迷恋",
            "羡慕",
            "更为",
            "更喜欢",
            "脆弱",
            "愈发",
            "越发",
            "趋于",
            "似乎",
            "来得",
            "吃力",
            "捉襟见肘",
            "过重",
            "背负",
            "很重",
            "重压",
            "再加"
        ]
    ],
    "种异": [
        "种异",
        "Species diversity",
        "物种多样性",
        [
            "物种",
            "多样性",
            "亚种",
            "种群",
            "生境",
            "鸟类",
            "群落",
            "特有种",
            "生态",
            "品种",
            "哺乳动物",
            "类群",
            "生态系统",
            "自然环境",
            "动植物",
            "重要性",
            "多元性",
            "社会性",
            "自然",
            "丰富性"
        ]
    ],
    "成孤秀": [
        "成孤秀",
        "Cheng gu xiu",
        "程谷秀",
        []
    ],
    "子美": [
        "子美",
        "Zi mei",
        "子美",
        []
    ],
    "偏贵": [
        "偏贵",
        "Too expensive",
        "太贵了",
        [
            "太贵",
            "买不起",
            "较贵",
            "太高",
            "低价",
            "价格昂贵",
            "抱怨",
            "太少",
            "索性",
            "干脆"
        ]
    ],
    "未觉": [
        "未觉",
        "No sleep",
        "不睡觉",
        [
            "睡觉",
            "睡",
            "起床",
            "睡觉时",
            "吃饭",
            "睡着",
            "整天",
            "喝水",
            "叫醒",
            "半夜"
        ]
    ],
    "秋容寂": [
        "秋容寂",
        "Autumn is silent",
        "秋天是寂静的",
        [
            "秋天",
            "寂静",
            "春天",
            "秋季",
            "夏天",
            "春季",
            "冬天",
            "初夏",
            "夏末",
            "秋",
            "宁静",
            "安静",
            "喧嚣",
            "孤独",
            "孤寂",
            "一月",
            "仿佛",
            "陶醉",
            "冬日",
            "犹如"
        ]
    ],
    "满槛": [
        "满槛",
        "Full sill",
        "全门槛",
        [
            "全",
            "门槛",
            "投票率",
            "上限",
            "基本工资",
            "限额",
            "比率",
            "下限",
            "最低标准",
            "仅有",
            "以外",
            "当选者",
            "均",
            "全部都是",
            "如此一来",
            "同类型",
            "全都",
            "正因如此",
            "Pardosa",
            "</s>"
        ]
    ],
    "故放": [
        "故放",
        "So let it go",
        "所以放手吧",
        [
            "放手",
            "回头",
            "尽全力",
            "不顾一切",
            "下决心",
            "不行",
            "下定决心",
            "干脆",
            "就让",
            "再来"
        ]
    ],
    "乍见": [
        "乍见",
        "At first sight",
        "乍一看",
        []
    ],
    "蝶凝情": [
        "蝶凝情",
        "Butterfly coagulation",
        "蝴蝶凝固",
        [
            "蝴蝶",
            "凝固",
            "凝结",
            "熔化",
            "融化",
            "溶解",
            "蒸发",
            "硬化",
            "溶化",
            "蜻蜓",
            "变质",
            "沸腾",
            "兰花",
            "猫头鹰",
            "彩虹",
            "蝙蝠",
            "风铃",
            "燕子",
            "茉莉",
            "螳螂"
        ]
    ],
    "众葩": [
        "众葩",
        "All the money",
        "所有的钱",
        [
            "钱",
            "银子",
            "分钱",
            "钱财",
            "买",
            "银两",
            "借钱",
            "没钱",
            "一大笔钱",
            "花钱"
        ]
    ],
    "渊明": [
        "渊明",
        "Yuan Ming",
        "袁明",
        []
    ],
    "酒兴": [
        "酒兴",
        "Jiuxing",
        "九星",
        [
            "九星",
            "本命",
            "北斗七星",
            "七星",
            "北斗",
            "九宫",
            "九天",
            "长生",
            "大罗",
            "天一"
        ]
    ],
    "赊": [
        "赊",
        "Credit",
        "贷款",
        [
            "贷款",
            "利息",
            "借贷",
            "借款",
            "信贷",
            "担保",
            "款项",
            "抵押",
            "银行贷款",
            "额度"
        ]
    ],
    "千花": [
        "千花",
        "Thousands of flowers",
        "成千上万朵花",
        [
            "成千上万",
            "朵花",
            "数以千计",
            "花瓣",
            "数以万计",
            "数以百计",
            "成百上千",
            "花萼",
            "花朵",
            "小花",
            "花冠",
            "花被",
            "上百",
            "小叶",
            "雄花",
            "花为",
            "据称",
            "为数众多",
            "有数",
            "在在"
        ]
    ],
    "独尊": [
        "独尊",
        "Sole statue",
        "唯一雕像",
        [
            "雕像",
            "塑像",
            "雕塑",
            "半身像",
            "铜像",
            "方尖碑",
            "画像",
            "肖像",
            "石雕像",
            "复制品"
        ]
    ],
    "黄葵": [
        "黄葵",
        "ambrette",
        "ambrette",
        []
    ],
    "卫足": [
        "卫足",
        "Foot guard",
        "英国的近卫步兵",
        [
            "英国",
            "近卫",
            "步兵",
            "骑兵",
            "炮兵",
            "部队",
            "装甲部队",
            "炮兵部队",
            "美国",
            "法国",
            "爱尔兰",
            "骑兵团",
            "工兵",
            "荷兰",
            "轻装",
            "突击",
            "苏格兰",
            "加拿大",
            "英国政府",
            "大英帝国",
            "英美",
            "麿",
            "任从",
            "大尉",
            "阿部",
            "中将",
            "黑田",
            "总理大臣",
            "代当主",
            "牧野"
        ]
    ],
    "晔": [
        "晔",
        "bright",
        "明亮的",
        [
            "明亮",
            "暗淡",
            "光亮",
            "昏暗",
            "黯淡",
            "耀眼",
            "夜空",
            "醒目",
            "蓝白色",
            "亮"
        ]
    ],
    "新染": [
        "新染",
        "New dyeing",
        "新染色",
        [
            "新",
            "染色",
            "新的",
            "染料",
            "染色剂",
            "颜料",
            "上色",
            "切片",
            "皮肤上",
            "原先",
            "染",
            "着色",
            "另行",
            "最初",
            "漂白",
            "一新",
            "从新",
            "取而代之",
            "新近",
            "上新"
        ]
    ],
    "倚风": [
        "倚风",
        "Lean on the wind",
        "依靠风",
        [
            "依靠",
            "风",
            "依赖",
            "仰赖",
            "风吹",
            "西风",
            "吹拂",
            "吹",
            "北风",
            "借助",
            "大风",
            "倚赖",
            "仅靠",
            "缺少",
            "暴风",
            "只能靠",
            "倚靠",
            "雨",
            "和风",
            "借助于"
        ]
    ],
    "下吐": [
        "下吐",
        "Spit down",
        "吐出来",
        []
    ],
    "微香": [
        "微香",
        "Micro fragrance",
        "微香",
        []
    ],
    "倾头": [
        "倾头",
        "Tilting head",
        "倾斜头",
        [
            "倾斜",
            "头",
            "弯曲",
            "垂直",
            "两头",
            "脚",
            "抬升",
            "度角",
            "尾",
            "侧向",
            "倾斜度",
            "牛",
            "平直",
            "一头",
            "弧度",
            "侧面",
            "背",
            "背脊",
            "竖",
            "后头"
        ]
    ],
    "吐萼": [
        "吐萼",
        "Calyx vomit",
        "花萼呕吐物",
        [
            "花萼",
            "呕吐物",
            "花被",
            "花瓣",
            "雄蕊",
            "苞片",
            "萼片",
            "雄花",
            "花冠",
            "雌蕊",
            "花柱",
            "喉咙",
            "针筒",
            "脱水",
            "胃部",
            "刺鼻",
            "睡觉时",
            "喷嚏",
            "水杯",
            "其会"
        ]
    ],
    "黄冠": [
        "黄冠",
        "Huang Guan",
        "黄冠",
        []
    ],
    "仙态": [
        "仙态",
        "Immortal state",
        "不朽状态",
        [
            "状态",
            "稳定状态",
            "平衡状态",
            "状况",
            "静止状态",
            "情况下",
            "正常",
            "完全",
            "精神状态",
            "长时间"
        ]
    ],
    "倾日": [
        "倾日",
        "Tilt the sun",
        "倾斜太阳",
        [
            "倾斜",
            "太阳",
            "月亮",
            "弯曲",
            "木星",
            "垂直",
            "抬升",
            "度角",
            "天王星",
            "金星",
            "侧向",
            "倾斜度",
            "主星",
            "人马座",
            "星体",
            "平直",
            "弧度",
            "织女星",
            "水星",
            "侧面"
        ]
    ],
    "中央": [
        "中央",
        "Central",
        "中心的",
        [
            "中心",
            "的中心",
            "该中心",
            "其中心",
            "外围",
            "教育中心",
            "区域内",
            "一个中心",
            "中心地带",
            "为中心"
        ]
    ],
    "云鬓": [
        "云鬓",
        "Cloud temples",
        "云鬓",
        []
    ],
    "菩萨": [
        "菩萨",
        "Bodhisattva",
        "菩萨",
        [
            "菩萨",
            "阿弥陀佛",
            "观世音",
            "如来",
            "观音菩萨",
            "地藏",
            "弥勒",
            "佛祖",
            "释迦牟尼",
            "文殊"
        ]
    ],
    "面": [
        "面",
        "surface",
        "表面",
        [
            "表面",
            "表层",
            "颗粒",
            "外层",
            "微小",
            "表面会",
            "很薄",
            "凹凸不平",
            "较厚",
            "内层"
        ]
    ],
    "蜡梅": [
        "蜡梅",
        "Chimonanthus praecox",
        "蜡梅",
        [
            "蜡梅",
            "蓝花",
            "何其",
            "赤杨",
            "瑞香",
            "黄花",
            "绣球花",
            "天籁",
            "红叶",
            "玉溪"
        ]
    ],
    "叶如": [
        "叶如",
        "Leaves such as",
        "叶子如",
        [
            "叶子",
            "花朵",
            "枝条",
            "树叶",
            "树干",
            "果实",
            "枝叶",
            "嫩叶",
            "小叶",
            "茎叶"
        ]
    ],
    "鸭掌": [
        "鸭掌",
        "Duck paw",
        "鸭爪",
        [
            "鸭",
            "爪",
            "趾",
            "鸡",
            "鹅",
            "爪子",
            "獠牙",
            "四肢",
            "腿",
            "腕",
            "牙",
            "龟壳",
            "雀",
            "叉",
            "橡皮",
            "鸭子",
            "猪",
            "雁",
            "狗",
            "小鸡"
        ]
    ],
    "侧耀": [
        "侧耀",
        "Sidelights",
        "侧记",
        []
    ],
    "烹同": [
        "烹同",
        "Cooking with",
        "用...烹饪",
        [
            "烹饪",
            "烹调",
            "料理",
            "菜肴",
            "饮食",
            "厨师",
            "饮茶",
            "泡茶",
            "糕点",
            "做菜"
        ]
    ]
}