{
    "制作": [
        "制作",
        "Making",
        "制造",
        [
            "制造",
            "生产",
            "研发",
            "所制造",
            "装配",
            "生产商",
            "工业用",
            "制做",
            "仿造",
            "制造者"
        ]
    ],
    "宜和": [
        "宜和",
        "Appropriate peace",
        "适当的和平",
        [
            "适当",
            "和平",
            "必要",
            "合理",
            "合适",
            "恰当",
            "必需",
            "尽量",
            "相应",
            "前提",
            "团结",
            "须要",
            "和解",
            "解放",
            "和平共处",
            "维护和平",
            "团结一致",
            "争取和平",
            "团结起来",
            "和平共存"
        ]
    ],
    "宜行": [
        "宜行",
        "Appropriate",
        "适当的",
        [
            "适当",
            "必要",
            "合理",
            "合适",
            "恰当",
            "必需",
            "尽量",
            "相应",
            "前提",
            "须要"
        ]
    ],
    "履同": [
        "履同",
        "Walking together",
        "一起走",
        [
            "一起",
            "走",
            "一同",
            "回头",
            "前行",
            "走到",
            "独自",
            "朋友们",
            "走去",
            "跟着",
            "丢下",
            "走回",
            "两人",
            "三人",
            "独自一人",
            "放",
            "停下来",
            "两兄弟",
            "四人",
            "一齐"
        ]
    ],
    "能全": [
        "能全",
        "Full energy",
        "全能量",
        [
            "全",
            "能量",
            "动能",
            "总能量",
            "热能",
            "热量",
            "高能量",
            "光子",
            "光能",
            "能量密度",
            "电磁场",
            "仅有",
            "以外",
            "均",
            "全部都是",
            "同类型",
            "全都",
            "正因如此",
            "Pardosa",
            "</s>"
        ]
    ],
    "救疗": [
        "救疗",
        "Rescue therapy",
        "抢救疗法",
        [
            "抢救",
            "疗法",
            "治疗",
            "治疗法",
            "替代疗法",
            "药物",
            "化学疗法",
            "救治",
            "临床",
            "麻醉药",
            "急救",
            "抢救无效",
            "救人",
            "送医",
            "制剂",
            "医学上",
            "救助",
            "疗伤",
            "受困",
            "幸而"
        ]
    ],
    "喙吐": [
        "喙吐",
        "Spike of beak",
        "喙尖",
        [
            "喙",
            "尖",
            "嘴",
            "钝",
            "尾巴",
            "颌",
            "尾羽",
            "趾",
            "鼻",
            "口鼻",
            "颈部",
            "沙嘴",
            "下颚",
            "细",
            "叉",
            "翘",
            "凸",
            "尖头",
            "似"
        ]
    ],
    "乐饮": [
        "乐饮",
        "Happy drinking",
        "快乐饮酒",
        [
            "快乐",
            "饮酒",
            "喝酒",
            "幸福",
            "美好",
            "饮宴",
            "欢乐",
            "开心",
            "饮",
            "无忧无虑",
            "愉快",
            "孤独",
            "甜蜜",
            "寂寞",
            "喝醉",
            "抽烟",
            "酒醉",
            "酒后",
            "吃喝",
            "嗜酒"
        ]
    ],
    "颜子": [
        "颜子",
        "Yan zi",
        "晏子",
        []
    ],
    "胸藏": [
        "胸藏",
        "Chest hide",
        "胸藏",
        []
    ],
    "嫌喧": [
        "嫌喧",
        "Too loud",
        "太大声了",
        [
            "太",
            "大声",
            "大叫",
            "大喊",
            "高声",
            "过于",
            "听见",
            "呼喊",
            "台下",
            "起身",
            "有点",
            "低头",
            "叫喊",
            "实在太",
            "想像中",
            "实在",
            "来得",
            "不算",
            "毕竟",
            "缘故"
        ]
    ],
    "鄙": [
        "鄙",
        "low",
        "低的",
        [
            "低",
            "较低",
            "较高",
            "高",
            "更高",
            "极低",
            "很低",
            "高于",
            "偏高",
            "较差"
        ]
    ],
    "磨镜": [
        "磨镜",
        "Grinding mirror",
        "研磨镜",
        [
            "研磨",
            "镜",
            "加工",
            "切削",
            "烘烤",
            "打磨",
            "抛光",
            "切割",
            "制成",
            "薄片",
            "木片",
            "镜子",
            "光",
            "影",
            "屏",
            "镜面",
            "美人",
            "勾",
            "透",
            "虹"
        ]
    ],
    "磨开": [
        "磨开",
        "Grind away",
        "磨掉",
        []
    ],
    "古物": [
        "古物",
        "fossil",
        "化石",
        [
            "化石",
            "标本",
            "地层",
            "古生物学家",
            "头颅骨",
            "骨骸",
            "恐龙",
            "骨骼",
            "龙化石",
            "骨头"
        ]
    ],
    "汉中": [
        "汉中",
        "hanzhong",
        "汉中",
        [
            "汉中",
            "关中",
            "蜀地",
            "益州",
            "襄阳",
            "平凉",
            "南郑",
            "天水",
            "汉中市",
            "入蜀"
        ]
    ],
    "银魄": [
        "银魄",
        "Silver spirit",
        "银精灵",
        [
            "银",
            "精灵",
            "矮人",
            "铜",
            "魔族",
            "银两",
            "兽人",
            "妖精",
            "恶魔",
            "的精灵",
            "哈比人",
            "魔王",
            "白银",
            "地精",
            "银和",
            "缯",
            "金制",
            "料",
            "皂",
            "金和"
        ]
    ],
    "纤翳": [
        "纤翳",
        "Filament",
        "灯丝",
        [
            "灯丝",
            "灯泡",
            "电弧",
            "阳极",
            "阴极",
            "栅极",
            "真空管",
            "荧光灯",
            "电子元件",
            "水银"
        ]
    ],
    "有见": [
        "有见",
        "See you",
        "再见",
        [
            "再见",
            "妳",
            "谢谢",
            "插曲",
            "告别",
            "艳阳天",
            "想念",
            "想见",
            "我家",
            "<BR>"
        ]
    ],
    "如冰彻": [
        "如冰彻",
        "Such as ice cream",
        "例如冰淇淋",
        [
            "冰淇淋",
            "巧克力",
            "面包",
            "咖啡",
            "奶油",
            "牛奶",
            "零食",
            "甜甜圈",
            "饼干",
            "糖果"
        ]
    ],
    "照见": [
        "照见",
        "Photograph",
        "相片",
        [
            "相片",
            "照片",
            "图片",
            "拍照",
            "片段",
            "相簿",
            "合照",
            "截图",
            "剧照",
            "幻灯片"
        ]
    ],
    "寒冰": [
        "寒冰",
        "Ice",
        "冰",
        [
            "冰",
            "冰层",
            "融化",
            "冰冻",
            "冰山",
            "冰块",
            "冰河",
            "融解",
            "冻",
            "雪"
        ]
    ],
    "皎月明": [
        "皎月明",
        "Kyaukphyun",
        "皎漂",
        [
            "皎",
            "漂",
            "浪",
            "沉",
            "浮",
            "曼德勒",
            "舟",
            "枯",
            "筏",
            "腊",
            "长流",
            "羡",
            "王在",
            "普安",
            "拓",
            "经年累月",
            "圣万桑",
            "</s>",
            "Pardosa"
        ]
    ],
    "微尘": [
        "微尘",
        "mote",
        "尘埃",
        [
            "尘埃",
            "微粒",
            "岩屑",
            "云气",
            "灰尘",
            "尘粒",
            "气体云",
            "颗粒",
            "太阳风",
            "致密"
        ]
    ],
    "复生": [
        "复生",
        "resuscitation",
        "复苏",
        [
            "复苏",
            "衰退",
            "崛起",
            "蓬勃发展",
            "消退",
            "转变",
            "持续发展",
            "停滞不前",
            "的发展",
            "有所发展"
        ]
    ],
    "纔观": [
        "纔观",
        "Talent view",
        "人才观",
        []
    ],
    "似月明": [
        "似月明",
        "Like moonlight",
        "像月光一样",
        [
            "月光",
            "月亮",
            "夜晚",
            "黎明",
            "黑夜",
            "雨",
            "日光",
            "冬日",
            "白雪",
            "虹"
        ]
    ],
    "波开": [
        "波开",
        "Wave opening",
        "波浪开口",
        [
            "波浪",
            "开口",
            "海浪",
            "水波",
            "波纹",
            "嘴巴",
            "水滴",
            "口部",
            "侧边",
            "前端",
            "涟漪",
            "口",
            "尾端",
            "朝北",
            "浪花",
            "退潮",
            "微微",
            "侧面",
            "卷起",
            "水平线"
        ]
    ],
    "闲人": [
        "闲人",
        "Idler",
        "懒汉",
        []
    ],
    "云尽": [
        "云尽",
        "Clouds are exhausted",
        "云已经耗尽了",
        [
            "云",
            "已经",
            "耗尽",
            "早已",
            "消耗",
            "用尽",
            "之前",
            "从未",
            "仍未",
            "并未",
            "仍然",
            "消耗掉",
            "枯竭",
            "现在",
            "不太可能",
            "早就",
            "剩下",
            "耗竭",
            "剩余",
            "用光",
            "尘",
            "所剩无几",
            "幽",
            "寒",
            "阳",
            "名曰",
            "碧",
            "皓",
            "虹",
            "容"
        ]
    ],
    "初生": [
        "初生",
        "primary",
        "初级的",
        []
    ],
    "奇物": [
        "奇物",
        "Odd things",
        "奇怪的事情",
        [
            "奇怪",
            "事情",
            "怪异",
            "什么事",
            "古怪",
            "诡异",
            "事",
            "好奇",
            "寻常",
            "好像",
            "有趣",
            "无聊",
            "不想",
            "奇特",
            "真的",
            "坏事",
            "一定会",
            "两件事",
            "好事",
            "心里"
        ]
    ],
    "备雨": [
        "备雨",
        "Prepare for rain",
        "准备下雨",
        [
            "准备",
            "下雨",
            "大雨",
            "下雪",
            "雨天",
            "打算",
            "准备好",
            "夜晚",
            "下起",
            "阴雨",
            "立即",
            "等待",
            "匆忙",
            "正要",
            "作准备",
            "睡觉时",
            "晴天",
            "马上",
            "将要",
            "下雨天"
        ]
    ],
    "遮雨": [
        "遮雨",
        "The rain",
        "雨",
        [
            "雨",
            "雾",
            "风雨",
            "雪",
            "寒",
            "枯",
            "夜",
            "飘",
            "月光",
            "雨天"
        ]
    ],
    "渔舍": [
        "渔舍",
        "Fishing house",
        "渔家",
        []
    ],
    "闲挂": [
        "闲挂",
        "Idle hanging",
        "闲置悬挂",
        [
            "闲置",
            "悬挂",
            "挂",
            "占用",
            "挂起",
            "荒废",
            "废弃",
            "空置",
            "挂有",
            "搬离",
            "旗杆",
            "迁走",
            "竖立",
            "拆掉",
            "资金不足",
            "放置",
            "摆放",
            "安放",
            "清空",
            "置放"
        ]
    ],
    "醉江皋": [
        "醉江皋",
        "Drunk Jiang Gao",
        "喝醉的高江",
        [
            "喝醉",
            "喝酒",
            "喝得",
            "酒醉",
            "做爱",
            "睡着",
            "喝醉酒",
            "发怒",
            "冷静下来",
            "装作"
        ]
    ],
    "碎珠": [
        "碎珠",
        "Broken beads",
        "碎珠子",
        [
            "碎",
            "珠子",
            "打碎",
            "刨",
            "项链",
            "南瓜",
            "屑",
            "击碎",
            "沾",
            "卷起",
            "贝壳",
            "竹节",
            "裹",
            "后用",
            "枕头",
            "串珠",
            "波纹",
            "彩花",
            "大块",
            "</s>"
        ]
    ],
    "披星": [
        "披星",
        "Pixing",
        "像素化",
        [
            "像素",
            "化",
            "分辨率",
            "RGB",
            "纹理",
            "缩放",
            "图形",
            "屏幕",
            "图层",
            "VGA",
            "图像",
            "简化",
            "本土化",
            "化时",
            "转化",
            "立体化",
            "解构",
            "转化成",
            "既有",
            "所谓"
        ]
    ],
    "钓矶头": [
        "钓矶头",
        "Fishing head",
        "鱼头",
        [
            "鱼头",
            "粗",
            "鳗鱼",
            "肉块",
            "鱼和",
            "头",
            "鱼骨",
            "鱿鱼",
            "龟壳",
            "闭口"
        ]
    ],
    "晚披": [
        "晚披",
        "Late cape",
        "后角",
        []
    ],
    "柔翠": [
        "柔翠",
        "Roucui",
        "柔翠",
        []
    ],
    "红蓼": [
        "红蓼",
        "Polygonum hydropiper",
        "水蓼",
        [
            "水",
            "蓼",
            "的水",
            "井水",
            "水后",
            "池中",
            "冷水",
            "出水",
            "流水",
            "浮",
            "中水",
            "丁香",
            "韭",
            "柘",
            "冬青",
            "大黄",
            "枣",
            "蒲公英",
            "槐",
            "柿"
        ]
    ],
    "露缀": [
        "露缀",
        "Lucille",
        "露西尔",
        [
            "露西",
            "凯蒂",
            "艾米",
            "珍妮",
            "凯特",
            "莉莉",
            "乔伊",
            "伦纳德",
            "马修",
            "艾玛"
        ]
    ],
    "千珠重": [
        "千珠重",
        "Thousands of beads",
        "成千上万颗珠子",
        [
            "成千上万",
            "珠子",
            "数以千计",
            "数以万计",
            "数以百计",
            "成百上千",
            "项链",
            "上百",
            "贝壳",
            "竹节",
            "枕头",
            "串珠",
            "据称",
            "波纹",
            "为数众多",
            "有数",
            "彩花",
            "大块",
            "在在",
            "</s>"
        ]
    ],
    "微行": [
        "微行",
        "Micro - line",
        "微线",
        []
    ],
    "衬地": [
        "衬地",
        "Ground lining",
        "地面衬里",
        [
            "地面",
            "高处",
            "障碍物",
            "地上",
            "垂直",
            "顶部",
            "底部",
            "高空",
            "离地",
            "斜坡"
        ]
    ],
    "柔如褥": [
        "柔如褥",
        "Soft as a mattress",
        "柔软如床垫",
        [
            "柔软",
            "床垫",
            "坚硬",
            "粗糙",
            "结实",
            "蓬松",
            "纤细",
            "卷曲",
            "厚实",
            "较厚",
            "粗大",
            "枕头",
            "软垫",
            "木头",
            "沙发",
            "篮子",
            "盘子",
            "皮带",
            "床",
            "肥皂"
        ]
    ],
    "芣": [
        "芣",
        "Mi",
        "大音阶的第三音",
        [
            "音",
            "发音",
            "音调",
            "读音",
            "韵",
            "浊音",
            "同音",
            "鼻音",
            "上声",
            "读法"
        ]
    ],
    "香中": [
        "香中",
        "Fragrance",
        "香味",
        [
            "香味",
            "香气",
            "味道",
            "气味",
            "甜味",
            "风味",
            "酸味",
            "苦味",
            "果香",
            "味"
        ]
    ],
    "宁顾": [
        "宁顾",
        "Ning gu",
        "顾宁",
        []
    ],
    "雪霜侵": [
        "雪霜侵",
        "Snow intrusion",
        "雪侵入",
        [
            "雪",
            "侵入",
            "入侵",
            "侵占",
            "雨",
            "进犯",
            "残余",
            "进逼",
            "渗透",
            "霜",
            "重新占领",
            "大举进攻",
            "赶出",
            "露",
            "雾",
            "枯",
            "寒",
            "白雪",
            "碧",
            "喜"
        ]
    ],
    "片玉寒": [
        "片玉寒",
        "Piece of jade cold",
        "一块冰冷的玉石",
        [
            "一块",
            "玉石",
            "玉器",
            "石头",
            "绿松石",
            "木头",
            "象牙",
            "小块",
            "石板",
            "铜器",
            "工艺品",
            "宝石",
            "上面",
            "白玉",
            "边上",
            "大块",
            "旁边",
            "砖头",
            "玉",
            "故称"
        ]
    ],
    "独自": [
        "独自",
        "Alone",
        "单独的",
        [
            "单独",
            "分开",
            "直接",
            "原则上",
            "另行",
            "实际上",
            "基本上",
            "之外",
            "实质上",
            "除此以外"
        ]
    ],
    "钓寒江": [
        "钓寒江",
        "Fishing for the Hanjiang River",
        "汉江钓鱼",
        [
            "汉江",
            "钓鱼",
            "垂钓",
            "鸭绿江",
            "长江",
            "汉水",
            "钓",
            "洛东江",
            "清川江",
            "捕鱼",
            "冲浪",
            "大同江",
            "嘉陵江",
            "潜水",
            "丹江",
            "泛舟",
            "锦江",
            "游水",
            "渔夫",
            "游"
        ]
    ],
    "披风": [
        "披风",
        "Cloak",
        "斗蓬",
        []
    ],
    "整似": [
        "整似",
        "Entire appearance",
        "整体外观",
        [
            "整体",
            "外观",
            "外观上",
            "外形",
            "外型",
            "总体",
            "形状",
            "造型",
            "轮廓",
            "外表",
            "样式",
            "外观设计",
            "主体",
            "基本",
            "适度",
            "结构上",
            "连续性",
            "既有",
            "整体而言",
            "全面性"
        ]
    ],
    "梳": [
        "梳",
        "comb",
        "梳子",
        [
            "梳子",
            "饰品",
            "刺绣",
            "布料",
            "织物",
            "皮革",
            "饰物",
            "装饰品",
            "衣饰",
            "编织成"
        ]
    ],
    "驱蝇": [
        "驱蝇",
        "Fly repelling",
        "驱蝇",
        []
    ],
    "绮语": [
        "绮语",
        "Yee language",
        "绮语",
        []
    ],
    "王衍": [
        "王衍",
        "Wang Yan",
        "王燕",
        []
    ],
    "驱去": [
        "驱去",
        "Drive away",
        "赶走",
        [
            "赶走",
            "赶出",
            "杀掉",
            "驱赶",
            "趁机",
            "抓住",
            "激怒",
            "赶跑",
            "赶出去",
            "怂恿"
        ]
    ],
    "警": [
        "警",
        "Police",
        "警察",
        [
            "警察",
            "警员",
            "警官",
            "执法人员",
            "警察局",
            "员警",
            "警局",
            "宪兵",
            "保安人员",
            "便衣"
        ]
    ],
    "蚋": [
        "蚋",
        "blackfly",
        "蚋",
        [
            "蚋",
            "新庄",
            "新港社",
            "牛埔",
            "古亭",
            "田寮",
            "中里",
            "巴布",
            "中洲",
            "玉井"
        ]
    ],
    "厘尾": [
        "厘尾",
        "Tailing",
        "残渣",
        [
            "残渣",
            "泥土",
            "木炭",
            "灰尘",
            "蜂蜡",
            "残留物",
            "密封",
            "残余物",
            "尘土",
            "烟熏"
        ]
    ],
    "紫龙髯": [
        "紫龙髯",
        "Zi Long beard",
        "子长胡子",
        [
            "子",
            "弟",
            "姪",
            "三子",
            "长子",
            "兄",
            "次子",
            "侄",
            "叔父",
            "孙子"
        ]
    ],
    "讲玄言": [
        "讲玄言",
        "Talk about the mystery",
        "谈论神秘",
        [
            "谈论",
            "神秘",
            "谈及",
            "谈到",
            "谜样",
            "幽灵",
            "神奇",
            "黑暗",
            "问及",
            "诡异",
            "讲到",
            "争辩",
            "鬼魂",
            "问到",
            "说道",
            "发表意见",
            "不可思议",
            "谈谈",
            "隐秘",
            "寻宝"
        ]
    ],
    "散迷云": [
        "散迷云",
        "Scattered clouds",
        "散云",
        []
    ],
    "庄周": [
        "庄周",
        "zhuangzhou",
        "庄周",
        []
    ],
    "拂开": [
        "拂开",
        "Blow away",
        "吹走",
        [
            "吹",
            "走",
            "回头",
            "刮起",
            "前行",
            "走到",
            "风",
            "吹起",
            "风吹",
            "刮",
            "走去",
            "跟着",
            "丢下",
            "走回",
            "放",
            "停下来",
            "吹出",
            "无风",
            "落",
            "卷起"
        ]
    ],
    "远去": [
        "远去",
        "Away",
        "离开",
        [
            "离开",
            "离开了",
            "返回",
            "回到",
            "留在",
            "来到",
            "离去",
            "逃离",
            "进入",
            "重回"
        ]
    ],
    "幮": [
        "幮",
        "I'm sorry, but I'm not sure what I'm talking about is that I don't know what I'm talking about.",
        "对不起，我不知道我在说什么，我不知道我在说什么。",
        [
            "对不起",
            "知道",
            "说什么",
            "告诉",
            "明白",
            "告诉他",
            "并不知道",
            "想到",
            "真的",
            "其实",
            "发觉",
            "究竟",
            "心痛",
            "谢谢",
            "问道",
            "真是",
            "亲爱的",
            "是不是",
            "一句话",
            "没事",
            "没关系",
            "丢脸",
            "到底",
            "就让",
            "明明",
            "脱口而出",
            "还好",
            "想见"
        ]
    ],
    "针线": [
        "针线",
        "Needle and thread",
        "针线",
        [
            "针线",
            "梳子",
            "扇子",
            "裁缝",
            "洗衣",
            "包包",
            "白皮",
            "上头",
            "从前",
            "</s>"
        ]
    ],
    "刺绣": [
        "刺绣",
        "Embroidery",
        "刺绣",
        [
            "刺绣",
            "织锦",
            "剪纸",
            "绣花",
            "木雕",
            "缝制",
            "梳子",
            "版画",
            "手工艺",
            "金丝"
        ]
    ],
    "裁缝": [
        "裁缝",
        "Tailor",
        "裁缝",
        [
            "裁缝",
            "木匠",
            "鞋匠",
            "铁匠",
            "木工",
            "织布",
            "制革",
            "服装店",
            "店主",
            "搬运工"
        ]
    ],
    "细刺": [
        "细刺",
        "Fine thorn",
        "细刺",
        []
    ],
    "生寒影": [
        "生寒影",
        "Cold shadow",
        "冷阴影",
        [
            "冷",
            "阴影",
            "冻",
            "黑暗",
            "阴霾",
            "边缘",
            "光环",
            "影子",
            "寒",
            "冷热",
            "镜子",
            "双眼",
            "凝",
            "冷水",
            "噩梦",
            "恶梦",
            "的水",
            "稀",
            "和气",
            "</s>"
        ]
    ],
    "紝": [
        "紝",
        "Wei",
        "魏",
        [
            "魏",
            "曹",
            "秦",
            "齐",
            "后赵",
            "楚",
            "荀",
            "车骑",
            "吕",
            "颙"
        ]
    ],
    "织图": [
        "织图",
        "Weaving picture",
        "编织图片",
        [
            "编织",
            "图片",
            "照片",
            "相片",
            "图像",
            "截图",
            "幻灯片",
            "视频",
            "页面",
            "图表",
            "织成",
            "编织成",
            "缝制",
            "刺绣",
            "缝纫",
            "剪刀",
            "特写",
            "梳子",
            "藤条",
            "花样"
        ]
    ],
    "补缀": [
        "补缀",
        "patch",
        "修补",
        [
            "修补",
            "修复",
            "加固",
            "复原",
            "补强",
            "修整",
            "去除",
            "拔除",
            "补救",
            "复元"
        ]
    ],
    "密缝": [
        "密缝",
        "close joint",
        "密缝",
        []
    ],
    "朱几": [
        "朱几",
        "Zhu Ji",
        "朱姬",
        []
    ],
    "针端": [
        "针端",
        "Needle end",
        "针端",
        []
    ],
    "试鲜衣": [
        "试鲜衣",
        "Try fresh clothes",
        "试试新衣服",
        [
            "试试",
            "看看",
            "想来",
            "放心",
            "想必",
            "就让",
            "没用",
            "再来",
            "于是就",
            "才行"
        ]
    ],
    "穿整": [
        "穿整",
        "Dressing up",
        "角色扮演",
        [
            "角色扮演",
            "角色扮演游戏",
            "冒险游戏",
            "动作游戏",
            "RPG",
            "MMORPG",
            "的游戏",
            "电脑游戏",
            "即时战略",
            "手机游戏"
        ]
    ],
    "新鲜": [
        "新鲜",
        "Fresh",
        "新鲜的",
        [
            "新鲜",
            "美味",
            "食材",
            "好吃",
            "可口",
            "水果",
            "牛奶",
            "蜜糖",
            "甜食",
            "的食品"
        ]
    ],
    "窍孔": [
        "窍孔",
        "Orifice hole",
        "孔口孔",
        [
            "孔",
            "小孔",
            "圆孔",
            "上端",
            "开口",
            "下端",
            "盖",
            "中空",
            "接合处",
            "穿孔"
        ]
    ],
    "缝裁": [
        "缝裁",
        "Seam cutting",
        "接缝切割",
        [
            "接缝",
            "切割",
            "切割成",
            "挤压",
            "研磨",
            "切削",
            "切开",
            "接合",
            "整块",
            "切出",
            "支架",
            "金属板",
            "穿孔",
            "侧边",
            "大块",
            "很薄",
            "连接处",
            "侧面"
        ]
    ],
    "细忆时": [
        "细忆时",
        "Memorizing time",
        "记忆时间",
        [
            "记忆",
            "时间",
            "星期",
            "一段时间",
            "梦境",
            "小时",
            "心灵",
            "间隔时间",
            "潜意识",
            "整整",
            "无意识",
            "时长",
            "时间段",
            "等待时间",
            "失忆",
            "短时间",
            "清醒",
            "知觉",
            "思绪",
            "遗忘"
        ]
    ],
    "丝条": [
        "丝条",
        "Silk strip",
        "丝绸条",
        [
            "丝绸",
            "丝织品",
            "纺织品",
            "瓷器",
            "织物",
            "生丝",
            "羊毛",
            "地毯",
            "布料",
            "衣料"
        ]
    ],
    "贯串": [
        "贯串",
        "Through",
        "穿过",
        [
            "穿过",
            "穿越",
            "跨过",
            "横穿",
            "越过",
            "通向",
            "穿行",
            "横越",
            "绕过",
            "跨越"
        ]
    ],
    "数马": [
        "数马",
        "Counting horses",
        "数马",
        []
    ],
    "性刚": [
        "性刚",
        "Sexual rigidity",
        "性刚性",
        [
            "性",
            "刚性",
            "刚度",
            "弹性",
            "稳定性",
            "特质",
            "承重",
            "弹性体",
            "持续性",
            "壳体",
            "侧向",
            "功能性",
            "官能",
            "钢制",
            "普遍性",
            "病态",
            "柔性",
            "连续性",
            "开放性",
            "适度"
        ]
    ],
    "敲镫": [
        "敲镫",
        "Knock the stirrup",
        "敲打马镫",
        [
            "敲打",
            "马镫",
            "敲击",
            "敲",
            "拍打",
            "击打",
            "发出声响",
            "推开",
            "摇动",
            "挥动",
            "抬起",
            "独轮车",
            "铁制",
            "犁",
            "轮子",
            "滑雪板",
            "马鞍",
            "马背",
            "双头",
            "疙瘩"
        ]
    ],
    "马腹": [
        "马腹",
        "Horse belly",
        "马肚子",
        [
            "马",
            "肚子",
            "脑袋",
            "身子",
            "嘴里",
            "嘴巴",
            "脖子",
            "床上",
            "屁股",
            "两匹",
            "好像",
            "吓坏",
            "马和",
            "牛",
            "驼",
            "一匹马",
            "马在",
            "白马",
            "福",
            "</s>"
        ]
    ],
    "玉珂": [
        "玉珂",
        "Yuke",
        "柯宇",
        []
    ],
    "楚令": [
        "楚令",
        "Chu ling",
        "楚岭",
        []
    ],
    "李铭": [
        "李铭",
        "Li Ming",
        "李明",
        [
            "李明",
            "斌",
            "张志",
            "刘志",
            "李伟",
            "王伟",
            "王俊",
            "炜",
            "刘明",
            "华以"
        ]
    ],
    "投策": [
        "投策",
        "Investment policy",
        "投资政策",
        [
            "投资",
            "政策",
            "融资",
            "方针",
            "措施",
            "举措",
            "外交政策",
            "注资",
            "企业",
            "投资者",
            "投资额",
            "政府",
            "房地产",
            "外资",
            "海外投资",
            "入股",
            "财政政策",
            "税制",
            "国策",
            "新政策"
        ]
    ],
    "节劲": [
        "节劲",
        "Saving energy",
        "节约能源",
        [
            "节约能源",
            "节能",
            "照明",
            "照明系统",
            "空气调节",
            "环境保护",
            "能源消耗",
            "制冷",
            "保护环境",
            "特别设计"
        ]
    ]
}