{
    "抽麦": [
        "抽麦",
        "Pumping wheat",
        "抽水小麦",
        [
            "抽水",
            "小麦",
            "玉米",
            "谷物",
            "马铃薯",
            "棉花",
            "甜菜",
            "大米",
            "大豆",
            "大麦",
            "燕麦",
            "抽水机",
            "水桶",
            "注水",
            "水车",
            "水泵",
            "吊车",
            "的水",
            "将水",
            "过水"
        ]
    ],
    "鸟碎": [
        "鸟碎",
        "Bird shreds",
        "鸟碎片",
        [
            "鸟",
            "碎片",
            "残骸",
            "碎块",
            "碎裂",
            "雉",
            "雁",
            "蛇",
            "鸽",
            "破碎",
            "禽",
            "鹭",
            "乌鸦",
            "似",
            "鸵鸟",
            "坑洞",
            "散落",
            "破洞",
            "打碎",
            "大块"
        ]
    ],
    "吹雨": [
        "吹雨",
        "Blow rain",
        "吹雨",
        []
    ],
    "吹嘘": [
        "吹嘘",
        "Boasting",
        "吹嘘",
        [
            "吹嘘",
            "撒谎",
            "自夸",
            "据称",
            "眼里",
            "说是",
            "倒是",
            "令人吃惊",
            "据闻",
            "</s>"
        ]
    ],
    "皱绿": [
        "皱绿",
        "Crimped green",
        "卷曲绿",
        [
            "卷曲",
            "绿",
            "蓝",
            "缠绕",
            "绿色",
            "丝状",
            "管状",
            "柔软",
            "伸长",
            "螺旋状",
            "红",
            "纤细",
            "黄绿",
            "条状",
            "紫",
            "肥大",
            "紫色",
            "双色",
            "浅蓝",
            "橙"
        ]
    ],
    "鸣条": [
        "鸣条",
        "Sound signal",
        "声音信号",
        [
            "声音",
            "信号",
            "讯号",
            "声响",
            "歌声",
            "笑声",
            "人声",
            "感觉",
            "频率",
            "音调",
            "接收器",
            "刺耳",
            "沙哑",
            "声效",
            "频谱",
            "接收机",
            "回波",
            "路径",
            "瞬时",
            "波形"
        ]
    ],
    "飞絮": [
        "飞絮",
        "willow catkins flying in the air",
        "柳絮在空中飞舞",
        [
            "柳絮",
            "空中",
            "飞舞",
            "直升机",
            "高空",
            "气球",
            "盘旋",
            "飘",
            "地面部队",
            "有如",
            "低空",
            "仿佛",
            "飞行中",
            "变幻",
            "飘浮",
            "机群",
            "直升飞机",
            "陆上",
            "卷起",
            "犹如",
            "好似",
            "天边",
            "纸飞机",
            "相会",
            "青山镇",
            "别离",
            "白雪",
            "燕子",
            "留到",
            "上回"
        ]
    ],
    "开花": [
        "开花",
        "Flowering",
        "开花",
        [
            "开花",
            "花期",
            "发芽",
            "盛开",
            "采收",
            "早春",
            "时节",
            "初夏",
            "秋冬季",
            "夏末"
        ]
    ],
    "擘": [
        "擘",
        "thumb",
        "拇指",
        [
            "拇指",
            "手掌",
            "食指",
            "手指",
            "大拇指",
            "后脚",
            "指尖",
            "把手",
            "单手",
            "小指"
        ]
    ],
    "碧皱": [
        "碧皱",
        "Blue wrinkle",
        "蓝色皱纹",
        [
            "蓝色",
            "皱纹",
            "红色",
            "深蓝色",
            "白色",
            "黄色",
            "粉红色",
            "橙色",
            "紫色",
            "金色",
            "浅蓝色",
            "波纹",
            "皮肤上",
            "水泡",
            "白斑",
            "苍白",
            "白点",
            "睫毛",
            "肉色",
            "颗粒状"
        ]
    ],
    "水面": [
        "水面",
        "Water surface",
        "水表面",
        [
            "水",
            "表面",
            "的水",
            "表层",
            "井水",
            "颗粒",
            "水后",
            "外层",
            "微小",
            "池中",
            "表面会",
            "很薄",
            "凹凸不平",
            "较厚",
            "内层",
            "冷水",
            "出水",
            "流水",
            "浮",
            "中水"
        ]
    ],
    "扬芳": [
        "扬芳",
        "Yang Fang",
        "杨芳",
        [
            "杨芳",
            "闽粤",
            "迨",
            "必先",
            "先期",
            "嗣后",
            "td>",
            "Pardosa",
            "</s>",
            "<tr>"
        ]
    ],
    "苑囿": [
        "苑囿",
        "Yuan Yu",
        "袁宇",
        []
    ],
    "暖舒": [
        "暖舒",
        "Warm sigh",
        "温暖的叹息",
        [
            "温暖",
            "叹息",
            "寒冷",
            "凉爽",
            "暖和",
            "炎热",
            "泪流满面",
            "较冷",
            "感叹",
            "哭泣",
            "流泪",
            "感慨",
            "吹拂",
            "夏天",
            "泣",
            "宁静",
            "不禁",
            "一年四季",
            "叹",
            "从容"
        ]
    ],
    "声调": [
        "声调",
        "Tone of voice",
        "声调",
        [
            "声调",
            "调值",
            "入声",
            "韵母",
            "声韵",
            "音位",
            "上声",
            "韵尾",
            "变调",
            "音韵"
        ]
    ],
    "管脆": [
        "管脆",
        "Pipe embrittlement",
        "管道脆化",
        [
            "管道",
            "管线",
            "管路",
            "渠道",
            "输油管",
            "油管",
            "水管",
            "燃气",
            "的水",
            "直接"
        ]
    ],
    "暗催": [
        "暗催",
        "Dark catalysis",
        "暗催化",
        [
            "暗",
            "催化",
            "催化剂",
            "合成",
            "中间体",
            "催化反应",
            "亮",
            "裂解",
            "羧酸",
            "乙烯",
            "还原",
            "甲醇",
            "光",
            "瞳",
            "光亮",
            "黑",
            "见光",
            "虹",
            "天将",
            "在手"
        ]
    ],
    "南向": [
        "南向",
        "southing",
        "南向",
        [
            "南向",
            "东向",
            "北向",
            "朝西",
            "西向",
            "南至北",
            "由南向北",
            "正北",
            "由北向南",
            "朝北"
        ]
    ],
    "皱": [
        "皱",
        "Wrinkle",
        "皱纹",
        [
            "皱纹",
            "波纹",
            "皮肤上",
            "水泡",
            "白斑",
            "苍白",
            "白点",
            "睫毛",
            "肉色",
            "颗粒状"
        ]
    ],
    "绿波": [
        "绿波",
        "Green wave",
        "绿色波浪",
        [
            "绿色",
            "波浪",
            "海浪",
            "橙色",
            "黄色",
            "红色",
            "蓝色",
            "白色",
            "粉红色",
            "水波",
            "紫色",
            "浅绿色",
            "深蓝色",
            "波纹",
            "水滴",
            "涟漪",
            "浪花",
            "退潮",
            "卷起",
            "水平线"
        ]
    ],
    "红楼": [
        "红楼",
        "Red chamber",
        "红色室",
        [
            "红色",
            "室",
            "黄色",
            "白色",
            "蓝色",
            "橙色",
            "紫色",
            "黑色",
            "粉红色",
            "金色",
            "深蓝色",
            "二楼",
            "四楼",
            "一楼",
            "会议室",
            "房",
            "三楼",
            "寝室",
            "楼内",
            "过道"
        ]
    ],
    "扶暖": [
        "扶暖",
        "Warm up",
        "变暖",
        [
            "变暖",
            "气候变化",
            "气候变迁",
            "温室效应",
            "臭氧层",
            "变冷",
            "暖",
            "土壤侵蚀",
            "酸雨",
            "消融"
        ]
    ],
    "栊": [
        "栊",
        "cage",
        "监狱",
        [
            "监狱",
            "牢房",
            "囚犯",
            "监牢",
            "关押",
            "犯人",
            "的监狱",
            "所监狱",
            "牢狱",
            "拘留所"
        ]
    ],
    "轻举": [
        "轻举",
        "Light lift",
        "轻型升降机",
        [
            "升降机",
            "电梯",
            "大堂",
            "楼梯",
            "扶手",
            "洗手间",
            "闸口",
            "停车场",
            "泊车",
            "3楼"
        ]
    ],
    "香度": [
        "香度",
        "Fragrance",
        "香味",
        [
            "香味",
            "香气",
            "味道",
            "气味",
            "甜味",
            "风味",
            "酸味",
            "苦味",
            "果香",
            "味"
        ]
    ],
    "渐翥": [
        "渐翥",
        "Gradually",
        "渐渐地",
        [
            "渐渐",
            "慢慢",
            "逐渐",
            "日渐",
            "慢慢地",
            "很快",
            "越来越",
            "随之",
            "不断",
            "已然"
        ]
    ],
    "北": [
        "北",
        "North",
        "北方",
        [
            "北方",
            "南方",
            "东北",
            "中原地区",
            "内陆地区",
            "西南地区",
            "北方地区",
            "西北地区",
            "边陲",
            "东南地区"
        ]
    ],
    "飞鸿": [
        "飞鸿",
        "Feihong",
        "洪飞",
        []
    ],
    "春雪": [
        "春雪",
        "Spring snow",
        "春天粒雪",
        [
            "春天",
            "秋天",
            "夏天",
            "初夏",
            "冬天",
            "秋季",
            "春季",
            "夏末",
            "深秋",
            "盛夏"
        ]
    ],
    "妒梅": [
        "妒梅",
        "Jealous plum",
        "嫉妒李子",
        [
            "嫉妒",
            "李子",
            "妒忌",
            "怨恨",
            "憎恨",
            "爱慕",
            "厌恶",
            "忌妒",
            "憎恶",
            "妒嫉",
            "羡慕",
            "红薯",
            "柿子",
            "绿豆",
            "菠萝",
            "梨",
            "茸",
            "芒果",
            "红豆",
            "</s>"
        ]
    ],
    "压竹": [
        "压竹",
        "Bamboo pressing",
        "压竹",
        []
    ],
    "润麦": [
        "润麦",
        "Runmai",
        "润麦",
        []
    ],
    "迷花": [
        "迷花",
        "Fanhua",
        "樊华",
        []
    ],
    "燕寂": [
        "燕寂",
        "Yan Ji",
        "燕姬",
        []
    ],
    "禁暖": [
        "禁暖",
        "No warming",
        "没有变暖",
        [
            "没有",
            "变暖",
            "没",
            "并未",
            "无法",
            "气候变化",
            "不会",
            "不能",
            "从未",
            "未",
            "没有人",
            "很难",
            "气候变迁",
            "温室效应",
            "臭氧层",
            "变冷",
            "暖",
            "土壤侵蚀",
            "酸雨",
            "消融"
        ]
    ],
    "勒花": [
        "勒花",
        "Le Hua",
        "华乐",
        []
    ],
    "酒楼": [
        "酒楼",
        "Restaurants",
        "饭店",
        [
            "饭店",
            "酒店",
            "旅馆",
            "餐厅",
            "宾馆",
            "餐馆",
            "百货公司",
            "的酒店",
            "大饭店",
            "旅店"
        ]
    ],
    "埋萱": [
        "埋萱",
        "Buried Xuan",
        "埋玄",
        []
    ],
    "沃梅": [
        "沃梅",
        "Womei",
        "妇女",
        [
            "妇女",
            "女性",
            "妇人",
            "性工作者",
            "男士",
            "女童",
            "女权",
            "妇女儿童",
            "娼妓",
            "青年人"
        ]
    ],
    "压柳": [
        "压柳",
        "Willow pressing",
        "压柳",
        []
    ],
    "添寒": [
        "添寒",
        "Add cold",
        "加冷",
        []
    ],
    "折竹": [
        "折竹",
        "Folded bamboo",
        "折叠竹",
        [
            "折叠",
            "竹",
            "拉链",
            "堑",
            "接合",
            "螺旋",
            "竹子",
            "木",
            "卷曲",
            "翻转",
            "粘贴",
            "松",
            "苗",
            "剪切",
            "支架",
            "锦",
            "竹叶",
            "前端",
            "葫芦",
            "大竹"
        ]
    ],
    "千点": [
        "千点",
        "Thousands of dots",
        "成千上万的点",
        [
            "成千上万",
            "数以千计",
            "数以万计",
            "数以百计",
            "成百上千",
            "上百",
            "据称",
            "为数众多",
            "有数",
            "在在"
        ]
    ],
    "整整": [
        "整整",
        "full",
        "全部",
        []
    ],
    "融曳": [
        "融曳",
        "Melting drag",
        "熔化阻力",
        [
            "熔化",
            "阻力",
            "熔融",
            "凝固",
            "融化",
            "离心力",
            "空气阻力",
            "溶解",
            "压力",
            "摩擦力",
            "受热",
            "溶化",
            "浮力",
            "力矩",
            "熔解",
            "液态",
            "固化",
            "推进力",
            "涡流",
            "湍流"
        ]
    ],
    "轻洒": [
        "轻洒",
        "Lightly sprinkle",
        "轻洒",
        []
    ],
    "迷舞蝶": [
        "迷舞蝶",
        "Butterfly lovers",
        "蝴蝶爱好者",
        [
            "蝴蝶",
            "爱好者",
            "发烧友",
            "爱好",
            "蜻蜓",
            "迷",
            "同好",
            "兰花",
            "有兴趣",
            "猫头鹰",
            "影迷",
            "彩虹",
            "蝙蝠",
            "创作者",
            "制作者",
            "风铃",
            "燕子",
            "茉莉",
            "螳螂",
            "而出名"
        ]
    ],
    "枝枝絮": [
        "枝枝絮",
        "Branches and twigs",
        "树枝和细枝",
        [
            "树枝",
            "细枝",
            "树上",
            "树叶",
            "树干",
            "枝条",
            "木头",
            "树皮",
            "藤蔓",
            "树根",
            "树桩",
            "厚皮",
            "粗毛",
            "薄叶",
            "软木",
            "小叶",
            "罗马尼夫卡",
            "克拉斯涅",
            "马尔季尼夫卡",
            "斯塔夫基"
        ]
    ],
    "勒": [
        "勒",
        "rein in",
        "控制",
        [
            "控制",
            "掌控",
            "操控",
            "支配",
            "压制",
            "操纵",
            "管控",
            "依靠",
            "遏制",
            "高度集中"
        ]
    ],
    "花容": [
        "花容",
        "Flower size",
        "花的大小",
        [
            "花",
            "大小",
            "尺寸",
            "形状",
            "体积",
            "较小",
            "花上",
            "小花",
            "不等",
            "个数",
            "微小",
            "大小不一",
            "一般来说",
            "萝卜",
            "兰花",
            "白花",
            "牵牛",
            "大花",
            "光阴",
            "红豆"
        ]
    ],
    "疑": [
        "疑",
        "suspect",
        "怀疑",
        [
            "怀疑",
            "猜测",
            "可疑",
            "相信",
            "猜疑",
            "坚称",
            "欺骗",
            "知悉",
            "声称",
            "不以为然"
        ]
    ],
    "柳絮": [
        "柳絮",
        "Catkin",
        "柳絮",
        [
            "柳絮",
            "天边",
            "纸飞机",
            "相会",
            "青山镇",
            "别离",
            "白雪",
            "燕子",
            "留到",
            "上回"
        ]
    ],
    "寒禁": [
        "寒禁",
        "Cold ban",
        "冷禁令",
        [
            "冷",
            "禁令",
            "禁止",
            "冻",
            "法令",
            "教令",
            "严禁",
            "禁制",
            "强制",
            "准许",
            "不许",
            "寒",
            "冷热",
            "强制执行",
            "凝",
            "冷水",
            "的水",
            "稀",
            "和气",
            "</s>"
        ]
    ],
    "竹根": [
        "竹根",
        "Bamboo root",
        "竹根",
        []
    ],
    "尺园": [
        "尺园",
        "Ruler garden",
        "尺园",
        []
    ],
    "缤纷": [
        "缤纷",
        "profusions",
        "大量",
        []
    ],
    "旋消": [
        "旋消",
        "Spin - off",
        "剥离",
        [
            "剥离",
            "挤压",
            "碎裂",
            "分离",
            "致密",
            "分离出来",
            "重新组合",
            "复合",
            "移去",
            "除去"
        ]
    ],
    "舞絮": [
        "舞絮",
        "Dance floc",
        "舞蹈絮状物",
        [
            "舞蹈",
            "歌舞",
            "舞者",
            "表演",
            "表演者",
            "芭蕾",
            "跳舞",
            "街舞",
            "肚皮舞",
            "现代舞"
        ]
    ],
    "逐残梅": [
        "逐残梅",
        "Pruning plum",
        "修剪李子",
        [
            "修剪",
            "李子",
            "遮荫",
            "采摘",
            "裁切",
            "移栽",
            "除草",
            "盆栽",
            "老树",
            "遮盖",
            "剪",
            "红薯",
            "柿子",
            "绿豆",
            "菠萝",
            "梨",
            "茸",
            "芒果",
            "红豆",
            "</s>"
        ]
    ],
    "树花": [
        "树花",
        "Tree flower",
        "树花",
        []
    ],
    "讶": [
        "讶",
        "Stunned",
        "惊呆了",
        [
            "惊呆",
            "大吃一惊",
            "忍不住",
            "惊呼",
            "亲眼看到",
            "抱着",
            "居然",
            "还好",
            "就让",
            "恰巧"
        ]
    ],
    "梅花": [
        "梅花",
        "Plum blossom",
        "梅花",
        [
            "梅花",
            "菊花",
            "荷花",
            "牡丹",
            "莲花",
            "鸳鸯",
            "故又名",
            "桂花",
            "种花",
            "燕子"
        ]
    ],
    "冷欺花": [
        "冷欺花",
        "Cold deceives flowers",
        "寒冷欺骗花朵",
        [
            "寒冷",
            "欺骗",
            "花朵",
            "严寒",
            "炎热",
            "花瓣",
            "潮湿",
            "凉爽",
            "温暖",
            "果实",
            "叶子",
            "冬天",
            "愚弄",
            "一朵花",
            "恐吓",
            "酷热",
            "较冷",
            "暖和",
            "花苞",
            "骗",
            "羞辱",
            "掩饰",
            "故意",
            "雄花",
            "花为",
            "花蕾",
            "骗子",
            "小花",
            "撒谎",
            "迷惑"
        ]
    ],
    "滋蔬": [
        "滋蔬",
        "Vegetations",
        "生长",
        [
            "生长",
            "栖息于",
            "潮湿",
            "湿润",
            "繁殖",
            "植被",
            "土壤",
            "发育",
            "落叶",
            "多见于"
        ]
    ],
    "甲": [
        "甲",
        "A",
        "A",
        [
            "A",
            "B",
            "E",
            "S",
            "F",
            "C",
            "R",
            "H",
            "D",
            "G"
        ]
    ],
    "柳排": [
        "柳排",
        "Willow row",
        "柳排",
        []
    ],
    "金线": [
        "金线",
        "gold thread",
        "金线",
        [
            "金线",
            "银线",
            "红线",
            "红带",
            "紫",
            "黄线",
            "双带",
            "杂色",
            "Pardosa",
            "</s>"
        ]
    ],
    "准拟": [
        "准拟",
        "Quasi - fitting",
        "准拟合",
        [
            "准",
            "拟合",
            "数值",
            "最优",
            "量化",
            "匹配",
            "近似",
            "渐进",
            "定",
            "依例",
            "粗略",
            "也就是说",
            "二阶",
            "破例",
            "交",
            "并得",
            "原则上",
            "嗣后",
            "可不",
            "</s>"
        ]
    ],
    "春花": [
        "春花",
        "spring flower",
        "春花",
        [
            "春花",
            "海棠",
            "月宫",
            "百花",
            "清风",
            "玉兰",
            "燕子",
            "红花",
            "茉莉",
            "金凤"
        ]
    ],
    "飘来": [
        "飘来",
        "waft",
        "一股",
        []
    ],
    "梅共笑": [
        "梅共笑",
        "Mei Gongxiao",
        "梅红晓",
        []
    ],
    "已逐": [
        "已逐",
        "By",
        "经过",
        []
    ],
    "东风": [
        "东风",
        "Dongfeng",
        "东风",
        [
            "东风",
            "韶山",
            "TE",
            "东方红",
            "改进型",
            "ND",
            "DF",
            "-II",
            "4台",
            "9号"
        ]
    ],
    "地冻": [
        "地冻",
        "Ground freezing",
        "地面冻结",
        [
            "地面",
            "冻结",
            "高处",
            "障碍物",
            "地上",
            "垂直",
            "顶部",
            "底部",
            "高空",
            "离地",
            "斜坡",
            "失效",
            "解冻",
            "终止",
            "无限期",
            "剩余",
            "清空",
            "撤除",
            "移出",
            "形同"
        ]
    ],
    "萱": [
        "萱",
        "Xuan",
        "玄",
        [
            "玄",
            "渊",
            "幽",
            "鸾",
            "衡",
            "守一",
            "诠",
            "肇",
            "望月",
            "湛"
        ]
    ],
    "芽": [
        "芽",
        "Bud",
        "芽",
        [
            "芽",
            "花柱",
            "果",
            "分枝",
            "幼苗",
            "小叶",
            "长成",
            "生",
            "稀",
            "初夏"
        ]
    ],
    "润从": [
        "润从",
        "Run from",
        "逃离",
        [
            "逃离",
            "逃出",
            "逃脱",
            "逃亡",
            "逃到",
            "逃跑",
            "躲避",
            "逃走",
            "解救",
            "赶出"
        ]
    ],
    "茶点": [
        "茶点",
        "Tea",
        "茶",
        [
            "茶",
            "茶叶",
            "红茶",
            "酒",
            "泡茶",
            "白酒",
            "黄酒",
            "名茶",
            "饮茶",
            "燕窝"
        ]
    ],
    "绛葩": [
        "绛葩",
        "Crimson flower",
        "深红色的花",
        [
            "深红色",
            "花",
            "紫色",
            "黄色",
            "白色",
            "暗红色",
            "金黄色",
            "红色",
            "粉红色",
            "紫红色",
            "深蓝色",
            "花上",
            "小花",
            "萝卜",
            "兰花",
            "白花",
            "牵牛",
            "大花",
            "光阴",
            "红豆"
        ]
    ],
    "飞作": [
        "飞作",
        "Flying work",
        "飞行作业",
        [
            "飞行",
            "作业",
            "飞行中",
            "滑翔",
            "飞行器",
            "滑行",
            "着陆",
            "飞机",
            "航空器",
            "跳伞",
            "起飞",
            "检修",
            "机具",
            "调度",
            "厂内",
            "施作",
            "需",
            "发包",
            "扫雷",
            "仍须"
        ]
    ],
    "还随": [
        "还随",
        "Also with",
        "还有",
        []
    ],
    "稀": [
        "稀",
        "scarce",
        "缺乏的",
        [
            "缺乏",
            "缺少",
            "欠缺",
            "不足",
            "不够",
            "忽视",
            "依赖",
            "依赖于",
            "缺失",
            "考虑到"
        ]
    ],
    "林深": [
        "林深",
        "Lin Shen",
        "林申",
        []
    ],
    "花逼": [
        "花逼",
        "Flower force",
        "花力",
        []
    ],
    "艳阳": [
        "艳阳",
        "THE SUN",
        "太阳",
        [
            "太阳",
            "月亮",
            "木星",
            "天王星",
            "金星",
            "主星",
            "人马座",
            "星体",
            "织女星",
            "水星"
        ]
    ],
    "春晴": [
        "春晴",
        "Spring shine",
        "春光明媚",
        []
    ],
    "沙软": [
        "沙软",
        "Sand softening",
        "砂软化",
        [
            "砂",
            "软化",
            "砂土",
            "砂石",
            "泥",
            "沙砾",
            "浮",
            "变质",
            "加温",
            "盆",
            "去除",
            "漂",
            "锈",
            "渗入",
            "转化成",
            "抗拒",
            "中洲",
            "除去",
            "Pardosa",
            "</s>"
        ]
    ],
    "日高": [
        "日高",
        "Day height",
        "日高",
        []
    ],
    "斗草": [
        "斗草",
        "Bucket grass",
        "斗草",
        [
            "斗草",
            "含笑",
            "鸡鸣",
            "乌桕",
            "觅",
            "牵牛",
            "韦尔比夫卡",
            "马里亚尼夫卡",
            "马尔季尼夫卡",
            "斯塔夫基"
        ]
    ],
    "眺望": [
        "眺望",
        "overlook",
        "忽视",
        [
            "忽视",
            "忽略",
            "漠视",
            "容忍",
            "过分",
            "无视",
            "回避",
            "显然",
            "被忽视",
            "无论如何"
        ]
    ],
    "曙光": [
        "曙光",
        "Dawn",
        "黎明",
        [
            "黎明",
            "破晓",
            "黄昏",
            "月光",
            "午夜",
            "曙光",
            "黑夜",
            "时分",
            "子夜",
            "暗夜"
        ]
    ],
    "人意悦": [
        "人意悦",
        "People are happy",
        "人们很快乐",
        [
            "快乐",
            "幸福",
            "美好",
            "欢乐",
            "开心",
            "无忧无虑",
            "愉快",
            "孤独",
            "甜蜜",
            "寂寞"
        ]
    ],
    "风暖": [
        "风暖",
        "Warm wind",
        "暖风",
        []
    ],
    "寻芳": [
        "寻芳",
        "Searching for fragrance",
        "寻找香味",
        [
            "寻找",
            "香味",
            "找寻",
            "香气",
            "味道",
            "找到",
            "气味",
            "甜味",
            "寻觅",
            "找出",
            "追寻",
            "风味",
            "酸味",
            "苦味",
            "果香",
            "四处寻找",
            "味",
            "找回",
            "探寻",
            "找"
        ]
    ],
    "嬉游": [
        "嬉游",
        "Leisure tour",
        "休闲旅游",
        [
            "休闲",
            "旅游",
            "休闲娱乐",
            "餐饮",
            "游憩",
            "旅游观光",
            "休闲度假",
            "观光",
            "休闲活动",
            "消闲",
            "旅游服务",
            "观光旅游",
            "游览",
            "娱乐区",
            "好去处",
            "旅游者",
            "生态旅游",
            "购物",
            "旅游区"
        ]
    ],
    "鸟声": [
        "鸟声",
        "Birds",
        "鸟",
        [
            "鸟",
            "雉",
            "雁",
            "蛇",
            "鸽",
            "禽",
            "鹭",
            "乌鸦",
            "似",
            "鸵鸟"
        ]
    ],
    "碎": [
        "碎",
        "Broken",
        "破碎的",
        [
            "破碎",
            "碎裂",
            "碎片",
            "支离破碎",
            "边缘",
            "撕裂",
            "打碎",
            "大块",
            "近乎",
            "经年累月"
        ]
    ],
    "浮暖艳": [
        "浮暖艳",
        "Floating, Warm and Brilliant",
        "漂浮，温暖，灿烂",
        [
            "漂浮",
            "温暖",
            "灿烂",
            "飘浮",
            "寒冷",
            "凉爽",
            "暖和",
            "炎热",
            "美好",
            "悬浮",
            "美丽",
            "闪耀",
            "绽放",
            "水面",
            "光辉",
            "较冷",
            "海中",
            "浮",
            "吹拂",
            "闪亮",
            "飞溅",
            "夏天",
            "宁静",
            "浮起",
            "一年四季",
            "倾倒",
            "绚丽",
            "珍重",
            "有如",
            "光阴"
        ]
    ],
    "花含": [
        "花含",
        "Flower content",
        "花含量",
        [
            "花",
            "含量",
            "浓度",
            "所含",
            "纯度",
            "甜度",
            "含量比",
            "摄取",
            "含有",
            "酸度",
            "含铁",
            "花上",
            "小花",
            "萝卜",
            "兰花",
            "白花",
            "牵牛",
            "大花",
            "光阴",
            "红豆"
        ]
    ],
    "千绿媚": [
        "千绿媚",
        "Green and lovely",
        "绿色可爱",
        [
            "绿色",
            "可爱",
            "甜美",
            "橙色",
            "黄色",
            "红色",
            "蓝色",
            "漂亮",
            "温柔",
            "帅气",
            "迷人",
            "白色",
            "俏皮",
            "粉红色",
            "美丽",
            "紫色",
            "浅绿色",
            "深蓝色",
            "开朗",
            "天真"
        ]
    ]
}