{
    "燕除": [
        "燕除",
        "Swallow removal",
        "吞咽清除",
        [
            "吞咽",
            "清除",
            "清理",
            "清洗",
            "呼吸",
            "进食",
            "移除",
            "去除",
            "除去",
            "排便",
            "扫除",
            "清空",
            "口腔",
            "清扫",
            "咳嗽",
            "呕吐",
            "食道",
            "刷牙",
            "拔除",
            "神经性"
        ]
    ],
    "闻急": [
        "闻急",
        "Smell urgent",
        "闻起来很急",
        [
            "急",
            "缓",
            "遽",
            "难",
            "见",
            "催",
            "不意",
            "不下",
            "引",
            "稍稍"
        ]
    ],
    "莎根": [
        "莎根",
        "Sagan",
        "萨根",
        [
            "萨根",
            "卡尔·萨根",
            "霍金",
            "戈达德",
            "惠勒",
            "斯科尔",
            "安德森",
            "戴维",
            "从未见过",
            "早先"
        ]
    ],
    "蚊亡": [
        "蚊亡",
        "Mosquito death",
        "蚊子死亡",
        [
            "蚊子",
            "死亡",
            "丧生",
            "失踪",
            "丧命",
            "蟑螂",
            "苍蝇",
            "致死",
            "跳蚤",
            "寄生虫",
            "幸存者",
            "生还",
            "蚯蚓",
            "遇害",
            "死亡者",
            "蚂蚁",
            "被害",
            "蝎子",
            "蟒蛇",
            "鸭子"
        ]
    ],
    "天气": [
        "天气",
        "Weather",
        "天气",
        [
            "天气",
            "天气状况",
            "天气情况",
            "天候",
            "沙尘暴",
            "下雨",
            "气象条件",
            "阴雨",
            "大雾",
            "下雪"
        ]
    ],
    "厌纤罗": [
        "厌纤罗",
        "Anaerobic fiber",
        "厌氧纤维",
        [
            "厌氧",
            "纤维",
            "薄膜",
            "树脂",
            "厌氧菌",
            "织物",
            "纤维素",
            "表皮",
            "外皮",
            "橡胶",
            "拉伸",
            "细菌",
            "细丝",
            "微生物",
            "芽孢",
            "原生动物",
            "共生",
            "有机物",
            "菌类",
            "硝酸盐"
        ]
    ],
    "燕引雏": [
        "燕引雏",
        "Yan Yinchu",
        "严寅初",
        []
    ],
    "棱稗": [
        "棱稗",
        "Echinochloa crusgalli",
        "稗草",
        [
            "稗",
            "草",
            "菊",
            "诗话",
            "诗钞",
            "陶宗仪",
            "苋",
            "红花",
            "稻",
            "木",
            "青草",
            "竹叶",
            "白花",
            "芭蕉",
            "清人",
            "宋人",
            "茗",
            "中有",
            "记事",
            "实是"
        ]
    ],
    "催容": [
        "催容",
        "Prompt capacity",
        "即时容量",
        [
            "即时",
            "容量",
            "耗电量",
            "MB",
            "发电量",
            "立即",
            "使用量",
            "容量大",
            "量",
            "输出功率",
            "用量",
            "发电能力",
            "第一时间",
            "短时间内",
            "事前",
            "将会",
            "定时",
            "短时间",
            "即刻",
            "须要"
        ]
    ],
    "鸣秋": [
        "鸣秋",
        "Autumn singing",
        "秋天歌唱",
        [
            "秋天",
            "歌唱",
            "春天",
            "秋季",
            "夏天",
            "春季",
            "合唱",
            "冬天",
            "演唱",
            "唱歌",
            "独唱",
            "初夏",
            "才艺",
            "夏末",
            "重唱",
            "声乐",
            "秋",
            "音乐创作",
            "钢琴演奏",
            "一月"
        ]
    ],
    "半廊": [
        "半廊",
        "Half gallery",
        "半画廊",
        [
            "画廊",
            "美术馆",
            "艺廊",
            "艺术馆",
            "Gallery",
            "现代艺术博物馆",
            "艺术博物馆",
            "音乐厅",
            "艺术中心",
            "画室"
        ]
    ],
    "安仁": [
        "安仁",
        "Anren",
        "安仁",
        [
            "安仁",
            "鄱阳",
            "新宁",
            "东阳",
            "安福",
            "安远",
            "石城",
            "连城",
            "德兴",
            "乐平"
        ]
    ],
    "孤鸿入": [
        "孤鸿入",
        "Lone hon in",
        "孤注一掷",
        [
            "孤注一掷",
            "不甘心",
            "铤而走险",
            "不顾一切",
            "眼见",
            "正当",
            "下定决心",
            "一败涂地",
            "无计可施",
            "徒劳无功"
        ]
    ],
    "荡暑": [
        "荡暑",
        "Swinging summer heat",
        "夏季高温",
        [
            "夏季",
            "高温",
            "低温",
            "冬季",
            "加热",
            "高热",
            "湿度",
            "干燥",
            "冷却",
            "受热",
            "室温",
            "零下",
            "春季",
            "秋季",
            "奥林匹克运动会中国代表团",
            "夏天",
            "排球比赛",
            "索契",
            "篮球比赛",
            "冬奥"
        ]
    ],
    "栖林": [
        "栖林",
        "Habitat forest",
        "栖息地森林",
        [
            "栖息地",
            "森林",
            "栖地",
            "生境",
            "雨林",
            "丛林",
            "繁殖地",
            "种群",
            "沼泽",
            "群落",
            "原始森林",
            "热带雨林",
            "树林",
            "山谷",
            "野生动物",
            "荒野",
            "生态环境",
            "生态系统",
            "原野"
        ]
    ],
    "桐飞": [
        "桐飞",
        "Tung Fei",
        "董飞",
        []
    ],
    "凉深": [
        "凉深",
        "Cool depth",
        "冷却深度",
        [
            "冷却",
            "深度",
            "加热",
            "蒸发",
            "冷凝",
            "降温",
            "加压",
            "熔化",
            "凝固",
            "液态",
            "汽化",
            "最深处",
            "厚度",
            "广度",
            "高度",
            "深",
            "剖面",
            "深达",
            "尺度",
            "浅层"
        ]
    ],
    "晶": [
        "晶",
        "crystal",
        "透明的",
        [
            "透明",
            "半透明",
            "光亮",
            "薄膜",
            "表面",
            "透光",
            "绿色",
            "乳白色",
            "粉红色",
            "紫色"
        ]
    ],
    "律转": [
        "律转",
        "Law turn",
        "法律转向",
        [
            "法律",
            "转向",
            "立法",
            "普通法",
            "司法",
            "法律条文",
            "权利",
            "法令",
            "法规",
            "立法者",
            "法理",
            "改向",
            "移向",
            "靠拢",
            "转回",
            "朝向",
            "转为",
            "方向移动",
            "趋向",
            "继续发展"
        ]
    ],
    "商初": [
        "商初",
        "Early Shang dynasty",
        "商朝早期",
        [
            "商朝",
            "早期",
            "周朝",
            "西周",
            "夏朝",
            "殷商",
            "秦朝",
            "商代",
            "夏代",
            "后期",
            "战国时期",
            "晚期",
            "西周时期",
            "20世纪",
            "中期",
            "现代",
            "以前",
            "最初",
            "更早",
            "一时期"
        ]
    ],
    "霜信": [
        "霜信",
        "Frost letter",
        "霜封信",
        [
            "霜",
            "寒",
            "雪",
            "雨",
            "幽",
            "暗",
            "尘",
            "苍",
            "凝",
            "虹"
        ]
    ],
    "初传": [
        "初传",
        "Initial transmission",
        "初始传输",
        [
            "传输",
            "数据传输",
            "传送",
            "传输数据",
            "链路",
            "存储",
            "以太网",
            "光纤",
            "通信",
            "终端"
        ]
    ],
    "凝翠岭": [
        "凝翠岭",
        "Ning Cui Ling",
        "宁翠玲",
        []
    ],
    "战海银": [
        "战海银",
        "War silver",
        "战争银",
        [
            "战争",
            "银",
            "铜",
            "内战",
            "战事",
            "第一次世界大战",
            "独立战争",
            "一战",
            "世界大战",
            "军事冲突",
            "银两",
            "海湾战争",
            "一场战争",
            "白银",
            "银和",
            "缯",
            "金制",
            "料",
            "皂",
            "金和"
        ]
    ],
    "火不流": [
        "火不流",
        "Fire does not flow",
        "火不流动",
        [
            "火",
            "流动",
            "火焰",
            "烧",
            "烈焰",
            "移动",
            "火光",
            "扩散",
            "燃",
            "雨",
            "火神",
            "雷公",
            "悬浮",
            "雷电",
            "流向",
            "流出",
            "恒定",
            "震荡",
            "浮动",
            "的移动"
        ]
    ],
    "已报": [
        "已报",
        "Reported",
        "据报告的",
        [
            "报告",
            "调查报告",
            "调查结果",
            "研究报告",
            "年度报告",
            "分析报告",
            "通报",
            "份文件",
            "简报",
            "统计数据"
        ]
    ],
    "凉意": [
        "凉意",
        "Cool feeling",
        "凉爽的感觉",
        [
            "凉爽",
            "感觉",
            "感受",
            "炎热",
            "寒冷",
            "感觉到",
            "温暖",
            "好像",
            "潮湿",
            "感",
            "仿佛",
            "看上去",
            "暖和",
            "冲动",
            "心里",
            "想象",
            "闷热",
            "多雨",
            "一年四季",
            "冬天"
        ]
    ],
    "立夏": [
        "立夏",
        "Rikka",
        "瑞克",
        [
            "瑞克",
            "凯尔",
            "瑞斯",
            "珍娜",
            "杰森",
            "查克",
            "麦特",
            "萝拉",
            "提姆",
            "吉尔"
        ]
    ],
    "修景": [
        "修景",
        "Landscape restoration",
        "景观恢复",
        [
            "景观",
            "恢复",
            "自然景观",
            "景致",
            "景色",
            "风景",
            "景点",
            "人文景观",
            "美景",
            "完全恢复",
            "自然风景",
            "自然风光",
            "回复",
            "维持",
            "丧失",
            "直至",
            "以后",
            "恢复原",
            "稳定下来",
            "趋于稳定"
        ]
    ],
    "渐热": [
        "渐热",
        "Gradually heating",
        "逐渐加热",
        [
            "逐渐",
            "加热",
            "渐渐",
            "冷却",
            "慢慢",
            "日渐",
            "随之",
            "日益",
            "搅拌",
            "受热",
            "熔化",
            "室温",
            "迅速",
            "不断",
            "高温",
            "蒸发",
            "冷凝",
            "日趋",
            "混合物",
            "慢慢地"
        ]
    ],
    "暑至": [
        "暑至",
        "Summer solstice",
        "夏至",
        [
            "夏至",
            "秋分",
            "冬至",
            "春分",
            "节气",
            "满月",
            "夏末",
            "仲夏",
            "子夜",
            "春天"
        ]
    ],
    "葵日": [
        "葵日",
        "Kwai day",
        "葵日",
        []
    ],
    "薄暑": [
        "薄暑",
        "Thin summer",
        "薄夏",
        []
    ],
    "春渐": [
        "春渐",
        "Spring fades away",
        "春天消逝了",
        [
            "春天",
            "消逝",
            "秋天",
            "夏天",
            "遗忘",
            "初夏",
            "冬天",
            "秋季",
            "春季",
            "消失",
            "夏末",
            "深秋",
            "逝去",
            "盛夏",
            "忘却",
            "远去",
            "重现",
            "湮没",
            "再现",
            "显现"
        ]
    ],
    "杓": [
        "杓",
        "bail",
        "保释",
        [
            "保释",
            "假释",
            "获释",
            "服刑",
            "缓刑",
            "羁押",
            "无罪释放",
            "减刑",
            "出狱",
            "自首"
        ]
    ],
    "日催": [
        "日催",
        "Daily rush",
        "每日高峰",
        [
            "高峰",
            "顶峰",
            "高峰期",
            "巅峰",
            "颠峰",
            "最高峰",
            "鼎盛时期",
            "全盛期",
            "全盛时期",
            "最高潮"
        ]
    ],
    "熏生": [
        "熏生",
        "Fumigation",
        "烟熏",
        [
            "烟熏",
            "调味",
            "风干",
            "烤",
            "烘烤",
            "木炭",
            "碾碎",
            "蜂蜜",
            "熏",
            "蜂蜡"
        ]
    ],
    "老却": [
        "老却",
        "Old but",
        "旧的但是",
        [
            "旧",
            "原有",
            "新",
            "原来",
            "上新",
            "原先",
            "原本",
            "从新",
            "从前",
            "才将"
        ]
    ],
    "槐风": [
        "槐风",
        "Huai feng",
        "怀丰",
        []
    ],
    "闲天": [
        "闲天",
        "Idle days",
        "停留天数",
        [
            "停留",
            "天数",
            "逗留",
            "日数",
            "年数",
            "停留时间",
            "滞留",
            "冬至",
            "相隔",
            "起算",
            "整年",
            "时间段",
            "可到",
            "天都",
            "往年",
            "月份",
            "返程",
            "要到",
            "驻留",
            "上到"
        ]
    ],
    "初长": [
        "初长",
        "Initial length",
        "初始长度",
        [
            "长度",
            "宽度",
            "间距",
            "总长度",
            "阔度",
            "尺寸",
            "间隔",
            "大小",
            "较宽",
            "弧度"
        ]
    ],
    "风已": [
        "风已",
        "The wind has blown",
        "风吹来了",
        [
            "风吹",
            "风",
            "刮",
            "大风",
            "吹",
            "吹起",
            "飘",
            "卷起",
            "雨",
            "摇动"
        ]
    ],
    "葵": [
        "葵",
        "Sunflower",
        "向日葵",
        [
            "向日葵",
            "玫瑰花",
            "雏菊",
            "百合",
            "蒲公英",
            "铃兰",
            "兰花",
            "柚子",
            "草莓",
            "柏木"
        ]
    ],
    "气尚": [
        "气尚",
        "Qi Shang",
        "商祺",
        []
    ],
    "新闻": [
        "新闻",
        "News",
        "新闻",
        [
            "新闻",
            "新闻报道",
            "新闻报导",
            "电视新闻",
            "新闻节目",
            "报导",
            "体育新闻",
            "新闻网",
            "财经",
            "新闻媒体"
        ]
    ],
    "蝼蝈": [
        "蝼蝈",
        "Worm worm",
        "蠕虫",
        [
            "蠕虫",
            "电脑病毒",
            "寄生虫",
            "蟑螂",
            "变形虫",
            "珊瑚虫",
            "爬虫",
            "臭虫",
            "蚯蚓",
            "爬虫类"
        ]
    ],
    "执衡": [
        "执衡",
        "Holding scale",
        "保持秤",
        [
            "保持",
            "秤",
            "维持",
            "始终保持",
            "保持稳定",
            "保有",
            "称量",
            "保证",
            "保持良好",
            "持续保持",
            "依然",
            "保持一致",
            "量度",
            "大件",
            "箸",
            "称重",
            "开大",
            "需用",
            "只用",
            "天和"
        ]
    ],
    "休布令": [
        "休布令",
        "Hugh cloth order",
        "休布订单",
        [
            "订单",
            "订购",
            "交货",
            "采购",
            "供货",
            "交付",
            "订货",
            "下单",
            "试产",
            "批次"
        ]
    ],
    "变换": [
        "变换",
        "Transform",
        "改变",
        [
            "改变",
            "转变",
            "发生变化",
            "变动",
            "扭转",
            "偏离",
            "相反",
            "彻底改变",
            "忽略",
            "扭曲"
        ]
    ],
    "浮麦气": [
        "浮麦气",
        "Floating wheat air",
        "漂浮的小麦空气",
        [
            "漂浮",
            "小麦",
            "空气",
            "玉米",
            "谷物",
            "飘浮",
            "气体",
            "马铃薯",
            "热空气",
            "棉花",
            "甜菜",
            "液体",
            "大米",
            "大豆",
            "大麦",
            "氧气",
            "二氧化碳",
            "悬浮",
            "氮气",
            "水面",
            "燕麦",
            "湿气",
            "热气",
            "氢气",
            "海中",
            "浮",
            "飞溅",
            "浮起",
            "倾倒",
            "有如"
        ]
    ],
    "中吕": [
        "中吕",
        "Zhonglu",
        "中路",
        [
            "中路",
            "西路",
            "北路",
            "东路",
            "路",
            "四路",
            "三路",
            "路北",
            "大路",
            "中段"
        ]
    ],
    "三春别": [
        "三春别",
        "Three spring don't",
        "三春不要",
        [
            "不要",
            "不想",
            "不该",
            "不让",
            "不必",
            "绝不会",
            "绝不",
            "免得",
            "切勿",
            "不用"
        ]
    ],
    "司节": [
        "司节",
        "Division festival",
        "分部节日",
        [
            "分部",
            "节日",
            "节庆",
            "传统节日",
            "庆典",
            "新年",
            "庆祝",
            "庆典活动",
            "圣诞节",
            "复活节",
            "娱乐活动",
            "分支机构",
            "附属机构",
            "总公司",
            "研究院",
            "指导委员会",
            "各大学",
            "资料中心",
            "的机构",
            "</s>"
        ]
    ],
    "赤帝": [
        "赤帝",
        "Chi Di",
        "赤帝",
        [
            "赤帝",
            "白帝",
            "天帝",
            "大神",
            "翳",
            "西王母",
            "龙王",
            "槐",
            "雷公",
            "秦人"
        ]
    ],
    "尚清": [
        "尚清",
        "Shang Qing",
        "尚青",
        []
    ],
    "发荷英": [
        "发荷英",
        "Sending Dutch English",
        "发送荷兰语英语",
        [
            "发送",
            "荷兰语",
            "英语",
            "英文",
            "发送到",
            "法语",
            "中文",
            "发送给",
            "传送",
            "转发",
            "美式英语",
            "法文",
            "递送",
            "投递",
            "送达",
            "直译",
            "西班牙语",
            "English",
            "收发",
            "丹麦语",
            "邮寄",
            "荷语",
            "荷兰文",
            "印度语",
            "瑞典语",
            "西语",
            "葡萄牙语",
            "巴斯克语",
            "冰岛语"
        ]
    ],
    "彩仗": [
        "彩仗",
        "Colorful battle",
        "多彩的战斗",
        [
            "战斗",
            "交战",
            "作战",
            "遭遇战",
            "肉搏战",
            "激战",
            "攻城战",
            "战",
            "防御战",
            "攻防战"
        ]
    ],
    "杓回": [
        "杓回",
        "Cupping back",
        "向后拔罐",
        []
    ],
    "火德新": [
        "火德新",
        "HuoDeXin",
        "霍德新",
        []
    ],
    "花惊": [
        "花惊",
        "Flower shock",
        "花休克",
        [
            "花",
            "休克",
            "花上",
            "痉挛",
            "小花",
            "心力衰竭",
            "心血管",
            "全身性",
            "性疾病",
            "心肌梗死",
            "肺水肿",
            "神经性",
            "萝卜",
            "兰花",
            "白花",
            "诱发",
            "牵牛",
            "大花",
            "光阴",
            "红豆"
        ]
    ],
    "夜空": [
        "夜空",
        "The night sky",
        "夜空",
        [
            "夜空",
            "天空",
            "明亮",
            "地平线",
            "星空",
            "云彩",
            "昏暗",
            "夜晚",
            "黑夜",
            "灿烂"
        ]
    ],
    "律旋": [
        "律旋",
        "Law rotation",
        "法律轮换",
        [
            "法律",
            "轮换",
            "立法",
            "普通法",
            "司法",
            "法律条文",
            "权利",
            "法令",
            "法规",
            "立法者",
            "法理",
            "换人",
            "常规",
            "轮流",
            "轮班",
            "交替",
            "以此类推",
            "间歇",
            "三节",
            "</s>"
        ]
    ],
    "老火": [
        "老火",
        "serious",
        "严重的",
        [
            "严重",
            "相当严重",
            "更为严重",
            "轻微",
            "导致",
            "严重影响",
            "致使",
            "比较严重",
            "情况严重",
            "不堪重负"
        ]
    ],
    "火炎": [
        "火炎",
        "Fire inflammation",
        "火灾炎症",
        [
            "火灾",
            "炎症",
            "大火",
            "发炎",
            "病变",
            "失火",
            "火警",
            "水肿",
            "增生",
            "倒塌",
            "坏死",
            "瘙痒",
            "起火",
            "黏膜",
            "上皮细胞",
            "呼吸道",
            "坍塌",
            "发生爆炸",
            "着火",
            "意外事件"
        ]
    ],
    "火升": [
        "火升",
        "Fire rise",
        "火灾上升",
        [
            "火灾",
            "上升",
            "下降",
            "大火",
            "攀升",
            "升高",
            "回升",
            "下跌",
            "飙升",
            "增加",
            "增高",
            "持续上升",
            "失火",
            "火警",
            "倒塌",
            "起火",
            "坍塌",
            "发生爆炸",
            "着火",
            "意外事件"
        ]
    ],
    "金藏": [
        "金藏",
        "Gold deposit",
        "金矿床",
        []
    ],
    "俱署": [
        "俱署",
        "All departments",
        "所有部门",
        [
            "部门",
            "机构",
            "政府部门",
            "主管",
            "政府机构",
            "其他部门",
            "业务部门",
            "管理工作",
            "管理机构",
            "行政部门"
        ]
    ],
    "三爽": [
        "三爽",
        "Sanshuang",
        "三双",
        []
    ],
    "炎炽": [
        "炎炽",
        "Inflammation",
        "燃烧",
        [
            "燃烧",
            "自燃",
            "点燃",
            "火焰",
            "点火",
            "挥发",
            "着火",
            "氢气",
            "熔化",
            "氮气"
        ]
    ],
    "火盛": [
        "火盛",
        "Fire",
        "火",
        [
            "火",
            "火焰",
            "烧",
            "烈焰",
            "火光",
            "燃",
            "雨",
            "火神",
            "雷公",
            "雷电"
        ]
    ],
    "畏暑": [
        "畏暑",
        "Fear of summer heat",
        "对夏季炎热的恐惧",
        [
            "夏季",
            "炎热",
            "恐惧",
            "冬季",
            "寒冷",
            "不安",
            "凉爽",
            "酷热",
            "焦虑",
            "愤怒",
            "厌恶",
            "绝望",
            "害怕",
            "潮湿",
            "多雨",
            "畏惧",
            "惧怕",
            "憎恨",
            "温暖",
            "严寒",
            "湿热",
            "天气炎热",
            "春季",
            "秋季",
            "奥林匹克运动会中国代表团",
            "夏天",
            "排球比赛",
            "索契",
            "篮球比赛",
            "冬奥"
        ]
    ],
    "荐瓜": [
        "荐瓜",
        "Commencement melon",
        "毕业瓜",
        [
            "毕业",
            "瓜",
            "大学毕业",
            "考入",
            "肄业",
            "就读",
            "就读于",
            "中学毕业",
            "完成学业",
            "本科毕业",
            "任教",
            "甘",
            "坎",
            "纳",
            "拉",
            "托",
            "皮",
            "卡瓦",
            "巴拉",
            "嫩"
        ]
    ],
    "汤饼": [
        "汤饼",
        "Soup cake",
        "汤蛋糕",
        [
            "汤",
            "蛋糕",
            "面包",
            "甜点",
            "奶油",
            "巧克力",
            "饼干",
            "糖果",
            "甜甜圈",
            "冰淇淋",
            "果酱",
            "羹",
            "煮",
            "豆腐",
            "饭",
            "汁",
            "鸡汤",
            "火锅",
            "姜",
            "冬瓜"
        ]
    ],
    "狗": [
        "狗",
        "Dog",
        "狗",
        [
            "狗",
            "猫",
            "老鼠",
            "猴子",
            "兔子",
            "犬",
            "狐狸",
            "猪",
            "一只猫",
            "小狗"
        ]
    ],
    "烦": [
        "烦",
        "Bother",
        "麻烦",
        [
            "麻烦",
            "困难",
            "大麻烦",
            "棘手",
            "尴尬",
            "苦恼",
            "不快",
            "厌烦",
            "抱怨",
            "更糟"
        ]
    ],
    "溽": [
        "溽",
        "damp",
        "潮湿",
        [
            "潮湿",
            "干燥",
            "湿润",
            "寒冷",
            "炎热",
            "干旱",
            "凉爽",
            "落叶",
            "茂密",
            "湿"
        ]
    ],
    "汉泽": [
        "汉泽",
        "Hanze",
        "汉泽",
        []
    ],
    "闲窗": [
        "闲窗",
        "Idle window",
        "空闲窗口",
        [
            "空闲",
            "窗口",
            "闲暇",
            "视窗",
            "休息",
            "站内",
            "车站内",
            "售票处",
            "售票厅",
            "终端",
            "只读",
            "整天",
            "后台",
            "过道",
            "平常",
            "往常",
            "那时候",
            "可视",
            "都只",
            "在在"
        ]
    ],
    "伏阴": [
        "伏阴",
        "Vapour yin",
        "蒸气阴",
        [
            "蒸气",
            "阴",
            "蒸汽",
            "压缩空气",
            "秽",
            "冷却剂",
            "阳",
            "氢气",
            "割",
            "氮气",
            "热力",
            "虚",
            "水银",
            "残",
            "的水",
            "将水",
            "寒",
            "神人",
            "自生",
            "容"
        ]
    ],
    "劳酒": [
        "劳酒",
        "Laojiu",
        "老九",
        [
            "老九",
            "一屋",
            "金枝玉叶",
            "高家",
            "老爷",
            "东升",
            "翻身",
            "天长地久",
            "天一",
            "</s>"
        ]
    ],
    "麦瓜": [
        "麦瓜",
        "Melon",
        "甜瓜",
        [
            "甜瓜",
            "籽",
            "西瓜",
            "菱角",
            "黄瓜",
            "大蒜",
            "的有",
            "Pardosa",
            "<tr>",
            "</s>"
        ]
    ],
    "赫曦": [
        "赫曦",
        "Hersei",
        "赫西",
        [
            "赫西",
            "俄德",
            "荷马史诗",
            "伊利亚特",
            "荷马",
            "维吉尔",
            "狄",
            "古希腊人",
            "厄勒克特拉",
            "圣经上"
        ]
    ],
    "秦祠": [
        "秦祠",
        "Qin temple",
        "秦庙",
        []
    ],
    "凉棚": [
        "凉棚",
        "pergola",
        "藤架",
        []
    ],
    "夏秋": [
        "夏秋",
        "Summer and autumn",
        "夏天和秋天",
        [
            "夏天",
            "秋天",
            "冬天",
            "春天",
            "秋季",
            "春季",
            "初夏",
            "夏日",
            "盛夏",
            "夏末",
            "秋",
            "一月"
        ]
    ],
    "怀归肉": [
        "怀归肉",
        "Pregnant meat",
        "怀孕肉",
        [
            "怀孕",
            "肉",
            "分娩",
            "鱼肉",
            "猪肉",
            "牛肉",
            "鸡肉",
            "早产",
            "妊娠",
            "羊肉",
            "鸡",
            "受孕",
            "猪",
            "孕妇",
            "肉块",
            "流产",
            "鸡蛋",
            "生孩子",
            "婴儿",
            "男婴"
        ]
    ],
    "奏祠": [
        "奏祠",
        "Memorial hall",
        "纪念馆",
        [
            "纪念馆",
            "纪念碑",
            "纪念堂",
            "故居",
            "博物馆",
            "展览馆",
            "陈列馆",
            "纪念地",
            "纪念塔",
            "墓园"
        ]
    ],
    "御火": [
        "御火",
        "Fire prevention",
        "防火",
        [
            "防火",
            "屏蔽",
            "防护",
            "防水",
            "防爆",
            "防盗",
            "防火墙",
            "防风",
            "防",
            "防范"
        ]
    ],
    "金行": [
        "金行",
        "Gold line",
        "金线",
        [
            "金线",
            "银线",
            "红线",
            "红带",
            "紫",
            "黄线",
            "双带",
            "杂色",
            "Pardosa",
            "</s>"
        ]
    ],
    "割肉": [
        "割肉",
        "Cut meat",
        "切肉",
        []
    ],
    "金火伏": [
        "金火伏",
        "Gold fire volt",
        "金火伏",
        []
    ],
    "衣凉": [
        "衣凉",
        "Cool clothes",
        "凉爽的衣服",
        [
            "凉爽",
            "衣服",
            "鞋子",
            "衣物",
            "炎热",
            "穿着",
            "寒冷",
            "大衣",
            "外套",
            "温暖",
            "裤子",
            "鞋",
            "衣裳",
            "潮湿",
            "外衣",
            "暖和",
            "闷热",
            "多雨",
            "一年四季",
            "冬天"
        ]
    ],
    "薤叶": [
        "薤叶",
        "Allium sativum leaves",
        "大蒜叶",
        []
    ],
    "扇握": [
        "扇握",
        "Fan grip",
        "风扇把手",
        [
            "风扇",
            "把手",
            "散热",
            "夹住",
            "散热器",
            "压缩机",
            "手掌",
            "冷却器",
            "涡轮",
            "皮带",
            "拇指",
            "桌子",
            "涡轮机",
            "散热片",
            "冷却系统",
            "扇叶",
            "栓",
            "侧边",
            "拉出",
            "后背"
        ]
    ],
    "河溯": [
        "河溯",
        "River tracing",
        "河流追踪",
        [
            "河流",
            "追踪",
            "跟踪",
            "湖泊",
            "支流",
            "流域",
            "河",
            "河谷",
            "上游",
            "河口",
            "下游",
            "搜寻",
            "搜索",
            "三角洲",
            "侦测",
            "监控",
            "监视",
            "找出",
            "扫描",
            "锁定"
        ]
    ],
    "夏令": [
        "夏令",
        "summer",
        "夏季的",
        [
            "夏季",
            "冬季",
            "春季",
            "秋季",
            "奥林匹克运动会中国代表团",
            "夏天",
            "排球比赛",
            "索契",
            "篮球比赛",
            "冬奥"
        ]
    ],
    "已交秋": [
        "已交秋",
        "It's autumn",
        "现在是秋天",
        [
            "现在",
            "秋天",
            "春天",
            "今天",
            "如今",
            "秋季",
            "以前",
            "夏天",
            "现今",
            "春季",
            "冬天",
            "过去",
            "今日",
            "初夏",
            "夏末",
            "秋",
            "直到现在",
            "那时候",
            "从前",
            "一月"
        ]
    ],
    "方火盛": [
        "方火盛",
        "Fang Huosheng",
        "方活生",
        []
    ],
    "多苦": [
        "多苦",
        "How bitter",
        "多苦啊",
        []
    ],
    "停玉": [
        "停玉",
        "Stop jade",
        "停玉",
        []
    ]
}