{
    "焚躯": [
        "焚躯",
        "Burn your body",
        "烧你的身体",
        [
            "烧",
            "身体",
            "躯体",
            "全身",
            "肌肉",
            "四肢",
            "眼睛",
            "身躯",
            "双腿",
            "火烧",
            "双脚",
            "焚",
            "胸部",
            "烧成",
            "火",
            "淋",
            "烧火",
            "煨",
            "熏",
            "吊"
        ]
    ],
    "藏牙": [
        "藏牙",
        "Hiding tooth",
        "隐藏齿",
        [
            "隐藏",
            "齿",
            "颌",
            "犬齿",
            "鳞",
            "鼻",
            "骨",
            "舌",
            "钝",
            "钩",
            "尖头",
            "隐蔽",
            "伪装",
            "隐密",
            "黑影",
            "背后",
            "隐秘",
            "暗藏",
            "隐匿",
            "像是"
        ]
    ],
    "良鼻": [
        "良鼻",
        "Good nose",
        "好鼻子",
        [
            "鼻子",
            "耳朵",
            "嘴唇",
            "嘴巴",
            "舌头",
            "脸颊",
            "额头",
            "脖子",
            "喉咙",
            "下巴"
        ]
    ],
    "祖": [
        "祖",
        "ancestor",
        "祖先",
        [
            "祖先",
            "先祖",
            "后代",
            "后裔",
            "血缘",
            "始祖",
            "氏族",
            "远祖",
            "的族",
            "起源"
        ]
    ],
    "助威": [
        "助威",
        "encourage",
        "促进",
        [
            "促进",
            "增进",
            "推动",
            "加强",
            "有助于",
            "促成",
            "倡导",
            "有利于",
            "作出贡献",
            "促使"
        ]
    ],
    "雌": [
        "雌",
        "trigamous",
        "雌",
        []
    ],
    "行陆": [
        "行陆",
        "Land moving",
        "陆地移动",
        [
            "陆地",
            "移动",
            "行进",
            "旋转",
            "方向移动",
            "陆地上",
            "内陆",
            "静止",
            "水体",
            "该岛",
            "海洋",
            "飘移",
            "海岛",
            "快速移动",
            "漂移",
            "伸展",
            "海中",
            "暗礁",
            "回转",
            "大洋"
        ]
    ],
    "荆山": [
        "荆山",
        "Jingshan mountain",
        "景山",
        [
            "景山",
            "南苑",
            "城东",
            "西苑",
            "城西",
            "东门",
            "龙山",
            "韩家",
            "东郊",
            "景文"
        ]
    ],
    "历山": [
        "历山",
        "Lishan",
        "历山",
        [
            "历山",
            "湖村",
            "广济",
            "据传说",
            "大白",
            "利达",
            "板桥乡",
            "Pardosa",
            "</s>",
            "<tr>"
        ]
    ],
    "耕去": [
        "耕去",
        "Plowing away",
        "犁走",
        [
            "犁",
            "走",
            "回头",
            "前行",
            "走到",
            "走去",
            "跟着",
            "丢下",
            "走回",
            "放",
            "停下来",
            "铁制",
            "耙",
            "竖",
            "勺",
            "铜锣",
            "三脚",
            "磨",
            "头",
            "两头"
        ]
    ],
    "教战": [
        "教战",
        "Teaching war",
        "教学战争",
        [
            "教学",
            "战争",
            "内战",
            "战事",
            "授课",
            "第一次世界大战",
            "独立战争",
            "教学活动",
            "英语教学",
            "一战",
            "世界大战",
            "教研",
            "军事冲突",
            "课堂教学",
            "基础教育",
            "海湾战争",
            "一场战争",
            "特殊教育",
            "教学内容",
            "学术研究"
        ]
    ],
    "奔师": [
        "奔师",
        "Running division",
        "运行部门",
        [
            "运行",
            "部门",
            "机构",
            "政府部门",
            "主管",
            "运营",
            "政府机构",
            "其他部门",
            "业务部门",
            "管理工作",
            "运转",
            "管理机构",
            "行政部门",
            "列车运行",
            "行驶",
            "直通",
            "试运行",
            "调试",
            "接入",
            "开始运行"
        ]
    ],
    "因燧": [
        "因燧",
        "Because of flint",
        "因为燧石",
        [
            "燧石",
            "矿石",
            "磨制",
            "石英",
            "木炭",
            "黄铜",
            "黏土",
            "钽",
            "钨",
            "硫化物"
        ]
    ],
    "脱牙": [
        "脱牙",
        "Teeth removal",
        "拔牙",
        [
            "拔牙",
            "外科手术",
            "开刀",
            "针刺",
            "穿孔",
            "手足",
            "拔除",
            "MLT-",
            "</s>",
            "Pardosa"
        ]
    ],
    "如削": [
        "如削",
        "Such as cutting",
        "例如切割",
        [
            "切割",
            "切割成",
            "挤压",
            "研磨",
            "切削",
            "切开",
            "接合",
            "整块",
            "切出",
            "大块"
        ]
    ],
    "万推": [
        "万推",
        "Wantui",
        "万翠",
        []
    ],
    "方溟": [
        "方溟",
        "Fang Ming",
        "方明",
        []
    ],
    "充庭": [
        "充庭",
        "Full court",
        "合议庭",
        [
            "合议庭",
            "陪审团",
            "再审",
            "被告",
            "北京市高级人民法院",
            "初审",
            "被告人",
            "终审",
            "审判长",
            "检察机关"
        ]
    ],
    "实可佳": [
        "实可佳",
        "Real can be good",
        "真实可能很好",
        [
            "真实",
            "可能",
            "很好",
            "有可能",
            "不错",
            "不太可能",
            "极好",
            "可能会",
            "更好",
            "良好",
            "很差",
            "确实",
            "或许",
            "也许",
            "较好",
            "似乎",
            "最好",
            "极佳",
            "显然",
            "现实",
            "意味著",
            "不太好",
            "主观",
            "真实世界",
            "真正",
            "普通人",
            "想像",
            "相符",
            "单纯"
        ]
    ],
    "有齿": [
        "有齿",
        "Teeth",
        "牙齿",
        [
            "牙齿",
            "下颚",
            "骨头",
            "下颌",
            "臼齿",
            "口鼻",
            "颚骨",
            "犬齿",
            "颅骨",
            "颈部"
        ]
    ],
    "焚身": [
        "焚身",
        "Burn your body",
        "烧你的身体",
        [
            "烧",
            "身体",
            "躯体",
            "全身",
            "肌肉",
            "四肢",
            "眼睛",
            "身躯",
            "双腿",
            "火烧",
            "双脚",
            "焚",
            "胸部",
            "烧成",
            "火",
            "淋",
            "烧火",
            "煨",
            "熏",
            "吊"
        ]
    ],
    "运鼻": [
        "运鼻",
        "Nose transport",
        "鼻运输",
        [
            "鼻",
            "运输",
            "交通运输",
            "铁路运输",
            "货物运输",
            "运送",
            "舌",
            "输送",
            "空运",
            "运输工具",
            "货运",
            "钝",
            "颈",
            "腹",
            "海上运输",
            "背",
            "喉",
            "颊",
            "咽",
            "楔"
        ]
    ],
    "似垂云": [
        "似垂云",
        "Like a vertical cloud",
        "像一朵垂直的云",
        [
            "垂直",
            "云",
            "横向",
            "度角",
            "侧向",
            "直线",
            "向下",
            "竖直",
            "斜向",
            "纵向",
            "向上",
            "尘",
            "幽",
            "寒",
            "阳",
            "名曰",
            "碧",
            "皓",
            "虹",
            "容"
        ]
    ],
    "惠子": [
        "惠子",
        "Keiko",
        "惠子",
        [
            "惠子",
            "英子",
            "飒",
            "朱莉",
            "榊",
            "文子",
            "高田",
            "聪",
            "大儿子",
            "望月"
        ]
    ],
    "焚书": [
        "焚书",
        "burn books",
        "烧书",
        []
    ],
    "狮子": [
        "狮子",
        "Lion",
        "狮子",
        [
            "狮子",
            "一头",
            "豹子",
            "野猪",
            "乌鸦",
            "孔雀",
            "大象",
            "雄狮",
            "白马",
            "两头"
        ]
    ],
    "伏狸": [
        "伏狸",
        "V raccoon dog",
        "五、浣熊",
        [
            "浣熊",
            "家猫",
            "海马",
            "短吻鳄",
            "鲸鱼",
            "鳄鱼",
            "海燕",
            "臭鼬",
            "蝎子",
            "儒艮"
        ]
    ],
    "铜头": [
        "铜头",
        "Copper head",
        "铜头",
        [
            "铜头",
            "蛇类",
            "蟒蛇",
            "毒蛇",
            "蝮蛇",
            "蝾螈",
            "野猫",
            "螳螂",
            "</s>",
            "Pardosa"
        ]
    ],
    "鼻仰": [
        "鼻仰",
        "Nose upturned",
        "鼻子朝上",
        [
            "鼻子",
            "耳朵",
            "嘴唇",
            "嘴巴",
            "舌头",
            "脸颊",
            "额头",
            "脖子",
            "喉咙",
            "下巴"
        ]
    ],
    "威": [
        "威",
        "might",
        "可能",
        [
            "可能",
            "有可能",
            "不太可能",
            "可能会",
            "确实",
            "或许",
            "也许",
            "似乎",
            "显然",
            "意味著"
        ]
    ],
    "毛起焰": [
        "毛起焰",
        "Wool flame",
        "羊毛火焰",
        [
            "羊毛",
            "火焰",
            "烈焰",
            "毛皮",
            "皮革",
            "火球",
            "燃烧",
            "闪电",
            "火炎",
            "闪光",
            "丝绸",
            "亚麻",
            "火",
            "布料",
            "棉花",
            "从天而降",
            "雷电",
            "羊皮",
            "小麦",
            "棉"
        ]
    ],
    "搏象": [
        "搏象",
        "Beating image",
        "跳动图像",
        [
            "跳动",
            "图像",
            "影像",
            "图形",
            "图片",
            "三维",
            "图象",
            "投影",
            "图表",
            "缩放",
            "颤抖",
            "位图",
            "脉搏",
            "颤动",
            "晃动",
            "抽搐",
            "摇动",
            "抖动",
            "心脏",
            "不止"
        ]
    ],
    "铁额": [
        "铁额",
        "Iron amount",
        "铁量",
        []
    ],
    "目圆": [
        "目圆",
        "Eye circle",
        "眼圆",
        []
    ],
    "吐舌": [
        "吐舌",
        "Spitting tongue",
        "吐舌头",
        []
    ],
    "赤毫": [
        "赤毫",
        "Red hair",
        "红头发",
        []
    ],
    "慑": [
        "慑",
        "Awed",
        "敬畏",
        [
            "敬畏",
            "崇敬",
            "敬仰",
            "眷顾",
            "畏惧",
            "恩惠",
            "赞美",
            "悲哀",
            "慈爱",
            "何等"
        ]
    ],
    "眼悬星": [
        "眼悬星",
        "Eye hanging star",
        "垂眼星",
        []
    ],
    "耏": [
        "耏",
        "Lei",
        "花环",
        [
            "花环",
            "月桂",
            "头饰",
            "稻穗",
            "帽",
            "金色",
            "彩带",
            "灯台",
            "烛台",
            "玫瑰花"
        ]
    ],
    "尾斗形": [
        "尾斗形",
        "Tail bucket shape",
        "尾桶形",
        [
            "尾",
            "头",
            "颈",
            "背",
            "细",
            "镰",
            "叉",
            "楔",
            "菱",
            "尾端"
        ]
    ],
    "声若": [
        "声若",
        "Sound if",
        "声音如果",
        [
            "声音",
            "声响",
            "歌声",
            "笑声",
            "人声",
            "感觉",
            "音调",
            "刺耳",
            "沙哑",
            "声效"
        ]
    ],
    "电鸣": [
        "电鸣",
        "Electric sound",
        "电声",
        []
    ],
    "犀兕": [
        "犀兕",
        "Rhinoceros front",
        "犀牛锋",
        [
            "犀牛",
            "锋",
            "羚羊",
            "野牛",
            "食肉动物",
            "黑熊",
            "亚洲象",
            "猎豹",
            "长颈鹿",
            "前锋",
            "中锋",
            "大象",
            "象",
            "边锋",
            "后卫",
            "翼",
            "司职左翼",
            "外线",
            "中坚",
            "2011年夏天"
        ]
    ],
    "潜惊": [
        "潜惊",
        "Latent shock",
        "潜在冲击",
        [
            "冲击",
            "反弹",
            "阻碍",
            "负面影响",
            "震荡",
            "震撼",
            "挤压",
            "推波助澜",
            "致使",
            "首当其冲"
        ]
    ],
    "安息": [
        "安息",
        "Rest in peace",
        "安息吧",
        [
            "安息",
            "帕提亚",
            "波斯",
            "萨珊",
            "底比斯",
            "苏萨",
            "希腊人",
            "拜占廷",
            "易卜拉欣",
            "从前"
        ]
    ],
    "霜牙": [
        "霜牙",
        "Frost tooth",
        "霜牙",
        []
    ],
    "陛戟": [
        "陛戟",
        "The halberd",
        "戟",
        [
            "戟",
            "矛",
            "斧",
            "长柄",
            "禽",
            "牛角",
            "蜈蚣",
            "胁",
            "兜",
            "驰"
        ]
    ],
    "出柙": [
        "出柙",
        "Out of the box",
        "开箱即用",
        [
            "开箱",
            "完整版",
            "APP",
            "自制",
            "WWW",
            "拆开",
            "内容可",
            "<tr>",
            "Pardosa",
            "</s>"
        ]
    ],
    "方疑": [
        "方疑",
        "Party doubt",
        "政党怀疑",
        [
            "政党",
            "怀疑",
            "党派",
            "执政党",
            "社会民主党",
            "人民党",
            "小党",
            "党",
            "反对党",
            "绿党",
            "中间派",
            "猜测",
            "可疑",
            "相信",
            "猜疑",
            "坚称",
            "欺骗",
            "知悉",
            "声称",
            "不以为然"
        ]
    ],
    "耳帖": [
        "耳帖",
        "Ear tag",
        "耳标",
        []
    ],
    "帖": [
        "帖",
        "Post",
        "邮件",
        [
            "邮件",
            "电子邮件",
            "电邮",
            "邮箱",
            "Gmail",
            "电话号码",
            "发送",
            "联系人",
            "投递",
            "收件"
        ]
    ],
    "目如": [
        "目如",
        "For example",
        "例如",
        []
    ],
    "电发": [
        "电发",
        "Electric hair",
        "电毛",
        []
    ],
    "股悚": [
        "股悚",
        "Gujing",
        "顾靖",
        []
    ],
    "若奇": [
        "若奇",
        "Jorge",
        "豪尔赫",
        []
    ],
    "养处": [
        "养处",
        "Maintenance office",
        "维修办公室",
        [
            "维修",
            "办公室",
            "修理",
            "检修",
            "大修",
            "的办公室",
            "会议室",
            "保养",
            "维修保养",
            "修复",
            "翻修",
            "修整",
            "维护保养",
            "会议厅",
            "政府部门",
            "秘书处",
            "办公处",
            "档案室",
            "顶楼",
            "政府机关"
        ]
    ],
    "金毛": [
        "金毛",
        "golden retriever",
        "金毛猎犬",
        [
            "金毛",
            "猎犬",
            "犬",
            "拉布拉多",
            "狗",
            "兔子",
            "刺猬",
            "花豹",
            "猎手",
            "牧羊人",
            "白眉",
            "长毛",
            "秃鹰",
            "银狐",
            "白毛",
            "红冠",
            "莱卡",
            "薄叶",
            "魏茨县",
            "</s>"
        ]
    ],
    "飒庭茵": [
        "飒庭茵",
        "Sa tingyin",
        "萨·尹霆",
        []
    ],
    "修身": [
        "修身",
        "Slim",
        "微小的",
        [
            "微小",
            "细微",
            "表面",
            "极小",
            "非常大",
            "均匀分布",
            "比较大",
            "相对来说",
            "也就是说",
            "或多或少"
        ]
    ],
    "宛似": [
        "宛似",
        "as if",
        "好像",
        [
            "好像",
            "样子",
            "仿佛",
            "总是",
            "看不见",
            "看得",
            "像是",
            "似乎",
            "好似",
            "只不过"
        ]
    ],
    "麟": [
        "麟",
        "Lin",
        "林",
        [
            "林",
            "杨",
            "蔡",
            "洪",
            "邵",
            "郭",
            "和林",
            "彭",
            "潘",
            "芳"
        ]
    ],
    "遐荒": [
        "遐荒",
        "Distant famine",
        "遥远的饥荒",
        [
            "遥远",
            "饥荒",
            "歉收",
            "灾荒",
            "旱灾",
            "动乱",
            "大旱",
            "很远",
            "饿死",
            "天灾",
            "蝗灾",
            "自然灾害",
            "远方",
            "更远",
            "不远",
            "远处",
            "未知",
            "很久以前",
            "远在",
            "恰好"
        ]
    ],
    "钦汉德": [
        "钦汉德",
        "Chinkhand",
        "中国佬",
        [
            "中国",
            "佬",
            "我国",
            "中华人民共和国",
            "欧美",
            "鸡",
            "华南地区",
            "东亚",
            "潮州人",
            "西方",
            "妈",
            "广府",
            "中国人",
            "傻",
            "华北地区",
            "光头",
            "扒",
            "大头",
            "近现代",
            "操"
        ]
    ],
    "猛鸷": [
        "猛鸷",
        "Fierce plover",
        "凶猛的鸻",
        [
            "凶猛",
            "凶狠",
            "强壮",
            "好斗",
            "凶恶",
            "强悍",
            "胆小",
            "温驯",
            "凶残",
            "凶悍"
        ]
    ],
    "服尧仁": [
        "服尧仁",
        "Fu Yaoren",
        "傅任瑶",
        []
    ],
    "猿猴": [
        "猿猴",
        "Apes and monkeys",
        "猿和猴子",
        [
            "猿",
            "猴子",
            "老鼠",
            "兔子",
            "狗",
            "猫",
            "猩猩",
            "青蛙",
            "大象",
            "老虎",
            "鸽子",
            "鹫",
            "犀",
            "象",
            "鸟",
            "狮",
            "犀牛",
            "熊",
            "曙",
            "猿猴"
        ]
    ],
    "鸣峡": [
        "鸣峡",
        "Ming gorge",
        "明峡",
        []
    ],
    "挂枝": [
        "挂枝",
        "Hanging branch",
        "悬挂树枝",
        [
            "悬挂",
            "树枝",
            "树上",
            "树叶",
            "树干",
            "枝条",
            "木头",
            "树皮",
            "挂",
            "藤蔓",
            "树根",
            "挂起",
            "树桩",
            "挂有",
            "旗杆",
            "竖立",
            "放置",
            "摆放",
            "安放",
            "置放"
        ]
    ],
    "拔箭": [
        "拔箭",
        "Pull out an arrow",
        "拔出一支箭",
        [
            "拔出",
            "拿起",
            "斧头",
            "匕首",
            "取下",
            "刺伤",
            "抓住",
            "拔起",
            "拾起",
            "捉住"
        ]
    ],
    "啸云": [
        "啸云",
        "Xiao yun",
        "小云",
        []
    ],
    "接臂": [
        "接臂",
        "Connecting arm",
        "连接臂",
        [
            "连接",
            "臂",
            "相连",
            "连接起来",
            "通往",
            "连通",
            "直达",
            "联接",
            "连结",
            "通到",
            "螺旋",
            "手臂",
            "相互连接",
            "肩",
            "前臂",
            "双臂",
            "支架",
            "腿",
            "肩部",
            "后背"
        ]
    ],
    "蓦山": [
        "蓦山",
        "Mo shan",
        "帽山",
        [
            "帽山",
            "龙洞",
            "石山",
            "南山",
            "山后",
            "龙山",
            "山寨",
            "后山",
            "山下",
            "金山"
        ]
    ],
    "黄练": [
        "黄练",
        "Huang Lian",
        "黄莲",
        []
    ],
    "赤绩": [
        "赤绩",
        "Red mark",
        "红旗",
        [
            "红旗",
            "五星红旗",
            "锦旗",
            "战旗",
            "大旗",
            "五星",
            "黄旗",
            "红字",
            "黑旗",
            "红日"
        ]
    ],
    "献环": [
        "献环",
        "Ring offering",
        "戒指发行",
        [
            "戒指",
            "发行",
            "发售",
            "项链",
            "推出",
            "出版发行",
            "指环",
            "出版",
            "腰带",
            "魔杖",
            "斗篷",
            "护身符",
            "面世",
            "日出版",
            "上架",
            "手环",
            "再版",
            "宝石",
            "怀表",
            "公开发行"
        ]
    ],
    "引愁": [
        "引愁",
        "Lead to sorrow",
        "导致悲伤",
        [
            "导致",
            "悲伤",
            "造成",
            "哀伤",
            "致使",
            "忧伤",
            "造成了",
            "悲痛",
            "引致",
            "伤心",
            "悲哀",
            "思念",
            "伤感",
            "引发",
            "难过",
            "忧郁",
            "避免",
            "所致",
            "加剧",
            "随之而来"
        ]
    ],
    "蜀门": [
        "蜀门",
        "Shumen",
        "舒曼",
        [
            "舒曼",
            "贝多芬",
            "柴可夫斯基",
            "莫扎特",
            "席勒",
            "马勒",
            "莫札特",
            "勃拉姆斯",
            "海顿",
            "舒伯特"
        ]
    ],
    "拥条": [
        "拥条",
        "Hold a stick",
        "拿着棍子",
        [
            "拿着",
            "棍子",
            "拿著",
            "拿起",
            "手拿",
            "木棍",
            "带着",
            "拿走",
            "手指",
            "指着",
            "拿出",
            "带上",
            "铁链",
            "背着",
            "斧头",
            "铁棒",
            "盘子",
            "皮带",
            "胳膊",
            "还用"
        ]
    ],
    "逾涧": [
        "逾涧",
        "Over stream",
        "过流",
        []
    ],
    "白纱": [
        "白纱",
        "White yarn",
        "白纱",
        []
    ],
    "朱巾": [
        "朱巾",
        "Zhu towel",
        "朱巾",
        []
    ],
    "拥树": [
        "拥树",
        "Hold a tree",
        "抓住一棵树",
        [
            "抓住",
            "逃跑",
            "捉住",
            "抓到",
            "抓",
            "干掉",
            "制伏",
            "丢下",
            "赶走",
            "捉到"
        ]
    ],
    "啸": [
        "啸",
        "Xiao",
        "箫",
        [
            "箫",
            "鸳鸯",
            "琵琶",
            "笙",
            "筝",
            "月琴",
            "钗",
            "凤",
            "长风",
            "古筝"
        ]
    ],
    "依风": [
        "依风",
        "According to the wind",
        "根据风",
        [
            "风",
            "风吹",
            "西风",
            "吹拂",
            "吹",
            "北风",
            "大风",
            "暴风",
            "雨",
            "和风"
        ]
    ],
    "山堂": [
        "山堂",
        "Mountain hall",
        "山厅",
        []
    ],
    "巴峡": [
        "巴峡",
        "Baxia",
        "巴夏",
        []
    ],
    "啼破": [
        "啼破",
        "The crow broke",
        "乌鸦断了",
        [
            "乌鸦",
            "断",
            "折断",
            "鹰",
            "绝",
            "老鹰",
            "蝎子",
            "老虎",
            "猫头鹰",
            "豹子",
            "大嘴",
            "悬",
            "鸽子",
            "破",
            "渡鸦",
            "挥",
            "沦",
            "引",
            "翻",
            "窜"
        ]
    ],
    "远寻": [
        "远寻",
        "Far search",
        "远搜索",
        [
            "远",
            "搜索",
            "搜寻",
            "追踪",
            "跟踪",
            "查找",
            "查询",
            "侦查",
            "近",
            "关键字",
            "查看",
            "已远",
            "抓取",
            "更远",
            "少",
            "多于",
            "几倍",
            "数倍",
            "距离远",
            "<tr>"
        ]
    ],
    "望月": [
        "望月",
        "Full moon",
        "满月",
        [
            "满月",
            "月亮",
            "春分",
            "秋分",
            "冬至",
            "月相",
            "夜晚",
            "夏至",
            "子时",
            "新月"
        ]
    ],
    "啼时": [
        "啼时",
        "Tipping time",
        "倾翻时间",
        [
            "时间",
            "星期",
            "一段时间",
            "小时",
            "间隔时间",
            "整整",
            "时长",
            "时间段",
            "等待时间",
            "短时间"
        ]
    ],
    "雪涧": [
        "雪涧",
        "Snow stream",
        "雪流",
        []
    ],
    "阳关": [
        "阳关",
        "Yang Guan",
        "杨冠",
        []
    ],
    "惹": [
        "惹",
        "Provoke",
        "激怒",
        [
            "激怒",
            "触怒",
            "惹怒",
            "挑衅",
            "斥责",
            "制止",
            "羞辱",
            "举动",
            "招来",
            "惹恼"
        ]
    ],
    "声悲": [
        "声悲",
        "Sound sorrow",
        "声音悲伤",
        [
            "声音",
            "悲伤",
            "哀伤",
            "忧伤",
            "悲痛",
            "伤心",
            "声响",
            "悲哀",
            "思念",
            "伤感",
            "难过",
            "忧郁",
            "歌声",
            "笑声",
            "人声",
            "感觉",
            "音调",
            "刺耳",
            "沙哑",
            "声效"
        ]
    ],
    "深入": [
        "深入",
        "thorough",
        "彻底的",
        [
            "彻底",
            "完全",
            "从根本上",
            "最终",
            "全盘",
            "就此",
            "不可避免",
            "终究",
            "下决心",
            "再一"
        ]
    ],
    "夜动": [
        "夜动",
        "Night movement",
        "夜间运动",
        [
            "夜间",
            "运动",
            "白天",
            "夜晚",
            "日间",
            "傍晚",
            "昼间",
            "文学运动",
            "青年运动",
            "群众运动",
            "深夜",
            "爱国运动",
            "定时",
            "日夜",
            "运动所",
            "午后",
            "革新运动",
            "社会活动",
            "民族运动",
            "国家主义"
        ]
    ],
    "拱穴": [
        "拱穴",
        "Arch cavity",
        "拱腔",
        []
    ],
    "居侧": [
        "居侧",
        "Residential side",
        "住宅侧",
        [
            "住宅",
            "侧",
            "住宅区",
            "房屋",
            "洋房",
            "豪宅",
            "楼房",
            "公寓",
            "外侧",
            "平房",
            "斜",
            "层高",
            "房舍",
            "横",
            "内侧",
            "一侧",
            "斜向",
            "后侧",
            "口",
            "正中"
        ]
    ],
    "盗肉": [
        "盗肉",
        "Stealing meat",
        "偷肉",
        []
    ],
    "舞门": [
        "舞门",
        "Dance gate",
        "舞蹈门",
        [
            "舞蹈",
            "门",
            "歌舞",
            "舞者",
            "表演",
            "门内",
            "表演者",
            "芭蕾",
            "跳舞",
            "街舞",
            "肚皮舞",
            "现代舞",
            "四门",
            "二门",
            "门上",
            "小门",
            "东门",
            "道门",
            "三门",
            "后门"
        ]
    ]
}