{
    "香传": [
        "香传",
        "Sweet spread",
        "甜酱",
        []
    ],
    "玉柄": [
        "玉柄",
        "Jade handle",
        "玉柄",
        []
    ],
    "舞风长": [
        "舞风长",
        "Dancing wind is long",
        "跳舞的风很长",
        [
            "跳舞",
            "风",
            "很长",
            "很短",
            "唱歌",
            "不长",
            "表演",
            "推移",
            "弹吉他",
            "风吹",
            "极短",
            "西风",
            "吹拂",
            "吹",
            "唱歌跳舞",
            "北风",
            "舞者",
            "弹钢琴",
            "较长",
            "大风",
            "更长",
            "玩乐",
            "表演者",
            "一段时间",
            "接吻",
            "暴风",
            "很久",
            "雨",
            "和风",
            "内都"
        ]
    ],
    "蜂来": [
        "蜂来",
        "The bees are coming",
        "蜜蜂来了",
        [
            "蜜蜂",
            "蜂",
            "蜂巢",
            "蚂蚁",
            "蜘蛛",
            "虫子",
            "蟑螂",
            "蚊子",
            "苍蝇",
            "跳蚤"
        ]
    ],
    "更缀": [
        "更缀",
        "More compose",
        "更多作曲",
        [
            "更",
            "作曲",
            "作词",
            "编曲",
            "更加",
            "谱曲",
            "填词",
            "更为",
            "作曲者",
            "谱写",
            "词曲",
            "非常",
            "越来越",
            "音乐创作",
            "愈来愈",
            "不够",
            "钢琴伴奏",
            "格外",
            "来得",
            "更是"
        ]
    ],
    "堤上": [
        "堤上",
        "On the embankment",
        "在堤上",
        [
            "堤上",
            "江边",
            "金峰",
            "亭子",
            "桥头",
            "西塘",
            "松木",
            "楼前",
            "李源",
            "</s>"
        ]
    ],
    "笑莲红": [
        "笑莲红",
        "Smile lotus red",
        "荷花笑红",
        [
            "荷花",
            "笑",
            "红",
            "白",
            "大笑",
            "牡丹",
            "梅花",
            "蓝",
            "黑",
            "桂花",
            "菊花",
            "痴",
            "哭",
            "海棠",
            "疯",
            "恨",
            "绿",
            "叹",
            "自嘲",
            "故又名",
            "芙蓉",
            "橙",
            "园中",
            "百花",
            "紫色",
            "戏弄",
            "今晚",
            "金色",
            "茶色",
            "浅蓝"
        ]
    ],
    "共葵": [
        "共葵",
        "Common anemone",
        "普通银莲花",
        [
            "普通",
            "银莲花",
            "鸢尾",
            "老鹳草",
            "蒲公英",
            "一般来说",
            "平常",
            "猪毛菜",
            "毛茛",
            "大多",
            "铁线莲",
            "丁香",
            "酢浆草",
            "一般而言",
            "香花",
            "基本上",
            "都可",
            "都是",
            "比如说",
            "除此以外"
        ]
    ],
    "芳余": [
        "芳余",
        "Aromatic residue",
        "芳香残渣",
        [
            "芳香",
            "残渣",
            "香气",
            "醇",
            "衍生物",
            "泥土",
            "精油",
            "木炭",
            "灰尘",
            "蜂蜡",
            "类物质",
            "残留物",
            "酚",
            "醇类",
            "密封",
            "残余物",
            "重氮",
            "大蒜",
            "尘土",
            "烟熏"
        ]
    ],
    "叶尚留": [
        "叶尚留",
        "Ye Shangliu",
        "叶尚流",
        []
    ],
    "春条": [
        "春条",
        "Spring stripe",
        "弹簧条",
        [
            "弹簧",
            "连杆",
            "轴承",
            "液压",
            "车轮",
            "油压",
            "刚性",
            "支架",
            "琴弦",
            "飞轮"
        ]
    ],
    "拥新翠": [
        "拥新翠",
        "New green",
        "新绿",
        []
    ],
    "忧花": [
        "忧花",
        "Sorrow flower",
        "悲伤之花",
        [
            "悲伤",
            "哀伤",
            "忧伤",
            "悲痛",
            "伤心",
            "悲哀",
            "思念",
            "伤感",
            "难过",
            "忧郁"
        ]
    ],
    "丛茂": [
        "丛茂",
        "Congmao",
        "毛葱",
        []
    ],
    "味新": [
        "味新",
        "Taste new",
        "尝起来新鲜",
        [
            "尝",
            "起来",
            "新鲜",
            "美味",
            "辄",
            "闻",
            "食材",
            "未尝",
            "言",
            "好吃",
            "犹有",
            "可口",
            "谓",
            "忘",
            "叹",
            "惜",
            "水果",
            "牛奶",
            "蜜糖",
            "甜食",
            "一起",
            "紧紧",
            "的食品",
            "出去",
            "痛快",
            "慢慢地",
            "上去",
            "好像",
            "大大的",
            "上来"
        ]
    ],
    "鱼依": [
        "鱼依",
        "Fish by",
        "靠...捕鱼",
        [
            "捕鱼",
            "捕捞",
            "渔业",
            "捕猎",
            "渔猎",
            "渔民",
            "钓鱼",
            "渔夫",
            "渔场",
            "打鱼"
        ]
    ],
    "密节": [
        "密节",
        "Dense knot",
        "密集结",
        [
            "密集",
            "结",
            "稠密",
            "稀疏",
            "集中",
            "分散",
            "高密度",
            "人口稠密",
            "外围",
            "近",
            "拢",
            "合",
            "比较大",
            "缘",
            "珠",
            "娆",
            "交",
            "在手",
            "常为",
            "</s>"
        ]
    ],
    "风猎": [
        "风猎",
        "Wind hunting",
        "猎风",
        []
    ],
    "如鞭": [
        "如鞭",
        "Such as a whip",
        "比如鞭子",
        [
            "鞭子",
            "棍棒",
            "斧头",
            "拳头",
            "刀刃",
            "锁链",
            "手杖",
            "头上",
            "手脚",
            "棍子"
        ]
    ],
    "杳不散": [
        "杳不散",
        "I can't get away with it",
        "我逃不掉",
        []
    ],
    "香细": [
        "香细",
        "Fragrance is fine",
        "香味很好",
        [
            "香味",
            "很好",
            "香气",
            "味道",
            "气味",
            "不错",
            "甜味",
            "极好",
            "更好",
            "良好",
            "很差",
            "风味",
            "较好",
            "酸味",
            "苦味",
            "果香",
            "味",
            "最好",
            "极佳",
            "不太好"
        ]
    ],
    "鹭戏": [
        "鹭戏",
        "Heron play",
        "苍鹭游戏",
        [
            "苍鹭",
            "游戏",
            "的游戏",
            "该游戏",
            "一些游戏",
            "新游戏",
            "电子游戏",
            "小游戏",
            "电脑游戏",
            "RPG",
            "单人游戏",
            "鹭",
            "水鸟",
            "雀鸟",
            "鸬鹚",
            "渡鸦",
            "游隼",
            "鹌鹑",
            "八哥",
            "燕雀"
        ]
    ],
    "剑叶": [
        "剑叶",
        "Sword leaf",
        "剑叶",
        [
            "剑叶",
            "疏花",
            "薄叶",
            "凤尾",
            "毛果",
            "独脚",
            "人口为120人",
            "Pardosa",
            "<tr>",
            "</s>"
        ]
    ],
    "绿剑": [
        "绿剑",
        "Green sword",
        "绿色剑",
        [
            "绿色",
            "剑",
            "刀",
            "橙色",
            "黄色",
            "红色",
            "宝剑",
            "蓝色",
            "刃",
            "神剑",
            "白色",
            "长剑",
            "粉红色",
            "匕首",
            "紫色",
            "刀剑",
            "浅绿色",
            "双剑",
            "深蓝色",
            "斧"
        ]
    ],
    "雨冷": [
        "雨冷",
        "The rain is cold",
        "雨很冷",
        [
            "雨",
            "雾",
            "风雨",
            "雪",
            "寒",
            "枯",
            "夜",
            "飘",
            "月光",
            "雨天"
        ]
    ],
    "似剑": [
        "似剑",
        "Like a sword",
        "像一把剑",
        [
            "剑",
            "刀",
            "宝剑",
            "刃",
            "神剑",
            "长剑",
            "匕首",
            "刀剑",
            "双剑",
            "斧"
        ]
    ],
    "色长": [
        "色长",
        "Color length",
        "颜色长度",
        [
            "颜色",
            "长度",
            "宽度",
            "间距",
            "色调",
            "黄色",
            "红色",
            "紫色",
            "总长度",
            "阔度",
            "蓝色",
            "白色",
            "粉红色",
            "橙色",
            "色",
            "尺寸",
            "间隔",
            "大小",
            "较宽",
            "弧度"
        ]
    ],
    "千口": [
        "千口",
        "Thousand mouths",
        "千张嘴",
        [
            "千张",
            "嘴",
            "喙",
            "舌",
            "鼻",
            "颈",
            "鸟嘴",
            "背",
            "喉",
            "头",
            "大头",
            "几张",
            "首日",
            "的唱片",
            "天内",
            "剩",
            "足足",
            "周内",
            "一整",
            "</s>"
        ]
    ],
    "方绽": [
        "方绽",
        "Party drift",
        "派对漂移",
        [
            "派对",
            "漂移",
            "舞会",
            "生日派对",
            "狂欢",
            "宴会",
            "飘移",
            "聚会",
            "晚宴",
            "约会",
            "偏转",
            "振荡",
            "嘉年华",
            "万圣节",
            "偏移",
            "地球磁场",
            "反转",
            "翻转",
            "的移动",
            "相对于"
        ]
    ],
    "嫩芽": [
        "嫩芽",
        "Shoot",
        "拍摄",
        [
            "拍摄",
            "摄制",
            "取景",
            "外景",
            "拍摄地",
            "制作",
            "开拍",
            "拍片",
            "拍",
            "拍下"
        ]
    ],
    "尖": [
        "尖",
        "tip",
        "小费",
        [
            "小费",
            "客人",
            "红包",
            "服务费",
            "送礼",
            "嫖客",
            "性工作者",
            "收钱",
            "付钱",
            "花钱"
        ]
    ],
    "竞长": [
        "竞长",
        "Race length",
        "比赛长度",
        [
            "比赛",
            "长度",
            "赛事",
            "宽度",
            "间距",
            "球赛",
            "决赛",
            "总长度",
            "阔度",
            "预赛",
            "赛",
            "半决赛",
            "热身赛",
            "对抗赛",
            "表演赛",
            "尺寸",
            "间隔",
            "大小",
            "较宽",
            "弧度"
        ]
    ],
    "习书": [
        "习书",
        "Learning books",
        "学习书籍",
        [
            "学习",
            "书籍",
            "自学",
            "进修",
            "书本",
            "书刊",
            "图书",
            "出版物",
            "读物",
            "求学",
            "研读",
            "研习",
            "著作",
            "深造",
            "类书籍",
            "修习",
            "参考书",
            "历史书籍",
            "研修",
            "努力学习"
        ]
    ],
    "聊可截": [
        "聊可截",
        "Talk can be cut off",
        "谈话可以被切断",
        [
            "谈话",
            "切断",
            "截断",
            "讲话",
            "访谈",
            "交谈",
            "对谈",
            "对话",
            "补给线",
            "打通",
            "长谈",
            "阻断",
            "谈论",
            "谈及",
            "接通",
            "谈到",
            "割断",
            "退路",
            "侵入",
            "绕过"
        ]
    ],
    "弹雨": [
        "弹雨",
        "Play the rain",
        "玩雨",
        []
    ],
    "根列": [
        "根列",
        "Root column",
        "根柱",
        []
    ],
    "数条": [
        "数条",
        "Several",
        "几个",
        []
    ],
    "青刃": [
        "青刃",
        "Green blade",
        "绿色刀片",
        [
            "绿色",
            "刀片",
            "橙色",
            "黄色",
            "红色",
            "蓝色",
            "白色",
            "粉红色",
            "紫色",
            "浅绿色",
            "深蓝色",
            "锋利",
            "刀刃",
            "夹板",
            "把手",
            "刀柄",
            "支架",
            "棍子",
            "皮带",
            "手脚"
        ]
    ],
    "已攒茎": [
        "已攒茎",
        "Stems saved",
        "节省的茎",
        [
            "节省",
            "茎",
            "节约",
            "枝条",
            "分枝",
            "花茎",
            "叶柄",
            "根茎",
            "花柱",
            "叶子",
            "耗费",
            "小叶",
            "所需",
            "叶",
            "浪费",
            "花费",
            "减省",
            "耗用",
            "节省时间",
            "更少"
        ]
    ],
    "劲叶": [
        "劲叶",
        "Stiff leaf",
        "硬叶",
        []
    ],
    "织席": [
        "织席",
        "Woven mat",
        "编织垫",
        [
            "编织",
            "垫",
            "夹",
            "缝",
            "床",
            "织成",
            "编织成",
            "缝制",
            "刺绣",
            "枕头",
            "腰",
            "缝纫",
            "剪刀",
            "穿孔",
            "侧边",
            "把手",
            "梳子",
            "藤条",
            "花样",
            "盖"
        ]
    ],
    "复宜珍": [
        "复宜珍",
        "Fu Yi Zhen",
        "傅一真",
        []
    ],
    "国香": [
        "国香",
        "National incense",
        "民族香",
        [
            "民族",
            "香",
            "少数民族",
            "多民族",
            "汉族的",
            "梨",
            "民族性",
            "中华民族",
            "汉民族",
            "民族语言",
            "人种",
            "莲",
            "国族",
            "木",
            "桐",
            "杏",
            "茗",
            "芳",
            "珠",
            "润"
        ]
    ],
    "紫茎": [
        "紫茎",
        "Purple stem",
        "紫色茎",
        [
            "紫色",
            "茎",
            "黄色",
            "粉红色",
            "白色",
            "红色",
            "黄绿色",
            "蓝色",
            "紫红色",
            "深红色",
            "枝条",
            "深蓝色",
            "分枝",
            "花茎",
            "叶柄",
            "根茎",
            "花柱",
            "叶子",
            "小叶",
            "叶"
        ]
    ],
    "芳馨": [
        "芳馨",
        "Fang Xin",
        "方鑫",
        []
    ],
    "结阴": [
        "结阴",
        "Yin accumulation",
        "阴积累",
        [
            "阴",
            "积累",
            "累积",
            "秽",
            "吸取",
            "阳",
            "割",
            "获取",
            "积攒",
            "积聚",
            "虚",
            "残",
            "寒",
            "依靠",
            "获益",
            "受益",
            "神人",
            "造就",
            "自生",
            "容"
        ]
    ],
    "秋佩": [
        "秋佩",
        "Qiu Pei",
        "邱沛",
        []
    ],
    "弱态": [
        "弱态",
        "Weak state",
        "弱态",
        []
    ],
    "秀质": [
        "秀质",
        "Show quality",
        "显示质量",
        [
            "显示",
            "质量",
            "表明",
            "总质量",
            "密度",
            "低质量",
            "恒星质量",
            "精确度",
            "运动速度",
            "数量级",
            "能量密度",
            "推测",
            "准确性",
            "辨识",
            "标示出",
            "结果显示",
            "看出",
            "推断",
            "揭示",
            "说明了"
        ]
    ],
    "擢颖": [
        "擢颖",
        "Zhuo ying",
        "卓影",
        []
    ],
    "芬馥": [
        "芬馥",
        "Fragrant",
        "芳香的",
        [
            "芳香",
            "香气",
            "醇",
            "衍生物",
            "精油",
            "类物质",
            "酚",
            "醇类",
            "重氮",
            "大蒜"
        ]
    ],
    "魧": [
        "魧",
        "Chi",
        "志",
        [
            "志",
            "录",
            "记",
            "览",
            "鉴",
            "卷首",
            "载于",
            "所撰",
            "金石",
            "中有"
        ]
    ],
    "丹颖": [
        "丹颖",
        "Dan ying",
        "丹英",
        []
    ],
    "风泛": [
        "风泛",
        "Wind flood",
        "风洪水",
        [
            "风",
            "洪水",
            "洪水泛滥",
            "山洪",
            "泥石流",
            "大水",
            "淹没",
            "水淹",
            "泛滥",
            "决堤",
            "山洪暴发",
            "风吹",
            "西风",
            "吹拂",
            "吹",
            "北风",
            "大风",
            "暴风",
            "雨",
            "和风"
        ]
    ],
    "深林": [
        "深林",
        "Forest",
        "森林",
        [
            "森林",
            "雨林",
            "丛林",
            "沼泽",
            "原始森林",
            "热带雨林",
            "树林",
            "山谷",
            "荒野",
            "原野"
        ]
    ],
    "纫": [
        "纫",
        "Sewing",
        "缝纫",
        [
            "缝纫",
            "木工",
            "织布",
            "用具",
            "编织",
            "裁缝",
            "手工",
            "鞋匠",
            "手工艺",
            "制鞋"
        ]
    ],
    "佩": [
        "佩",
        "admire",
        "欣赏",
        [
            "欣赏",
            "喜爱",
            "观赏",
            "赞叹",
            "难得",
            "钟爱",
            "激赏",
            "惊叹",
            "著迷",
            "赞不绝口"
        ]
    ],
    "丛生": [
        "丛生",
        "grow thickly",
        "长得很厚",
        [
            "长得",
            "厚",
            "长相",
            "薄",
            "厚度",
            "英俊",
            "外表",
            "身形",
            "胖",
            "矮小",
            "瘦小",
            "高约",
            "较厚",
            "样子",
            "粗",
            "个头",
            "厚实",
            "深",
            "细",
            "很厚"
        ]
    ],
    "绿艳": [
        "绿艳",
        "Green and brilliant",
        "绿色明亮",
        [
            "绿色",
            "明亮",
            "暗淡",
            "橙色",
            "黄色",
            "光亮",
            "红色",
            "蓝色",
            "白色",
            "昏暗",
            "黯淡",
            "粉红色",
            "紫色",
            "浅绿色",
            "深蓝色",
            "耀眼",
            "夜空",
            "醒目",
            "蓝白色",
            "亮"
        ]
    ],
    "幽谷": [
        "幽谷",
        "dell",
        "幽谷",
        [
            "幽谷",
            "海之",
            "奔流",
            "碧水",
            "落日",
            "松林",
            "此景",
            "天梯",
            "</s>",
            "Pardosa"
        ]
    ],
    "援琴": [
        "援琴",
        "Aiding piano",
        "辅助钢琴",
        [
            "辅助",
            "钢琴",
            "小提琴",
            "钢琴演奏",
            "大提琴",
            "吉他",
            "声乐",
            "长笛",
            "口琴",
            "低音提琴",
            "小号",
            "专用",
            "常规",
            "基本功能",
            "主要用途",
            "特别设计",
            "专门设计",
            "来进行",
            "借助于",
            "除此以外"
        ]
    ],
    "素淡": [
        "素淡",
        "Plain light",
        "普通光",
        [
            "普通",
            "光",
            "瞳",
            "红光",
            "暗",
            "光和",
            "白光",
            "亮",
            "和光",
            "一般来说",
            "平常",
            "日光",
            "大多",
            "虹",
            "一般而言",
            "基本上",
            "都可",
            "都是",
            "比如说",
            "除此以外"
        ]
    ],
    "人服": [
        "人服",
        "People's clothing",
        "人民服装",
        [
            "人民",
            "服装",
            "服饰",
            "装扮",
            "衣著",
            "衣装",
            "着装",
            "西装",
            "化妆",
            "衣饰",
            "饰品",
            "国民",
            "民众",
            "各族人民",
            "祖国",
            "当权者",
            "民主自由",
            "团结",
            "暴政",
            "老百姓"
        ]
    ],
    "紫芽": [
        "紫芽",
        "Purple bud",
        "紫色芽",
        [
            "紫色",
            "芽",
            "黄色",
            "粉红色",
            "白色",
            "红色",
            "黄绿色",
            "蓝色",
            "紫红色",
            "深红色",
            "深蓝色",
            "花柱",
            "果",
            "分枝",
            "幼苗",
            "小叶",
            "长成",
            "生",
            "稀",
            "初夏"
        ]
    ],
    "知其芳": [
        "知其芳",
        "Know its fragrance",
        "知道它的香味吗",
        [
            "知道",
            "香味",
            "香气",
            "味道",
            "告诉",
            "明白",
            "气味",
            "甜味",
            "告诉他",
            "并不知道",
            "想到",
            "真的",
            "风味",
            "其实",
            "发觉",
            "究竟",
            "酸味",
            "苦味",
            "果香",
            "味"
        ]
    ],
    "俗态": [
        "俗态",
        "Vulgarity",
        "粗俗",
        [
            "粗俗",
            "嘲讽",
            "戏谑",
            "粗鄙",
            "脏话",
            "愚蠢",
            "做作",
            "轻蔑",
            "嘲弄",
            "下流"
        ]
    ],
    "柔芽": [
        "柔芽",
        "Soft bud",
        "软芽",
        []
    ],
    "溪涧": [
        "溪涧",
        "mountain stream",
        "山涧",
        [
            "山涧",
            "山沟",
            "溪涧",
            "小溪",
            "溪边",
            "流水",
            "岩洞",
            "水沟",
            "水边",
            "沟渠"
        ]
    ],
    "骚客": [
        "骚客",
        "Poet",
        "诗人",
        [
            "诗人",
            "著名诗人",
            "文学家",
            "诗作",
            "女诗人",
            "作家",
            "诗歌",
            "剧作家",
            "著名作家",
            "文人"
        ]
    ],
    "诗卷": [
        "诗卷",
        "Poetry volume",
        "诗歌卷",
        [
            "诗歌",
            "抒情诗",
            "诗作",
            "文学作品",
            "散文",
            "文学",
            "诗篇",
            "诗词",
            "诗",
            "短诗"
        ]
    ],
    "堪为": [
        "堪为",
        "As for",
        "关于",
        []
    ],
    "解秽": [
        "解秽",
        "Remove filth",
        "清除污物",
        [
            "清除",
            "污物",
            "清理",
            "清洗",
            "移除",
            "去除",
            "除去",
            "排泄物",
            "扫除",
            "污泥",
            "清空",
            "粪便",
            "清扫",
            "拔除",
            "异味",
            "排出",
            "粪",
            "的水",
            "排泄",
            "其内"
        ]
    ],
    "耻萧荣": [
        "耻萧荣",
        "Shame on Xiao Rong",
        "小蓉的耻辱",
        [
            "耻辱",
            "羞耻",
            "屈辱",
            "骄傲",
            "侮辱",
            "羞辱",
            "难堪",
            "污辱",
            "可耻",
            "蔑视"
        ]
    ],
    "艾": [
        "艾",
        "Ai",
        "人工智能",
        [
            "人工智能",
            "AI",
            "人工智慧",
            "机器学习",
            "计算机",
            "智能",
            "认知科学",
            "计算机科学",
            "计算机系统",
            "人脑"
        ]
    ],
    "瘦叶苍": [
        "瘦叶苍",
        "Thin leaf pale",
        "薄叶苍白",
        [
            "薄叶",
            "苍白",
            "面孔",
            "面容",
            "看起来",
            "光亮",
            "铜色",
            "看上去",
            "皱纹",
            "纤细",
            "疏花",
            "细枝",
            "驼背",
            "小果",
            "短柄",
            "毛枝",
            "黄毛",
            "紫花",
            "Pardosa",
            "</s>"
        ]
    ],
    "箭": [
        "箭",
        "Arrow",
        "箭",
        [
            "箭",
            "箭射",
            "箭矢",
            "射",
            "弩",
            "弓箭",
            "匕首",
            "弓",
            "长剑",
            "扑"
        ]
    ],
    "砂红": [
        "砂红",
        "Sand red",
        "砂红色",
        [
            "砂",
            "红色",
            "黄色",
            "白色",
            "蓝色",
            "橙色",
            "紫色",
            "黑色",
            "粉红色",
            "金色",
            "深蓝色",
            "砂土",
            "砂石",
            "泥",
            "沙砾",
            "浮",
            "盆",
            "漂",
            "锈",
            "中洲"
        ]
    ],
    "郢": [
        "郢",
        "Ying",
        "英",
        []
    ],
    "人歌": [
        "人歌",
        "People's songs",
        "人民歌曲",
        [
            "人民",
            "歌曲",
            "首歌曲",
            "首歌",
            "此曲",
            "歌词",
            "曲目",
            "流行歌曲",
            "曲子",
            "经典歌曲",
            "曲",
            "国民",
            "民众",
            "各族人民",
            "祖国",
            "当权者",
            "民主自由",
            "团结",
            "暴政",
            "老百姓"
        ]
    ],
    "卧屏": [
        "卧屏",
        "Horizontal screen",
        "水平筛",
        [
            "水平",
            "筛",
            "水准",
            "技术水平",
            "高度",
            "素质",
            "程度",
            "高水平",
            "准确度",
            "总体",
            "低水平",
            "滤",
            "滴",
            "搓",
            "刨",
            "盘上",
            "捻",
            "肥肉",
            "先用",
            "口内"
        ]
    ],
    "忌": [
        "忌",
        "Avoid",
        "避免",
        [
            "避免",
            "防止",
            "不必要",
            "可能会",
            "可避免",
            "尽量避免",
            "消除",
            "能避免",
            "避开",
            "不致"
        ]
    ],
    "当门": [
        "当门",
        "When the door",
        "当门",
        []
    ],
    "起椒兰": [
        "起椒兰",
        "Zanthoxylum bungeanum",
        "花椒",
        [
            "花椒",
            "萝卜",
            "胡椒",
            "葱",
            "栀子",
            "醋",
            "茸",
            "芝麻",
            "山楂",
            "大蒜"
        ]
    ],
    "巧凌霜": [
        "巧凌霜",
        "Qiao Ling Cream",
        "巧玲霜",
        []
    ],
    "茞": [
        "茞",
        "Fu",
        "福",
        [
            "福",
            "恩",
            "隆",
            "安",
            "寿",
            "富",
            "兴",
            "丰",
            "贺",
            "容"
        ]
    ],
    "感德": [
        "感德",
        "Gratitude",
        "感谢",
        [
            "感谢",
            "感激",
            "表示感谢",
            "答谢",
            "衷心",
            "感恩",
            "非常感谢",
            "致谢",
            "深受感动",
            "来向"
        ]
    ],
    "罗含": [
        "罗含",
        "Roham",
        "罗门",
        [
            "罗门",
            "墨林",
            "合写",
            "克特",
            "金和",
            "他的学生",
            "时以",
            "</s>",
            "<tr>",
            "Pardosa"
        ]
    ],
    "扬芬": [
        "扬芬",
        "Young Finn",
        "年轻的芬兰人",
        [
            "年轻",
            "芬兰人",
            "年长",
            "年青",
            "芬兰",
            "爱沙尼亚人",
            "立陶宛人",
            "波兰人",
            "瑞典人",
            "德国人",
            "心目中",
            "俄罗斯人",
            "身为",
            "几位",
            "中年",
            "挪威人",
            "同龄",
            "眼中",
            "新进",
            "大多数人"
        ]
    ],
    "为王": [
        "为王",
        "royally",
        "庄严地",
        [
            "庄严",
            "肃穆",
            "典雅",
            "庄重",
            "雄伟",
            "壮丽",
            "雕梁画栋",
            "优雅",
            "端正",
            "大方"
        ]
    ],
    "者": [
        "者",
        "person",
        "人",
        []
    ],
    "被皋": [
        "被皋",
        "Bei Gao",
        "高贝",
        []
    ],
    "凝湛露": [
        "凝湛露",
        "Condensed dew",
        "凝结露水",
        [
            "凝结",
            "露水",
            "凝固",
            "融化",
            "蒸发",
            "冷凝",
            "水蒸气",
            "溶解",
            "溶化",
            "沸腾",
            "升华",
            "云朵",
            "雾气",
            "薄雾",
            "夜晚",
            "清爽",
            "月光",
            "冬日",
            "的水",
            "金子"
        ]
    ],
    "幼时": [
        "幼时",
        "At a young age",
        "年轻时",
        [
            "年轻时",
            "年少时",
            "自小",
            "从小",
            "少年时代",
            "少年时期",
            "早年",
            "小时候",
            "幼时",
            "少时"
        ]
    ],
    "期作佩": [
        "期作佩",
        "For a period of time",
        "一个时期",
        [
            "时期",
            "时代",
            "初期",
            "末期",
            "后期",
            "中后期",
            "一时期",
            "以前",
            "中期",
            "初"
        ]
    ],
    "孕秀": [
        "孕秀",
        "Pregnant show",
        "怀孕秀",
        [
            "怀孕",
            "秀",
            "分娩",
            "早产",
            "妊娠",
            "受孕",
            "孕妇",
            "流产",
            "生孩子",
            "婴儿",
            "男婴",
            "晴",
            "俊",
            "庆",
            "幸",
            "高桥",
            "贤",
            "惠",
            "荣",
            "友"
        ]
    ],
    "邻芝室": [
        "邻芝室",
        "Adjacent cheese room",
        "相邻奶酪室",
        [
            "相邻",
            "奶酪",
            "室",
            "干酪",
            "芝士",
            "邻接",
            "相连",
            "乳酪",
            "相接",
            "面包",
            "起司",
            "奶油",
            "马铃薯",
            "毗连",
            "黄油",
            "牛奶",
            "二楼",
            "邻",
            "北边",
            "四楼",
            "比邻",
            "紧邻",
            "一楼",
            "紧靠",
            "会议室",
            "房",
            "三楼",
            "寝室",
            "楼内",
            "过道"
        ]
    ],
    "微祥": [
        "微祥",
        "Wei Xiang",
        "魏翔",
        []
    ],
    "姞": [
        "姞",
        "Ah",
        "啊",
        []
    ],
    "浴汤": [
        "浴汤",
        "Bath soup",
        "沐浴汤",
        [
            "沐浴",
            "汤",
            "洗浴",
            "洗澡",
            "浴",
            "净身",
            "羹",
            "煮",
            "更衣",
            "豆腐",
            "饭",
            "洗涤",
            "打水",
            "汁",
            "洗脸",
            "鸡汤",
            "火锅",
            "歇息",
            "姜",
            "冬瓜"
        ]
    ],
    "致洁": [
        "致洁",
        "To clean",
        "清洁",
        [
            "清洁",
            "洗手",
            "消毒",
            "保养",
            "干净",
            "清扫",
            "整洁",
            "洁净",
            "漂白",
            "洗涤"
        ]
    ]
}