{
    "坐中尘": [
        "坐中尘",
        "Sitting dust",
        "坐尘",
        []
    ],
    "点生": [
        "点生",
        "Point birth",
        "点出生",
        [
            "出生",
            "出生于",
            "生于",
            "出生地",
            "长大",
            "出世",
            "外祖母",
            "幼时",
            "外祖父",
            "祖父母"
        ]
    ],
    "柱杖": [
        "柱杖",
        "Column staff",
        "专栏工作人员",
        [
            "专栏",
            "工作人员",
            "人员",
            "职员",
            "专栏作家",
            "报章杂志",
            "时事评论",
            "信报",
            "经济日报",
            "撰稿",
            "现场",
            "管理人员",
            "周报",
            "书评",
            "技术人员",
            "篇名",
            "负责人",
            "保安人员",
            "第一时间",
            "内部人员"
        ]
    ],
    "叩门": [
        "叩门",
        "Knock the door",
        "敲门",
        [
            "敲门",
            "进门",
            "屋子里",
            "我家",
            "外头",
            "半夜",
            "没事",
            "今晚",
            "不约而同",
            "恰巧"
        ]
    ],
    "夜挂": [
        "夜挂",
        "Night hanging",
        "夜间悬挂",
        [
            "夜间",
            "悬挂",
            "白天",
            "夜晚",
            "日间",
            "挂",
            "挂起",
            "傍晚",
            "昼间",
            "挂有",
            "深夜",
            "旗杆",
            "竖立",
            "定时",
            "日夜",
            "放置",
            "午后",
            "摆放",
            "安放",
            "置放"
        ]
    ],
    "助力": [
        "助力",
        "Help",
        "帮助",
        [
            "帮助",
            "协助",
            "努力",
            "设法",
            "希望",
            "鼓励",
            "试图",
            "尽力",
            "借助",
            "为了让"
        ]
    ],
    "踏云": [
        "踏云",
        "Treading clouds",
        "踩云",
        [
            "踩",
            "云",
            "摔",
            "踹",
            "抬起",
            "踏",
            "脚踏",
            "吊",
            "脚",
            "扯",
            "碰",
            "尘",
            "幽",
            "寒",
            "阳",
            "名曰",
            "碧",
            "皓",
            "虹",
            "容"
        ]
    ],
    "卓地": [
        "卓地",
        "Zhuo di",
        "卓迪",
        []
    ],
    "藤杖": [
        "藤杖",
        "Rattan staff",
        "藤条杖",
        [
            "藤条",
            "杖",
            "斩",
            "笞",
            "鞭打",
            "缚",
            "斧头",
            "斧",
            "编织",
            "马鞭",
            "竹片",
            "钉",
            "驭",
            "竹子",
            "皮带",
            "垫",
            "绞",
            "棍子",
            "马尾",
            "竹节"
        ]
    ],
    "寻僧": [
        "寻僧",
        "Looking for a monk",
        "找和尚",
        [
            "找",
            "和尚",
            "去找",
            "禅师",
            "僧",
            "道人",
            "法师",
            "方丈",
            "尼姑",
            "看看",
            "师父",
            "告诉他",
            "想到",
            "帮忙",
            "回来",
            "寺里",
            "回去",
            "找寻",
            "罗汉",
            "发觉"
        ]
    ],
    "寻方": [
        "寻方",
        "Find a way",
        "想办法",
        [
            "想",
            "办法",
            "想要",
            "只想",
            "不想",
            "希望",
            "打算",
            "自已",
            "就让",
            "一心",
            "一切都是",
            "必要",
            "自行",
            "前提",
            "事先",
            "切实",
            "设法",
            "作法",
            "急于",
            "适时"
        ]
    ],
    "过眉": [
        "过眉",
        "Over eyebrow",
        "眉毛上",
        [
            "眉毛",
            "鼻子",
            "头发",
            "脸部",
            "嘴唇",
            "胡须",
            "指甲",
            "额头",
            "睫毛",
            "下巴"
        ]
    ],
    "未拐": [
        "未拐",
        "No turning",
        "不准转弯",
        [
            "不准",
            "转弯",
            "不许",
            "严禁",
            "弯道",
            "减速",
            "擅自",
            "一律",
            "上坡",
            "下坡",
            "弯",
            "私自",
            "掉头",
            "只准",
            "滑出",
            "闪避",
            "回转",
            "不容许",
            "可不",
            "都要"
        ]
    ],
    "扣户": [
        "扣户",
        "Household deduction",
        "家庭扣除",
        [
            "家庭",
            "扣除",
            "中产阶级",
            "家庭成员",
            "大家庭",
            "扣减",
            "贫穷",
            "父母",
            "收取",
            "家庭主妇",
            "计入",
            "父母亲",
            "兄弟姐妹",
            "普通家庭",
            "所得",
            "减去",
            "翻倍",
            "另加",
            "减半",
            "外加"
        ]
    ],
    "闲担": [
        "闲担",
        "Idle load",
        "空载负荷",
        [
            "空载",
            "负荷",
            "负担",
            "损耗",
            "承受",
            "负载",
            "耗损",
            "超载",
            "负重",
            "超重",
            "节省成本",
            "3组",
            "近距",
            "慢速",
            "常规",
            "3号",
            "人口为120人",
            "<tr>",
            "</s>",
            "Pardosa"
        ]
    ],
    "燃藜": [
        "燃藜",
        "Chenopodium album",
        "藜相册",
        [
            "藜",
            "相册",
            "果树",
            "小麦",
            "油菜",
            "灵芝",
            "荞麦",
            "冬瓜",
            "Blogger",
            "在线",
            "快照",
            "主页",
            "木棉",
            "瓜子",
            "紫花",
            "Flickr",
            "Pardosa",
            "；还有",
            "<tr>",
            "</s>"
        ]
    ],
    "未伴": [
        "未伴",
        "Unaccompanied",
        "无伴奏的",
        [
            "伴奏",
            "演奏",
            "独奏",
            "伴唱",
            "合奏",
            "乐曲",
            "弦乐",
            "独唱",
            "打击乐",
            "人声"
        ]
    ],
    "衲僧": [
        "衲僧",
        "The monk",
        "和尚",
        [
            "和尚",
            "禅师",
            "僧",
            "道人",
            "法师",
            "方丈",
            "尼姑",
            "师父",
            "寺里",
            "罗汉"
        ]
    ],
    "携归": [
        "携归",
        "Bring back",
        "使恢复",
        [
            "恢复",
            "完全恢复",
            "回复",
            "维持",
            "丧失",
            "直至",
            "以后",
            "恢复原",
            "稳定下来",
            "趋于稳定"
        ]
    ],
    "只作": [
        "只作",
        "Just do",
        "只管做",
        [
            "只管",
            "做",
            "做到",
            "认真",
            "好好",
            "想到",
            "花钱",
            "动手",
            "继续做",
            "要用",
            "来作",
            "就行了",
            "从来不",
            "没用",
            "不来",
            "于是便",
            "可否",
            "时时",
            "于是就",
            "自已"
        ]
    ],
    "携瓢": [
        "携瓢",
        "Carrying ladle",
        "抬包",
        []
    ],
    "卓石": [
        "卓石",
        "Zhuoshi",
        "卓石",
        []
    ],
    "几伴": [
        "几伴",
        "Several companions",
        "几个同伴",
        [
            "同伴",
            "小杰",
            "伙伴们",
            "杰克",
            "朋友们",
            "罗宾",
            "独自一人",
            "三人",
            "兄弟俩",
            "两兄弟"
        ]
    ],
    "山翁": [
        "山翁",
        "Shan Weng",
        "山翁",
        []
    ],
    "愿陪": [
        "愿陪",
        "Willing to accompany",
        "愿意陪伴",
        [
            "愿意",
            "陪伴",
            "不愿",
            "希望",
            "不想",
            "乐意",
            "意愿",
            "想",
            "情愿",
            "照料",
            "想要",
            "主动",
            "身边",
            "服侍",
            "身旁",
            "陪",
            "照看",
            "独自一人",
            "陪着",
            "相伴"
        ]
    ],
    "挂入": [
        "挂入",
        "Hang in",
        "坚持",
        [
            "坚持",
            "坚决",
            "坚定",
            "无视",
            "坚定不移",
            "执意",
            "坚信",
            "尽力",
            "坚称",
            "仍要"
        ]
    ],
    "曾敲": [
        "曾敲",
        "Knocked once",
        "敲了一次",
        [
            "敲",
            "敲打",
            "敲击",
            "一声",
            "放",
            "击打",
            "响",
            "掰",
            "打碎",
            "摇动"
        ]
    ],
    "下门": [
        "下门",
        "Lower door",
        "下门",
        [
            "门",
            "门内",
            "四门",
            "二门",
            "门上",
            "小门",
            "东门",
            "道门",
            "三门",
            "后门"
        ]
    ],
    "鸠形": [
        "鸠形",
        "Dove shape",
        "鸽子形",
        [
            "鸽子",
            "形",
            "状",
            "形如",
            "菱形",
            "方形",
            "形似",
            "圆形",
            "六角形",
            "猴子",
            "锥形",
            "公鸡",
            "凸",
            "乌鸦",
            "兔子",
            "小动物",
            "山羊",
            "鸭子",
            "蚊子",
            "树梢"
        ]
    ],
    "荣宠": [
        "荣宠",
        "Rong chong",
        "荣冲",
        []
    ],
    "劲健": [
        "劲健",
        "Jin Jian",
        "金鉴",
        []
    ],
    "孤茎": [
        "孤茎",
        "Solitary stem",
        "单生茎",
        []
    ],
    "腰凭": [
        "腰凭",
        "Waist support",
        "腰部支撑",
        [
            "腰部",
            "支撑",
            "胸部",
            "臀部",
            "膝盖",
            "肩部",
            "腿部",
            "肩膀",
            "大腿",
            "背部",
            "小腿",
            "承托",
            "支架",
            "支柱",
            "依靠",
            "中空",
            "坚实",
            "保持平衡",
            "之上",
            "倚靠"
        ]
    ],
    "龙化": [
        "龙化",
        "Dragon culture",
        "龙文化",
        [
            "龙",
            "文化",
            "龙的",
            "龙科",
            "翼龙",
            "的文化",
            "龙是",
            "传统文化",
            "中华文化",
            "龙是种",
            "中国文化",
            "龙有",
            "龙及",
            "民俗",
            "历史文化",
            "人文",
            "多元文化",
            "蜥脚类",
            "禽",
            "儒家文化"
        ]
    ],
    "要": [
        "要",
        "want",
        "想要",
        [
            "想要",
            "想",
            "不想",
            "只想",
            "希望",
            "一定会",
            "一切都是",
            "想尽办法",
            "就让",
            "自已"
        ]
    ],
    "过头": [
        "过头",
        "overdo",
        "夸张",
        [
            "夸张",
            "滑稽",
            "煽情",
            "荒谬",
            "嘲讽",
            "可笑",
            "肤浅",
            "拙劣",
            "吓人",
            "荒诞"
        ]
    ],
    "疏圆": [
        "疏圆",
        "Loose circle",
        "松动圈",
        [
            "松动",
            "断裂",
            "滑落",
            "下移",
            "外露",
            "失去平衡",
            "抬头",
            "靠拢",
            "消减",
            "</s>"
        ]
    ],
    "六节": [
        "六节",
        "Section 6",
        "第6节",
        []
    ],
    "长作": [
        "长作",
        "Long work",
        "长期工作",
        [
            "长期",
            "工作",
            "长年",
            "一直",
            "长时间",
            "管理工作",
            "仍然",
            "岗位",
            "长期以来",
            "实习",
            "兼职",
            "依然",
            "临时工",
            "指导",
            "文书工作",
            "经常性",
            "社会活动",
            "近十年",
            "指导工作",
            "曾一度"
        ]
    ],
    "随杯": [
        "随杯",
        "With the cup",
        "用杯子",
        [
            "杯子",
            "盘子",
            "玻璃杯",
            "酒杯",
            "盛满",
            "桌子",
            "冰块",
            "瓶",
            "酒瓶",
            "把手"
        ]
    ],
    "羽流": [
        "羽流",
        "Plume flow",
        "羽流",
        []
    ],
    "有同": [
        "有同",
        "Same thing",
        "同样的事情",
        [
            "同样",
            "事情",
            "什么事",
            "事",
            "不想",
            "真的",
            "坏事",
            "一定会",
            "两件事",
            "好事",
            "心里",
            "某种程度",
            "举例来说",
            "或多或少",
            "比如说",
            "值得注意",
            "比方说",
            "都只",
            "正因如此",
            "除此以外"
        ]
    ],
    "西洛景": [
        "西洛景",
        "Xiluojing",
        "溪洛井",
        []
    ],
    "金觥": [
        "金觥",
        "Jin Xu",
        "许进",
        []
    ],
    "泛酒": [
        "泛酒",
        "Pan wine",
        "锅酒",
        []
    ],
    "客集": [
        "客集",
        "Guest set",
        "客串",
        [
            "客串",
            "客串演出",
            "出演",
            "出镜",
            "参演",
            "配角",
            "担纲",
            "小角色",
            "演",
            "男主角"
        ]
    ],
    "巨罗": [
        "巨罗",
        "Giant",
        "巨大的",
        [
            "巨大",
            "极大",
            "相当大",
            "非常大",
            "更大",
            "很大",
            "不小",
            "前所未有",
            "庞大",
            "前所未见"
        ]
    ],
    "方辰": [
        "方辰",
        "Fang Chen",
        "方晨",
        []
    ],
    "岂减": [
        "岂减",
        "Less",
        "较少的",
        [
            "较少",
            "较多",
            "极少",
            "很少",
            "更少",
            "相当多",
            "大多",
            "多于",
            "非常少",
            "少"
        ]
    ],
    "曲江": [
        "曲江",
        "Qujiang",
        "曲江",
        [
            "曲江",
            "韶关",
            "韶关市",
            "惠州",
            "肇庆",
            "从化",
            "增城",
            "南雄",
            "清远",
            "揭阳"
        ]
    ],
    "轻浮": [
        "轻浮",
        "Frivolous",
        "琐碎的",
        [
            "琐碎",
            "荒谬",
            "无关紧要",
            "单纯",
            "毫无意义",
            "技术性",
            "显然",
            "是非",
            "举例来说",
            "比如说"
        ]
    ],
    "掬水": [
        "掬水",
        "Scoop up water",
        "舀水",
        []
    ],
    "墨云": [
        "墨云",
        "Ink cloud",
        "墨水云",
        [
            "墨水",
            "云",
            "纸张",
            "油墨",
            "铅笔",
            "钢笔",
            "颜料",
            "纸",
            "画布",
            "尘",
            "幽",
            "寒",
            "沾",
            "水银",
            "阳",
            "名曰",
            "碧",
            "皓",
            "虹",
            "容"
        ]
    ],
    "鱼吞墨": [
        "鱼吞墨",
        "Fish swallow ink",
        "鱼吞墨水",
        [
            "墨水",
            "纸张",
            "油墨",
            "铅笔",
            "钢笔",
            "颜料",
            "纸",
            "画布",
            "沾",
            "水银"
        ]
    ],
    "山骨润": [
        "山骨润",
        "Mountain bone embellish",
        "山骨润",
        []
    ],
    "涤尘": [
        "涤尘",
        "Polyester dust",
        "聚酯粉尘",
        [
            "聚酯",
            "粉尘",
            "有毒气体",
            "聚乙烯",
            "塑料",
            "烟雾",
            "尼龙",
            "树脂",
            "合成纤维",
            "塑胶",
            "灰尘",
            "合成橡胶",
            "人造纤维",
            "PVC",
            "煤烟",
            "自燃",
            "二氧化硫",
            "悬浮",
            "硫化物",
            "烟尘"
        ]
    ],
    "天姿": [
        "天姿",
        "Tenshi",
        "天狮",
        []
    ],
    "藻带": [
        "藻带",
        "Algae belt",
        "藻类带",
        [
            "藻类",
            "带",
            "无脊椎动物",
            "浮游生物",
            "海藻",
            "水生植物",
            "浮游植物",
            "甲壳类",
            "软体动物",
            "浮游动物",
            "绿藻",
            "带上",
            "背著",
            "隙",
            "随身携带",
            "只见",
            "放",
            "偷偷地",
            "远方",
            "上头"
        ]
    ],
    "玉纹光": [
        "玉纹光",
        "Jade pattern light",
        "玉石图案灯",
        [
            "玉石",
            "图案",
            "灯",
            "花纹",
            "玉器",
            "图样",
            "纹饰",
            "标志",
            "样式",
            "背面",
            "几何图形",
            "绿松石",
            "灯笼",
            "象牙",
            "金色",
            "装饰物",
            "铜器",
            "工艺品",
            "灯泡",
            "宝石",
            "白玉",
            "点灯",
            "蜡烛",
            "灯具",
            "油灯",
            "点亮",
            "玉",
            "喇叭",
            "霓虹",
            "故称"
        ]
    ],
    "堕落": [
        "堕落",
        "Degenerate",
        "退化的",
        [
            "退化",
            "发育",
            "萎缩",
            "消退",
            "愈合",
            "弱化",
            "变异",
            "撕裂",
            "肥大",
            "错位"
        ]
    ],
    "金星": [
        "金星",
        "Venus",
        "维纳斯",
        [
            "维纳斯",
            "爱神",
            "阿芙",
            "酒神",
            "伊西斯",
            "但丁",
            "丘比特",
            "彼特拉克",
            "朱庇特",
            "普罗米修斯"
        ]
    ],
    "拭看": [
        "拭看",
        "Wipe it",
        "擦它",
        [
            "擦",
            "甩",
            "掐",
            "屁股",
            "摸",
            "碰",
            "扯",
            "捏",
            "下巴",
            "滚"
        ]
    ],
    "鸲": [
        "鸲",
        "Owl",
        "猫头鹰",
        [
            "猫头鹰",
            "蜘蛛",
            "乌鸦",
            "蝙蝠",
            "独角兽",
            "狐狸",
            "蝎子",
            "夜鹰",
            "秃鹰",
            "鸽子"
        ]
    ],
    "乌玉": [
        "乌玉",
        "Wu Yu",
        "吴宇",
        []
    ],
    "塑凤": [
        "塑凤",
        "Plastic chicken",
        "塑料鸡",
        [
            "塑料",
            "鸡",
            "塑胶",
            "猪",
            "橡胶",
            "材质",
            "尼龙",
            "不锈钢",
            "树脂",
            "薄膜",
            "肉",
            "牛",
            "铝",
            "聚氯乙烯",
            "鹅",
            "鸭",
            "饭",
            "羊",
            "奶",
            "大头"
        ]
    ],
    "炽火": [
        "炽火",
        "Blazing fire",
        "炽热的火",
        [
            "炽热",
            "火",
            "火焰",
            "烧",
            "烈焰",
            "火光",
            "炙热",
            "燃",
            "雨",
            "火神",
            "雷公",
            "雷电",
            "沸腾",
            "光亮",
            "势不可挡",
            "渴求",
            "犹如",
            "释放出来",
            "</s>",
            "Pardosa"
        ]
    ],
    "一炬": [
        "一炬",
        "A torch",
        "火炬",
        [
            "火炬",
            "圣火",
            "接力",
            "开幕式",
            "五环",
            "北京奥运",
            "彩带",
            "祥云",
            "倒计时",
            "一齐"
        ]
    ],
    "知寒": [
        "知寒",
        "Know cold",
        "知道冷吗",
        [
            "知道",
            "冷",
            "告诉",
            "明白",
            "告诉他",
            "并不知道",
            "想到",
            "真的",
            "其实",
            "发觉",
            "究竟",
            "冻",
            "寒",
            "冷热",
            "凝",
            "冷水",
            "的水",
            "稀",
            "和气",
            "</s>"
        ]
    ],
    "代薪": [
        "代薪",
        "Substitute salary",
        "替代工资",
        [
            "工资",
            "薪水",
            "薪资",
            "薪金",
            "薪酬",
            "退休金",
            "月薪",
            "报酬",
            "利息",
            "加班费"
        ]
    ],
    "猛兽": [
        "猛兽",
        "The beast",
        "野兽",
        [
            "野兽",
            "怪物",
            "恶魔",
            "狼人",
            "女巫",
            "魔鬼",
            "狐狸",
            "蝎子",
            "青蛙",
            "梦魇"
        ]
    ],
    "倚炉": [
        "倚炉",
        "Furnace leaning",
        "炉子倾斜",
        [
            "炉子",
            "倾斜",
            "弯曲",
            "垂直",
            "抬升",
            "度角",
            "侧向",
            "倾斜度",
            "平直",
            "弧度",
            "侧面",
            "火炉",
            "蜡烛",
            "油灯",
            "屋子",
            "屋里",
            "壁炉",
            "炉灶",
            "谷仓",
            "把火"
        ]
    ],
    "石薪": [
        "石薪",
        "Stone salary",
        "石头工资",
        [
            "石头",
            "工资",
            "薪水",
            "薪资",
            "薪金",
            "石块",
            "薪酬",
            "木头",
            "一块",
            "退休金",
            "泥土",
            "砖头",
            "石板",
            "月薪",
            "报酬",
            "巨石",
            "沙子",
            "石子",
            "利息",
            "加班费"
        ]
    ],
    "搏狮": [
        "搏狮",
        "Lion fighting",
        "狮子搏斗",
        [
            "狮子",
            "搏斗",
            "打斗",
            "缠斗",
            "一头",
            "厮杀",
            "豹子",
            "野猪",
            "较量",
            "乌鸦",
            "追逐",
            "恶战",
            "孔雀",
            "肉搏",
            "大象",
            "雄狮",
            "击倒",
            "白马",
            "两头",
            "死里逃生"
        ]
    ],
    "黳": [
        "黳",
        "Qing",
        "清",
        [
            "清",
            "明",
            "清代",
            "乾隆年间",
            "清初",
            "清康熙",
            "光绪年间",
            "雍正年间",
            "明末",
            "明末清初"
        ]
    ],
    "万车": [
        "万车",
        "Ten thousand cars",
        "一万辆汽车",
        [
            "汽车",
            "摩托车",
            "的汽车",
            "卡车",
            "轿车",
            "货车",
            "车主",
            "汽车公司",
            "小汽车",
            "车也"
        ]
    ],
    "生暖": [
        "生暖",
        "Warm up",
        "变暖",
        [
            "变暖",
            "气候变化",
            "气候变迁",
            "温室效应",
            "臭氧层",
            "变冷",
            "暖",
            "土壤侵蚀",
            "酸雨",
            "消融"
        ]
    ],
    "山石": [
        "山石",
        "mountain-stones",
        "山石",
        [
            "山石",
            "枯木",
            "石壁",
            "洞内",
            "石鼓",
            "石笋",
            "故名",
            "山下",
            "天池",
            "故又名"
        ]
    ],
    "繁星": [
        "繁星",
        "Stars",
        "明星",
        [
            "明星",
            "当红",
            "艺人",
            "影星",
            "新人",
            "大明星",
            "电影明星",
            "歌星",
            "男模",
            "女明星"
        ]
    ],
    "热乌银": [
        "热乌银",
        "Hot black silver",
        "热黑银",
        [
            "银",
            "铜",
            "银两",
            "白银",
            "银和",
            "缯",
            "金制",
            "料",
            "皂",
            "金和"
        ]
    ],
    "爝火": [
        "爝火",
        "Fire",
        "火",
        [
            "火",
            "火焰",
            "烧",
            "烈焰",
            "火光",
            "燃",
            "雨",
            "火神",
            "雷公",
            "雷电"
        ]
    ],
    "烧断": [
        "烧断",
        "burnout",
        "烧坏",
        []
    ],
    "流膏": [
        "流膏",
        "Fluid cream",
        "液体奶油",
        [
            "液体",
            "奶油",
            "酱汁",
            "固体",
            "气体",
            "蛋糕",
            "巧克力",
            "牛奶",
            "液态",
            "面包",
            "果酱",
            "容器",
            "混合物",
            "糖浆",
            "黏性",
            "牛油",
            "凝胶",
            "气泡",
            "黏稠",
            "黄油"
        ]
    ],
    "迸乳": [
        "迸乳",
        "Blend milk",
        "混合牛奶",
        [
            "混合",
            "牛奶",
            "混和",
            "糖浆",
            "奶",
            "果汁",
            "奶油",
            "黄油",
            "酸奶",
            "蜂蜜",
            "乳酪",
            "鸡蛋",
            "结合",
            "融合",
            "混",
            "分离",
            "复合",
            "混杂",
            "混搭",
            "混合成"
        ]
    ],
    "乌薪": [
        "乌薪",
        "Black salary",
        "黑色工资",
        [
            "黑色",
            "工资",
            "白色",
            "薪水",
            "薪资",
            "薪金",
            "红色",
            "黄色",
            "薪酬",
            "灰色",
            "银色",
            "粉红色",
            "紫色",
            "蓝色",
            "金色",
            "退休金",
            "月薪",
            "报酬",
            "利息",
            "加班费"
        ]
    ],
    "送时": [
        "送时",
        "Delivery time",
        "交货时间",
        [
            "交货",
            "时间",
            "出厂",
            "交付",
            "星期",
            "一段时间",
            "付运",
            "投入生产",
            "采购",
            "小时",
            "间隔时间",
            "交付给",
            "整整",
            "供货",
            "时长",
            "时间段",
            "等待时间",
            "下单",
            "短时间",
            "装配"
        ]
    ],
    "紫雾": [
        "紫雾",
        "Purple mist",
        "紫色薄雾",
        [
            "紫色",
            "薄雾",
            "黄色",
            "粉红色",
            "白色",
            "红色",
            "黄绿色",
            "蓝色",
            "紫红色",
            "深红色",
            "深蓝色",
            "云雾",
            "雾气",
            "积雨云",
            "水滴",
            "晴天",
            "卷云",
            "月光",
            "冰山",
            "原野"
        ]
    ],
    "暖烘烘": [
        "暖烘烘",
        "nice and warm",
        "温暖宜人",
        [
            "温暖",
            "宜人",
            "寒冷",
            "凉爽",
            "暖和",
            "炎热",
            "风景秀丽",
            "较冷",
            "怡人",
            "气候宜人",
            "吹拂",
            "风景优美",
            "夏天",
            "宁静",
            "一年四季",
            "环境优美",
            "池畔",
            "秀美"
        ]
    ],
    "破夜": [
        "破夜",
        "Broken night",
        "破碎的夜晚",
        [
            "破碎",
            "夜晚",
            "白天",
            "夜里",
            "夜间",
            "黄昏",
            "黑夜",
            "半夜",
            "早晨",
            "白昼",
            "午夜",
            "碎裂",
            "碎片",
            "支离破碎",
            "边缘",
            "撕裂",
            "打碎",
            "大块",
            "近乎",
            "经年累月"
        ]
    ],
    "烁玉": [
        "烁玉",
        "Shuo Yu",
        "于硕",
        []
    ],
    "红炬": [
        "红炬",
        "Red torch",
        "红色火炬",
        [
            "红色",
            "火炬",
            "黄色",
            "白色",
            "蓝色",
            "橙色",
            "紫色",
            "黑色",
            "圣火",
            "粉红色",
            "金色",
            "深蓝色",
            "接力",
            "开幕式",
            "五环",
            "北京奥运",
            "彩带",
            "祥云",
            "倒计时",
            "一齐"
        ]
    ],
    "兽火": [
        "兽火",
        "Beast fire",
        "野兽之火",
        [
            "野兽",
            "怪物",
            "恶魔",
            "狼人",
            "女巫",
            "魔鬼",
            "狐狸",
            "蝎子",
            "青蛙",
            "梦魇"
        ]
    ],
    "围处": [
        "围处",
        "Enclosure",
        "附件",
        [
            "附件",
            "附加",
            "可选",
            "内置",
            "适配器",
            "管和",
            "附带",
            "参考资料",
            "可用",
            "见下文"
        ]
    ],
    "界方": [
        "界方",
        "Boundary party",
        "边界方",
        [
            "边界",
            "国界",
            "边界线",
            "边境",
            "分界线",
            "边境线",
            "疆界",
            "界线",
            "分界",
            "边境地区"
        ]
    ],
    "分行": [
        "分行",
        "branch",
        "树枝",
        [
            "树枝",
            "树上",
            "树叶",
            "树干",
            "枝条",
            "木头",
            "树皮",
            "藤蔓",
            "树根",
            "树桩"
        ]
    ],
    "端方": [
        "端方",
        "Terminal side",
        "终端侧",
        [
            "终端",
            "侧",
            "端口",
            "外侧",
            "斜",
            "接口",
            "横",
            "内侧",
            "交换机",
            "一侧",
            "斜向",
            "接入",
            "后侧",
            "口",
            "正中",
            "控制台",
            "网络连接",
            "适配器",
            "终端设备",
            "因特网"
        ]
    ],
    "画馆": [
        "画馆",
        "Painting hall",
        "油漆大厅",
        [
            "油漆",
            "大厅",
            "涂料",
            "喷漆",
            "喷涂",
            "二楼",
            "中庭",
            "音乐厅",
            "礼堂",
            "涂",
            "前厅",
            "建筑内",
            "门厅",
            "走道",
            "漆",
            "一楼",
            "纸板",
            "帆布",
            "涂上",
            "粉笔"
        ]
    ],
    "八角": [
        "八角",
        "Star Anise",
        "大茴香",
        []
    ],
    "丹漆": [
        "丹漆",
        "Dan paint",
        "丹漆",
        []
    ],
    "廉直": [
        "廉直",
        "Cheap and straight",
        "便宜又直",
        [
            "便宜",
            "直",
            "低廉",
            "昂贵",
            "廉价",
            "较贵",
            "高昂",
            "价格低廉",
            "廉宜",
            "低价",
            "价格便宜",
            "平",
            "旋",
            "正大",
            "交",
            "显",
            "椿",
            "面有",
            "大治",
            "；大"
        ]
    ],
    "双压": [
        "双压",
        "Double pressure",
        "双重压力",
        [
            "压力",
            "舆论压力",
            "阻力",
            "冲击",
            "负荷",
            "负面影响",
            "受压",
            "心理压力",
            "担忧",
            "阻碍"
        ]
    ]
}