{
    "宴饮": [
        "宴饮",
        "Banquet",
        "宴会",
        [
            "宴会",
            "宴席",
            "晚宴",
            "酒宴",
            "宴请",
            "婚宴",
            "宾客",
            "招待",
            "筵席",
            "酒席"
        ]
    ],
    "花藏坞": [
        "花藏坞",
        "Flower storage dock",
        "贮花码头",
        [
            "码头",
            "渡轮",
            "海港",
            "船坞",
            "避风塘",
            "内港",
            "海滨公园",
            "货仓",
            "渡船",
            "外港"
        ]
    ],
    "酒筵": [
        "酒筵",
        "Wine feast",
        "葡萄酒盛宴",
        [
            "葡萄酒",
            "盛宴",
            "酿造",
            "红酒",
            "葡萄",
            "白葡萄酒",
            "橄榄油",
            "香槟",
            "干邑",
            "雪利酒",
            "狂欢",
            "白兰地",
            "宴会",
            "狂欢节",
            "庆典",
            "盛会",
            "飨宴",
            "大餐",
            "嘉年华会",
            "崇拜者"
        ]
    ],
    "山村": [
        "山村",
        "Mountain village",
        "山村",
        [
            "山村",
            "村",
            "头村",
            "庄村",
            "塘村",
            "寨村",
            "湾村",
            "河村",
            "店村",
            "坪村"
        ]
    ],
    "垂柳": [
        "垂柳",
        "weeping willow",
        "枕头",
        [
            "枕头",
            "床垫",
            "垫",
            "椅子",
            "毛巾",
            "床",
            "脚上",
            "睡觉时",
            "火炉",
            "大块"
        ]
    ],
    "一醉": [
        "一醉",
        "Drunk",
        "喝酒",
        [
            "喝酒",
            "饮酒",
            "喝醉",
            "喝得",
            "抽烟",
            "吃饭",
            "酒醉",
            "吃喝",
            "喝茶",
            "整天"
        ]
    ],
    "杏花村": [
        "杏花村",
        "Duffy's Tavern",
        "达菲酒馆",
        [
            "达菲",
            "酒馆",
            "酒吧",
            "咖啡馆",
            "小酒馆",
            "旅店",
            "咖啡厅",
            "旅馆",
            "舞厅",
            "卡夫",
            "店主",
            "尼克",
            "咖啡店",
            "莫罗",
            "博拉",
            "罗伊",
            "布卡",
            "雪莉",
            "辛格",
            "蒂诺"
        ]
    ],
    "竹锁桥": [
        "竹锁桥",
        "Bamboo lock bridge",
        "竹锁桥",
        []
    ],
    "杏繁": [
        "杏繁",
        "Apricot propagation",
        "杏繁殖",
        [
            "杏",
            "繁殖",
            "交配",
            "产卵",
            "捕食",
            "繁育",
            "摄食",
            "生殖",
            "越冬",
            "饲养",
            "猎食",
            "枫",
            "百合",
            "海棠",
            "柚",
            "柚子",
            "梨",
            "芳",
            "芝",
            "柏木"
        ]
    ],
    "村店": [
        "村店",
        "Village store",
        "乡村商店",
        [
            "乡村",
            "商店",
            "店铺",
            "的商店",
            "超市",
            "乡间",
            "店面",
            "百货公司",
            "零售店",
            "餐馆",
            "小店",
            "商家",
            "农庄",
            "郊区",
            "乡下",
            "和城市",
            "小城镇",
            "小城市",
            "村镇",
            "小村"
        ]
    ],
    "百钱": [
        "百钱",
        "Hundred dollars",
        "100美元",
        []
    ],
    "客常满": [
        "客常满",
        "Customers are often full",
        "顾客通常都满了",
        [
            "顾客",
            "通常",
            "满",
            "一般来说",
            "一般而言",
            "客户",
            "消费者",
            "有时候",
            "客人",
            "往往",
            "商家",
            "卖家",
            "店家",
            "零售商",
            "多半",
            "不一定",
            "上会",
            "举例来说",
            "超市",
            "购买者",
            "并不一定",
            "剩",
            "他年",
            "付",
            "讫",
            "另加",
            "唯",
            "前日",
            "Pardosa",
            "</s>"
        ]
    ],
    "尘外": [
        "尘外",
        "Outside dust",
        "外部灰尘",
        [
            "外部",
            "灰尘",
            "尘埃",
            "内部",
            "烟雾",
            "污垢",
            "尘土",
            "有毒气体",
            "微粒",
            "碎屑",
            "坑洞",
            "烟尘",
            "从外部",
            "本体",
            "缓冲",
            "直接",
            "结构性",
            "受控",
            "结构上",
            "举例来说"
        ]
    ],
    "黄公市": [
        "黄公市",
        "Huang Gong City",
        "黄公城",
        []
    ],
    "杯盈": [
        "杯盈",
        "Cup surplus",
        "杯子剩余",
        [
            "杯子",
            "剩余",
            "剩下",
            "余下",
            "盘子",
            "玻璃杯",
            "酒杯",
            "盛满",
            "桌子",
            "冰块",
            "瓶",
            "全数",
            "酒瓶",
            "把手",
            "一小",
            "多余",
            "只剩",
            "剩",
            "悉数",
            "这样一来"
        ]
    ],
    "竹暗": [
        "竹暗",
        "Bamboo dark",
        "竹子暗",
        [
            "竹子",
            "暗",
            "芦苇",
            "竹节",
            "原木",
            "木头",
            "亮",
            "葫芦",
            "桑树",
            "光",
            "大树",
            "瞳",
            "竹叶",
            "栽",
            "光亮",
            "黑",
            "见光",
            "虹",
            "天将",
            "在手"
        ]
    ],
    "喧哗": [
        "喧哗",
        "Sound",
        "声音",
        [
            "声音",
            "声响",
            "歌声",
            "笑声",
            "人声",
            "感觉",
            "音调",
            "刺耳",
            "沙哑",
            "声效"
        ]
    ],
    "卿相": [
        "卿相",
        "Qing phase",
        "清相",
        []
    ],
    "樽中": [
        "樽中",
        "In the bottle",
        "在瓶子里",
        [
            "瓶子",
            "里",
            "里面",
            "里头",
            "捕虫",
            "中都",
            "之中",
            "中的",
            "原生地",
            "瓶",
            "花朵",
            "底下",
            "花粉",
            "玻璃瓶",
            "网纹",
            "那时候",
            "宝特瓶",
            "内都",
            "兰花",
            "从前"
        ]
    ],
    "酒不空": [
        "酒不空",
        "The wine is not empty",
        "酒不是空的",
        [
            "酒",
            "空",
            "饮",
            "茶",
            "甜酒",
            "醋",
            "汁",
            "啤酒",
            "美酒",
            "酒品",
            "酿",
            "机",
            "飞",
            "浮",
            "影",
            "自在",
            "飞龙",
            "自造",
            "自力",
            "</s>"
        ]
    ],
    "抱瓮": [
        "抱瓮",
        "Holding urn",
        "保持骨灰盒",
        [
            "保持",
            "维持",
            "始终保持",
            "保持稳定",
            "保有",
            "保证",
            "保持良好",
            "持续保持",
            "依然",
            "保持一致"
        ]
    ],
    "樽小": [
        "樽小",
        "Bottle size",
        "瓶子尺寸",
        [
            "瓶子",
            "尺寸",
            "大小",
            "体积",
            "重量",
            "厚度",
            "宽度",
            "规格",
            "材质",
            "尺码",
            "外观上",
            "捕虫",
            "原生地",
            "瓶",
            "花朵",
            "花粉",
            "玻璃瓶",
            "网纹",
            "宝特瓶",
            "兰花"
        ]
    ],
    "纵酒": [
        "纵酒",
        "swizzle",
        "痛饮",
        []
    ],
    "酒帘": [
        "酒帘",
        "Wine curtain",
        "酒帘",
        []
    ],
    "街巷": [
        "街巷",
        "Streets",
        "街道",
        [
            "街道",
            "街巷",
            "商业街",
            "街区",
            "小巷",
            "老城区",
            "街路",
            "横街",
            "居民区",
            "小街"
        ]
    ],
    "醉语": [
        "醉语",
        "Drunk language",
        "醉酒语言",
        [
            "醉酒",
            "语言",
            "语法",
            "词汇",
            "自然语言",
            "母语",
            "第二语言",
            "语种",
            "语言学",
            "口语",
            "句法",
            "酒醉",
            "酒后",
            "误杀",
            "发生意外",
            "疏忽",
            "中年男子",
            "胡乱",
            "无故",
            "碰巧"
        ]
    ],
    "独上": [
        "独上",
        "Alone",
        "单独的",
        [
            "单独",
            "分开",
            "直接",
            "原则上",
            "另行",
            "实际上",
            "基本上",
            "之外",
            "实质上",
            "除此以外"
        ]
    ],
    "增酣思": [
        "增酣思",
        "Increase the depth of thinking",
        "增加思考的深度",
        [
            "增加",
            "思考",
            "深度",
            "减少",
            "降低",
            "提高",
            "增大",
            "思维",
            "上升",
            "缩减",
            "减低",
            "减小",
            "思索",
            "理解",
            "增高",
            "反思",
            "探究",
            "理性",
            "认知",
            "探讨",
            "直觉",
            "最深处",
            "厚度",
            "广度",
            "高度",
            "深",
            "剖面",
            "深达",
            "尺度",
            "浅层"
        ]
    ],
    "乐声": [
        "乐声",
        "Music",
        "音乐",
        [
            "音乐",
            "的音乐",
            "古典音乐",
            "音乐创作",
            "流行音乐",
            "电子音乐",
            "摇滚乐",
            "流行乐",
            "摇滚音乐",
            "钢琴演奏"
        ]
    ],
    "市廛": [
        "市廛",
        "City hall",
        "市政厅",
        [
            "市政厅",
            "大教堂",
            "歌剧院",
            "塔楼",
            "都柏林",
            "国家剧院",
            "圣乔治",
            "旧城区",
            "弗罗茨瓦夫",
            "考文垂"
        ]
    ],
    "招宾": [
        "招宾",
        "Recruit guests",
        "招募客人",
        [
            "招募",
            "客人",
            "召募",
            "顾客",
            "征募",
            "食客",
            "宾客",
            "用餐",
            "吃饭",
            "招呼",
            "招揽",
            "服务生",
            "侍应",
            "招集",
            "招聘",
            "喝茶",
            "募兵",
            "动员",
            "雇用",
            "应征"
        ]
    ],
    "酣歌": [
        "酣歌",
        "Sound song",
        "有声歌曲",
        [
            "歌曲",
            "首歌曲",
            "首歌",
            "此曲",
            "歌词",
            "曲目",
            "流行歌曲",
            "曲子",
            "经典歌曲",
            "曲"
        ]
    ],
    "斟": [
        "斟",
        "Pour",
        "倾泻",
        [
            "倾泻",
            "水浸",
            "山泥",
            "崩落",
            "山崩",
            "泥石流",
            "塌",
            "山洪暴发",
            "狮子山",
            "石堆"
        ]
    ],
    "金壶": [
        "金壶",
        "Pot O' Gold",
        "黄金罐",
        [
            "黄金",
            "罐",
            "瓶",
            "箱",
            "容器",
            "宝石",
            "盛载",
            "罐内",
            "盒",
            "玻璃瓶",
            "筒",
            "白银",
            "贵金属",
            "铜制",
            "钻石",
            "黄金和",
            "绿宝石",
            "玉石",
            "蓝宝石",
            "金子"
        ]
    ],
    "豁醉眸": [
        "豁醉眸",
        "O drunk eyes",
        "醉眼啊",
        []
    ],
    "酒量": [
        "酒量",
        "capacity for liquor",
        "酒的容量",
        [
            "酒",
            "容量",
            "饮",
            "耗电量",
            "茶",
            "MB",
            "甜酒",
            "发电量",
            "醋",
            "汁",
            "使用量",
            "啤酒",
            "美酒",
            "酒品",
            "容量大",
            "量",
            "输出功率",
            "酿",
            "用量",
            "发电能力"
        ]
    ],
    "情浓": [
        "情浓",
        "Affection is strong",
        "感情是强烈的",
        [
            "感情",
            "强烈",
            "情感",
            "内心",
            "友情",
            "情意",
            "爱恋",
            "亲情",
            "情谊",
            "内心深处",
            "亲密关系",
            "反感",
            "极端",
            "倾向",
            "尖锐",
            "憎恶",
            "浓烈",
            "排斥",
            "强力",
            "抗拒"
        ]
    ],
    "酣醺": [
        "酣醺",
        "Intoxication",
        "陶醉",
        [
            "陶醉",
            "仿佛",
            "美妙",
            "沉浸",
            "置身",
            "动人",
            "心碎",
            "犹如",
            "寂静",
            "有如"
        ]
    ],
    "拂阑角": [
        "拂阑角",
        "Stroke angle",
        "冲程角",
        [
            "冲程",
            "气缸",
            "汽缸",
            "缸",
            "化油器",
            "增压器",
            "cc",
            "轴",
            "转子",
            "涡轮"
        ]
    ],
    "天峻": [
        "天峻",
        "Sky - high",
        "天高",
        []
    ],
    "醉步": [
        "醉步",
        "staggering step of drunkard",
        "醉汉蹒跚的脚步",
        [
            "蹒跚",
            "脚步",
            "步伐",
            "向前",
            "跟着",
            "跟著",
            "惊慌失措",
            "回头",
            "一路上",
            "独自一人",
            "独自",
            "抱着",
            "慢慢地",
            "追随",
            "再一",
            "刚开始",
            "先是"
        ]
    ],
    "脚倦": [
        "脚倦",
        "Tired feet",
        "疲惫的脚",
        [
            "疲惫",
            "脚",
            "疲乏",
            "疲累",
            "疲倦",
            "疲惫不堪",
            "虚弱",
            "头",
            "沮丧",
            "脚上",
            "腿",
            "惊恐",
            "踩",
            "筋疲力尽",
            "气馁",
            "足",
            "后脚",
            "右脚",
            "双脚",
            "手脚"
        ]
    ],
    "灯月明": [
        "灯月明",
        "The light is bright on the moon",
        "月亮上的光很亮",
        [
            "月亮",
            "光",
            "星星",
            "太阳",
            "天空",
            "满月",
            "星辰",
            "瞳",
            "月光",
            "红光",
            "天上",
            "暗",
            "闪耀",
            "光和",
            "白光",
            "大地",
            "亮",
            "和光",
            "日光",
            "虹"
        ]
    ],
    "清樽": [
        "清樽",
        "Clear bottles",
        "透明瓶子",
        [
            "透明",
            "瓶子",
            "半透明",
            "光亮",
            "捕虫",
            "薄膜",
            "表面",
            "透光",
            "绿色",
            "乳白色",
            "粉红色",
            "原生地",
            "紫色",
            "瓶",
            "花朵",
            "花粉",
            "玻璃瓶",
            "网纹",
            "宝特瓶",
            "兰花"
        ]
    ],
    "第宅": [
        "第宅",
        "House No.",
        "房子号",
        [
            "房子",
            "屋子",
            "小屋",
            "公寓",
            "院子",
            "住所",
            "小木屋",
            "后院",
            "邻居",
            "隔壁"
        ]
    ],
    "高斋": [
        "高斋",
        "Gao Zhai",
        "高宅",
        []
    ],
    "甲第": [
        "甲第",
        "A first",
        "第一次",
        []
    ],
    "广厦": [
        "广厦",
        "Guangsha",
        "广厦",
        []
    ],
    "垲": [
        "垲",
        "We're not going to be able to do anything about it, but we're not going to be able to do anything about it.",
        "我们对此无能为力，但是我们对此无能为力。",
        [
            "对此",
            "无能为力",
            "回应",
            "反驳",
            "异议",
            "辩解",
            "不能接受",
            "举动",
            "不以为然",
            "无动于衷",
            "严厉批评",
            "已对",
            "无可奈何",
            "无济于事",
            "显然",
            "只不过",
            "无论如何",
            "徒劳无功",
            "即便如此"
        ]
    ],
    "乙帐": [
        "乙帐",
        "B account",
        "帐户",
        [
            "帐户",
            "账户",
            "帐号",
            "账号",
            "银行帐户",
            "个人资料",
            "PayPal",
            "的网站",
            "电邮",
            "Gmail"
        ]
    ],
    "榱": [
        "榱",
        "Chinese torreya",
        "香榧",
        []
    ],
    "翬": [
        "翬",
        "Lei",
        "花环",
        [
            "花环",
            "月桂",
            "头饰",
            "稻穗",
            "帽",
            "金色",
            "彩带",
            "灯台",
            "烛台",
            "玫瑰花"
        ]
    ],
    "虹梁": [
        "虹梁",
        "Rainbow beam",
        "彩虹光束",
        [
            "彩虹",
            "光束",
            "光波",
            "雷射",
            "电磁波",
            "粒子束",
            "光线",
            "入射",
            "激光",
            "电磁",
            "闪耀",
            "星星",
            "高能量",
            "小马",
            "七彩",
            "蝴蝶",
            "月光",
            "黎明",
            "闪亮",
            "沙漏"
        ]
    ],
    "一区": [
        "一区",
        "Area 1",
        "区域1",
        [
            "区域",
            "区域内",
            "范围",
            "地区",
            "地带",
            "周边",
            "范围内",
            "周边地区",
            "周围",
            "区外"
        ]
    ],
    "东轩": [
        "东轩",
        "Dongxuan",
        "董璇",
        []
    ],
    "何金": [
        "何金",
        "He Jin",
        "何进",
        [
            "何进",
            "董卓",
            "窦武",
            "司马懿",
            "杨骏",
            "王凌",
            "灵帝",
            "张温",
            "王允",
            "窦氏"
        ]
    ],
    "推友": [
        "推友",
        "Push a friend",
        "推一个朋友",
        [
            "推",
            "朋友",
            "好朋友",
            "好友",
            "朋友们",
            "熟人",
            "老友",
            "同事",
            "密友",
            "老朋友",
            "女朋友",
            "引",
            "畀",
            "举",
            "放",
            "后下",
            "立时",
            "仰",
            "先为",
            "</s>"
        ]
    ],
    "环堵": [
        "环堵",
        "Ring plug",
        "环形插头",
        [
            "环形",
            "插头",
            "插座",
            "连接器",
            "插槽",
            "接地",
            "环型",
            "接头",
            "主机板",
            "连接埠",
            "马蹄形",
            "缆线",
            "环状",
            "插口",
            "圆形",
            "环路",
            "外侧",
            "外壁",
            "外环",
            "长条形"
        ]
    ],
    "室百堵": [
        "室百堵",
        "Room blocking",
        "房间堵塞",
        [
            "房间",
            "堵塞",
            "阻塞",
            "房间内",
            "卧室",
            "屋子",
            "浴室",
            "客厅",
            "小房间",
            "地下室",
            "窗户",
            "房内",
            "积水",
            "堵住",
            "截断",
            "封闭",
            "漏出",
            "溢出",
            "水淹",
            "阻碍"
        ]
    ],
    "红药": [
        "红药",
        "Red medicine",
        "红色药物",
        [
            "红色",
            "药物",
            "黄色",
            "白色",
            "蓝色",
            "橙色",
            "紫色",
            "黑色",
            "粉红色",
            "药剂",
            "金色",
            "抗生素",
            "制剂",
            "药品",
            "深蓝色",
            "本品",
            "抑制剂",
            "口服",
            "用药",
            "类固醇"
        ]
    ],
    "院深": [
        "院深",
        "Hospital depth",
        "医院深度",
        [
            "医院",
            "深度",
            "诊所",
            "的医院",
            "病房",
            "该医院",
            "疗养院",
            "所医院",
            "公立医院",
            "医务人员",
            "养老院",
            "最深处",
            "厚度",
            "广度",
            "高度",
            "深",
            "剖面",
            "深达",
            "尺度",
            "浅层"
        ]
    ],
    "邃": [
        "邃",
        "deep",
        "深的",
        [
            "深",
            "浅",
            "深达",
            "较深",
            "较浅",
            "淡",
            "植",
            "更深",
            "极深",
            "有旧"
        ]
    ],
    "跂": [
        "跂",
        "Baotou",
        "包头",
        [
            "包头",
            "张家口",
            "归绥",
            "呼和浩特",
            "齐齐哈尔",
            "赤峰",
            "兰州",
            "通辽",
            "包头市",
            "承德"
        ]
    ],
    "鸳瓦": [
        "鸳瓦",
        "Spend their honeymoons",
        "度蜜月",
        [
            "度蜜月",
            "蜜月",
            "坐飞机",
            "完婚",
            "新婚",
            "新婚夫妇",
            "启程",
            "散心",
            "起程",
            "环游世界"
        ]
    ],
    "西垫": [
        "西垫",
        "West cushion",
        "西垫",
        []
    ],
    "桑枢": [
        "桑枢",
        "Sangshu",
        "桑叔",
        []
    ],
    "薛土": [
        "薛土",
        "Xue soil",
        "薛土",
        []
    ],
    "上亲": [
        "上亲",
        "Parents",
        "双亲",
        [
            "双亲",
            "父母",
            "母亲",
            "父母亲",
            "祖母",
            "祖父母",
            "外祖母",
            "哥哥",
            "外婆",
            "姊姊"
        ]
    ],
    "栋宇": [
        "栋宇",
        "Dong Yu",
        "董郁",
        []
    ],
    "厦": [
        "厦",
        "Xiamen",
        "厦门",
        [
            "厦门",
            "福州",
            "汕头",
            "漳州",
            "广州",
            "泉州",
            "福建",
            "福建厦门",
            "鼓浪屿",
            "舟山"
        ]
    ],
    "千间": [
        "千间",
        "Thousand rooms",
        "千个房间",
        [
            "房间",
            "房间内",
            "卧室",
            "屋子",
            "浴室",
            "客厅",
            "小房间",
            "地下室",
            "窗户",
            "房内"
        ]
    ],
    "朝满袖": [
        "朝满袖",
        "Full sleeve",
        "全套筒",
        [
            "全",
            "套筒",
            "枪管",
            "机匣",
            "枪机",
            "枪身",
            "握把",
            "扳机",
            "护木",
            "复进簧",
            "枪托",
            "仅有",
            "以外",
            "均",
            "全部都是",
            "同类型",
            "全都",
            "正因如此",
            "Pardosa",
            "</s>"
        ]
    ],
    "夜盈轩": [
        "夜盈轩",
        "Night Yingxuan",
        "玄英之夜",
        []
    ],
    "贫居": [
        "贫居",
        "Poor living",
        "贫穷的生活",
        [
            "贫穷",
            "生活",
            "贫困",
            "穷困",
            "穷人",
            "穷苦",
            "富裕",
            "低收入",
            "贫苦",
            "贫困家庭",
            "贫民",
            "日常生活",
            "家庭",
            "与世隔绝",
            "境遇",
            "生活习惯",
            "孤独",
            "社会生活"
        ]
    ],
    "悬磬": [
        "悬磬",
        "Hanging chime",
        "挂钟",
        []
    ],
    "蜗舍": [
        "蜗舍",
        "Snail shed",
        "蜗牛棚",
        [
            "蜗牛",
            "棚",
            "蛞蝓",
            "软体动物",
            "蜗",
            "棚内",
            "海胆",
            "文蛤",
            "多毛",
            "桌椅",
            "鲎",
            "龙虾",
            "戏台",
            "海螺",
            "露天",
            "庙内",
            "床",
            "开",
            "高台",
            "埸"
        ]
    ],
    "土床": [
        "土床",
        "Soil bed",
        "土壤层",
        []
    ],
    "荜": [
        "荜",
        "Piper longum",
        "荜茇",
        []
    ],
    "佣书": [
        "佣书",
        "Domestic service book",
        "家庭服务手册",
        [
            "家庭",
            "服务",
            "手册",
            "指南",
            "中产阶级",
            "家庭成员",
            "大家庭",
            "贫穷",
            "父母",
            "家庭主妇",
            "公共服务",
            "书籍",
            "免费",
            "父母亲",
            "兄弟姐妹",
            "咨询服务",
            "普通家庭",
            "参考书",
            "一站式",
            "服务项目",
            "客户服务",
            "摘要",
            "修订版",
            "维修服务",
            "参考资料",
            "概要",
            "增值",
            "须知",
            "第一版",
            "服务于"
        ]
    ],
    "蒲帘": [
        "蒲帘",
        "Pu curtain",
        "聚氨酯窗帘",
        [
            "聚氨酯",
            "窗帘",
            "增塑剂",
            "聚乙烯",
            "树脂",
            "聚丙烯",
            "聚苯乙烯",
            "塑料",
            "地板",
            "窗框",
            "天花板",
            "软质",
            "天窗",
            "合成树脂",
            "轻质",
            "沙发",
            "毛巾",
            "窗台",
            "把手",
            "皮包"
        ]
    ],
    "窦": [
        "窦",
        "sinus",
        "窦",
        [
            "窦",
            "建德",
            "宇文化及",
            "裴",
            "晏",
            "杜",
            "刁",
            "伏",
            "王为",
            "湛"
        ]
    ],
    "衡门": [
        "衡门",
        "Balance gate",
        "平衡门",
        [
            "平衡",
            "门",
            "门内",
            "均衡",
            "平衡状态",
            "抵消",
            "平衡点",
            "四门",
            "二门",
            "门上",
            "有利于",
            "小门",
            "恒定",
            "东门",
            "道门",
            "三门",
            "最大限度",
            "后门",
            "适度",
            "连续性"
        ]
    ],
    "破牖": [
        "破牖",
        "Broken neck",
        "断颈",
        []
    ],
    "败衣": [
        "败衣",
        "Defeated clothes",
        "失败的衣服",
        [
            "失败",
            "衣服",
            "鞋子",
            "衣物",
            "穿着",
            "告终",
            "失利",
            "大衣",
            "外套",
            "挫败",
            "裤子",
            "鞋",
            "衣裳",
            "外衣",
            "惨败",
            "最终",
            "受挫",
            "收场",
            "败北",
            "不甘心"
        ]
    ],
    "盐": [
        "盐",
        "salt",
        "盐",
        [
            "盐",
            "食盐",
            "卤",
            "矿",
            "皂",
            "水",
            "醋",
            "长芦",
            "灶",
            "海盐"
        ]
    ],
    "蓬蒿": [
        "蓬蒿",
        "Tarragon tarragon",
        "塔拉贡塔拉贡",
        [
            "塔拉",
            "贡",
            "拉",
            "坎",
            "噶",
            "茹",
            "纳",
            "普尔",
            "罗拉",
            "巴拉",
            "岁贡",
            "札",
            "卡莱",
            "的卡",
            "扎巴",
            "钦",
            "布",
            "德格",
            "岱",
            "优"
        ]
    ],
    "一室": [
        "一室",
        "One room",
        "一个房间",
        [
            "房间",
            "房间内",
            "卧室",
            "屋子",
            "浴室",
            "客厅",
            "小房间",
            "地下室",
            "窗户",
            "房内"
        ]
    ],
    "纸窗": [
        "纸窗",
        "Paper window",
        "纸窗",
        []
    ],
    "明觉晓": [
        "明觉晓",
        "Mingjuxiao",
        "明居笑",
        []
    ],
    "瓮枢": [
        "瓮枢",
        "Urn pivot",
        "骨灰盒枢轴",
        [
            "枢轴",
            "曲轴",
            "铰链",
            "车轮",
            "臂",
            "曲柄",
            "轴向",
            "支架",
            "扇叶",
            "伸缩"
        ]
    ],
    "无漏": [
        "无漏",
        "No leakage",
        "无泄漏",
        []
    ],
    "蛛": [
        "蛛",
        "Spider",
        "蜘蛛",
        [
            "蜘蛛",
            "蝙蝠",
            "蜘蛛网",
            "蝎子",
            "蟑螂",
            "蚂蚁",
            "猫头鹰",
            "蜈蚣",
            "青蛙",
            "乌鸦"
        ]
    ],
    "自网": [
        "自网",
        "Self - network",
        "自网络",
        [
            "网络",
            "互联网",
            "因特网",
            "的网络",
            "网路",
            "局域网",
            "网络服务",
            "互联",
            "在线",
            "网络平台"
        ]
    ],
    "尘土": [
        "尘土",
        "Dust",
        "灰尘",
        [
            "灰尘",
            "尘埃",
            "烟雾",
            "污垢",
            "尘土",
            "有毒气体",
            "微粒",
            "碎屑",
            "坑洞",
            "烟尘"
        ]
    ],
    "土座": [
        "土座",
        "Soil base",
        "土壤基",
        [
            "土壤",
            "基",
            "植被",
            "土层",
            "泥土",
            "酸性",
            "土质",
            "表土",
            "有机质",
            "沙土",
            "含水",
            "恩",
            "锡",
            "辛",
            "特",
            "托",
            "伦",
            "福",
            "亨",
            "普"
        ]
    ],
    "布被": [
        "布被",
        "Cloth quilt",
        "布被",
        [
            "布",
            "扎",
            "札",
            "托",
            "桑",
            "拉",
            "昂",
            "索",
            "纳",
            "博"
        ]
    ],
    "知春": [
        "知春",
        "Zhichun",
        "知春",
        []
    ],
    "圭窦": [
        "圭窦",
        "Guidou",
        "圭都",
        []
    ],
    "雀堪罗": [
        "雀堪罗",
        "Finchlow",
        "芬奇洛",
        [
            "芬奇",
            "贝蒂",
            "凯尔",
            "米歇尔",
            "西蒙",
            "鲍尔",
            "安德森",
            "布洛克",
            "马修",
            "</s>"
        ]
    ],
    "冷蝉": [
        "冷蝉",
        "Cold cicada",
        "冷蝉",
        []
    ]
}