{
    "援蕊": [
        "援蕊",
        "Aid core",
        "援助核心",
        [
            "援助",
            "核心",
            "军事援助",
            "经济援助",
            "提供援助",
            "急需",
            "贷款",
            "军援",
            "金援",
            "资助",
            "架构",
            "救助",
            "内部",
            "框架",
            "基本",
            "整体",
            "本体",
            "当前",
            "一个中心",
            "两大"
        ]
    ],
    "盈掬": [
        "盈掬",
        "Abundant",
        "丰富的",
        [
            "丰富",
            "非常丰富",
            "多样",
            "丰富多彩",
            "多样化",
            "独特",
            "丰沛",
            "珍贵",
            "比较丰富",
            "充沛"
        ]
    ],
    "彭泽": [
        "彭泽",
        "Pengze",
        "彭泽",
        [
            "彭泽",
            "朱宸濠",
            "鄱阳",
            "王琼",
            "饶州",
            "宁国",
            "江州",
            "张辅",
            "安远",
            "建昌"
        ]
    ],
    "荐蕊": [
        "荐蕊",
        "Commencement core",
        "启动核心",
        [
            "启动",
            "核心",
            "重新启动",
            "重启",
            "架构",
            "关机",
            "开启",
            "启动时",
            "叫停",
            "激活",
            "内部",
            "顺利完成",
            "框架",
            "触发",
            "基本",
            "整体",
            "本体",
            "当前",
            "一个中心",
            "两大"
        ]
    ],
    "明诗眼": [
        "明诗眼",
        "Ming poetry eye",
        "明诗眼",
        []
    ],
    "旧滴": [
        "旧滴",
        "Old drop",
        "旧液滴",
        [
            "旧",
            "液滴",
            "液体",
            "胶体",
            "颗粒",
            "原有",
            "水滴",
            "气泡",
            "固体",
            "冷凝",
            "微粒",
            "油滴",
            "新",
            "原来",
            "上新",
            "原先",
            "原本",
            "从新",
            "从前",
            "才将"
        ]
    ],
    "频易": [
        "频易",
        "Frequency shift",
        "频移",
        []
    ],
    "食英": [
        "食英",
        "Eat English",
        "吃英语",
        [
            "吃",
            "英语",
            "英文",
            "不吃",
            "吃到",
            "吃完",
            "吃掉",
            "进食",
            "法语",
            "吃饭",
            "中文",
            "爱吃",
            "吃饱",
            "肉",
            "美式英语",
            "法文",
            "直译",
            "西班牙语",
            "English",
            "印度语"
        ]
    ],
    "满头": [
        "满头",
        "Full head",
        "满头",
        []
    ],
    "灵均": [
        "灵均",
        "Lingjun",
        "凌俊",
        []
    ],
    "长道": [
        "长道",
        "Long way",
        "路途遥远",
        [
            "路途遥远",
            "险阻",
            "长途跋涉",
            "远行",
            "滞留",
            "起程",
            "路经",
            "回程",
            "Pardosa",
            "</s>"
        ]
    ],
    "酒暂": [
        "酒暂",
        "Wine temporary",
        "葡萄酒临时",
        [
            "葡萄酒",
            "酿造",
            "红酒",
            "葡萄",
            "白葡萄酒",
            "橄榄油",
            "香槟",
            "干邑",
            "雪利酒",
            "白兰地"
        ]
    ],
    "封花": [
        "封花",
        "Seal flowers",
        "密封花",
        [
            "密封",
            "花",
            "容器",
            "密闭",
            "加压",
            "贮存",
            "装入",
            "中空",
            "物料",
            "填充",
            "花上",
            "盖子",
            "小花",
            "萝卜",
            "兰花",
            "白花",
            "牵牛",
            "大花",
            "光阴",
            "红豆"
        ]
    ],
    "陶": [
        "陶",
        "Tao",
        "道",
        []
    ],
    "令节": [
        "令节",
        "Order section",
        "订单部分",
        [
            "订单",
            "部分",
            "部份",
            "大部分",
            "订购",
            "一小",
            "交货",
            "采购",
            "供货",
            "交付",
            "订货",
            "其余部分",
            "外",
            "大多",
            "之外",
            "下单",
            "以外",
            "试产",
            "均",
            "批次"
        ]
    ],
    "餐蕊": [
        "餐蕊",
        "Meal core",
        "粉芯",
        []
    ],
    "采莲": [
        "采莲",
        "Picking lotus",
        "采摘荷花",
        [
            "采摘",
            "荷花",
            "采收",
            "牡丹",
            "播种",
            "梅花",
            "桂花",
            "菊花",
            "栽种",
            "收成",
            "葡萄",
            "海棠",
            "收割",
            "故又名",
            "果树",
            "芙蓉",
            "除草",
            "园中",
            "百花",
            "稻谷"
        ]
    ],
    "红袖": [
        "红袖",
        "Hopeshow",
        "希望秀",
        [
            "希望",
            "秀",
            "期望",
            "想",
            "愿意",
            "想要",
            "努力",
            "借此",
            "决心",
            "期盼",
            "渴望",
            "晴",
            "俊",
            "庆",
            "幸",
            "高桥",
            "贤",
            "惠",
            "荣",
            "友"
        ]
    ],
    "湖上": [
        "湖上",
        "On the lake",
        "在湖上",
        [
            "湖上",
            "湖边",
            "游船",
            "湖中",
            "湖畔",
            "岸边",
            "划船",
            "湖岸",
            "公园内",
            "海岸边"
        ]
    ],
    "长歌": [
        "长歌",
        "Ge Chang",
        "葛昌",
        []
    ],
    "金浆": [
        "金浆",
        "Gold paste",
        "金膏",
        []
    ],
    "花钿": [
        "花钿",
        "Flower twinkle",
        "花闪烁",
        [
            "花",
            "闪烁",
            "闪光",
            "发光",
            "红光",
            "灯光",
            "闪耀",
            "发亮",
            "花上",
            "光亮",
            "小花",
            "光点",
            "白光",
            "萝卜",
            "兰花",
            "白花",
            "牵牛",
            "大花",
            "光阴",
            "红豆"
        ]
    ],
    "花语": [
        "花语",
        "Flower language",
        "花语",
        [
            "花语",
            "萱草",
            "百合",
            "蒲公英",
            "玉兰",
            "向日葵",
            "茉莉",
            "柏木",
            "实则",
            "有种"
        ]
    ],
    "笑谑": [
        "笑谑",
        "Laugh and tease",
        "大笑和戏弄",
        [
            "大笑",
            "戏弄",
            "取笑",
            "嘲笑",
            "笑",
            "忍不住",
            "流泪",
            "讥笑",
            "捉弄",
            "哭泣",
            "责骂",
            "不禁",
            "起身",
            "耻笑",
            "嘲弄",
            "真是",
            "作对",
            "低头",
            "大吃一惊",
            "惹怒"
        ]
    ],
    "漾楫": [
        "漾楫",
        "Yang Ji",
        "杨基",
        []
    ],
    "爱花远": [
        "爱花远",
        "Love flowers far away",
        "爱远方的花",
        [
            "爱",
            "远方",
            "花",
            "爱人",
            "真爱",
            "远处",
            "心事",
            "真心",
            "幸福",
            "甜蜜",
            "亲爱的",
            "真情",
            "花上",
            "挚爱",
            "小花",
            "四面八方",
            "一路上",
            "萝卜",
            "犹如",
            "兰花",
            "白花",
            "牵牛",
            "大花",
            "光阴",
            "红豆",
            "看得见",
            "有如",
            "恰巧",
            "从前",
            "</s>"
        ]
    ],
    "船中": [
        "船中",
        "In the boat",
        "在船上",
        [
            "船上",
            "船员",
            "船",
            "小船",
            "船舱",
            "救生艇",
            "岸上",
            "一艘船",
            "上船",
            "水手"
        ]
    ],
    "湘裙": [
        "湘裙",
        "Xiang skirt",
        "湘裙",
        []
    ],
    "画浆": [
        "画浆",
        "Painting paste",
        "油漆膏",
        [
            "油漆",
            "膏",
            "涂料",
            "喷漆",
            "喷涂",
            "涂",
            "漆",
            "纸板",
            "帆布",
            "涂上",
            "粉笔",
            "粉",
            "汁",
            "乳",
            "肉",
            "杏仁",
            "蜡",
            "绿豆",
            "褐",
            "皂"
        ]
    ],
    "船歌": [
        "船歌",
        "Boat song",
        "船歌",
        []
    ],
    "误惊": [
        "误惊",
        "False alarm",
        "假警报",
        [
            "假",
            "警报",
            "台风",
            "日本气象厅",
            "香港天文台",
            "预警",
            "中央气象局",
            "预报",
            "警告",
            "警报系统",
            "骗",
            "强台风",
            "真",
            "有假",
            "实为",
            "所谓",
            "；也",
            "<tr>",
            "Pardosa",
            "</s>"
        ]
    ],
    "鸳梦": [
        "鸳梦",
        "Dream of honeymoons",
        "蜜月之梦",
        [
            "蜜月",
            "新婚",
            "度蜜月",
            "新婚夫妇",
            "有感而发",
            "长假",
            "偶遇",
            "环游世界",
            "凑巧",
            "恰巧"
        ]
    ],
    "回船": [
        "回船",
        "Back to the ship",
        "回到船上",
        [
            "回到",
            "船上",
            "返回",
            "离开",
            "留在",
            "船员",
            "来到",
            "船",
            "离开了",
            "重回",
            "送回",
            "小船",
            "船舱",
            "救生艇",
            "搬回",
            "重返",
            "岸上",
            "一艘船",
            "上船",
            "水手"
        ]
    ],
    "烟垂": [
        "烟垂",
        "Smoke plume",
        "烟柱",
        []
    ],
    "极浦色": [
        "极浦色",
        "Polar color",
        "极性颜色",
        [
            "极性",
            "颜色",
            "色调",
            "黄色",
            "红色",
            "紫色",
            "蓝色",
            "白色",
            "粉红色",
            "橙色",
            "色",
            "溶剂",
            "亲水性",
            "水分子",
            "官能团",
            "碱性",
            "磁性",
            "分子会",
            "重氮",
            "水溶性"
        ]
    ],
    "闻唱": [
        "闻唱",
        "Smell and sing",
        "闻和唱",
        [
            "闻",
            "唱",
            "演唱",
            "言",
            "合唱",
            "叹",
            "唱歌",
            "唱出",
            "辄",
            "尝",
            "谓",
            "会唱",
            "知",
            "独唱",
            "闻之",
            "对唱",
            "歌",
            "见",
            "自是",
            "伴奏"
        ]
    ],
    "怜波静": [
        "怜波静",
        "Flow static",
        "流动静态的",
        [
            "流动",
            "静态",
            "动态",
            "移动",
            "线性",
            "扩散",
            "快照",
            "模板",
            "实例",
            "悬浮",
            "流向",
            "流出",
            "恒定",
            "震荡",
            "一个系统",
            "型式",
            "可执行",
            "浮动",
            "连续性",
            "的移动"
        ]
    ],
    "莲香": [
        "莲香",
        "Lotus fragrance",
        "荷花香",
        [
            "花香",
            "果香",
            "清香",
            "香气",
            "桂花",
            "樱桃",
            "玫瑰花",
            "红豆",
            "萝卜",
            "石榴"
        ]
    ],
    "隔浦渡": [
        "隔浦渡",
        "Pudu",
        "普度鹿",
        [
            "普度",
            "鹿",
            "牛",
            "水牛",
            "梅花鹿",
            "虎",
            "野猪",
            "头",
            "蜈蚣",
            "兜",
            "万寿寺",
            "两头",
            "闭关",
            "发愿",
            "静修",
            "慈云寺",
            "重兴",
            "Pardosa",
            "<tr>",
            "</s>"
        ]
    ],
    "江阴": [
        "江阴",
        "Jiangyin",
        "江阴",
        [
            "江阴",
            "镇江",
            "常熟",
            "嘉兴",
            "淮安",
            "江宁",
            "江北",
            "湖州",
            "泰州",
            "太仓"
        ]
    ],
    "香坠": [
        "香坠",
        "Fragrant pendant",
        "芳香挂件",
        [
            "芳香",
            "香气",
            "醇",
            "衍生物",
            "精油",
            "类物质",
            "酚",
            "醇类",
            "重氮",
            "大蒜"
        ]
    ],
    "荷美": [
        "荷美",
        "Hormel",
        "霍梅尔",
        []
    ],
    "满江": [
        "满江",
        "Man Jiang",
        "满江",
        [
            "满江",
            "图们江",
            "咸镜南道",
            "辉发河",
            "辽河",
            "豆",
            "秦川",
            "五道",
            "黑水",
            "富宁"
        ]
    ],
    "败荷": [
        "败荷",
        "Losing charge",
        "失去电荷",
        [
            "失去",
            "电荷",
            "丧失",
            "电场",
            "正电荷",
            "负电荷",
            "粒子",
            "带电",
            "负电",
            "作用力",
            "带电粒子",
            "电磁场",
            "挽回",
            "夺去",
            "保住",
            "耗尽",
            "失掉",
            "一落千丈",
            "得不到",
            "无法控制"
        ]
    ],
    "浅色": [
        "浅色",
        "Light color",
        "浅色",
        [
            "浅色",
            "灰色",
            "暗色",
            "浅黄色",
            "灰白色",
            "粉红色",
            "橘红色",
            "暗红色",
            "浅棕色",
            "深灰色"
        ]
    ],
    "香罢": [
        "香罢",
        "Sweet",
        "甜的",
        [
            "甜",
            "辣",
            "味",
            "香甜",
            "奶油",
            "酱",
            "柠檬",
            "汁",
            "果酱",
            "酸甜"
        ]
    ],
    "邋遢": [
        "邋遢",
        "sluttery",
        "懒惰",
        [
            "懒惰",
            "懒散",
            "愚蠢",
            "自私",
            "无聊",
            "自以为是",
            "无知",
            "固执",
            "愚笨",
            "幼稚"
        ]
    ],
    "衣裂": [
        "衣裂",
        "Clothes crack",
        "衣服开裂",
        [
            "衣服",
            "开裂",
            "鞋子",
            "衣物",
            "穿着",
            "裂开",
            "大衣",
            "外套",
            "脱落",
            "裤子",
            "鞋",
            "衣裳",
            "外衣",
            "破损",
            "剥落",
            "裂缝",
            "塌陷",
            "下陷",
            "上部",
            "渗出"
        ]
    ],
    "疏疏": [
        "疏疏",
        "Sparse and sparse",
        "稀疏和稀疏",
        [
            "稀疏",
            "稠密",
            "密集",
            "稀少",
            "浓密",
            "细小",
            "零散",
            "极小",
            "均匀分布",
            "比较大"
        ]
    ],
    "池影": [
        "池影",
        "Pool shadow",
        "水池阴影",
        [
            "水池",
            "阴影",
            "池塘",
            "池",
            "凉亭",
            "池中",
            "喷水池",
            "池水",
            "人工湖",
            "水槽",
            "水井",
            "黑暗",
            "阴霾",
            "边缘",
            "光环",
            "影子",
            "镜子",
            "双眼",
            "噩梦",
            "恶梦"
        ]
    ],
    "横折": [
        "横折",
        "Transverse fold",
        "横向褶皱",
        [
            "横向",
            "褶皱",
            "纵向",
            "垂直",
            "隆起",
            "侧向",
            "斜向",
            "造山运动",
            "平行",
            "地质构造",
            "断裂带",
            "滑动",
            "交叉",
            "隐没",
            "侧边",
            "外侧",
            "凹陷",
            "背斜",
            "第四纪",
            "突起"
        ]
    ],
    "碎衣": [
        "碎衣",
        "Broken clothes",
        "破衣服",
        [
            "破",
            "衣服",
            "鞋子",
            "衣物",
            "穿着",
            "大衣",
            "外套",
            "斩",
            "裤子",
            "鞋",
            "衣裳",
            "大破",
            "外衣",
            "贼",
            "擒",
            "陷",
            "遁",
            "不下",
            "挟",
            "窜"
        ]
    ],
    "雕零": [
        "雕零",
        "withered",
        "干枯",
        [
            "干枯",
            "干涸",
            "枯萎",
            "枯死",
            "长满",
            "腐烂",
            "旱季",
            "泉水",
            "湖底",
            "的水"
        ]
    ],
    "风摧": [
        "风摧",
        "The wind blows",
        "风吹来了",
        [
            "风吹",
            "风",
            "刮",
            "大风",
            "吹",
            "吹起",
            "飘",
            "卷起",
            "雨",
            "摇动"
        ]
    ],
    "容枯": [
        "容枯",
        "Capacity to wither",
        "枯萎的能力",
        [
            "枯萎",
            "能力",
            "枯死",
            "战斗能力",
            "技能",
            "腐烂",
            "灵活性",
            "能力也",
            "能够",
            "发芽",
            "干枯",
            "控制能力",
            "潜能",
            "并能",
            "意志力",
            "落叶",
            "长成",
            "幼苗",
            "根部",
            "枝干"
        ]
    ],
    "蔌": [
        "蔌",
        "Vegetable",
        "蔬菜",
        [
            "蔬菜",
            "水果",
            "肉类",
            "玉米",
            "稻米",
            "蔬果",
            "大豆",
            "豆类",
            "马铃薯",
            "甜菜"
        ]
    ],
    "圆倾": [
        "圆倾",
        "Circular dip",
        "圆形倾角",
        [
            "圆形",
            "倾角",
            "方形",
            "椭圆形",
            "长方形",
            "弧形",
            "半圆形",
            "圆锥形",
            "球形",
            "呈圆形",
            "六角形",
            "自转轴",
            "偏心率",
            "自转",
            "心率",
            "倾斜角",
            "相对速度",
            "转轴",
            "角速度",
            "扁率"
        ]
    ],
    "难宿鹭": [
        "难宿鹭",
        "Difficult - to - lodge heron",
        "难宿苍鹭",
        [
            "苍鹭",
            "鹭",
            "水鸟",
            "雀鸟",
            "鸬鹚",
            "渡鸦",
            "游隼",
            "鹌鹑",
            "八哥",
            "燕雀"
        ]
    ],
    "波荡": [
        "波荡",
        "surge",
        "汹涌",
        [
            "汹涌",
            "波涛汹涌",
            "弥漫",
            "倾覆",
            "洪流",
            "暗流",
            "流水",
            "势不可挡",
            "倾倒",
            "有如"
        ]
    ],
    "襞衣": [
        "襞衣",
        "Plica garment",
        "褶皱服装",
        [
            "褶皱",
            "服装",
            "服饰",
            "装扮",
            "衣著",
            "衣装",
            "隆起",
            "着装",
            "西装",
            "化妆",
            "衣饰",
            "饰品",
            "造山运动",
            "地质构造",
            "断裂带",
            "隐没",
            "凹陷",
            "背斜",
            "第四纪",
            "突起"
        ]
    ],
    "潮水": [
        "潮水",
        "The tide",
        "潮水",
        [
            "潮水",
            "涨潮",
            "海浪",
            "海潮",
            "水势",
            "退潮",
            "波浪",
            "浅滩",
            "大风",
            "岸边"
        ]
    ],
    "失依": [
        "失依",
        "Loss of dependence",
        "失去依赖性",
        [
            "失去",
            "依赖性",
            "丧失",
            "挽回",
            "夺去",
            "保住",
            "耗尽",
            "失掉",
            "一落千丈",
            "得不到",
            "抑制",
            "特异性",
            "选择性",
            "无法控制",
            "诱发",
            "持续性",
            "发挥作用",
            "相关联",
            "一般来说",
            "反之亦然"
        ]
    ],
    "休吟": [
        "休吟",
        "Don't sing",
        "不要唱歌",
        [
            "不要",
            "唱歌",
            "跳舞",
            "不想",
            "弹钢琴",
            "不该",
            "演戏",
            "唱",
            "不让",
            "不必",
            "弹吉他",
            "绝不会",
            "绝不",
            "免得",
            "切勿",
            "不用",
            "自弹自唱",
            "弹奏",
            "写歌",
            "弹琴"
        ]
    ],
    "莫藏鱼": [
        "莫藏鱼",
        "Don't hide fish",
        "不要藏鱼",
        [
            "不要",
            "不想",
            "不该",
            "不让",
            "不必",
            "绝不会",
            "绝不",
            "免得",
            "切勿",
            "不用"
        ]
    ],
    "坏扇": [
        "坏扇",
        "Bad fan",
        "坏风扇",
        [
            "坏",
            "风扇",
            "散热",
            "散热器",
            "压缩机",
            "冷却器",
            "涡轮",
            "涡轮机",
            "散热片",
            "冷却系统",
            "扇叶",
            "怕",
            "弄得",
            "乖",
            "无用",
            "没用",
            "偏偏",
            "还好",
            "顶多",
            "再加"
        ]
    ],
    "龟鱼": [
        "龟鱼",
        "Turtle fish",
        "海龟鱼",
        [
            "海龟",
            "鱼",
            "鱼为",
            "鲨",
            "鲫",
            "鱼属",
            "海洋生物",
            "鲨鱼",
            "石斑鱼",
            "鳖",
            "鱼是",
            "龙虾",
            "带鱼",
            "鲻",
            "海牛",
            "海鸟",
            "虎鲸",
            "螃蟹",
            "乌龟",
            "儒艮"
        ]
    ],
    "无荫": [
        "无荫",
        "No shadow",
        "没有影子",
        [
            "没有",
            "影子",
            "没",
            "并未",
            "无法",
            "不会",
            "不能",
            "从未",
            "未",
            "没有人",
            "很难",
            "仿佛",
            "光环",
            "好像",
            "只不过",
            "普通人",
            "犹如",
            "随心所欲",
            "却是",
            "从前"
        ]
    ],
    "吴娃": [
        "吴娃",
        "Wu Wa",
        "吴娃",
        []
    ],
    "罢唱": [
        "罢唱",
        "Sing",
        "唱歌",
        [
            "唱歌",
            "跳舞",
            "弹钢琴",
            "演戏",
            "唱",
            "弹吉他",
            "自弹自唱",
            "弹奏",
            "写歌",
            "弹琴"
        ]
    ],
    "雪骨": [
        "雪骨",
        "Snow bone",
        "雪骨",
        []
    ],
    "带雪": [
        "带雪",
        "With snow",
        "有雪",
        []
    ],
    "传春": [
        "传春",
        "Spring transmission",
        "弹簧传动",
        [
            "弹簧",
            "传动",
            "传动装置",
            "连杆",
            "传动系统",
            "轴承",
            "液压",
            "电动机",
            "车轮",
            "油压",
            "驱动",
            "刚性",
            "液力传动",
            "支架",
            "琴弦",
            "飞轮",
            "电机",
            "齿轮",
            "交流电力",
            "制动器"
        ]
    ],
    "冰魂": [
        "冰魂",
        "Ancient Apparition",
        "古代幽灵",
        [
            "古代",
            "幽灵",
            "古时",
            "古",
            "汉代",
            "上古时代",
            "恶魔",
            "神话传说",
            "上古",
            "猎人",
            "幻影",
            "自古以来",
            "自古",
            "中古时代",
            "魔鬼",
            "蜘蛛",
            "梦魇",
            "黑衣人",
            "蝙蝠",
            "鹰眼"
        ]
    ],
    "破腊": [
        "破腊",
        "Broken wax",
        "碎蜡",
        []
    ],
    "花魁": [
        "花魁",
        "the plum flower",
        "梅花",
        [
            "梅花",
            "菊花",
            "荷花",
            "牡丹",
            "莲花",
            "鸳鸯",
            "故又名",
            "桂花",
            "种花",
            "燕子"
        ]
    ],
    "搜诗": [
        "搜诗",
        "Search poetry",
        "搜索诗",
        [
            "搜索",
            "诗",
            "诗作",
            "诗句",
            "诗文",
            "搜寻",
            "作诗",
            "诗集",
            "诗词",
            "诗歌",
            "赋",
            "吟咏",
            "追踪",
            "跟踪",
            "查找",
            "查询",
            "侦查",
            "关键字",
            "查看",
            "抓取"
        ]
    ],
    "舞烟": [
        "舞烟",
        "Dance smoke",
        "舞烟",
        []
    ],
    "含情": [
        "含情",
        "Love",
        "爱",
        [
            "爱",
            "爱人",
            "真爱",
            "心事",
            "真心",
            "幸福",
            "甜蜜",
            "亲爱的",
            "真情",
            "挚爱"
        ]
    ],
    "幽艳": [
        "幽艳",
        "Youyan",
        "友谊",
        [
            "友谊",
            "情谊",
            "友情",
            "友好关系",
            "亲密关系",
            "纽带",
            "友好",
            "真诚",
            "真挚",
            "的关系"
        ]
    ],
    "冰艳": [
        "冰艳",
        "Ice Yan",
        "冰颜",
        []
    ],
    "小萼": [
        "小萼",
        "Small calyx",
        "小花萼",
        [
            "花萼",
            "花被",
            "花瓣",
            "雄蕊",
            "苞片",
            "萼片",
            "雄花",
            "花冠",
            "雌蕊",
            "花柱"
        ]
    ],
    "索句": [
        "索句",
        "Suo sentence",
        "锁句",
        []
    ],
    "健步": [
        "健步",
        "walk with vigorous strides",
        "大步行走",
        []
    ],
    "溪桥晓": [
        "溪桥晓",
        "Xi Qiao Xiao",
        "西樵晓",
        [
            "西樵",
            "晓",
            "西樵山",
            "师弟",
            "阿凯",
            "顺德",
            "潮阳",
            "新会",
            "海丰",
            "傲",
            "揭阳",
            "鹤山",
            "青田",
            "飞龙",
            "象山",
            "锐",
            "实是",
            "据闻",
            "人口为120人",
            "</s>"
        ]
    ],
    "何逊": [
        "何逊",
        "He Xun",
        "何逊",
        []
    ],
    "偏宜": [
        "偏宜",
        "Appropriate",
        "适当的",
        [
            "适当",
            "必要",
            "合理",
            "合适",
            "恰当",
            "必需",
            "尽量",
            "相应",
            "前提",
            "须要"
        ]
    ],
    "冰蕊": [
        "冰蕊",
        "Ice core",
        "冰芯",
        []
    ],
    "迷草石": [
        "迷草石",
        "Fan Cao Shi",
        "范草石",
        []
    ],
    "云阶": [
        "云阶",
        "Cloud level",
        "云量级",
        [
            "云",
            "量级",
            "尘",
            "幽",
            "寒",
            "阳",
            "名曰",
            "碧",
            "数量级",
            "皓",
            "单项",
            "中量级",
            "虹",
            "极限",
            "WBC",
            "容",
            "千分之",
            "相比之下",
            "</s>",
            "<tr>"
        ]
    ],
    "绿英": [
        "绿英",
        "Green English",
        "绿色英语",
        [
            "绿色",
            "英语",
            "英文",
            "橙色",
            "黄色",
            "红色",
            "蓝色",
            "白色",
            "法语",
            "中文",
            "粉红色",
            "紫色",
            "浅绿色",
            "美式英语",
            "深蓝色",
            "法文",
            "直译",
            "西班牙语",
            "English",
            "印度语"
        ]
    ],
    "巡檐": [
        "巡檐",
        "Patrol eaves",
        "巡逻檐",
        [
            "巡逻",
            "檐",
            "斗拱",
            "梁架",
            "歇山顶",
            "重檐",
            "檐下",
            "筒瓦",
            "山墙",
            "台基",
            "椽",
            "侦察",
            "警戒",
            "值勤",
            "执勤",
            "侦查",
            "扫雷",
            "巡查",
            "巡逻队",
            "全副武装"
        ]
    ],
    "伴长松": [
        "伴长松",
        "Companion pine",
        "伴生松树",
        [
            "伴生",
            "松树",
            "杉树",
            "橡树",
            "茂盛",
            "大树",
            "柳树",
            "柏树",
            "松林",
            "枫香",
            "榆树",
            "浸润",
            "菌类",
            "石英砂",
            "偶见",
            "大块",
            "比较丰富",
            "各种类型",
            "</s>",
            "Pardosa"
        ]
    ],
    "广平": [
        "广平",
        "Guangping",
        "广平",
        [
            "广平",
            "海阳",
            "高阳",
            "河间",
            "平阳",
            "长乐",
            "定州",
            "高密",
            "安远",
            "新安"
        ]
    ],
    "不待风": [
        "不待风",
        "Don't stay in the wind",
        "不要留在风中",
        [
            "不要",
            "留在",
            "风中",
            "回到",
            "返回",
            "离开",
            "不想",
            "不该",
            "不让",
            "不必",
            "绝不会",
            "绝不",
            "免得",
            "送回",
            "切勿",
            "不用",
            "离开了",
            "送到",
            "留下来",
            "转到",
            "接回",
            "月光",
            "倾城",
            "旅人",
            "飘",
            "白雪",
            "游魂",
            "虹",
            "火鸟",
            "</s>"
        ]
    ],
    "波凉": [
        "波凉",
        "Wave cooling",
        "波浪冷却",
        [
            "波浪",
            "冷却",
            "加热",
            "海浪",
            "蒸发",
            "冷凝",
            "降温",
            "加压",
            "水波",
            "熔化",
            "凝固",
            "液态",
            "汽化",
            "波纹",
            "水滴",
            "涟漪",
            "浪花",
            "退潮",
            "卷起",
            "水平线"
        ]
    ],
    "园丁": [
        "园丁",
        "Gardener",
        "园丁",
        [
            "园丁",
            "阿曼达",
            "牧羊人",
            "农夫",
            "鞋匠",
            "保姆",
            "赫伯特",
            "丹尼斯",
            "了了",
            "Pardosa"
        ]
    ],
    "二本": [
        "二本",
        "The two",
        "两个",
        []
    ],
    "点寿": [
        "点寿",
        "Life expectancy",
        "预期寿命",
        [
            "预期",
            "寿命",
            "使用寿命",
            "平均寿命",
            "预想",
            "预料",
            "预估",
            "预计",
            "生命周期",
            "短期内",
            "在短期内",
            "期望",
            "年限",
            "考虑到",
            "更长",
            "生命期",
            "寿命长",
            "停留时间",
            "意味著",
            "间隔时间"
        ]
    ],
    "阳额": [
        "阳额",
        "Yang frontal",
        "杨锋",
        []
    ],
    "艳曲": [
        "艳曲",
        "Brilliant music",
        "精彩的音乐",
        [
            "精彩",
            "音乐",
            "精采",
            "的音乐",
            "古典音乐",
            "音乐创作",
            "流行音乐",
            "电子音乐",
            "摇滚乐",
            "令人难忘",
            "流行乐",
            "摇滚音乐",
            "惊艳",
            "钢琴演奏",
            "动人",
            "引人入胜",
            "有趣",
            "扣人心弦",
            "难忘",
            "轻松"
        ]
    ]
}