{
    "鉴形": [
        "鉴形",
        "Shape discrimination",
        "形状辨别",
        [
            "形状",
            "辨别",
            "分辨",
            "辨识",
            "外形",
            "辨认",
            "圆形",
            "识别",
            "鉴别",
            "轮廓",
            "判断",
            "外观",
            "区分",
            "大小",
            "形似",
            "圆锥形",
            "菱形",
            "椭圆形",
            "判别",
            "看出"
        ]
    ],
    "尘匣": [
        "尘匣",
        "Dust box",
        "集尘箱",
        [
            "箱",
            "箱内",
            "木箱",
            "罐",
            "箱子",
            "装入",
            "装",
            "装有",
            "筒",
            "盒"
        ]
    ],
    "寿光": [
        "寿光",
        "Shouguang",
        "寿光",
        [
            "寿光",
            "济宁",
            "清河",
            "永平",
            "莱芜",
            "山阳",
            "济源",
            "和平街道",
            "Pardosa",
            "</s>"
        ]
    ],
    "绿晕": [
        "绿晕",
        "Green halo",
        "绿色晕圈",
        [
            "绿色",
            "橙色",
            "黄色",
            "红色",
            "蓝色",
            "白色",
            "粉红色",
            "紫色",
            "浅绿色",
            "深蓝色"
        ]
    ],
    "石色": [
        "石色",
        "Stone color",
        "石头颜色",
        [
            "石头",
            "颜色",
            "石块",
            "木头",
            "色调",
            "黄色",
            "红色",
            "紫色",
            "一块",
            "蓝色",
            "泥土",
            "砖头",
            "石板",
            "白色",
            "粉红色",
            "橙色",
            "巨石",
            "色",
            "沙子",
            "石子"
        ]
    ],
    "视尘": [
        "视尘",
        "Visual dust",
        "视觉灰尘",
        [
            "视觉",
            "灰尘",
            "尘埃",
            "感官",
            "听觉",
            "烟雾",
            "视觉效果",
            "污垢",
            "尘土",
            "图像",
            "影像",
            "感知",
            "有毒气体",
            "微粒",
            "碎屑",
            "美感",
            "坑洞",
            "烟尘",
            "光影",
            "动态"
        ]
    ],
    "无藏": [
        "无藏",
        "No hiding",
        "不躲",
        [
            "躲",
            "躲藏",
            "躲藏在",
            "躲进",
            "跑到",
            "躲入",
            "藏身",
            "关在",
            "躲避",
            "丢下"
        ]
    ],
    "有照": [
        "有照",
        "Have a photo",
        "有一张照片",
        [
            "照片",
            "相片",
            "图片",
            "拍照",
            "录像",
            "合照",
            "拍下",
            "剧照",
            "截图",
            "特写"
        ]
    ],
    "照胆": [
        "照胆",
        "According to bravery",
        "根据勇敢",
        [
            "勇敢",
            "勇气",
            "坚强",
            "坚毅",
            "毅力",
            "不屈不挠",
            "勇于",
            "刚强",
            "勇往直前",
            "胆量"
        ]
    ],
    "夷则": [
        "夷则",
        "Yi ze",
        "伊泽",
        []
    ],
    "四规": [
        "四规",
        "Four rules",
        "四条规则",
        [
            "规则",
            "比赛规则",
            "游戏规则",
            "规范",
            "规章",
            "准则",
            "法则",
            "原则上",
            "前提",
            "的系统"
        ]
    ],
    "舞鸡": [
        "舞鸡",
        "Dancing chicken",
        "跳舞鸡",
        [
            "跳舞",
            "鸡",
            "唱歌",
            "猪",
            "表演",
            "肉",
            "牛",
            "弹吉他",
            "鹅",
            "鸭",
            "唱歌跳舞",
            "饭",
            "舞者",
            "弹钢琴",
            "羊",
            "玩乐",
            "表演者",
            "奶",
            "接吻",
            "大头"
        ]
    ],
    "鹤影": [
        "鹤影",
        "Crane shadow",
        "起重机阴影",
        [
            "起重机",
            "阴影",
            "吊车",
            "驳船",
            "钢缆",
            "黑暗",
            "挖掘机",
            "阴霾",
            "轮子",
            "钢架",
            "消防车",
            "边缘",
            "光环",
            "机架",
            "影子",
            "推土机",
            "镜子",
            "双眼",
            "噩梦",
            "恶梦"
        ]
    ],
    "普照": [
        "普照",
        "illuminate all things",
        "照亮一切",
        [
            "照亮",
            "照耀",
            "升起",
            "点亮",
            "看见",
            "遮挡",
            "遮蔽",
            "遮盖",
            "掩蔽",
            "看得见"
        ]
    ],
    "节容": [
        "节容",
        "Section capacity",
        "截面容量",
        [
            "截面",
            "容量",
            "耗电量",
            "横截面",
            "MB",
            "发电量",
            "使用量",
            "截面积",
            "曲率",
            "容量大",
            "量",
            "输出功率",
            "用量",
            "对称",
            "轴向",
            "发电能力",
            "弧度",
            "均匀分布",
            "圆锥",
            "之比"
        ]
    ],
    "碧光": [
        "碧光",
        "Brigitte light",
        "布丽吉特灯",
        [
            "吉特",
            "灯",
            "灯笼",
            "努",
            "灯泡",
            "点灯",
            "特拉",
            "蜡烛",
            "灯具",
            "油灯",
            "点亮",
            "喇叭",
            "萨拉",
            "比尔",
            "霓虹",
            "古拉",
            "特里",
            "波瓦",
            "布鲁",
            "的卡"
        ]
    ],
    "屡照": [
        "屡照",
        "Repeated photos",
        "重复照片",
        [
            "重复",
            "照片",
            "相片",
            "图片",
            "拍照",
            "录像",
            "反复",
            "合照",
            "拍下",
            "段落",
            "剧照",
            "截图",
            "减法",
            "特写",
            "每一次",
            "移位",
            "单调",
            "多次重复",
            "重复使用",
            "以此类推"
        ]
    ],
    "金背": [
        "金背",
        "Gold back",
        "金背",
        []
    ],
    "虚明": [
        "虚明",
        "Virtual Ming",
        "虚拟明",
        [
            "虚拟",
            "明",
            "清",
            "虚拟世界",
            "明万历",
            "模拟",
            "明崇祯",
            "贤",
            "实体",
            "真实世界",
            "大明",
            "云端",
            "ID",
            "终端",
            "绑定",
            "明为",
            "崇",
            "各种类型",
            "据载",
            "容"
        ]
    ],
    "金泊": [
        "金泊",
        "Jinbo",
        "金波",
        [
            "金波",
            "托德",
            "瑞德",
            "杰森",
            "阿甘",
            "想方设法",
            "无济于事",
            "兄弟俩",
            "Pardosa",
            "</s>"
        ]
    ],
    "漆奁": [
        "漆奁",
        "Paint casket",
        "油漆箱",
        [
            "油漆",
            "箱",
            "涂料",
            "喷漆",
            "箱内",
            "木箱",
            "喷涂",
            "罐",
            "箱子",
            "涂",
            "装入",
            "漆",
            "装",
            "装有",
            "纸板",
            "筒",
            "帆布",
            "盒",
            "涂上",
            "粉笔"
        ]
    ],
    "半破": [
        "半破",
        "Half broken",
        "半断",
        []
    ],
    "当眉": [
        "当眉",
        "When the eyebrow",
        "当眉毛",
        [
            "眉毛",
            "鼻子",
            "头发",
            "脸部",
            "嘴唇",
            "胡须",
            "指甲",
            "额头",
            "睫毛",
            "下巴"
        ]
    ],
    "冰华": [
        "冰华",
        "Ice blossom",
        "冰花",
        [
            "冰花",
            "国剧",
            "夜来香",
            "桃花源",
            "田寮",
            "落日",
            "东升",
            "小黄",
            "林子",
            "</s>"
        ]
    ],
    "飞精": [
        "飞精",
        "Flying essence",
        "飞行本质",
        [
            "飞行",
            "本质",
            "飞行中",
            "事物",
            "滑翔",
            "飞行器",
            "表象",
            "某种程度",
            "其本质",
            "滑行",
            "直觉",
            "着陆",
            "飞机",
            "航空器",
            "跳伞",
            "起飞",
            "所谓",
            "单纯",
            "并不一定",
            "只不过"
        ]
    ],
    "亡金": [
        "亡金",
        "Dead gold",
        "死金",
        []
    ],
    "粉元锡": [
        "粉元锡",
        "Powder tin",
        "粉末锡",
        [
            "粉末",
            "锡",
            "粉状",
            "粉末状",
            "迈",
            "固体",
            "混合物",
            "瓦",
            "坎",
            "结晶",
            "黏稠",
            "常温下",
            "氧化铁",
            "布",
            "浅黄色",
            "恩",
            "昂",
            "奎",
            "纳",
            "甘"
        ]
    ],
    "照邪形": [
        "照邪形",
        "According to evil shape",
        "根据邪恶的形状",
        [
            "邪恶",
            "形状",
            "外形",
            "恶魔",
            "圆形",
            "黑暗",
            "轮廓",
            "外观",
            "堕落",
            "大小",
            "形似",
            "守护者",
            "圆锥形",
            "邪恶势力",
            "撒旦",
            "罪恶",
            "坏人",
            "破坏者",
            "菱形",
            "椭圆形"
        ]
    ],
    "分妍": [
        "分妍",
        "Fen Yan",
        "汾燕",
        []
    ],
    "丑": [
        "丑",
        "Ugly",
        "丑陋的",
        [
            "丑陋",
            "古怪",
            "丑恶",
            "愚蠢",
            "凶恶",
            "漂亮",
            "面孔",
            "虚荣",
            "愚笨",
            "吓人"
        ]
    ],
    "掷自": [
        "掷自",
        "Throw from",
        "从...扔出",
        [
            "扔出",
            "扔",
            "扔下",
            "扔到",
            "丢出",
            "抓起",
            "落下",
            "推开",
            "铁锤",
            "击碎"
        ]
    ],
    "揽取": [
        "揽取",
        "Acquisition",
        "获得",
        [
            "获得",
            "取得",
            "得到",
            "赢得",
            "获",
            "拿到",
            "给予",
            "赢取",
            "授予",
            "获取"
        ]
    ],
    "失玉": [
        "失玉",
        "Lost jade",
        "失落的玉",
        [
            "失落",
            "玉",
            "锦",
            "珠",
            "凤",
            "麒麟",
            "白玉",
            "重生",
            "梦魇",
            "迷失",
            "苍",
            "穿越时空",
            "芳",
            "遗忘",
            "芝",
            "梦幻",
            "和龙",
            "久违",
            "再次出现",
            "正正"
        ]
    ],
    "八铢": [
        "八铢",
        "Eight baht",
        "八铢",
        []
    ],
    "度物": [
        "度物",
        "Degree object",
        "度对象",
        [
            "对象",
            "单纯",
            "某类",
            "实例",
            "取向",
            "普通人",
            "并不一定",
            "具体来说",
            "都可",
            "；也"
        ]
    ],
    "涂金膏": [
        "涂金膏",
        "Gold plaster",
        "金灰泥",
        [
            "灰泥",
            "瓦片",
            "石材",
            "石板",
            "瓷砖",
            "大理石",
            "石膏",
            "石灰",
            "铜板",
            "整块"
        ]
    ],
    "成相字": [
        "成相字",
        "Phase character",
        "相位特征",
        [
            "相位",
            "特征",
            "特点",
            "形态",
            "振幅",
            "增益",
            "特性",
            "构造",
            "频域",
            "外观上",
            "脉冲",
            "特质",
            "载波",
            "波形",
            "相似性",
            "频率响应",
            "基本特征",
            "正弦",
            "自适应",
            "不同之处"
        ]
    ],
    "圆同": [
        "圆同",
        "Circular identity",
        "循环标识",
        [
            "循环",
            "标识",
            "标志",
            "标记",
            "识别",
            "标有",
            "标签",
            "图标",
            "标明",
            "标上",
            "反应器",
            "周而复始",
            "上标",
            "气化",
            "重复",
            "可逆",
            "循环系统",
            "反转",
            "尿素",
            "反向"
        ]
    ],
    "剖从": [
        "剖从",
        "Section from",
        "来自...的部分",
        [
            "部分",
            "部份",
            "大部分",
            "一小",
            "其余部分",
            "外",
            "大多",
            "之外",
            "以外",
            "均"
        ]
    ],
    "鲤腹": [
        "鲤腹",
        "Carp belly",
        "鲤鱼肚",
        [
            "鲤",
            "鱼肚",
            "脂",
            "鲶",
            "鲈",
            "鮠",
            "鲱",
            "鲉",
            "鲑",
            "鲻",
            "下口",
            "酥",
            "肉",
            "鱿鱼",
            "蘸",
            "烹制",
            "鱼肉",
            "羊肉",
            "燕窝",
            "木耳"
        ]
    ],
    "凤从": [
        "凤从",
        "Feng Cong",
        "冯聪",
        []
    ],
    "台上": [
        "台上",
        "on the stage",
        "在舞台上",
        [
            "舞台",
            "剧场",
            "表演者",
            "银幕",
            "布景",
            "舞者",
            "开场",
            "大舞台",
            "小剧场",
            "演出者"
        ]
    ],
    "疑冰彻": [
        "疑冰彻",
        "Suspected icebreaker",
        "怀疑破冰船",
        [
            "怀疑",
            "破冰船",
            "猜测",
            "可疑",
            "相信",
            "猜疑",
            "坚称",
            "欺骗",
            "知悉",
            "声称",
            "不以为然",
            "潜水艇",
            "舰船",
            "油轮",
            "货船",
            "发现号",
            "和平号",
            "斯匹次卑尔根",
            "一艘船",
            "冰山"
        ]
    ],
    "无波": [
        "无波",
        "No wave",
        "没有波浪",
        [
            "没有",
            "波浪",
            "没",
            "并未",
            "无法",
            "不会",
            "不能",
            "海浪",
            "从未",
            "未",
            "没有人",
            "很难",
            "水波",
            "波纹",
            "水滴",
            "涟漪",
            "浪花",
            "退潮",
            "卷起",
            "水平线"
        ]
    ],
    "菱": [
        "菱",
        "water chestnut",
        "荸荠",
        [
            "荸荠",
            "沙参",
            "菱角",
            "枸杞",
            "丝瓜",
            "藜",
            "羽叶",
            "婆罗门参",
            "番薯",
            "大花"
        ]
    ],
    "酷质": [
        "酷质",
        "Cool quality",
        "凉爽品质",
        [
            "凉爽",
            "品质",
            "炎热",
            "寒冷",
            "温暖",
            "潮湿",
            "产品品质",
            "效能",
            "暖和",
            "高品质",
            "效益",
            "闷热",
            "可靠度",
            "产品质量",
            "耐用度",
            "多雨",
            "一年四季",
            "高质量",
            "实用性",
            "冬天"
        ]
    ],
    "新磨巧": [
        "新磨巧",
        "New grinding",
        "新研磨",
        [
            "新",
            "研磨",
            "新的",
            "加工",
            "切削",
            "烘烤",
            "打磨",
            "抛光",
            "切割",
            "制成",
            "薄片",
            "木片",
            "原先",
            "另行",
            "最初",
            "一新",
            "从新",
            "取而代之",
            "新近",
            "上新"
        ]
    ],
    "掩匣": [
        "掩匣",
        "Mask box",
        "掩模盒",
        [
            "盒",
            "盒子",
            "箱",
            "罐",
            "纸盒",
            "箱子",
            "捆",
            "包",
            "内含",
            "纸制"
        ]
    ],
    "隋珠秘": [
        "隋珠秘",
        "Suizhu secret",
        "绥中秘密",
        [
            "绥中",
            "秘密",
            "间谍",
            "暗中",
            "锦州",
            "暗地里",
            "秘密文件",
            "私下",
            "通辽",
            "暗地",
            "包头市",
            "营口",
            "阜新",
            "私底下",
            "铁岭",
            "北镇",
            "榆林",
            "悄悄",
            "授意",
            "海城"
        ]
    ],
    "一与": [
        "一与",
        "I and",
        "我和",
        []
    ],
    "龙自": [
        "龙自",
        "Dragon self",
        "龙的自我",
        [
            "龙",
            "龙的",
            "龙科",
            "翼龙",
            "龙是",
            "龙是种",
            "龙有",
            "龙及",
            "蜥脚类",
            "禽"
        ]
    ],
    "中生": [
        "中生",
        "Middle school students",
        "中学生",
        [
            "中学生",
            "小学生",
            "大学生",
            "中小学生",
            "初中生",
            "高中生",
            "年级",
            "高中学生",
            "初中",
            "青年人"
        ]
    ],
    "影照": [
        "影照",
        "Photograph",
        "相片",
        [
            "相片",
            "照片",
            "图片",
            "拍照",
            "片段",
            "相簿",
            "合照",
            "截图",
            "剧照",
            "幻灯片"
        ]
    ],
    "金辉": [
        "金辉",
        "Hwi Kim",
        "金惠",
        []
    ],
    "似月开": [
        "似月开",
        "Like a month",
        "像一个月",
        []
    ],
    "长明": [
        "长明",
        "Long Ming",
        "龙明",
        []
    ],
    "圆规": [
        "圆规",
        "Compasses",
        "罗盘",
        [
            "罗盘",
            "指南针",
            "六分仪",
            "测量仪器",
            "北极星",
            "星号",
            "红石",
            "<tr>",
            "</s>",
            "Pardosa"
        ]
    ],
    "开奁": [
        "开奁",
        "Open the casket",
        "打开棺材",
        [
            "打开",
            "棺材",
            "棺木",
            "关上",
            "开启",
            "锁上",
            "箱子",
            "坟墓",
            "锁住",
            "棺",
            "敞开",
            "墓穴",
            "挡住",
            "棺椁",
            "尸身",
            "头颅",
            "石棺",
            "弹出",
            "推开",
            "推入"
        ]
    ],
    "赵璧": [
        "赵璧",
        "Zhao bi",
        "赵碧",
        []
    ],
    "方知": [
        "方知",
        "Fang zhi",
        "方志",
        [
            "方志",
            "地方志",
            "志书",
            "古籍",
            "史籍",
            "族谱",
            "古书",
            "文献资料",
            "历史文献",
            "记事"
        ]
    ],
    "白鬓": [
        "白鬓",
        "White temples",
        "白色太阳穴",
        [
            "白色",
            "太阳穴",
            "黄色",
            "红色",
            "黑色",
            "粉红色",
            "紫色",
            "蓝色",
            "深蓝色",
            "暗红色",
            "金色",
            "胸口",
            "脸颊",
            "大腿",
            "胸部",
            "后背",
            "后脑",
            "喉咙",
            "腋下",
            "胳膊"
        ]
    ],
    "入照": [
        "入照",
        "Enter the photo",
        "输入照片",
        [
            "输入",
            "照片",
            "相片",
            "图片",
            "输出",
            "拍照",
            "读取",
            "录像",
            "合照",
            "拍下",
            "剧照",
            "截图",
            "读写",
            "特写",
            "转换",
            "回传",
            "转换成",
            "重定向",
            "匹配",
            "可用"
        ]
    ],
    "常花": [
        "常花",
        "Regular flower",
        "整齐花",
        [
            "整齐",
            "花",
            "规整",
            "整洁",
            "花上",
            "严整",
            "庄重",
            "小花",
            "杂乱",
            "散乱",
            "宽大",
            "厚重",
            "细密",
            "萝卜",
            "兰花",
            "白花",
            "牵牛",
            "大花",
            "光阴",
            "红豆"
        ]
    ],
    "梵剎": [
        "梵剎",
        "Brahman brake",
        "婆罗门制动器",
        [
            "婆罗门",
            "制动器",
            "制动",
            "种姓",
            "印度教",
            "刹帝利",
            "耆那教",
            "比丘",
            "阿难",
            "液压",
            "北印度",
            "传动装置",
            "出家人",
            "古印度",
            "风扇",
            "继电器",
            "供电系统",
            "压缩机",
            "盘式",
            "飞轮"
        ]
    ],
    "经晨": [
        "经晨",
        "The morning",
        "早上",
        [
            "早上",
            "晚上",
            "下午",
            "中午",
            "傍晚",
            "凌晨",
            "上午",
            "清晨",
            "早晨",
            "晚间"
        ]
    ],
    "瞻青": [
        "瞻青",
        "Zhan Qing",
        "湛清",
        []
    ],
    "三界": [
        "三界",
        "Three boundaries",
        "三个界限",
        [
            "界限",
            "界线",
            "分界",
            "分界线",
            "界定",
            "疆界",
            "两者之间",
            "传统意义",
            "连续性",
            "并不一定"
        ]
    ],
    "经堂": [
        "经堂",
        "The sutra hall",
        "藏经阁",
        [
            "藏经阁",
            "大雄宝殿",
            "天王殿",
            "法堂",
            "佛堂",
            "经堂",
            "主殿",
            "僧舍",
            "庙内",
            "西天"
        ]
    ],
    "无独暗": [
        "无独暗",
        "There is no darkness alone",
        "没有孤独的黑暗",
        [
            "没有",
            "孤独",
            "黑暗",
            "没",
            "并未",
            "无法",
            "不会",
            "不能",
            "寂寞",
            "从未",
            "孤寂",
            "未",
            "邪恶",
            "没有人",
            "很难",
            "守护者",
            "恶魔",
            "沉睡",
            "孤单",
            "忧郁",
            "深渊",
            "暗影",
            "黑夜",
            "悲哀",
            "迷茫",
            "堕落",
            "爱人",
            "黑影",
            "心碎",
            "可怜"
        ]
    ],
    "春夏": [
        "春夏",
        "Spring and summer",
        "春天和夏天",
        [
            "春天",
            "夏天",
            "冬天",
            "秋天",
            "春季",
            "初夏",
            "秋季",
            "夏末",
            "夏日",
            "盛夏",
            "深秋"
        ]
    ],
    "伽蓝": [
        "伽蓝",
        "Galand",
        "加兰德",
        [
            "加兰德",
            "VG",
            "PRO",
            "阿莫斯",
            "连在",
            "以次",
            "人口为129人",
            "</s>",
            "<tr>",
            "Pardosa"
        ]
    ],
    "见白": [
        "见白",
        "See white",
        "看到白色了吗",
        [
            "看到",
            "白色",
            "看见",
            "黄色",
            "红色",
            "见到",
            "黑色",
            "粉红色",
            "紫色",
            "蓝色",
            "深蓝色",
            "看不到",
            "暗红色",
            "金色",
            "看着",
            "注意到",
            "碰到",
            "认出",
            "看得见",
            "想到"
        ]
    ],
    "毫光": [
        "毫光",
        "Millisecond light",
        "毫秒光",
        [
            "光",
            "瞳",
            "红光",
            "暗",
            "光和",
            "白光",
            "亮",
            "和光",
            "日光",
            "虹"
        ]
    ],
    "明破": [
        "明破",
        "Ming po",
        "明宝",
        []
    ],
    "九幽途": [
        "九幽途",
        "Nine deep and remote roads",
        "九条幽路",
        []
    ],
    "法宇": [
        "法宇",
        "Fayu",
        "法尤",
        [
            "法",
            "尤",
            "律",
            "奇",
            "法则",
            "国法",
            "规",
            "普利",
            "法律条文",
            "堪",
            "具体方法",
            "劳",
            "通则",
            "依此",
            "利是",
            "例",
            "茹",
            "特为",
            "成之",
            "</s>"
        ]
    ],
    "自生明": [
        "自生明",
        "Self - generated Ming",
        "自生明",
        []
    ],
    "兰缸": [
        "兰缸",
        "Blue cylinder",
        "蓝色圆筒",
        [
            "蓝色",
            "圆筒",
            "红色",
            "深蓝色",
            "白色",
            "黄色",
            "粉红色",
            "橙色",
            "紫色",
            "金色",
            "浅蓝色",
            "滚筒",
            "磁带",
            "中空",
            "铝制",
            "黄铜",
            "铜管",
            "铸铁",
            "铁片",
            "金属制"
        ]
    ],
    "长独暗": [
        "长独暗",
        "Long alone dark",
        "长时间孤独黑暗",
        [
            "长时间",
            "孤独",
            "黑暗",
            "寂寞",
            "孤寂",
            "较长时间",
            "邪恶",
            "短时间",
            "一段时间",
            "守护者",
            "恶魔",
            "沉睡",
            "孤单",
            "忧郁",
            "深渊",
            "长期",
            "暗影",
            "黑夜",
            "悲哀",
            "迷茫",
            "堕落",
            "爱人",
            "黑影",
            "心碎",
            "可怜",
            "长久",
            "但会",
            "以致于",
            "间歇",
            "短时间内"
        ]
    ],
    "惟我": [
        "惟我",
        "But me",
        "但是我",
        []
    ],
    "画夜": [
        "画夜",
        "Painting night",
        "绘画之夜",
        [
            "绘画",
            "油画",
            "素描",
            "版画",
            "画家",
            "美术",
            "肖像画",
            "水彩画",
            "风景画",
            "画作"
        ]
    ],
    "用常明": [
        "用常明",
        "Use Chang Ming",
        "使用常明",
        [
            "使用",
            "用于",
            "采用",
            "应用于",
            "适用",
            "用作",
            "用到",
            "常用",
            "运用于",
            "可用"
        ]
    ],
    "要君": [
        "要君",
        "To you",
        "敬你",
        [
            "敬",
            "孝",
            "仁",
            "恭",
            "谨",
            "俭",
            "勤",
            "崇",
            "允",
            "贤"
        ]
    ],
    "心下明": [
        "心下明",
        "Under the heart bright",
        "心下明亮",
        [
            "明亮",
            "暗淡",
            "光亮",
            "昏暗",
            "黯淡",
            "耀眼",
            "夜空",
            "醒目",
            "蓝白色",
            "亮"
        ]
    ],
    "入用": [
        "入用",
        "In use",
        "在使用中",
        [
            "使用",
            "中",
            "中的",
            "之中",
            "用于",
            "采用",
            "中都",
            "中所",
            "当中",
            "应用于",
            "适用",
            "用作",
            "用到",
            "常用",
            "运用于",
            "可用",
            "里",
            "中会",
            "里面",
            "之前"
        ]
    ],
    "惧明": [
        "惧明",
        "Fear of light",
        "怕光",
        [
            "怕",
            "光",
            "害怕",
            "惧怕",
            "恐怕",
            "不让",
            "责怪",
            "招惹",
            "却说",
            "瞳",
            "红光",
            "唯恐",
            "就让",
            "暗",
            "光和",
            "白光",
            "亮",
            "和光",
            "日光",
            "虹"
        ]
    ],
    "甘体": [
        "甘体",
        "Sweet body",
        "甜蜜的身体",
        [
            "甜蜜",
            "身体",
            "躯体",
            "全身",
            "肌肉",
            "四肢",
            "爱情",
            "眼睛",
            "身躯",
            "双腿",
            "双脚",
            "浪漫",
            "胸部",
            "恋人",
            "温柔",
            "爱",
            "初恋",
            "深情",
            "爱人",
            "寂寞"
        ]
    ],
    "帷恐暗": [
        "帷恐暗",
        "Curtains may be dark",
        "窗帘可能很暗",
        [
            "窗帘",
            "可能",
            "有可能",
            "不太可能",
            "可能会",
            "确实",
            "或许",
            "也许",
            "似乎",
            "显然",
            "意味著",
            "地板",
            "窗框",
            "天花板",
            "天窗",
            "沙发",
            "毛巾",
            "窗台",
            "把手",
            "皮包"
        ]
    ],
    "只知": [
        "只知",
        "Only know",
        "只知道",
        [
            "知道",
            "告诉",
            "明白",
            "告诉他",
            "并不知道",
            "想到",
            "真的",
            "其实",
            "发觉",
            "究竟"
        ]
    ],
    "肌化": [
        "肌化",
        "Muscularization",
        "肌肉化",
        [
            "肌肉",
            "化",
            "四肢",
            "身体",
            "关节",
            "神经",
            "下肢",
            "脊柱",
            "躯干",
            "手部",
            "肌肉组织",
            "简化",
            "本土化",
            "化时",
            "转化",
            "立体化",
            "解构",
            "转化成",
            "既有",
            "所谓"
        ]
    ],
    "发明": [
        "发明",
        "Invention",
        "发明",
        [
            "发明",
            "发明者",
            "发明人",
            "发明家",
            "研制出",
            "新发明",
            "申请专利",
            "问世",
            "所制造",
            "造出"
        ]
    ],
    "隔蛾": [
        "隔蛾",
        "Spacing moth",
        "间隔蛾",
        [
            "间隔",
            "蛾",
            "间距",
            "间隔时间",
            "凤蝶",
            "间隙",
            "蝉",
            "蝇",
            "天牛",
            "蜻蜓",
            "蜂",
            "鳞翅目",
            "蝴蝶",
            "每隔",
            "蚁",
            "较宽",
            "每条",
            "时间延迟",
            "有规律",
            "等长"
        ]
    ],
    "傍火": [
        "傍火",
        "Fire alongside",
        "旁边开火",
        [
            "旁边",
            "开火",
            "旁",
            "对面",
            "还击",
            "开枪",
            "开炮",
            "交火",
            "击中",
            "门口",
            "扫射",
            "炮击",
            "射杀",
            "一旁",
            "击毁",
            "楼下",
            "边上",
            "门前",
            "正上方",
            "正中央"
        ]
    ],
    "伤暗": [
        "伤暗",
        "Dark wound",
        "深色伤口",
        [
            "伤口",
            "喉咙",
            "皮肤上",
            "剧痛",
            "疤痕",
            "内脏",
            "擦伤",
            "肿胀",
            "外伤",
            "血块"
        ]
    ],
    "肯身劳": [
        "肯身劳",
        "Ken Shen Lao",
        "肯沈老",
        []
    ],
    "额烂": [
        "额烂",
        "Bad forehead",
        "前额不好",
        [
            "前额",
            "不好",
            "很差",
            "眼窝",
            "不太好",
            "下巴",
            "头顶",
            "下颚",
            "脸颊",
            "鼻子",
            "胸部",
            "很好",
            "极差",
            "背部",
            "变差",
            "太差",
            "面颊",
            "坏",
            "要好",
            "还好"
        ]
    ],
    "推明": [
        "推明",
        "Explain",
        "解释",
        [
            "解释",
            "说明",
            "解读",
            "理解",
            "暗示",
            "推论",
            "表述",
            "断言",
            "阐释",
            "说明了"
        ]
    ],
    "不道": [
        "不道",
        "No way",
        "决不",
        [
            "决不",
            "绝不",
            "绝不能",
            "不能不",
            "不愿",
            "绝不会",
            "怎能",
            "甘心",
            "再不",
            "无意"
        ]
    ],
    "火销膏": [
        "火销膏",
        "Fire pin paste",
        "火针膏",
        [
            "膏",
            "粉",
            "汁",
            "乳",
            "肉",
            "杏仁",
            "蜡",
            "绿豆",
            "褐",
            "皂"
        ]
    ],
    "细艾": [
        "细艾",
        "Fine moxa",
        "细艾",
        []
    ]
}