{
    "银章": [
        "银章",
        "Silver seal",
        "银印章",
        [
            "银",
            "印章",
            "铜",
            "银两",
            "图章",
            "白银",
            "印玺",
            "印鉴",
            "钱币",
            "印文",
            "刻字",
            "银和",
            "名片",
            "装饰品",
            "缯",
            "金制",
            "原件",
            "料",
            "皂",
            "金和"
        ]
    ],
    "铜府": [
        "铜府",
        "Copper mansion",
        "铜大厦",
        [
            "铜",
            "大厦",
            "大楼",
            "银",
            "办公大楼",
            "层高",
            "楼高",
            "写字楼",
            "商业大厦",
            "楼",
            "铜器",
            "铜制",
            "锌",
            "办公楼",
            "铅",
            "鎏金",
            "商业大楼",
            "钼",
            "铬",
            "锰"
        ]
    ],
    "卧阁": [
        "卧阁",
        "Lie pavilion",
        "卧亭",
        []
    ],
    "悬榻": [
        "悬榻",
        "Hanging couch",
        "悬挂沙发",
        [
            "悬挂",
            "沙发",
            "桌子",
            "挂",
            "客厅",
            "挂起",
            "椅子",
            "书桌",
            "挂有",
            "咖啡店",
            "橱柜",
            "旗杆",
            "竖立",
            "楼上",
            "放置",
            "摆放",
            "衣橱",
            "安放",
            "隔壁",
            "置放"
        ]
    ],
    "饮水": [
        "饮水",
        "Drinking water",
        "饮用水",
        [
            "饮用水",
            "用水",
            "饮水",
            "自来水",
            "供水",
            "水源",
            "饮用",
            "供水系统",
            "卫生设施",
            "水和"
        ]
    ],
    "守土": [
        "守土",
        "defend the territory of one's country",
        "保卫自己国家的领土",
        [
            "保卫",
            "国家",
            "领土",
            "领地",
            "疆界",
            "势力范围",
            "疆域",
            "属地",
            "国土",
            "吞并",
            "国家所",
            "国家政府",
            "保卫国家",
            "版图",
            "疆土",
            "捍卫",
            "第三世界",
            "发展中国家",
            "抗击",
            "发达国家",
            "国际组织",
            "国内",
            "防卫",
            "守卫",
            "东欧国家",
            "解放",
            "各地区",
            "维护和平",
            "保卫者",
            "威慑"
        ]
    ],
    "青绶": [
        "青绶",
        "Green ribbon",
        "绿色丝带",
        [
            "绿色",
            "丝带",
            "橙色",
            "黄色",
            "红色",
            "蓝色",
            "白色",
            "粉红色",
            "紫色",
            "浅绿色",
            "深蓝色",
            "缎带",
            "彩带",
            "胸前",
            "围巾",
            "金色",
            "圆点",
            "外套"
        ]
    ],
    "竹符": [
        "竹符",
        "Bamboo symbol",
        "竹子符号",
        [
            "竹子",
            "符号",
            "记号",
            "字母",
            "大写字母",
            "芦苇",
            "小写字母",
            "表示法",
            "标记",
            "竹节",
            "原木",
            "木头",
            "小写",
            "下标",
            "大写",
            "葫芦",
            "桑树",
            "大树",
            "竹叶",
            "栽"
        ]
    ],
    "悬鞭": [
        "悬鞭",
        "Suspended whip",
        "悬挂鞭",
        [
            "悬挂",
            "鞭",
            "挂",
            "挂起",
            "挂有",
            "旗杆",
            "竖立",
            "杖",
            "放置",
            "摆放",
            "锤",
            "安放",
            "棍",
            "钩",
            "矛",
            "硬核",
            "弓",
            "置放",
            "螳螂",
            "在手"
        ]
    ],
    "还珠": [
        "还珠",
        "Return bead",
        "返回珠",
        [
            "返回",
            "珠",
            "回到",
            "离开",
            "前往",
            "留在",
            "送回",
            "赶回",
            "来到",
            "调回",
            "返国",
            "莲",
            "玉",
            "锦",
            "木",
            "凤",
            "如意",
            "虹",
            "和黄",
            "和龙"
        ]
    ],
    "携琴": [
        "携琴",
        "Carrying piano",
        "携带钢琴",
        [
            "携带",
            "钢琴",
            "小提琴",
            "钢琴演奏",
            "大提琴",
            "吉他",
            "声乐",
            "长笛",
            "口琴",
            "低音提琴",
            "装载",
            "小号",
            "随身携带",
            "可携带",
            "运载",
            "空投",
            "载运",
            "带上",
            "载有",
            "收纳"
        ]
    ],
    "专城": [
        "专城",
        "Specialized city",
        "专业城市",
        [
            "专业",
            "城市",
            "的城市",
            "大城市",
            "郊区",
            "大都市",
            "卫星城",
            "小城镇",
            "周边地区",
            "小城市",
            "和城市",
            "专业知识",
            "专业人士",
            "工程技术",
            "专业课程",
            "大学本科",
            "管理学",
            "机械工程",
            "从业者",
            "各个领域"
        ]
    ],
    "旛": [
        "旛",
        "La",
        "a音的唱名",
        [
            "a",
            "音",
            "唱名",
            "发音",
            "音调",
            "s",
            "读音",
            "韵",
            "浊音",
            "同音",
            "鼻音",
            "w",
            "d",
            "上声",
            "读法",
            "man",
            "In",
            "For",
            "As",
            "If",
            "And",
            "演出者",
            "曲名",
            "时则",
            "三和",
            "MLT-",
            "<tr>",
            "Pardosa",
            "</s>"
        ]
    ],
    "竹马": [
        "竹马",
        "Chikuma",
        "奇库玛",
        []
    ],
    "承流": [
        "承流",
        "Current bearing",
        "电流轴承",
        [
            "电流",
            "轴承",
            "电压",
            "电阻",
            "电场",
            "线圈",
            "阻抗",
            "电容器",
            "电位",
            "电路",
            "电容",
            "曲轴",
            "车轮",
            "螺栓",
            "传动装置",
            "螺丝",
            "压缩机",
            "轮轴",
            "支架",
            "滚珠轴承"
        ]
    ],
    "虎幕": [
        "虎幕",
        "Tiger curtain",
        "虎式窗帘",
        [
            "窗帘",
            "地板",
            "窗框",
            "天花板",
            "天窗",
            "沙发",
            "毛巾",
            "窗台",
            "把手",
            "皮包"
        ]
    ],
    "弹燕": [
        "弹燕",
        "Play Yan",
        "演燕",
        []
    ],
    "挂鱼": [
        "挂鱼",
        "Hang fish",
        "挂鱼",
        []
    ],
    "受一钱": [
        "受一钱",
        "Take a dollar",
        "拿一美元",
        []
    ],
    "神雀降": [
        "神雀降",
        "God bird drop",
        "上帝降鸟",
        [
            "上帝",
            "耶和华",
            "祂",
            "圣灵",
            "真主",
            "恩典",
            "基督",
            "造物主",
            "安拉",
            "启示"
        ]
    ],
    "拥群": [
        "拥群",
        "Crowd group",
        "人群",
        [
            "人群",
            "群体",
            "年轻人",
            "老年人",
            "成年人",
            "青年人",
            "这群人",
            "许多人",
            "一些人",
            "群人"
        ]
    ],
    "歌五裤": [
        "歌五裤",
        "Song Wu Ku",
        "宋武库",
        [
            "宋",
            "武库",
            "南宋",
            "宋朝",
            "后周",
            "隋",
            "宋徽宗",
            "唐",
            "吴",
            "宣和",
            "宋人",
            "备",
            "上林苑",
            "宫内",
            "民家",
            "以备",
            "专设",
            "后于",
            "所在之处",
            "</s>"
        ]
    ],
    "龚黄": [
        "龚黄",
        "Gong Huang",
        "龚煌",
        []
    ],
    "皂盖": [
        "皂盖",
        "Soap cover",
        "肥皂盖",
        [
            "肥皂",
            "盖",
            "清洁剂",
            "油脂",
            "香烟",
            "牛奶",
            "果汁",
            "化学药品",
            "漂白",
            "黄油",
            "胶水",
            "垫",
            "中空",
            "铁环",
            "内里",
            "有旧",
            "加有",
            "顶上",
            "</s>",
            "Pardosa"
        ]
    ],
    "满鞭": [
        "满鞭",
        "Full whip",
        "全鞭",
        []
    ],
    "宣化": [
        "宣化",
        "Propaganda",
        "宣传",
        [
            "宣传",
            "政治宣传",
            "广告宣传",
            "宣扬",
            "推销",
            "宣传品",
            "促销",
            "的广告",
            "鼓动",
            "标榜"
        ]
    ],
    "凤池": [
        "凤池",
        "Phoenix pond",
        "凤凰塘",
        [
            "凤凰",
            "塘",
            "岗",
            "坑口",
            "潭",
            "大塘",
            "圩",
            "涌",
            "坑村",
            "八乡",
            "大鹏",
            "白石",
            "麒麟",
            "龙神",
            "朝阳",
            "七星",
            "飞龙",
            "天马",
            "Pardosa",
            "</s>"
        ]
    ],
    "凿山": [
        "凿山",
        "Cut a mountain",
        "砍一座山",
        [
            "砍",
            "山",
            "山下",
            "山上",
            "山脚下",
            "山麓",
            "山脚",
            "山腰",
            "山有",
            "斧头",
            "后山",
            "砍掉",
            "砍下",
            "石山",
            "抓",
            "刀子",
            "挥刀",
            "挥",
            "吊",
            "扑"
        ]
    ],
    "渡虎": [
        "渡虎",
        "Cross the tiger",
        "跨过老虎",
        [
            "跨过",
            "老虎",
            "穿过",
            "越过",
            "穿越",
            "跨越",
            "绕过",
            "横越",
            "横渡",
            "直抵",
            "横穿",
            "狐狸",
            "乌鸦",
            "狗",
            "猴子",
            "兔子",
            "蟒蛇",
            "乌龟",
            "猿猴",
            "燕子"
        ]
    ],
    "卷五果": [
        "卷五果",
        "Roll five fruits",
        "滚五个水果",
        [
            "滚",
            "水果",
            "蔬菜",
            "玉米",
            "蔬果",
            "可食用",
            "豆类",
            "蜂蜜",
            "果树",
            "马铃薯",
            "扯",
            "花生",
            "甩",
            "挑",
            "翻",
            "抽",
            "摆",
            "摇",
            "吊",
            "放"
        ]
    ],
    "飞蝗": [
        "飞蝗",
        "migratory locust",
        "飞蝗",
        []
    ],
    "麦两歧": [
        "麦两歧",
        "Wheat dichotomy",
        "小麦二分法",
        [
            "小麦",
            "二分法",
            "玉米",
            "谷物",
            "马铃薯",
            "棉花",
            "甜菜",
            "大米",
            "大豆",
            "大麦",
            "燕麦",
            "有神论",
            "所谓",
            "建构主义",
            "互相冲突",
            "出发点",
            "其本质",
            "举例",
            "才是",
            "简而言之"
        ]
    ],
    "召杜": [
        "召杜",
        "Zhao du",
        "赵度",
        []
    ],
    "理庶绩": [
        "理庶绩",
        "Li Shu's achievements",
        "李殊的成就",
        [
            "成就",
            "贡献",
            "成果",
            "才华",
            "建树",
            "功绩",
            "名声",
            "天分",
            "才智",
            "多才多艺"
        ]
    ],
    "坐啸": [
        "坐啸",
        "Sit and whistle",
        "坐下吹口哨",
        [
            "坐下",
            "椅子",
            "坐着",
            "起身",
            "睡觉",
            "站立",
            "坐到",
            "躺下",
            "一旁",
            "伸手"
        ]
    ],
    "白鹿": [
        "白鹿",
        "White deer",
        "白鹿",
        [
            "白鹿",
            "山中",
            "瑶池",
            "天池",
            "白马",
            "百花",
            "燕子",
            "怀氏",
            "崛",
            "据传"
        ]
    ],
    "夹轮": [
        "夹轮",
        "Clamping wheel",
        "夹紧轮",
        []
    ],
    "膏雨": [
        "膏雨",
        "Cream rain",
        "奶油雨",
        [
            "奶油",
            "雨",
            "酱汁",
            "蛋糕",
            "巧克力",
            "牛奶",
            "面包",
            "果酱",
            "糖浆",
            "牛油",
            "黄油",
            "雾",
            "风雨",
            "雪",
            "寒",
            "枯",
            "夜",
            "飘",
            "月光",
            "雨天"
        ]
    ],
    "一麾": [
        "一麾",
        "A standard",
        "标准",
        [
            "标准",
            "国际标准",
            "规范",
            "标准化",
            "规格",
            "基准",
            "新标准",
            "准则",
            "标准规范",
            "常规"
        ]
    ],
    "出守": [
        "出守",
        "Keep out",
        "出去",
        [
            "出去",
            "过来",
            "回去",
            "进去",
            "回来",
            "进来",
            "悄悄",
            "跟着",
            "上去",
            "上来"
        ]
    ],
    "醉翁": [
        "醉翁",
        "Drunken man",
        "醉汉",
        []
    ],
    "典名": [
        "典名",
        "Canonical name",
        "规范名称",
        [
            "规范",
            "名称",
            "命名",
            "名字",
            "法规",
            "标准",
            "规章",
            "英文名称",
            "中文名称",
            "准则",
            "标准化",
            "称谓",
            "地名",
            "原则",
            "称呼",
            "约束",
            "重新命名",
            "标准规范",
            "规约",
            "旧名"
        ]
    ],
    "森画": [
        "森画",
        "Sen painting",
        "森画",
        []
    ],
    "催科": [
        "催科",
        "Rush section",
        "冲路段",
        [
            "路段",
            "公路",
            "铁路线",
            "道路",
            "全线",
            "高架桥",
            "线路",
            "北段",
            "南段",
            "线道"
        ]
    ],
    "政拙": [
        "政拙",
        "Political incompetence",
        "政治无能",
        [
            "政治",
            "无能",
            "懦弱",
            "软弱",
            "昏庸",
            "在政治上",
            "无知",
            "政治经济",
            "怯懦",
            "过分",
            "自负",
            "意识形态",
            "狂妄",
            "政客",
            "自由派",
            "国际关系",
            "政治性",
            "无能为力",
            "社会变革",
            "当权者"
        ]
    ],
    "黄龙": [
        "黄龙",
        "Huanglong",
        "黄龙",
        [
            "黄龙",
            "青龙",
            "七星",
            "南山",
            "白鹤",
            "龙泉",
            "泰山",
            "阳",
            "灵山",
            "象山"
        ]
    ],
    "守府": [
        "守府",
        "Keep house",
        "管理家务",
        []
    ],
    "五马": [
        "五马",
        "Five horses",
        "五匹马",
        []
    ],
    "先驱": [
        "先驱",
        "Pioneer",
        "提倡",
        [
            "提倡",
            "倡导",
            "鼓吹",
            "主张",
            "宣扬",
            "崇尚",
            "倡导者",
            "首倡",
            "大力",
            "倡议"
        ]
    ],
    "虚白": [
        "虚白",
        "Virtual white",
        "虚拟白色",
        [
            "虚拟",
            "白色",
            "黄色",
            "红色",
            "黑色",
            "粉红色",
            "紫色",
            "蓝色",
            "深蓝色",
            "暗红色",
            "金色",
            "虚拟世界",
            "模拟",
            "实体",
            "真实世界",
            "云端",
            "ID",
            "终端",
            "绑定",
            "各种类型"
        ]
    ],
    "堂": [
        "堂",
        "hall",
        "走廊",
        [
            "走廊",
            "通道",
            "过道",
            "长廊",
            "通向",
            "走道",
            "隔开",
            "通风口",
            "连接处",
            "长条形"
        ]
    ],
    "汉节": [
        "汉节",
        "Hanjie",
        "韩杰",
        []
    ],
    "从分": [
        "从分",
        "From the points",
        "从各点来看",
        []
    ],
    "双旌远": [
        "双旌远",
        "Double standard distance",
        "双重标准距离",
        [
            "双重标准",
            "距离",
            "相距",
            "英哩",
            "半径",
            "一段距离",
            "东北方",
            "间距",
            "做法",
            "靠近",
            "最远",
            "西南方",
            "不应",
            "不合理",
            "不负责任",
            "蔑视",
            "不能容忍",
            "明目张胆",
            "无异于",
            "所谓"
        ]
    ],
    "道济": [
        "道济",
        "Dao Ji",
        "道吉",
        []
    ],
    "温公志": [
        "温公志",
        "Wen Gongzhi",
        "文公子",
        [
            "文",
            "公子",
            "公孙",
            "庄公",
            "卫国",
            "桓公",
            "郑国",
            "赵盾",
            "襄王",
            "齐桓公",
            "楚庄王",
            "文中",
            "贤",
            "铭",
            "原文",
            "题名",
            "文则",
            "记事",
            "甫",
            "和文"
        ]
    ],
    "权分": [
        "权分",
        "Weight distribution",
        "重量分布",
        [
            "重量",
            "分布",
            "总重量",
            "总重",
            "产于",
            "尺寸",
            "配重",
            "体积",
            "特有种",
            "车重",
            "产自",
            "载重量",
            "载重",
            "栖息于",
            "原产",
            "属",
            "载荷",
            "分布区",
            "常见于",
            "地理分布"
        ]
    ],
    "刘鞭": [
        "刘鞭",
        "Liu bian",
        "刘辩",
        []
    ],
    "忧深": [
        "忧深",
        "Deep sorrow",
        "深深的悲伤",
        [
            "深深",
            "悲伤",
            "深深地",
            "哀伤",
            "忧伤",
            "悲痛",
            "伤心",
            "悲哀",
            "思念",
            "伤感",
            "难过",
            "忧郁",
            "内心",
            "心中",
            "心底",
            "很深",
            "渴望",
            "深切",
            "极深",
            "执着"
        ]
    ],
    "范老心": [
        "范老心",
        "Fan Laoxin",
        "范老新",
        []
    ],
    "车饰": [
        "车饰",
        "Car ornament",
        "汽车装饰品",
        [
            "品",
            "五品",
            "典",
            "名目",
            "纯",
            "材",
            "专",
            "粹",
            "；大",
            "Pardosa"
        ]
    ],
    "两番": [
        "两番",
        "Twice",
        "两次",
        []
    ],
    "太常寺": [
        "太常寺",
        "Tai Chang Temple",
        "太常寺",
        [
            "太常寺",
            "光禄寺",
            "太仆寺",
            "大理寺",
            "少卿",
            "太常",
            "礼部",
            "工部",
            "通政使",
            "卿"
        ]
    ],
    "容台": [
        "容台",
        "Capacity table",
        "容量表",
        [
            "容量",
            "表",
            "耗电量",
            "MB",
            "发电量",
            "使用量",
            "表格",
            "容量大",
            "量",
            "输出功率",
            "用量",
            "发电能力",
            "注记",
            "此表",
            "所列",
            "列于",
            "备注",
            "请注意",
            "详见",
            "同上"
        ]
    ],
    "清选": [
        "清选",
        "Cleaning",
        "清洁",
        [
            "清洁",
            "洗手",
            "消毒",
            "保养",
            "干净",
            "清扫",
            "整洁",
            "洁净",
            "漂白",
            "洗涤"
        ]
    ],
    "礼院": [
        "礼院",
        "Courtyard of rites",
        "礼仪院",
        [
            "礼仪",
            "院",
            "礼节",
            "礼制",
            "院中",
            "礼",
            "宗教仪式",
            "院内",
            "礼法",
            "仪礼",
            "丧葬",
            "威仪",
            "惯例",
            "宫内",
            "学部",
            "西院",
            "宅",
            "院所",
            "堂上",
            "院里"
        ]
    ],
    "三拜": [
        "三拜",
        "Three thanks",
        "三个谢谢",
        [
            "谢谢",
            "对不起",
            "妳",
            "多谢",
            "明天",
            "再见",
            "昨天",
            "总有一天",
            "没关系",
            "忘了"
        ]
    ],
    "设几": [
        "设几",
        "Set up a few",
        "设置一些",
        [
            "设置",
            "设",
            "设立",
            "增设",
            "另设",
            "所设",
            "设为",
            "分设",
            "新设",
            "特设"
        ]
    ],
    "典礼": [
        "典礼",
        "The ceremony",
        "仪式",
        [
            "仪式",
            "典礼",
            "宗教仪式",
            "庆典",
            "葬礼",
            "丧礼",
            "婚礼",
            "祈祷",
            "礼拜",
            "大礼"
        ]
    ],
    "献图": [
        "献图",
        "Map presentation",
        "地图展示",
        [
            "地图",
            "展示",
            "世界地图",
            "展出",
            "展览",
            "地形图",
            "展现",
            "演示",
            "展示出",
            "绘制地图",
            "展览品",
            "比例尺",
            "海图",
            "图片",
            "重现",
            "图表",
            "视图",
            "经纬度",
            "示范",
            "简介"
        ]
    ],
    "绵绝": [
        "绵绝",
        "Mian Jue",
        "眠爵",
        [
            "眠",
            "爵",
            "爵位",
            "封为",
            "侯爵",
            "受封",
            "侯",
            "封爵",
            "醒",
            "幻",
            "子爵",
            "男爵",
            "睡",
            "醉",
            "公",
            "夜",
            "寒",
            "忆",
            "枯",
            "游魂"
        ]
    ],
    "定仪": [
        "定仪",
        "Fixed instrument",
        "固定仪器",
        [
            "固定",
            "仪器",
            "测量仪器",
            "科学仪器",
            "设备",
            "器材",
            "光学仪器",
            "精密",
            "电子设备",
            "相同",
            "光学设备",
            "通常",
            "的设备",
            "互换",
            "浮动",
            "分开",
            "一般来说",
            "单独",
            "比较简单",
            "一般而言"
        ]
    ],
    "百日": [
        "百日",
        "the hundredth day after one's death",
        "死后第一百天",
        [
            "一百天",
            "明年",
            "来年",
            "天和",
            "一月",
            "天都",
            "几日",
            "到时",
            "后年",
            "</s>"
        ]
    ],
    "殿号": [
        "殿号",
        "Hall number",
        "厅号",
        [
            "厅",
            "两厅",
            "前厅",
            "官署",
            "的厅",
            "本馆",
            "原设",
            "楼前",
            "并置",
            "三处"
        ]
    ],
    "中华": [
        "中华",
        "China",
        "中国",
        [
            "中国",
            "我国",
            "中华人民共和国",
            "欧美",
            "华南地区",
            "东亚",
            "西方",
            "中国人",
            "华北地区",
            "近现代"
        ]
    ],
    "难经": [
        "难经",
        "Difficult passage",
        "困难通道",
        [
            "困难",
            "通道",
            "艰难",
            "麻烦",
            "不便",
            "吃力",
            "十分困难",
            "地下通道",
            "瓶颈",
            "难于",
            "紧迫",
            "走廊",
            "不方便",
            "闸口",
            "入口",
            "连通",
            "管道",
            "出口处",
            "连接线",
            "连接处"
        ]
    ],
    "伉伉": [
        "伉伉",
        "And so on",
        "等等",
        []
    ],
    "七祀": [
        "七祀",
        "Seven sacrifices",
        "七项牺牲",
        [
            "牺牲",
            "壮烈牺牲",
            "不惜牺牲",
            "战死沙场",
            "自我牺牲",
            "牺牲生命",
            "牺牲者",
            "壮烈",
            "付出代价",
            "白白"
        ]
    ],
    "赐金": [
        "赐金",
        "Grant money",
        "赠款",
        [
            "赠款",
            "贷款",
            "捐助",
            "捐款",
            "资助",
            "无偿",
            "捐助者",
            "慈善组织",
            "全额",
            "支助"
        ]
    ],
    "奉常": [
        "奉常",
        "Regular",
        "有规律的",
        [
            "有规律",
            "规律",
            "间歇",
            "不定",
            "连续不断",
            "平常",
            "比较简单",
            "一般来说",
            "在在",
            "</s>"
        ]
    ],
    "兼乐": [
        "兼乐",
        "Concurrent music",
        "并发音乐",
        [
            "并发",
            "音乐",
            "的音乐",
            "古典音乐",
            "音乐创作",
            "流行音乐",
            "电子音乐",
            "摇滚乐",
            "流行乐",
            "摇滚音乐",
            "钢琴演奏",
            "所发",
            "模版",
            "即刻",
            "并作",
            "都将",
            "比方说",
            "Pardosa",
            "</s>",
            "<tr>"
        ]
    ],
    "乘舆": [
        "乘舆",
        "Ride on",
        "骑上",
        []
    ],
    "亲拜": [
        "亲拜",
        "Kiss",
        "吻",
        [
            "吻",
            "颌",
            "颔",
            "钝",
            "唇",
            "鳞",
            "舌",
            "咽",
            "颊",
            "锯"
        ]
    ],
    "一官": [
        "一官",
        "One officer",
        "一名军官",
        [
            "军官",
            "军人",
            "指挥官",
            "少校",
            "士官",
            "上校",
            "中校",
            "上尉",
            "中尉",
            "军医"
        ]
    ],
    "开口": [
        "开口",
        "Opening",
        "开始",
        []
    ],
    "楼名": [
        "楼名",
        "Name of building",
        "建筑物名称",
        [
            "建筑物",
            "名称",
            "建筑",
            "命名",
            "名字",
            "英文名称",
            "塔楼",
            "中文名称",
            "公共建筑",
            "建物",
            "称谓",
            "地名",
            "称呼",
            "外墙",
            "高层建筑",
            "重新命名",
            "尖塔",
            "构筑物",
            "建筑内",
            "旧名"
        ]
    ],
    "望省": [
        "望省",
        "Hope province",
        "希望省",
        [
            "希望",
            "省",
            "期望",
            "想",
            "愿意",
            "想要",
            "努力",
            "借此",
            "大区",
            "决心",
            "期盼",
            "渴望",
            "一个省",
            "加龙省",
            "自治区",
            "安省",
            "省会",
            "省份",
            "谢尔省",
            "热尔省"
        ]
    ],
    "德行": [
        "德行",
        "virtue",
        "美德",
        [
            "美德",
            "高尚",
            "品德",
            "纯洁",
            "情操",
            "品格",
            "诚实",
            "德性",
            "仁慈",
            "睿智"
        ]
    ],
    "恩承": [
        "恩承",
        "Endorsement",
        "认可",
        [
            "认可",
            "接纳",
            "承认",
            "公认",
            "肯定",
            "认同",
            "授权",
            "认定",
            "采纳",
            "赞许"
        ]
    ],
    "正名": [
        "正名",
        "rectification of name",
        "姓名的更正",
        [
            "姓名",
            "更正",
            "人名",
            "姓氏",
            "修正",
            "名字",
            "订正",
            "真名",
            "住址",
            "澄清",
            "一栏",
            "纠正",
            "有误",
            "履历",
            "说明",
            "原文",
            "出处",
            "附注",
            "无误",
            "摘要"
        ]
    ],
    "推五字": [
        "推五字",
        "Push five words",
        "按五个字",
        [
            "字",
            "表字",
            "字元",
            "同音",
            "文",
            "读音",
            "字义",
            "别号",
            "小字",
            "本字"
        ]
    ],
    "秉": [
        "秉",
        "Bing",
        "堆",
        [
            "堆",
            "填",
            "瓦砾",
            "泥巴",
            "沙土",
            "大石",
            "砖头",
            "地里",
            "火炉",
            "大块"
        ]
    ],
    "周礼": [
        "周礼",
        "Zhou Li",
        "周莉",
        []
    ],
    "伶官": [
        "伶官",
        "Actor",
        "行动者",
        [
            "行动者",
            "参与者",
            "有意识",
            "个人行为",
            "群人",
            "这群人",
            "某种程度",
            "出发点",
            "简而言之",
            "</s>"
        ]
    ],
    "诗必诵": [
        "诗必诵",
        "Poetry must be recited",
        "诗歌必须背诵",
        [
            "诗歌",
            "必须",
            "背诵",
            "必需",
            "抒情诗",
            "诗作",
            "需要",
            "文学作品",
            "散文",
            "不能",
            "能够",
            "文学",
            "诵读",
            "诗篇",
            "不必",
            "诗词",
            "诗",
            "才会",
            "需",
            "只能",
            "短诗",
            "须要",
            "诵",
            "熟读",
            "口授",
            "朗诵",
            "念诵",
            "朗读",
            "识字",
            "教诲"
        ]
    ],
    "贵仕": [
        "贵仕",
        "Guishi",
        "诗鬼",
        []
    ],
    "抑三": [
        "抑三",
        "Three suppression",
        "三次压制",
        [
            "压制",
            "打击",
            "压迫",
            "对抗",
            "箝制",
            "钳制",
            "遏制",
            "威吓",
            "回击",
            "强力"
        ]
    ],
    "投老": [
        "投老",
        "Old age",
        "晚年",
        [
            "晚年",
            "潜心",
            "一生",
            "闲居",
            "终其一生",
            "长年",
            "深居简出",
            "不得志",
            "著书",
            "高龄"
        ]
    ],
    "奉龙旗": [
        "奉龙旗",
        "Bong Lung Banner",
        "奉龙旗",
        [
            "奉",
            "命",
            "召",
            "入京",
            "遵",
            "谒",
            "迎",
            "宣",
            "受命",
            "崇"
        ]
    ],
    "夔乐": [
        "夔乐",
        "Kui Le",
        "魁乐",
        []
    ]
}