{
    "夜壑": [
        "夜壑",
        "Night valley",
        "夜谷",
        []
    ],
    "壁破": [
        "壁破",
        "Wall breaking",
        "破壁",
        []
    ],
    "荒庙": [
        "荒庙",
        "Wasteland temple",
        "荒原神庙",
        [
            "荒原",
            "神庙",
            "神殿",
            "祭坛",
            "荒野",
            "金字塔",
            "宫殿",
            "雅典卫城",
            "陵墓",
            "德尔斐",
            "柱廊",
            "古罗马",
            "原野",
            "荒地",
            "旷野",
            "人迹罕至",
            "野人",
            "松林",
            "地中",
            "</s>"
        ]
    ],
    "有雀": [
        "有雀",
        "There are finches",
        "有雀",
        []
    ],
    "遗像": [
        "遗像",
        "deadee",
        "死了",
        [
            "死",
            "杀",
            "死去",
            "亡",
            "临死",
            "至死",
            "临死前",
            "惨死",
            "活着",
            "临终时"
        ]
    ],
    "苔壁": [
        "苔壁",
        "Mossy wall",
        "苔藓墙",
        [
            "苔藓",
            "墙",
            "围墙",
            "一堵",
            "墙壁",
            "树干",
            "矮墙",
            "高墙",
            "地衣",
            "门楼",
            "内墙",
            "回廊",
            "墙外",
            "泥炭",
            "落叶",
            "树叶",
            "蕨类植物",
            "针叶树",
            "维管束",
            "细枝"
        ]
    ],
    "荒祠": [
        "荒祠",
        "Famine shrine",
        "饥荒圣地",
        [
            "饥荒",
            "圣地",
            "歉收",
            "灾荒",
            "旱灾",
            "动乱",
            "大旱",
            "饿死",
            "天灾",
            "蝗灾",
            "自然灾害",
            "圣山",
            "朝圣地",
            "朝圣",
            "圣城",
            "朝圣者",
            "守护神",
            "山上",
            "信仰者",
            "举世闻名"
        ]
    ],
    "古碑": [
        "古碑",
        "Ancient tablet",
        "古代石碑",
        [
            "古代",
            "石碑",
            "碑",
            "碑文",
            "墓碑",
            "古时",
            "碑刻",
            "碑记",
            "立碑",
            "碑石",
            "古",
            "牌匾",
            "汉代",
            "上古时代",
            "神话传说",
            "立于",
            "上古",
            "自古以来",
            "自古",
            "中古时代"
        ]
    ],
    "屋破": [
        "屋破",
        "House break",
        "房屋休息",
        [
            "房屋",
            "休息",
            "民房",
            "民宅",
            "住宅",
            "住房",
            "房舍",
            "楼房",
            "木屋",
            "平房",
            "睡觉",
            "房子",
            "休息时间",
            "走动",
            "歇息",
            "过夜",
            "等待",
            "喝水",
            "如常",
            "往常"
        ]
    ],
    "香烟": [
        "香烟",
        "Cigarette",
        "香烟",
        [
            "香烟",
            "雪茄",
            "糖果",
            "烟",
            "烟草",
            "肥皂",
            "卷烟",
            "火柴",
            "罐头",
            "牛奶"
        ]
    ],
    "庙貌": [
        "庙貌",
        "Temple appearance",
        "庙宇外观",
        [
            "庙宇",
            "外观",
            "外观上",
            "外形",
            "外型",
            "庙",
            "寺庙",
            "宫庙",
            "形状",
            "造型",
            "奉祀",
            "佛寺",
            "妈祖庙",
            "供奉",
            "轮廓",
            "外表",
            "样式",
            "祠庙",
            "道观",
            "外观设计"
        ]
    ],
    "石柱": [
        "石柱",
        "peristele",
        "潜望镜",
        [
            "潜望镜",
            "测距仪",
            "声纳",
            "舷",
            "探照灯",
            "主炮",
            "指挥塔",
            "发射装置",
            "目视",
            "远距离"
        ]
    ],
    "今犹在": [
        "今犹在",
        "Today is still there",
        "今天还在",
        [
            "今天",
            "现在",
            "如今",
            "今日",
            "现今",
            "以前",
            "时至今日",
            "那时候",
            "从前",
            "直到现在"
        ]
    ],
    "瓦炉空": [
        "瓦炉空",
        "Tile furnace empty",
        "瓷砖炉空了",
        [
            "瓷砖",
            "外墙",
            "墙面",
            "大理石",
            "地砖",
            "玻璃窗",
            "磁砖",
            "窗框",
            "油漆",
            "铜板"
        ]
    ],
    "庭空": [
        "庭空",
        "Court space",
        "法庭空间",
        [
            "法庭",
            "空间",
            "法院",
            "法官",
            "陪审团",
            "裁决",
            "法庭上",
            "最高法院",
            "联邦法院",
            "被告",
            "高等法院",
            "内部空间",
            "空间内",
            "维度",
            "密闭",
            "三维空间",
            "室内空间",
            "紧致",
            "生活空间",
            "自由空间"
        ]
    ],
    "日脚": [
        "日脚",
        "Day foot",
        "日足",
        []
    ],
    "古祠存": [
        "古祠存",
        "Ancient temple deposit",
        "古庙矿床",
        [
            "古庙",
            "矿床",
            "矿物",
            "天后庙",
            "页岩",
            "庙",
            "沉积岩",
            "矿藏",
            "矿",
            "火成岩",
            "天后宫",
            "观音庙",
            "铜矿",
            "硫化物",
            "关帝庙",
            "矿石",
            "关帝",
            "玉虚宫",
            "神坛",
            "庙内"
        ]
    ],
    "彩翠销": [
        "彩翠销",
        "Choi Tsui Pin",
        "崔翠屏",
        [
            "崔",
            "翠屏",
            "裴",
            "薛",
            "土瓜湾",
            "李",
            "长沙湾",
            "乐华",
            "蓝田",
            "杨",
            "彩霞",
            "范",
            "东头",
            "彩云",
            "翠林",
            "竹园",
            "李彦",
            "侄子",
            "许",
            "堂弟"
        ]
    ],
    "草自青": [
        "草自青",
        "Grass grows green",
        "草长得绿色",
        [
            "草",
            "长得",
            "绿色",
            "橙色",
            "黄色",
            "红色",
            "蓝色",
            "白色",
            "长相",
            "粉红色",
            "紫色",
            "浅绿色",
            "英俊",
            "外表",
            "身形",
            "深蓝色",
            "胖",
            "矮小",
            "瘦小",
            "样子",
            "个头",
            "菊",
            "苋",
            "红花",
            "稻",
            "木",
            "青草",
            "竹叶",
            "白花",
            "芭蕉"
        ]
    ],
    "风筝": [
        "风筝",
        "Kite",
        "风筝",
        [
            "风筝",
            "菊花",
            "木偶",
            "白羽",
            "白雪",
            "鸽子",
            "梅花",
            "树梢",
            "铃铛",
            "海鸥"
        ]
    ],
    "吹玉柱": [
        "吹玉柱",
        "Blow jade column",
        "吹玉柱",
        []
    ],
    "冻银床": [
        "冻银床",
        "Frozen silver bed",
        "冻银床",
        []
    ],
    "春畦": [
        "春畦",
        "Spring furrow",
        "弹簧沟",
        [
            "弹簧",
            "沟",
            "连杆",
            "轴承",
            "液压",
            "车轮",
            "油压",
            "刚性",
            "支架",
            "水沟",
            "琴弦",
            "飞轮",
            "口",
            "故得名",
            "洼",
            "故名",
            "河沟",
            "峡",
            "深沟",
            "山后"
        ]
    ],
    "插秧": [
        "插秧",
        "rice transplanting",
        "水稻移栽",
        [
            "水稻",
            "移栽",
            "作物",
            "粮食作物",
            "稻米",
            "玉米",
            "稻谷",
            "小麦",
            "大豆",
            "农作",
            "甘薯",
            "修剪",
            "栽植",
            "嫁接",
            "幼苗",
            "旱地",
            "林木",
            "竹子",
            "种树",
            "栽"
        ]
    ],
    "夏垄": [
        "夏垄",
        "Summer ridge",
        "夏季山脊",
        [
            "夏季",
            "山脊",
            "冬季",
            "山岭",
            "峭壁",
            "山丘",
            "高地",
            "沟壑",
            "悬崖",
            "山坡上",
            "悬崖峭壁",
            "斜坡",
            "春季",
            "秋季",
            "奥林匹克运动会中国代表团",
            "夏天",
            "排球比赛",
            "索契",
            "篮球比赛",
            "冬奥"
        ]
    ],
    "操茧": [
        "操茧",
        "Cocoon handling",
        "茧处理",
        [
            "茧",
            "处理",
            "处置",
            "处理过程",
            "魄",
            "妥善处理",
            "解决问题",
            "检视",
            "执行",
            "织",
            "处理方式",
            "死神",
            "分身",
            "魂魄",
            "管控",
            "处理事件",
            "稻草人",
            "兜",
            "大鹰",
            "在手"
        ]
    ],
    "篱巷": [
        "篱巷",
        "Hedge lane",
        "绿篱车道",
        [
            "车道",
            "匝道",
            "车道与",
            "国道",
            "收费站",
            "高架桥",
            "线道",
            "引道",
            "道路",
            "立体交叉"
        ]
    ],
    "获稻": [
        "获稻",
        "Harvest rice",
        "收割水稻",
        [
            "收割",
            "水稻",
            "作物",
            "收成",
            "播种",
            "粮食作物",
            "稻米",
            "玉米",
            "稻谷",
            "小麦",
            "谷物",
            "大豆",
            "采摘",
            "农作",
            "甘薯",
            "农夫"
        ]
    ],
    "击壤": [
        "击壤",
        "Hit the soil",
        "撞到土壤上",
        [
            "撞",
            "土壤",
            "撞到",
            "相撞",
            "撞倒",
            "植被",
            "坠下",
            "坠落",
            "土层",
            "撞毁",
            "跳下",
            "泥土",
            "酸性",
            "冲到",
            "堕",
            "土质",
            "表土",
            "有机质",
            "沙土",
            "含水"
        ]
    ],
    "鸣犬": [
        "鸣犬",
        "Song dog",
        "宋狗",
        []
    ],
    "山田": [
        "山田",
        "hillside plot",
        "山坡地块",
        [
            "山坡",
            "地块",
            "山谷",
            "草坡",
            "山坡上",
            "溪边",
            "坡地",
            "斜坡",
            "路旁",
            "山沟",
            "沟边",
            "地段",
            "北段",
            "住宅楼",
            "西段",
            "南段",
            "东段",
            "西南角",
            "紧靠",
            "其余部分"
        ]
    ],
    "汉麦": [
        "汉麦",
        "Hamel",
        "阉羊",
        []
    ],
    "蚕箔": [
        "蚕箔",
        "Silkworm foil",
        "蚕箔",
        []
    ],
    "社酒": [
        "社酒",
        "Community wine",
        "社区酒",
        [
            "社区",
            "酒",
            "饮",
            "茶",
            "甜酒",
            "醋",
            "汁",
            "啤酒",
            "美酒",
            "酒品",
            "酿",
            "邻里",
            "社区内",
            "一个社区",
            "乡村",
            "小区",
            "的社区",
            "生态村",
            "新社区",
            "活动中心"
        ]
    ],
    "荒径": [
        "荒径",
        "Shortage path",
        "短缺路径",
        [
            "短缺",
            "路径",
            "紧缺",
            "匮乏",
            "严重不足",
            "供应",
            "过剩",
            "方向",
            "供不应求",
            "供给",
            "急需",
            "稀缺",
            "梯度",
            "逆时针",
            "轨迹",
            "偏移",
            "切线",
            "方向上",
            "同方向",
            "正向"
        ]
    ],
    "醅": [
        "醅",
        "Fermented grains",
        "发酵谷物",
        [
            "发酵",
            "谷物",
            "小麦",
            "烘烤",
            "酵母",
            "蒸馏",
            "酿造",
            "淀粉",
            "酿制",
            "肉类",
            "棉花",
            "玉米",
            "大米",
            "谷类",
            "糖浆",
            "马铃薯",
            "麦芽",
            "浓缩",
            "蔬果",
            "大麦"
        ]
    ],
    "筑场": [
        "筑场",
        "Building field",
        "建筑场地",
        [
            "建筑",
            "场地",
            "建筑物",
            "建筑群",
            "场馆",
            "建筑风格",
            "比赛场地",
            "宗教建筑",
            "公共建筑",
            "场内",
            "室外",
            "室内",
            "塔楼",
            "建物",
            "户外",
            "露天",
            "建筑设计",
            "巴洛克式",
            "溜冰场",
            "体育场馆"
        ]
    ],
    "含哺": [
        "含哺",
        "Including feeding",
        "包括喂养",
        [
            "包括",
            "喂养",
            "还包括",
            "喂食",
            "哺育",
            "包含",
            "喂饲",
            "进食",
            "哺",
            "养",
            "都有",
            "养育",
            "最主要",
            "仅限于",
            "刚出生",
            "以外",
            "除此以外",
            "之外",
            "有数",
            "幼小"
        ]
    ],
    "带犊": [
        "带犊",
        "Bring calves",
        "带上小牛",
        [
            "带上",
            "小牛",
            "马刺",
            "热火",
            "勇士队",
            "纽约尼克斯",
            "公牛",
            "公牛队",
            "洛杉矶湖人队",
            "拿着",
            "带着",
            "带",
            "圣安东尼奥马刺队",
            "杜兰特",
            "丢下",
            "手拿",
            "随身携带",
            "碰到",
            "背著",
            "；还有"
        ]
    ],
    "卧牛": [
        "卧牛",
        "Sleeping cow",
        "沉睡的母牛",
        [
            "沉睡",
            "母牛",
            "深渊",
            "苏醒",
            "山羊",
            "黑暗",
            "梦魇",
            "奶牛",
            "唤醒",
            "绵羊",
            "守护者",
            "母羊",
            "一头",
            "世界树",
            "呼唤",
            "牛犊",
            "猪",
            "露娜",
            "羊羔",
            "骡"
        ]
    ],
    "林坞": [
        "林坞",
        "Lin Wu",
        "林武",
        []
    ],
    "村舍": [
        "村舍",
        "cottage",
        "小屋",
        [
            "小屋",
            "房子",
            "小木屋",
            "屋子",
            "农舍",
            "茅屋",
            "旅馆",
            "谷仓",
            "后院",
            "壁炉"
        ]
    ],
    "吴蚕": [
        "吴蚕",
        "Wu silkworm",
        "吴蚕",
        []
    ],
    "村歌": [
        "村歌",
        "Village song",
        "乡村歌曲",
        [
            "乡村",
            "歌曲",
            "首歌曲",
            "首歌",
            "此曲",
            "歌词",
            "曲目",
            "流行歌曲",
            "曲子",
            "经典歌曲",
            "曲",
            "乡间",
            "农庄",
            "郊区",
            "乡下",
            "和城市",
            "小城镇",
            "小城市",
            "村镇",
            "小村"
        ]
    ],
    "空场": [
        "空场",
        "Empty field",
        "空字段",
        [
            "空",
            "字段",
            "字符串",
            "codice_",
            "文件名",
            "URL",
            "报文",
            "标识符",
            "数组",
            "配置文件",
            "队列",
            "机",
            "飞",
            "浮",
            "影",
            "自在",
            "飞龙",
            "自造",
            "自力",
            "</s>"
        ]
    ],
    "仓箱": [
        "仓箱",
        "Warehouse box",
        "仓库箱",
        [
            "仓库",
            "箱",
            "库房",
            "箱内",
            "木箱",
            "罐",
            "货仓",
            "箱子",
            "堆放",
            "装入",
            "装",
            "装有",
            "车库",
            "筒",
            "盒",
            "地下室",
            "仓储",
            "储藏室",
            "马厩",
            "谷仓"
        ]
    ],
    "赛社": [
        "赛社",
        "Competition club",
        "竞赛俱乐部",
        [
            "竞赛",
            "俱乐部",
            "该俱乐部",
            "大赛",
            "体育俱乐部",
            "足球俱乐部",
            "的俱乐部",
            "体育竞赛",
            "足球队",
            "选拔赛",
            "竞技",
            "对抗赛",
            "获胜者",
            "了俱乐部",
            "埃弗顿",
            "新球队",
            "赛跑",
            "国际性",
            "优胜者",
            "该球队"
        ]
    ],
    "村家": [
        "村家",
        "Village home",
        "乡村之家",
        [
            "乡村",
            "乡间",
            "农庄",
            "郊区",
            "乡下",
            "和城市",
            "小城镇",
            "小城市",
            "村镇",
            "小村"
        ]
    ],
    "苗": [
        "苗",
        "Seedling",
        "幼苗",
        [
            "幼苗",
            "发芽",
            "树苗",
            "枝条",
            "落叶",
            "茎叶",
            "嫩枝",
            "果树",
            "未成熟",
            "小叶"
        ]
    ],
    "犁锄": [
        "犁锄",
        "Ploughhoe",
        "犁锄",
        []
    ],
    "雪稻": [
        "雪稻",
        "Snow rice",
        "雪米",
        []
    ],
    "桑重": [
        "桑重",
        "Mulberry weight",
        "桑树重量",
        [
            "桑树",
            "重量",
            "总重量",
            "总重",
            "尺寸",
            "配重",
            "体积",
            "车重",
            "载重量",
            "载重",
            "柏树",
            "载荷",
            "榆树",
            "竹子",
            "柳树",
            "槐树",
            "果树",
            "栽",
            "榉树",
            "芭蕉"
        ]
    ],
    "桑麻地": [
        "桑麻地",
        "Sang Ma land",
        "桑麻地",
        []
    ],
    "登场": [
        "登场",
        "Coming on stage",
        "上台",
        [
            "上台",
            "下台",
            "倒台",
            "掌权",
            "垮台",
            "当政",
            "赶下台",
            "进行改革",
            "全力支持",
            "他的政府"
        ]
    ],
    "徭役": [
        "徭役",
        "corvee",
        "徭役",
        [
            "徭役",
            "赋税",
            "赋役",
            "租税",
            "劳役",
            "徭",
            "官吏",
            "钱粮",
            "苛捐杂税",
            "征调"
        ]
    ],
    "输官": [
        "输官",
        "Losing officer",
        "失去军官",
        [
            "失去",
            "军官",
            "丧失",
            "军人",
            "指挥官",
            "少校",
            "士官",
            "上校",
            "中校",
            "上尉",
            "中尉",
            "军医",
            "挽回",
            "夺去",
            "保住",
            "耗尽",
            "失掉",
            "一落千丈",
            "得不到",
            "无法控制"
        ]
    ],
    "桑叶": [
        "桑叶",
        "Mulberry leaves",
        "桑叶",
        [
            "桑叶",
            "梨",
            "莲子",
            "竹叶",
            "白皮",
            "杏",
            "秋冬季",
            "奥泽尔涅",
            "</s>",
            "Pardosa"
        ]
    ],
    "耕织": [
        "耕织",
        "Plowing weave",
        "犁纹组织",
        [
            "组织",
            "的组织",
            "该组织",
            "秘密组织",
            "有组织",
            "一个组织",
            "民间组织",
            "其组织",
            "组织起来",
            "许多组织"
        ]
    ],
    "鸡犬": [
        "鸡犬",
        "Chicken dog",
        "鸡犬",
        []
    ],
    "云桑": [
        "云桑",
        "Yunsang",
        "云生",
        []
    ],
    "稻正青": [
        "稻正青",
        "Rice is green",
        "大米是绿色的",
        [
            "大米",
            "绿色",
            "橙色",
            "黄色",
            "红色",
            "蓝色",
            "大豆",
            "白色",
            "棉花",
            "稻米",
            "小麦",
            "粉红色",
            "玉米",
            "紫色",
            "浅绿色",
            "深蓝色",
            "蔬菜",
            "白糖",
            "谷物",
            "马铃薯"
        ]
    ],
    "碌轴场": [
        "碌轴场",
        "Ski shaft field",
        "滑雪场",
        [
            "滑雪场",
            "滑雪",
            "度假胜地",
            "高尔夫球场",
            "滑冰场",
            "湖上",
            "山脚下",
            "两处",
            "圣万桑",
            "</s>"
        ]
    ],
    "桑环舍": [
        "桑环舍",
        "Sanghuanshe",
        "桑焕舍",
        []
    ],
    "堆谷": [
        "堆谷",
        "Pile valley",
        "堆谷",
        []
    ],
    "庭果": [
        "庭果",
        "Court result",
        "法庭结果",
        [
            "法庭",
            "法院",
            "法官",
            "陪审团",
            "裁决",
            "法庭上",
            "最高法院",
            "联邦法院",
            "被告",
            "高等法院"
        ]
    ],
    "枫林": [
        "枫林",
        "Maple forest",
        "枫林",
        [
            "枫林",
            "竹林",
            "湖滨",
            "桐子",
            "南湖",
            "长风",
            "金凤",
            "和龙",
            "原大",
            "</s>"
        ]
    ],
    "社日": [
        "社日",
        "Social day",
        "社交日",
        [
            "社交",
            "交友",
            "互动",
            "聊天",
            "人际",
            "社群",
            "即时通讯",
            "留言板",
            "SNS",
            "MySpace"
        ]
    ],
    "呼童": [
        "呼童",
        "Call child",
        "叫孩子",
        [
            "孩子",
            "小孩",
            "父母",
            "孩子们",
            "母亲",
            "女儿",
            "男孩",
            "兄弟姐妹",
            "父母亲",
            "夫妻俩"
        ]
    ],
    "催放犊": [
        "催放犊",
        "Push calves",
        "推小牛",
        [
            "推",
            "小牛",
            "马刺",
            "热火",
            "勇士队",
            "纽约尼克斯",
            "公牛",
            "公牛队",
            "洛杉矶湖人队",
            "圣安东尼奥马刺队",
            "杜兰特",
            "引",
            "畀",
            "举",
            "放",
            "后下",
            "立时",
            "仰",
            "先为",
            "</s>"
        ]
    ],
    "茧成": [
        "茧成",
        "Cocoon formation",
        "茧形成",
        [
            "茧",
            "形成",
            "构成",
            "成形",
            "呈现出",
            "转变成",
            "产生",
            "演化成",
            "过渡到",
            "成型",
            "逐步形成",
            "魄",
            "织",
            "死神",
            "分身",
            "魂魄",
            "稻草人",
            "兜",
            "大鹰",
            "在手"
        ]
    ],
    "迎春": [
        "迎春",
        "winter jasmine",
        "迎春花",
        []
    ],
    "犁": [
        "犁",
        "plough",
        "耕地",
        [
            "耕地",
            "农田",
            "农地",
            "田地",
            "耕种",
            "荒地",
            "可耕地",
            "耕作",
            "农业用地",
            "水田"
        ]
    ],
    "屋头": [
        "屋头",
        "House head",
        "屋头",
        []
    ],
    "地隙": [
        "地隙",
        "Ground clearance",
        "离地距离",
        [
            "距离",
            "相距",
            "英哩",
            "半径",
            "一段距离",
            "东北方",
            "间距",
            "靠近",
            "最远",
            "西南方"
        ]
    ],
    "麻": [
        "麻",
        "Hemp",
        "大麻",
        [
            "大麻",
            "可卡因",
            "毒品",
            "酒精饮料",
            "海洛因",
            "酒精",
            "烟草",
            "吗啡",
            "海洛英",
            "冰毒"
        ]
    ],
    "稻熟": [
        "稻熟",
        "Rice ripening",
        "稻米成熟",
        [
            "稻米",
            "成熟",
            "农产品",
            "甘蔗",
            "蔬菜",
            "经济作物",
            "大米",
            "稻谷",
            "棉花",
            "大豆",
            "农作",
            "成熟期",
            "萌芽",
            "未成熟",
            "茁壮",
            "明朗",
            "早熟",
            "成熟阶段",
            "商业化",
            "开花结果"
        ]
    ],
    "禽肥": [
        "禽肥",
        "Poultry manure",
        "家禽粪肥",
        [
            "家禽",
            "家畜",
            "猪只",
            "牛只",
            "禽畜",
            "肉类",
            "鼠类",
            "蔬果",
            "养猪",
            "屠宰场"
        ]
    ],
    "午时": [
        "午时",
        "Noon",
        "中午",
        [
            "中午",
            "下午",
            "凌晨",
            "傍晚",
            "上午",
            "早上",
            "晚上",
            "清晨",
            "晚间",
            "当日"
        ]
    ],
    "麦秀": [
        "麦秀",
        "Maixiu",
        "麦秀",
        []
    ],
    "趁晚": [
        "趁晚",
        "At night",
        "在夜里",
        [
            "夜里",
            "半夜",
            "夜晚",
            "天亮",
            "睡觉时",
            "当夜",
            "睡梦中",
            "外头",
            "清早",
            "碰巧"
        ]
    ],
    "喂": [
        "喂",
        "Hey!",
        "嘿！",
        []
    ],
    "嬴": [
        "嬴",
        "Win",
        "胜利",
        [
            "胜利",
            "重大胜利",
            "获得胜利",
            "取得胜利",
            "全胜",
            "获胜",
            "大获全胜",
            "胜利者",
            "得胜",
            "光荣"
        ]
    ],
    "三剎": [
        "三剎",
        "Three brakes",
        "三个制动器",
        [
            "制动器",
            "制动",
            "液压",
            "传动装置",
            "风扇",
            "继电器",
            "供电系统",
            "压缩机",
            "盘式",
            "飞轮"
        ]
    ],
    "七重": [
        "七重",
        "Seven times",
        "七次",
        []
    ],
    "下界": [
        "下界",
        "the world of man",
        "人类的世界",
        [
            "人类",
            "世界",
            "全世界",
            "生物",
            "有机体",
            "全球",
            "人类文明",
            "人类所",
            "生命体",
            "生命",
            "世界性",
            "本能",
            "全人类",
            "进化",
            "世上",
            "当今世界",
            "在世界上",
            "全球性",
            "当今",
            "21世纪"
        ]
    ],
    "名剎": [
        "名剎",
        "Name brake",
        "名称制动器",
        [
            "名称",
            "制动器",
            "命名",
            "名字",
            "制动",
            "英文名称",
            "中文名称",
            "称谓",
            "地名",
            "称呼",
            "液压",
            "重新命名",
            "传动装置",
            "旧名",
            "风扇",
            "继电器",
            "供电系统",
            "压缩机",
            "盘式",
            "飞轮"
        ]
    ],
    "宝地": [
        "宝地",
        "Treasure",
        "财富",
        [
            "财富",
            "利润",
            "财产",
            "资本",
            "富人",
            "金钱",
            "钱财",
            "财货",
            "贪婪",
            "个人财产"
        ]
    ],
    "珍楼": [
        "珍楼",
        "Zhenlou",
        "振楼",
        []
    ],
    "宝阁": [
        "宝阁",
        "Baoge",
        "鲍格",
        []
    ],
    "沙界": [
        "沙界",
        "Sand boundary",
        "砂边界",
        [
            "砂",
            "边界",
            "国界",
            "边界线",
            "边境",
            "分界线",
            "边境线",
            "疆界",
            "界线",
            "分界",
            "边境地区",
            "砂土",
            "砂石",
            "泥",
            "沙砾",
            "浮",
            "盆",
            "漂",
            "锈",
            "中洲"
        ]
    ],
    "灵峰": [
        "灵峰",
        "Lingfeng",
        "灵峰",
        [
            "灵峰",
            "象山",
            "南山",
            "龙光",
            "子安",
            "观音山",
            "灵山",
            "成山",
            "望月",
            "</s>"
        ]
    ],
    "兰若": [
        "兰若",
        "Lan Ruo",
        "兰爇",
        [
            "兰",
            "瓦",
            "沙",
            "梅",
            "拉",
            "桑",
            "纳",
            "柯",
            "安",
            "福"
        ]
    ],
    "上方": [
        "上方",
        "Above",
        "超过",
        [
            "超过",
            "多达",
            "将近",
            "至少",
            "少于",
            "高达",
            "最多",
            "大约",
            "有约",
            "最少"
        ]
    ],
    "化城": [
        "化城",
        "Huacheng",
        "花城",
        [
            "花城",
            "新华",
            "羊城",
            "花都",
            "莱佛士",
            "芙蓉",
            "风格各异",
            "----",
            "</s>",
            "Pardosa"
        ]
    ],
    "祇": [
        "祇",
        "Only",
        "仅仅",
        [
            "仅仅",
            "意味着",
            "显然",
            "实际上",
            "无论如何",
            "只不过",
            "某种程度",
            "意味著",
            "也就是说",
            "不太可能"
        ]
    ],
    "金田": [
        "金田",
        "Jintian",
        "金田",
        [
            "金田",
            "松本",
            "中村",
            "佐佐木",
            "野村",
            "小林",
            "冈本",
            "田中",
            "土屋",
            "上田"
        ]
    ],
    "宝屋": [
        "宝屋",
        "Treasure house",
        "宝库",
        [
            "宝库",
            "宝藏",
            "珍品",
            "珍贵",
            "瑰宝",
            "遗物",
            "珍藏",
            "弥足珍贵",
            "深藏",
            "Pardosa"
        ]
    ],
    "花龛": [
        "花龛",
        "Flower niche",
        "花生态位",
        [
            "花",
            "生态",
            "生态环境",
            "自然生态",
            "自然环境",
            "生态系统",
            "多样性",
            "生态系",
            "生态平衡",
            "环境保护",
            "生态学",
            "花上",
            "小花",
            "萝卜",
            "兰花",
            "白花",
            "牵牛",
            "大花",
            "光阴",
            "红豆"
        ]
    ],
    "龙宫": [
        "龙宫",
        "Dragon palace",
        "龙宫",
        [
            "龙宫",
            "七星",
            "蓬莱",
            "白龙",
            "悠",
            "月宫",
            "大仙",
            "神山",
            "大川",
            "和龙"
        ]
    ],
    "玄寺": [
        "玄寺",
        "Xuan temple",
        "玄庙",
        []
    ]
}