{
    "金鸭": [
        "金鸭",
        "Golden Ducks",
        "金鸭",
        []
    ],
    "兰烟": [
        "兰烟",
        "Blue smoke",
        "蓝烟",
        []
    ],
    "宝鸭": [
        "宝鸭",
        "Bao duck",
        "鲍鸭",
        []
    ],
    "奇能": [
        "奇能",
        "Wonderful energy",
        "奇妙的能量",
        [
            "奇妙",
            "能量",
            "动能",
            "总能量",
            "热能",
            "热量",
            "高能量",
            "不可思议",
            "光子",
            "光能",
            "能量密度",
            "电磁场",
            "美妙",
            "有趣",
            "梦幻",
            "奇异",
            "诡异",
            "某一天",
            "寻常",
            "有意思"
        ]
    ],
    "博山": [
        "博山",
        "Boshan",
        "博山",
        [
            "博山",
            "菏泽",
            "香河",
            "文登",
            "莘县",
            "甘泉",
            "灵山",
            "故又称",
            "新集镇",
            "新兴镇"
        ]
    ],
    "香奁": [
        "香奁",
        "Sweet casket",
        "甜蜜的棺材",
        [
            "甜蜜",
            "棺材",
            "棺木",
            "爱情",
            "箱子",
            "坟墓",
            "浪漫",
            "棺",
            "恋人",
            "墓穴",
            "棺椁",
            "尸身",
            "头颅",
            "石棺",
            "温柔",
            "爱",
            "初恋",
            "深情",
            "爱人",
            "寂寞"
        ]
    ],
    "岩岩": [
        "岩岩",
        "Rock rock",
        "岩石",
        [
            "岩石",
            "石灰岩",
            "岩层",
            "岩壁",
            "沉积岩",
            "碎屑",
            "卵石",
            "基岩",
            "砂砾",
            "表层"
        ]
    ],
    "星星": [
        "星星",
        "Stars",
        "明星",
        [
            "明星",
            "当红",
            "艺人",
            "影星",
            "新人",
            "大明星",
            "电影明星",
            "歌星",
            "男模",
            "女明星"
        ]
    ],
    "瑞兽": [
        "瑞兽",
        "Auspicious animal",
        "吉祥动物",
        [
            "吉祥",
            "动物",
            "哺乳动物",
            "鸟类",
            "类动物",
            "生物",
            "哺乳类",
            "昆虫",
            "两栖动物",
            "食肉动物",
            "爬虫类",
            "如意",
            "祥瑞",
            "寓意",
            "风调雨顺",
            "好运",
            "三宝",
            "吉利",
            "文殊",
            "麒麟"
        ]
    ],
    "法从": [
        "法从",
        "Law from",
        "来自…的法律",
        [
            "法律",
            "立法",
            "普通法",
            "司法",
            "法律条文",
            "权利",
            "法令",
            "法规",
            "立法者",
            "法理"
        ]
    ],
    "空处": [
        "空处",
        "air space",
        "空处",
        []
    ],
    "玉蟠": [
        "玉蟠",
        "Jade fan",
        "玉扇",
        []
    ],
    "腾素": [
        "腾素",
        "Teng su",
        "滕素",
        []
    ],
    "霭": [
        "霭",
        "brume",
        "雾",
        [
            "雾",
            "雨",
            "日光",
            "桐",
            "雪",
            "夕",
            "月光",
            "浮",
            "影",
            "美里"
        ]
    ],
    "玉鼎": [
        "玉鼎",
        "Jade tripod",
        "玉鼎",
        []
    ],
    "初腾雾": [
        "初腾雾",
        "Initial fog",
        "初始雾",
        [
            "雾",
            "雨",
            "日光",
            "桐",
            "雪",
            "夕",
            "月光",
            "浮",
            "影",
            "美里"
        ]
    ],
    "馥馥香": [
        "馥馥香",
        "Fragrant fragrance",
        "芳香",
        [
            "芳香",
            "香气",
            "醇",
            "衍生物",
            "精油",
            "类物质",
            "酚",
            "醇类",
            "重氮",
            "大蒜"
        ]
    ],
    "方台": [
        "方台",
        "Square platform",
        "方形平台",
        [
            "方形",
            "平台",
            "长方形",
            "圆形",
            "八角形",
            "梯形",
            "正方形",
            "矩形",
            "平顶",
            "六角形",
            "椭圆形",
            "的平台",
            "游戏平台",
            "跨平台",
            "应用软件",
            "模拟器",
            "SDK",
            "该平台",
            "网络服务",
            "和平台"
        ]
    ],
    "人向": [
        "人向",
        "Human orientation",
        "以人为本",
        [
            "以人为本",
            "育人",
            "理念",
            "愿景",
            "与时俱进",
            "知行合一",
            "秉持",
            "并重",
            "包容",
            "己任"
        ]
    ],
    "鼻端": [
        "鼻端",
        "Nasal end",
        "鼻端",
        [
            "鼻端",
            "下颚",
            "额角",
            "犬齿",
            "颈部",
            "背部",
            "下巴",
            "尖头",
            "尾端",
            "向后"
        ]
    ],
    "参": [
        "参",
        "participate",
        "参与",
        [
            "参与",
            "参予",
            "参加",
            "直接参与",
            "积极参与",
            "加入",
            "进行",
            "策划",
            "投身于",
            "作准备"
        ]
    ],
    "银鸭": [
        "银鸭",
        "Silver duck",
        "银鸭子",
        [
            "银",
            "鸭子",
            "铜",
            "银两",
            "青蛙",
            "白银",
            "兔子",
            "狗",
            "乌龟",
            "金鱼",
            "鳗鱼",
            "鸽子",
            "银和",
            "小鸡",
            "蚊子",
            "缯",
            "金制",
            "料",
            "皂",
            "金和"
        ]
    ],
    "散清烟": [
        "散清烟",
        "Scattered smoke",
        "散烟",
        []
    ],
    "银球": [
        "银球",
        "Silver ball",
        "银球",
        []
    ],
    "乍吐烟": [
        "乍吐烟",
        "At first, I spit smoke",
        "起初，我吐烟",
        [
            "起初",
            "最初",
            "本来",
            "刚开始",
            "起先",
            "那时候",
            "早先",
            "在此之前",
            "先前",
            "在此之后"
        ]
    ],
    "香润": [
        "香润",
        "Sweet and moist",
        "甜美湿润",
        [
            "甜美",
            "湿润",
            "潮湿",
            "干燥",
            "可爱",
            "迷人",
            "清新",
            "温柔",
            "俏皮",
            "凉爽",
            "漂亮",
            "甜蜜",
            "爽朗",
            "多雨",
            "疏林",
            "湿热",
            "湿",
            "清秀",
            "温暖",
            "林缘"
        ]
    ],
    "云生础": [
        "云生础",
        "Cloud foundation",
        "云基础",
        [
            "云",
            "基础",
            "根基",
            "基石",
            "坚实",
            "框架",
            "系统化",
            "基础性",
            "典范",
            "为基础",
            "尘",
            "幽",
            "基本",
            "寒",
            "阳",
            "名曰",
            "碧",
            "皓",
            "虹",
            "容"
        ]
    ],
    "麝唌": [
        "麝唌",
        "Musk deer",
        "麝",
        [
            "麝",
            "穿山甲",
            "水獭",
            "短尾",
            "狐",
            "兔",
            "蹄",
            "鼯鼠",
            "猫科动物",
            "红眼"
        ]
    ],
    "已刻": [
        "已刻",
        "Carved",
        "雕刻",
        [
            "雕刻",
            "石雕",
            "浮雕",
            "木雕",
            "彩绘",
            "雕塑",
            "雕饰",
            "泥塑",
            "浅浮雕",
            "雕"
        ]
    ],
    "蟠龙": [
        "蟠龙",
        "curled-up dragon",
        "卷曲的龙",
        [
            "卷曲",
            "龙",
            "龙的",
            "龙科",
            "翼龙",
            "龙是",
            "龙是种",
            "缠绕",
            "龙有",
            "龙及",
            "丝状",
            "管状",
            "柔软",
            "蜥脚类",
            "伸长",
            "禽",
            "螺旋状",
            "纤细",
            "条状",
            "肥大"
        ]
    ],
    "烟明": [
        "烟明",
        "Smoke bright",
        "烟亮",
        []
    ],
    "虹贯": [
        "虹贯",
        "Rainbow penetration",
        "彩虹穿透",
        [
            "彩虹",
            "穿透",
            "击穿",
            "打穿",
            "闪耀",
            "星星",
            "包覆",
            "小马",
            "投射",
            "遮蔽",
            "七彩",
            "蝴蝶",
            "较厚",
            "月光",
            "填满",
            "黎明",
            "能吸收",
            "闪亮",
            "孔洞",
            "沙漏"
        ]
    ],
    "兽啮": [
        "兽啮",
        "Beast bite",
        "野兽咬伤",
        [
            "野兽",
            "咬伤",
            "怪物",
            "恶魔",
            "咬",
            "蛇咬",
            "咬死",
            "狼人",
            "女巫",
            "魔鬼",
            "咬人",
            "扑杀",
            "狐狸",
            "惊吓",
            "致死",
            "被咬",
            "蝎子",
            "青蛙",
            "猴子",
            "梦魇"
        ]
    ],
    "鸭形": [
        "鸭形",
        "Duck shape",
        "鸭形",
        []
    ],
    "鳞文": [
        "鳞文",
        "Scaled text",
        "缩放文本",
        [
            "缩放",
            "文本",
            "文档",
            "文字",
            "注释",
            "图形",
            "纹理",
            "图像",
            "图层",
            "三维",
            "贴图",
            "译文",
            "投影",
            "自然语言",
            "句法",
            "放大",
            "评注",
            "脚注",
            "重构",
            "可视"
        ]
    ],
    "黻": [
        "黻",
        "School",
        "学校",
        [
            "学校",
            "的学校",
            "所学校",
            "中小学",
            "校内",
            "小学",
            "公立学校",
            "了学校",
            "高年级",
            "该学校"
        ]
    ],
    "六采": [
        "六采",
        "Six mining",
        "六次开采",
        [
            "开采",
            "铁矿",
            "采掘",
            "采矿",
            "矿产",
            "矿藏",
            "矿区",
            "铜矿",
            "采矿业",
            "矿业"
        ]
    ],
    "绿艾": [
        "绿艾",
        "Green moxa",
        "绿色艾条",
        [
            "绿色",
            "橙色",
            "黄色",
            "红色",
            "蓝色",
            "白色",
            "粉红色",
            "紫色",
            "浅绿色",
            "深蓝色"
        ]
    ],
    "万缕": [
        "万缕",
        "Thousands of strands",
        "成千上万股",
        [
            "成千上万",
            "数以千计",
            "数以万计",
            "数以百计",
            "成百上千",
            "上百",
            "据称",
            "为数众多",
            "有数",
            "在在"
        ]
    ],
    "香莠": [
        "香莠",
        "Good and bad",
        "好与坏",
        [
            "坏",
            "怕",
            "弄得",
            "乖",
            "无用",
            "没用",
            "偏偏",
            "还好",
            "顶多",
            "再加"
        ]
    ],
    "坐重": [
        "坐重",
        "Sit down",
        "坐下",
        [
            "坐下",
            "椅子",
            "坐着",
            "起身",
            "睡觉",
            "站立",
            "坐到",
            "躺下",
            "一旁",
            "伸手"
        ]
    ],
    "乘凉": [
        "乘凉",
        "Cool",
        "凉爽的",
        [
            "凉爽",
            "炎热",
            "寒冷",
            "温暖",
            "潮湿",
            "暖和",
            "闷热",
            "多雨",
            "一年四季",
            "冬天"
        ]
    ],
    "凤翮": [
        "凤翮",
        "Feng Jian",
        "冯建",
        []
    ],
    "冯铭": [
        "冯铭",
        "Feng Ming",
        "冯明",
        []
    ],
    "文帝": [
        "文帝",
        "Emperor Wen",
        "文帝",
        [
            "文帝",
            "武帝",
            "明帝",
            "宣帝",
            "孝武帝",
            "刘义隆",
            "成帝",
            "宋文帝",
            "安帝",
            "隋文帝"
        ]
    ],
    "管宁割": [
        "管宁割",
        "Guan Ning cut",
        "关宁剪",
        [
            "剪",
            "剪成",
            "铰",
            "剪刀",
            "扯",
            "刷",
            "滚",
            "吊",
            "垫",
            "翻"
        ]
    ],
    "可舒": [
        "可舒",
        "Keshu",
        "舒克",
        []
    ],
    "可卷": [
        "可卷",
        "Rollable",
        "可滚动的",
        [
            "滚动",
            "滑动",
            "向下",
            "向上",
            "滑块",
            "翻转",
            "回转",
            "紧贴",
            "倒转",
            "摇动"
        ]
    ],
    "六乘": [
        "六乘",
        "Six times",
        "六次",
        []
    ],
    "白莞": [
        "白莞",
        "Bai Guan",
        "关白",
        [
            "关白",
            "清盛",
            "平清盛",
            "执权",
            "太政大臣",
            "武家",
            "管领",
            "义持",
            "德川幕府",
            "贞时"
        ]
    ],
    "分半": [
        "分半",
        "Half way",
        "中途",
        [
            "中途",
            "暂时",
            "被逼",
            "因故",
            "再继续",
            "独自",
            "半途",
            "同一时间",
            "原计划",
            "恰巧"
        ]
    ],
    "张赋": [
        "张赋",
        "Zhang fu",
        "张复",
        []
    ],
    "光武侧": [
        "光武侧",
        "Guangwu side",
        "光武侧",
        [
            "光武",
            "侧",
            "外侧",
            "斜",
            "横",
            "内侧",
            "一侧",
            "斜向",
            "后侧",
            "口",
            "文治",
            "正中",
            "新朝",
            "汉光武帝",
            "嘉平",
            "永平",
            "大治",
            "明德",
            "永光",
            "天和"
        ]
    ],
    "戴仲重": [
        "戴仲重",
        "Dai Zhongchong",
        "戴仲冲",
        []
    ],
    "宜坐": [
        "宜坐",
        "Sit down",
        "坐下",
        [
            "坐下",
            "椅子",
            "坐着",
            "起身",
            "睡觉",
            "站立",
            "坐到",
            "躺下",
            "一旁",
            "伸手"
        ]
    ],
    "宜眠": [
        "宜眠",
        "Sleep well",
        "睡得好",
        []
    ],
    "舞拂": [
        "舞拂",
        "Dance stroke",
        "舞蹈笔画",
        [
            "舞蹈",
            "笔画",
            "歌舞",
            "笔划",
            "舞者",
            "表演",
            "表演者",
            "芭蕾",
            "跳舞",
            "街舞",
            "肚皮舞",
            "现代舞",
            "线条",
            "粗细",
            "字形",
            "楷书",
            "手写体",
            "标点",
            "轮廓",
            "几何图形"
        ]
    ],
    "鲁堂": [
        "鲁堂",
        "Lu Tang",
        "吕塘",
        []
    ],
    "避坐": [
        "避坐",
        "Avoid sitting",
        "避免坐着",
        [
            "避免",
            "坐着",
            "防止",
            "不必要",
            "坐在",
            "可能会",
            "可避免",
            "尽量避免",
            "坐下",
            "消除",
            "能避免",
            "避开",
            "不致",
            "看着",
            "睡觉",
            "睡着",
            "椅子",
            "抱着",
            "跟着",
            "背著"
        ]
    ],
    "承宣父": [
        "承宣父",
        "Cheng Xuan's father",
        "程玄的父亲",
        [
            "父亲",
            "母亲",
            "哥哥",
            "儿子",
            "弟弟",
            "兄长",
            "继父",
            "舅舅",
            "叔叔",
            "外祖父"
        ]
    ],
    "茅葭": [
        "茅葭",
        "Maojia",
        "毛甲",
        []
    ],
    "歌清": [
        "歌清",
        "Song Qing",
        "宋庆",
        []
    ],
    "兰气": [
        "兰气",
        "Blue gas",
        "蓝煤气",
        [
            "蓝",
            "煤气",
            "绿",
            "红",
            "蓝色",
            "紫色",
            "石油气",
            "自来水",
            "电灯",
            "双色",
            "橙",
            "红绿",
            "煤油",
            "燃气",
            "浅蓝",
            "白",
            "水管",
            "油",
            "货仓",
            "液化"
        ]
    ],
    "袭": [
        "袭",
        "raid",
        "搜捕",
        [
            "搜捕",
            "抓捕",
            "围捕",
            "逮捕",
            "缉捕",
            "追捕",
            "扫荡",
            "捉拿",
            "捣毁",
            "藏匿"
        ]
    ],
    "回风": [
        "回风",
        "return air",
        "回风",
        []
    ],
    "凭重": [
        "凭重",
        "By weight",
        "按重量",
        [
            "重量",
            "总重量",
            "总重",
            "尺寸",
            "配重",
            "体积",
            "车重",
            "载重量",
            "载重",
            "载荷"
        ]
    ],
    "重筵": [
        "重筵",
        "A heavy feast",
        "丰盛的宴会",
        [
            "丰盛",
            "宴会",
            "宴席",
            "晚宴",
            "酒宴",
            "宴请",
            "婚宴",
            "宾客",
            "招待",
            "筵席",
            "酒席",
            "喜乐",
            "辛劳",
            "勤劳",
            "丰饶",
            "奉献",
            "感恩",
            "喜悦",
            "殷勤",
            "珍爱"
        ]
    ],
    "戴公": [
        "戴公",
        "Dai gong",
        "戴红",
        []
    ],
    "蓍艾": [
        "蓍艾",
        "Achillea millefolium",
        "千里光",
        [
            "千里光",
            "荚蒾",
            "兔儿",
            "醉鱼草",
            "景天",
            "铁线莲",
            "棱子",
            "峨眉",
            "酢浆草",
            "薄叶"
        ]
    ],
    "六角": [
        "六角",
        "Hexagon",
        "六边形",
        [
            "六边形",
            "八面体",
            "边形",
            "正方形",
            "五边形",
            "立方体",
            "四面体",
            "八边形",
            "三角形",
            "四边形"
        ]
    ],
    "蒲葵": [
        "蒲葵",
        "livistona chinensis",
        "蒲葵",
        []
    ],
    "摇动": [
        "摇动",
        "Shake",
        "动摇",
        [
            "动摇",
            "挽回",
            "扭转",
            "撼动",
            "屈服",
            "背离",
            "醒悟",
            "抹杀",
            "抗拒",
            "深知"
        ]
    ],
    "挥汗": [
        "挥汗",
        "Sweat",
        "焦急",
        [
            "焦急",
            "惊恐",
            "伤心",
            "惊慌",
            "难过",
            "不知所措",
            "惊愕",
            "急切",
            "欣喜",
            "茫然"
        ]
    ],
    "握": [
        "握",
        "Grip",
        "紧握",
        [
            "紧握",
            "握",
            "夹住",
            "握住",
            "挥动",
            "拾起",
            "把手",
            "绑上",
            "紧贴",
            "合上"
        ]
    ],
    "五明": [
        "五明",
        "Wu Ming",
        "吴明",
        [
            "吴明",
            "刘国",
            "吴志",
            "后张",
            "祥",
            "皓",
            "陈德",
            "李明",
            "敏",
            "安"
        ]
    ],
    "提携": [
        "提携",
        "guide and support",
        "导向和支撑",
        [
            "导向",
            "支撑",
            "承托",
            "定位",
            "取向",
            "支架",
            "建构",
            "支柱",
            "依靠",
            "中空",
            "坚实",
            "保持平衡",
            "出发点",
            "开放性",
            "既有",
            "之上",
            "倚靠",
            "应运而生",
            "举例来说",
            "简而言之"
        ]
    ],
    "动风": [
        "动风",
        "Moving wind",
        "移动风",
        [
            "移动",
            "风",
            "行进",
            "风吹",
            "旋转",
            "方向移动",
            "西风",
            "吹拂",
            "吹",
            "北风",
            "大风",
            "静止",
            "飘移",
            "快速移动",
            "漂移",
            "伸展",
            "暴风",
            "回转",
            "雨",
            "和风"
        ]
    ],
    "曹植": [
        "曹植",
        "Cao zhi",
        "曹植",
        [
            "曹植",
            "曹丕",
            "五言诗",
            "甄氏",
            "陆机",
            "班固",
            "洛神",
            "左思",
            "文采",
            "颙"
        ]
    ],
    "飒如": [
        "飒如",
        "Sa such as",
        "萨如",
        []
    ],
    "松籁起": [
        "松籁起",
        "Loose morning",
        "松散的早晨",
        [
            "松散",
            "早晨",
            "傍晚",
            "晚上",
            "早上",
            "午夜",
            "深夜",
            "清晨",
            "时分",
            "中午",
            "半夜",
            "牢固",
            "分散",
            "不稳定的",
            "散乱",
            "杂乱",
            "组织化",
            "零碎",
            "零散",
            "强而有力"
        ]
    ],
    "持素": [
        "持素",
        "Holding element",
        "保持元件",
        [
            "保持",
            "元件",
            "维持",
            "电路",
            "器件",
            "电容",
            "电容器",
            "始终保持",
            "电子元件",
            "模组",
            "线圈",
            "积体电路",
            "保持稳定",
            "组件",
            "保有",
            "保证",
            "保持良好",
            "持续保持",
            "依然",
            "保持一致"
        ]
    ],
    "肯效": [
        "肯效",
        "Ken effect",
        "肯效应",
        [
            "肯",
            "效应",
            "尼克",
            "现象",
            "德克",
            "尼尔",
            "史坦",
            "卡特",
            "沃特",
            "贝克",
            "震荡",
            "巴德",
            "振荡",
            "贝尔",
            "effect",
            "物理现象",
            "波动",
            "不稳定性",
            "畸变",
            "现像"
        ]
    ],
    "班姬素": [
        "班姬素",
        "Banji su",
        "苏半吉",
        []
    ],
    "千撢": [
        "千撢",
        "Thousands of dusters",
        "成千上万的清洁工",
        [
            "成千上万",
            "清洁工",
            "数以千计",
            "数以万计",
            "数以百计",
            "成百上千",
            "杂工",
            "上百",
            "老妇",
            "保姆",
            "技工",
            "看护",
            "建筑工地",
            "实习生",
            "小偷",
            "据称",
            "为数众多",
            "有数",
            "碰巧",
            "在在"
        ]
    ],
    "香揭": [
        "香揭",
        "Fragrant uncovering",
        "揭香",
        []
    ],
    "水心莲": [
        "水心莲",
        "Water lotus",
        "水莲",
        []
    ],
    "能及": [
        "能及",
        "Can reach",
        "可以到达",
        [
            "到达",
            "抵达",
            "出发",
            "进发",
            "驶向",
            "穿过",
            "驶离",
            "开到",
            "穿越",
            "驶出"
        ]
    ],
    "右军书": [
        "右军书",
        "Right army book",
        "正确的军队书籍",
        [
            "正确",
            "军队",
            "书籍",
            "的军队",
            "部队",
            "的部队",
            "准确",
            "士兵",
            "正规军",
            "他的军队",
            "书本",
            "书刊",
            "图书",
            "出版物",
            "读物",
            "恰当",
            "错误",
            "雇佣军",
            "正确地",
            "著作",
            "驻军",
            "支军队",
            "类书籍",
            "参考书",
            "适当",
            "合理",
            "历史书籍",
            "应该",
            "确实",
            "无论如何"
        ]
    ],
    "飘似": [
        "飘似",
        "Gone with the wind",
        "飘",
        [
            "飘",
            "飞舞",
            "雨",
            "响",
            "白雪",
            "浮",
            "虹",
            "燕子",
            "有如",
            "好似"
        ]
    ],
    "招田": [
        "招田",
        "Hirata",
        "平田",
        [
            "平田",
            "宫崎",
            "高田",
            "池田",
            "中村",
            "松本",
            "大谷",
            "高冈",
            "平野",
            "大原"
        ]
    ],
    "掩丹唇": [
        "掩丹唇",
        "Mask red lip",
        "掩红唇",
        [
            "掩",
            "红唇",
            "凌",
            "亮",
            "张惠妹",
            "泰勒丝",
            "杨丞琳",
            "疑",
            "赛德克",
            "牵",
            "见",
            "引",
            "纷",
            "小姑娘",
            "已退",
            "首波",
            "张以",
            "红花",
            "上数",
            "拉拉"
        ]
    ],
    "当同": [
        "当同",
        "When the same",
        "当相同的时候",
        [
            "相同",
            "完全相同",
            "不同",
            "有所不同",
            "相异",
            "大致相同",
            "相近",
            "完全一致",
            "并不相同",
            "不尽相同"
        ]
    ],
    "相持": [
        "相持",
        "refuse to budge",
        "拒绝让步",
        [
            "拒绝",
            "让步",
            "妥协",
            "拒绝接受",
            "不愿",
            "要求",
            "同意",
            "愿意",
            "断然拒绝",
            "回绝",
            "坚决",
            "不能接受",
            "施压",
            "退让",
            "讨价还价",
            "屈服",
            "决定",
            "单方面",
            "施加压力"
        ]
    ],
    "一握": [
        "一握",
        "A grip",
        "握柄",
        [
            "握",
            "柄",
            "握住",
            "手握",
            "钩",
            "长柄",
            "左手",
            "双手",
            "手",
            "枝",
            "叉",
            "末端",
            "细",
            "前端",
            "紧握",
            "挥",
            "尖头",
            "尾端",
            "在手",
            "摇动"
        ]
    ],
    "匮": [
        "匮",
        "Kui",
        "姓",
        [
            "姓",
            "姓氏",
            "改姓",
            "汉姓",
            "复姓",
            "一姓",
            "后裔",
            "同姓",
            "原姓",
            "李姓"
        ]
    ],
    "方形": [
        "方形",
        "Square",
        "平方",
        []
    ],
    "案上": [
        "案上",
        "On the case",
        "关于这个案子",
        [
            "案子",
            "案件",
            "案情",
            "官司",
            "法庭上",
            "检察官",
            "辩护律师",
            "结案",
            "诉讼中",
            "共犯"
        ]
    ],
    "曲势": [
        "曲势",
        "Curved potential",
        "弯曲电位",
        [
            "弯曲",
            "电位",
            "电压",
            "电流",
            "倾斜",
            "伸展",
            "平直",
            "伸长",
            "阻抗",
            "电势",
            "凸起",
            "直角",
            "侧向",
            "电平",
            "阈值",
            "下垂",
            "突起",
            "电极",
            "梯度",
            "电化学"
        ]
    ],
    "数帙": [
        "数帙",
        "Number of books",
        "书籍数量",
        [
            "书籍",
            "数量",
            "数目",
            "书本",
            "书刊",
            "总数",
            "图书",
            "出版物",
            "读物",
            "著作",
            "比例",
            "需求量",
            "类书籍",
            "生产量",
            "参考书",
            "历史书籍",
            "存量",
            "量",
            "使用量",
            "为数"
        ]
    ],
    "藏五典": [
        "藏五典",
        "Tibetan Five Classics",
        "藏文五经",
        [
            "藏文",
            "五经",
            "藏语",
            "四书",
            "经学",
            "梵文",
            "论语",
            "八思巴",
            "蒙文",
            "注疏",
            "佛经",
            "六经",
            "汉文",
            "经书",
            "章句",
            "经义",
            "仪礼",
            "巴利文",
            "汉译",
            "巴利语"
        ]
    ]
}