{
    "黄序": [
        "黄序",
        "Yellow sequence",
        "黄色序列",
        [
            "黄色",
            "序列",
            "红色",
            "白色",
            "紫色",
            "粉红色",
            "橙色",
            "黄绿色",
            "蓝色",
            "橙黄色",
            "深蓝色",
            "碱基",
            "基因组",
            "氨基酸",
            "基因序列",
            "核苷酸",
            "数列",
            "核酸",
            "脱氧核糖核酸",
            "多肽"
        ]
    ],
    "祁祁": [
        "祁祁",
        "Qi qi",
        "齐琦",
        []
    ],
    "登云路": [
        "登云路",
        "Dengyun Road",
        "邓云路",
        []
    ],
    "制取": [
        "制取",
        "Production",
        "生产",
        [
            "生产",
            "制造",
            "生产线",
            "生产商",
            "投入生产",
            "采购",
            "生产厂",
            "装配",
            "产出",
            "原材料"
        ]
    ],
    "虞周": [
        "虞周",
        "Danger week",
        "危险周",
        [
            "危险",
            "危险性",
            "生命危险",
            "致命",
            "脆弱",
            "可怕",
            "小心",
            "凶险",
            "有可能",
            "险恶"
        ]
    ],
    "圆桥": [
        "圆桥",
        "Round bridge",
        "圆桥",
        []
    ],
    "观听": [
        "观听",
        "Watch and listen",
        "看着听着",
        [
            "看着",
            "听",
            "看著",
            "盯着",
            "抱着",
            "看到",
            "哭泣",
            "吓坏",
            "听得",
            "问",
            "身旁",
            "好像",
            "哭",
            "就让",
            "大声",
            "听完",
            "不行",
            "说什么",
            "却说",
            "不来"
        ]
    ],
    "价等": [
        "价等",
        "Price etc",
        "价格等",
        [
            "价格",
            "价钱",
            "生产成本",
            "定价",
            "售价",
            "价位",
            "市价",
            "价格比",
            "商品价格",
            "单价"
        ]
    ],
    "连城": [
        "连城",
        "Liancheng",
        "连城",
        [
            "连城",
            "永安",
            "凤",
            "兴仁",
            "安远",
            "新安",
            "永泰",
            "乔家",
            "</s>",
            "Pardosa"
        ]
    ],
    "雨润": [
        "雨润",
        "Rain run",
        "雨跑",
        [
            "雨",
            "跑",
            "雾",
            "风雨",
            "跑完",
            "雪",
            "跑出",
            "寒",
            "枯",
            "跑回",
            "走",
            "夜",
            "跑步",
            "飘",
            "冲刺",
            "月光",
            "赛跑",
            "雨天",
            "飞驰",
            "放"
        ]
    ],
    "芹初": [
        "芹初",
        "Early celery",
        "早期芹菜",
        [
            "早期",
            "芹菜",
            "后期",
            "晚期",
            "20世纪",
            "中期",
            "现代",
            "以前",
            "胡萝卜",
            "最初",
            "葱",
            "更早",
            "一时期",
            "萝卜",
            "香菇",
            "大蒜",
            "茄子",
            "花生",
            "柚子",
            "草莓"
        ]
    ],
    "风云": [
        "风云",
        "Wind and cloud",
        "风和云",
        []
    ],
    "随绣虎": [
        "随绣虎",
        "Embroidered tiger",
        "绣虎",
        [
            "绣",
            "虎",
            "豹",
            "狮",
            "象",
            "刺绣",
            "缯",
            "熊",
            "绣花",
            "老虎",
            "袖",
            "鹿",
            "狐",
            "眉",
            "帘",
            "龙凤",
            "缠",
            "巨",
            "飞龙",
            "金丝"
        ]
    ],
    "长才": [
        "长才",
        "Long talent",
        "长才干",
        [
            "长",
            "才干",
            "才智",
            "宽",
            "有才干",
            "学识",
            "才学",
            "才华",
            "能干",
            "干练",
            "谋略",
            "胆识",
            "总长",
            "长三",
            "高约",
            "窄",
            "短",
            "较宽",
            "稍长",
            "粗大"
        ]
    ],
    "人皆": [
        "人皆",
        "Everyone",
        "人人",
        [
            "人人",
            "只求",
            "从来不",
            "自觉",
            "不来",
            "自已",
            "有为",
            "明明",
            "有心",
            "理应"
        ]
    ],
    "邹曾": [
        "邹曾",
        "Zou Zeng",
        "邹增",
        []
    ],
    "鼓箧": [
        "鼓箧",
        "Drum suitcase",
        "鼓形行李箱",
        [
            "鼓形",
            "行李箱",
            "行李",
            "背包",
            "皮箱",
            "车子",
            "把手",
            "手提包",
            "塑胶袋",
            "皮包",
            "旧款",
            "板式",
            "底板",
            "角形",
            "棒状",
            "凹形",
            "碟形",
            "下部",
            "的单",
            "都为"
        ]
    ],
    "才成": [
        "才成",
        "Only then",
        "只有那时",
        []
    ],
    "百钺土": [
        "百钺土",
        "Hundred - plutonium soil",
        "百钚土壤",
        [
            "钚",
            "土壤",
            "铀",
            "钸",
            "核燃料",
            "植被",
            "土层",
            "泥土",
            "镅",
            "酸性",
            "锫",
            "鉲",
            "钍",
            "土质",
            "铍",
            "表土",
            "有机质",
            "沙土",
            "镎",
            "含水"
        ]
    ],
    "秋高": [
        "秋高",
        "Autumn height",
        "秋季高度",
        [
            "秋季",
            "高度",
            "春季",
            "秋天",
            "春天",
            "夏天",
            "水平",
            "月份",
            "秋冬季",
            "中旬",
            "初夏",
            "倾斜度",
            "一月",
            "离地",
            "相对",
            "整体",
            "总体",
            "移动性",
            "相对于",
            "持续性"
        ]
    ],
    "桂有馨": [
        "桂有馨",
        "Gui Youxin",
        "桂·心有",
        []
    ],
    "惊鸿": [
        "惊鸿",
        "Jinghong",
        "景洪",
        [
            "景洪",
            "西双版纳",
            "勐腊",
            "丽江",
            "瑞丽",
            "保山",
            "思茅",
            "滇南",
            "玉龙",
            "普安"
        ]
    ],
    "彩笔": [
        "彩笔",
        "Colour pen",
        "彩色笔",
        []
    ],
    "焕": [
        "焕",
        "brilliant",
        "聪明的",
        [
            "聪明",
            "聪慧",
            "机智",
            "聪颖",
            "机敏",
            "心地善良",
            "精明",
            "才智",
            "睿智",
            "和善"
        ]
    ],
    "文星": [
        "文星",
        "Wenxing",
        "闻星",
        []
    ],
    "白浮": [
        "白浮",
        "White float",
        "白色浮子",
        [
            "白色",
            "黄色",
            "红色",
            "黑色",
            "粉红色",
            "紫色",
            "蓝色",
            "深蓝色",
            "暗红色",
            "金色"
        ]
    ],
    "目迷": [
        "目迷",
        "Eye fan",
        "眼扇",
        []
    ],
    "无栖燕": [
        "无栖燕",
        "No swallow",
        "不要吞咽",
        [
            "不要",
            "吞咽",
            "不想",
            "不该",
            "不让",
            "不必",
            "绝不会",
            "绝不",
            "免得",
            "切勿",
            "不用",
            "呼吸",
            "进食",
            "排便",
            "口腔",
            "咳嗽",
            "呕吐",
            "食道",
            "刷牙",
            "神经性"
        ]
    ],
    "易暗": [
        "易暗",
        "Easy to dark",
        "容易变黑",
        [
            "容易",
            "变黑",
            "更容易",
            "不易",
            "易于",
            "非常容易",
            "较难",
            "更易",
            "较易",
            "难以",
            "很难",
            "变红",
            "变色",
            "光亮",
            "涂抹",
            "渗出",
            "褪色",
            "溶化",
            "混浊",
            "滴"
        ]
    ],
    "贻诮": [
        "贻诮",
        "I'm sorry, but I don't know what I'm talking about, but I don't know what I'm talking about.",
        "对不起，我不知道我在说什么，但是我不知道我在说什么。",
        [
            "对不起",
            "知道",
            "说什么",
            "告诉",
            "明白",
            "告诉他",
            "并不知道",
            "想到",
            "真的",
            "其实",
            "发觉",
            "究竟",
            "心痛",
            "谢谢",
            "问道",
            "真是",
            "亲爱的",
            "是不是",
            "一句话",
            "没事",
            "没关系",
            "丢脸",
            "到底",
            "就让",
            "明明",
            "脱口而出",
            "还好",
            "想见"
        ]
    ],
    "网官": [
        "网官",
        "Net officer",
        "净官员",
        [
            "净",
            "官员",
            "高级官员",
            "高官",
            "官吏",
            "清净",
            "行政官员",
            "地方官吏",
            "地方官",
            "外交人员",
            "文官",
            "信佛",
            "亲信",
            "白莲",
            "炼",
            "真如",
            "地藏",
            "普贤",
            "自在",
            "；大"
        ]
    ],
    "孙山": [
        "孙山",
        "Sun Shan",
        "孙山",
        []
    ],
    "答友": [
        "答友",
        "Answer friend",
        "回答朋友",
        [
            "回答",
            "朋友",
            "好朋友",
            "好友",
            "问",
            "朋友们",
            "问道",
            "说",
            "熟人",
            "老友",
            "同事",
            "密友",
            "老朋友",
            "女朋友",
            "反问",
            "看看",
            "问到",
            "说道",
            "讲出",
            "却说"
        ]
    ],
    "红勒": [
        "红勒",
        "Red le",
        "红色乐",
        [
            "红色",
            "乐",
            "黄色",
            "白色",
            "蓝色",
            "橙色",
            "紫色",
            "黑色",
            "粉红色",
            "金色",
            "深蓝色",
            "艺",
            "趣",
            "思",
            "欢",
            "和乐",
            "滋",
            "聚",
            "伴",
            "自始"
        ]
    ],
    "腮暴": [
        "腮暴",
        "Gill storm",
        "吉尔风暴",
        [
            "吉尔",
            "风暴",
            "气旋",
            "飓风",
            "辛格",
            "龙卷风",
            "百慕大",
            "巴德",
            "狂风暴雨",
            "天气系统",
            "奎尔",
            "克劳德特",
            "尤卡坦半岛",
            "尼尔",
            "拉姆",
            "贝里尔",
            "罗伊",
            "特在",
            "托尔",
            "克里"
        ]
    ],
    "失水": [
        "失水",
        "Water loss",
        "漏水",
        [
            "漏水",
            "渗水",
            "破损",
            "渗漏",
            "剥落",
            "损坏",
            "坍塌",
            "积水",
            "龟裂",
            "塌"
        ]
    ],
    "花样": [
        "花样",
        "Pattern",
        "模式",
        [
            "模式",
            "方式",
            "方式也",
            "Mode",
            "的系统",
            "方式上",
            "方式而",
            "种系统",
            "来进行",
            "方式在"
        ]
    ],
    "难同": [
        "难同",
        "Difficult to agree with",
        "难以同意",
        [
            "难以",
            "同意",
            "无法",
            "很难",
            "难于",
            "不易",
            "较难",
            "不能",
            "表示同意",
            "提议",
            "容易",
            "允诺",
            "不足以",
            "拒绝",
            "根本无法",
            "达成协议",
            "一致同意",
            "准许",
            "决定",
            "首肯"
        ]
    ],
    "频伤": [
        "频伤",
        "Frequency injury",
        "频率损伤",
        [
            "频率",
            "损伤",
            "振幅",
            "受损",
            "损坏",
            "Hz",
            "kHz",
            "损害",
            "频谱",
            "频带",
            "基频",
            "增益",
            "阈值",
            "伤害",
            "高频率",
            "烧伤",
            "破损",
            "挫伤",
            "细菌感染",
            "重击"
        ]
    ],
    "眊": [
        "眊",
        "No, I don't know",
        "不，我不知道",
        [
            "知道",
            "告诉",
            "明白",
            "告诉他",
            "并不知道",
            "想到",
            "真的",
            "其实",
            "发觉",
            "究竟"
        ]
    ],
    "燥": [
        "燥",
        "Dry",
        "干燥的",
        [
            "干燥",
            "潮湿",
            "湿润",
            "干旱",
            "寒冷",
            "低温",
            "高温",
            "湿气",
            "湿",
            "炎热"
        ]
    ],
    "刘氏": [
        "刘氏",
        "Liu",
        "刘",
        [
            "刘",
            "陈",
            "赵",
            "吴",
            "杨",
            "李",
            "蔡",
            "徐",
            "姚",
            "郭"
        ]
    ],
    "寄夫": [
        "寄夫",
        "Sender",
        "发报机",
        []
    ],
    "状元": [
        "状元",
        "Number one scholar",
        "排名第一的学者",
        [
            "排名",
            "学者",
            "名列",
            "位列",
            "研究者",
            "历史学者",
            "史学家",
            "排在",
            "历史学家",
            "综合排名",
            "语言学家",
            "位居",
            "史家",
            "汉学家",
            "排名榜",
            "前十名",
            "学术界",
            "人类学家",
            "前三名",
            "名列第一"
        ]
    ],
    "积木": [
        "积木",
        "Building block",
        "积木",
        [
            "积木",
            "砖块",
            "乐高",
            "方块",
            "玩具",
            "拼图",
            "蜡笔",
            "白板",
            "纸片",
            "真实世界"
        ]
    ],
    "剃": [
        "剃",
        "razor",
        "剃刀",
        [
            "剃刀",
            "魔鬼",
            "马蹄铁",
            "培根",
            "雪球",
            "稻草人",
            "欧文",
            "他用",
            "只不过",
            "一个大"
        ]
    ],
    "髡": [
        "髡",
        "Crew",
        "全体船员",
        [
            "船员",
            "船上",
            "船长",
            "船员们",
            "船",
            "货船",
            "水兵",
            "一艘船",
            "潜水员",
            "水手"
        ]
    ],
    "给": [
        "给",
        "to",
        "到",
        []
    ],
    "七一": [
        "七一",
        "july 1",
        "7月1日",
        [
            "月",
            "月底",
            "同年",
            "月初",
            "同月",
            "年初",
            "年底",
            "翌年",
            "年末",
            "月末"
        ]
    ],
    "树枝": [
        "树枝",
        "Branches",
        "分支",
        [
            "分支",
            "支系",
            "谱系",
            "主干",
            "是从",
            "共同点",
            "现今",
            "自成",
            "不相关的",
            "见下文"
        ]
    ],
    "领袖": [
        "领袖",
        "Leader",
        "领导者",
        [
            "领导者",
            "领袖",
            "领导",
            "精神领袖",
            "领袖人物",
            "拥护者",
            "执行者",
            "核心人物",
            "追随者",
            "主导者"
        ]
    ],
    "群仙": [
        "群仙",
        "Group of immortals",
        "不朽团体",
        [
            "团体",
            "社团",
            "成员",
            "宗教团体",
            "组织",
            "民间组织",
            "的组织",
            "民间团体",
            "学生组织",
            "小团体"
        ]
    ],
    "色夺": [
        "色夺",
        "Color capture",
        "颜色捕捉",
        [
            "颜色",
            "捕捉",
            "色调",
            "黄色",
            "红色",
            "紫色",
            "蓝色",
            "捕猎",
            "捕食",
            "白色",
            "粉红色",
            "橙色",
            "色",
            "捕获",
            "猎杀",
            "捕捉到",
            "猎捕",
            "猎取",
            "抓取",
            "捉到"
        ]
    ],
    "红笺": [
        "红笺",
        "Red lettering",
        "红色字体",
        [
            "红色",
            "字体",
            "黄色",
            "白色",
            "蓝色",
            "橙色",
            "紫色",
            "黑色",
            "粉红色",
            "金色",
            "深蓝色",
            "手写体",
            "字型",
            "宋体",
            "排版",
            "TrueType",
            "文字",
            "笔画",
            "大写",
            "大写字母"
        ]
    ],
    "胪传": [
        "胪传",
        "Dissemination",
        "传播",
        [
            "传播",
            "广泛传播",
            "散播",
            "传布",
            "扩散",
            "传递",
            "传播者",
            "传播方式",
            "的传播",
            "传扬"
        ]
    ],
    "玉则": [
        "玉则",
        "Yuze",
        "玉泽",
        []
    ],
    "衣鲜": [
        "衣鲜",
        "Fresh clothes",
        "新鲜衣服",
        [
            "新鲜",
            "衣服",
            "鞋子",
            "衣物",
            "穿着",
            "大衣",
            "外套",
            "裤子",
            "美味",
            "鞋",
            "衣裳",
            "外衣",
            "食材",
            "好吃",
            "可口",
            "水果",
            "牛奶",
            "蜜糖",
            "甜食",
            "的食品"
        ]
    ],
    "柳汁": [
        "柳汁",
        "Willow juice",
        "柳汁",
        []
    ],
    "登梯": [
        "登梯",
        "Climb the ladder",
        "爬梯子",
        [
            "爬",
            "梯子",
            "爬到",
            "爬上",
            "跳下",
            "爬出",
            "台阶",
            "钻进",
            "踩",
            "碰到",
            "高处",
            "篱笆",
            "丢下",
            "攀",
            "顶上",
            "把手",
            "上到",
            "进去",
            "高台"
        ]
    ],
    "生菜": [
        "生菜",
        "Lettuce",
        "纸币",
        [
            "纸币",
            "钞票",
            "面额",
            "硬币",
            "货币",
            "面值",
            "纸钞",
            "邮票",
            "银币",
            "新币"
        ]
    ],
    "渴睡": [
        "渴睡",
        "Sleeping thirsty",
        "渴睡",
        []
    ],
    "味": [
        "味",
        "Taste",
        "尝",
        [
            "尝",
            "辄",
            "闻",
            "未尝",
            "言",
            "犹有",
            "谓",
            "忘",
            "叹",
            "惜"
        ]
    ],
    "高根": [
        "高根",
        "High root",
        "高根",
        [
            "高根",
            "林东",
            "青木",
            "大泽",
            "达夫",
            "铁西街道",
            "为了将",
            "<tr>",
            "</s>",
            "Pardosa"
        ]
    ],
    "一桂": [
        "一桂",
        "A laurel",
        "月桂树",
        []
    ],
    "名冠": [
        "名冠",
        "Famous crown",
        "著名王冠",
        [
            "著名",
            "王冠",
            "知名",
            "有名",
            "出名",
            "皇冠",
            "闻名",
            "徽章",
            "权杖",
            "闻名于世",
            "金色",
            "冠冕",
            "斗篷",
            "宝剑",
            "曾为",
            "盾牌",
            "享有盛誉",
            "项链",
            "广为人知",
            "都曾"
        ]
    ],
    "多魁": [
        "多魁",
        "Dorqui",
        "多基",
        []
    ],
    "镜绕": [
        "镜绕",
        "Mirror winding",
        "镜像绕组",
        [
            "镜像",
            "绕组",
            "电动机",
            "变压器",
            "电枢",
            "电感",
            "线圈",
            "定子",
            "电阻器",
            "并联",
            "链接",
            "复制",
            "电感器",
            "反转",
            "反向",
            "终端",
            "快照",
            "也就是说",
            "举例来说",
            "比如说"
        ]
    ],
    "江夏": [
        "江夏",
        "Jiang Xia",
        "江夏",
        [
            "江夏",
            "荆州",
            "襄阳",
            "豫章",
            "南郡",
            "颍川",
            "南康",
            "安陆",
            "零陵",
            "鄱阳"
        ]
    ],
    "标能": [
        "标能",
        "Mark energy",
        "标记能量",
        [
            "标记",
            "能量",
            "动能",
            "总能量",
            "热能",
            "标示",
            "热量",
            "标识",
            "记号",
            "高能量",
            "标明",
            "光子",
            "上标",
            "光能",
            "能量密度",
            "标有",
            "电磁场",
            "标示出",
            "上面",
            "标上"
        ]
    ],
    "夺锦": [
        "夺锦",
        "Winning brocade",
        "获胜织锦",
        [
            "获胜",
            "织锦",
            "获得胜利",
            "取得胜利",
            "取胜",
            "战胜",
            "胜出",
            "落败",
            "刺绣",
            "赢",
            "大获全胜",
            "完胜",
            "瓷",
            "绣花",
            "织造",
            "绸",
            "砚",
            "团花",
            "缯",
            "匠人"
        ]
    ],
    "天子": [
        "天子",
        "a son of heaven",
        "天堂之子",
        [
            "天堂",
            "地狱",
            "天国",
            "炼狱",
            "魔鬼",
            "国度",
            "尘世",
            "深渊",
            "彼岸",
            "天梯"
        ]
    ],
    "门生": [
        "门生",
        "pupil",
        "瞳孔",
        [
            "瞳孔",
            "眼睛",
            "眼睑",
            "视网膜",
            "虹膜",
            "胸部",
            "眼球",
            "双眼",
            "眼窝",
            "眼部"
        ]
    ],
    "独奏": [
        "独奏",
        "solo",
        "单独的",
        [
            "单独",
            "分开",
            "直接",
            "原则上",
            "另行",
            "实际上",
            "基本上",
            "之外",
            "实质上",
            "除此以外"
        ]
    ],
    "汉庭": [
        "汉庭",
        "Hanting",
        "寒亭",
        []
    ],
    "袍是": [
        "袍是",
        "The robe is",
        "长袍是",
        [
            "长袍",
            "头巾",
            "袍",
            "披风",
            "外衣",
            "帽",
            "冠冕",
            "斗篷",
            "上衣",
            "头带"
        ]
    ],
    "彰轮": [
        "彰轮",
        "Akira wheel",
        "阿基拉车轮",
        [
            "阿基拉",
            "车轮",
            "轮子",
            "前轮",
            "轮轴",
            "车架",
            "刹车",
            "后轮",
            "轴承",
            "链条",
            "飞轮",
            "梦工厂",
            "制作者",
            "阿凡达",
            "而出名",
            "起先",
            "早先",
            "<tr>",
            "Pardosa",
            "</s>"
        ]
    ],
    "前驱": [
        "前驱",
        "precursor",
        "先驱",
        [
            "先驱",
            "奠基人",
            "先驱者",
            "之父",
            "开创者",
            "鼻祖",
            "奠基者",
            "开拓者",
            "创始者",
            "先行者"
        ]
    ],
    "阆苑": [
        "阆苑",
        "Langyuan",
        "元朗",
        [
            "元朗",
            "屯门",
            "天水围",
            "元朗区",
            "大埔",
            "沙田",
            "荃湾",
            "黄大仙",
            "屯门区",
            "锦田"
        ]
    ],
    "宰相": [
        "宰相",
        "Prime minister",
        "总理",
        [
            "总理",
            "副总理",
            "首相",
            "外交部长",
            "副首相",
            "总统",
            "内政部长",
            "国防部长",
            "前总理",
            "英国首相"
        ]
    ],
    "还魁": [
        "还魁",
        "Also chief",
        "也是酋长",
        [
            "酋长",
            "首领",
            "部族",
            "部落",
            "族长",
            "印第安",
            "埃米尔",
            "加人",
            "头目",
            "仆从"
        ]
    ],
    "五百": [
        "五百",
        "Five hundred",
        "五百",
        []
    ],
    "致仕": [
        "致仕",
        "Zhishi",
        "致仕",
        [
            "致仕",
            "辞官",
            "罢官",
            "归乡",
            "告老",
            "乞休",
            "还乡",
            "罢职",
            "病卒",
            "起复"
        ]
    ],
    "归杖": [
        "归杖",
        "Return to staff",
        "返回工作人员",
        [
            "返回",
            "工作人员",
            "回到",
            "离开",
            "前往",
            "留在",
            "送回",
            "人员",
            "赶回",
            "来到",
            "职员",
            "调回",
            "返国",
            "现场",
            "管理人员",
            "技术人员",
            "负责人",
            "保安人员",
            "第一时间",
            "内部人员"
        ]
    ],
    "悬": [
        "悬",
        "suspend",
        "暂停",
        [
            "暂停",
            "停止",
            "中止",
            "终止",
            "取消",
            "延期",
            "延后",
            "无限期",
            "暂时",
            "暂时中止"
        ]
    ],
    "舆": [
        "舆",
        "sedan chair",
        "轿子",
        [
            "轿子",
            "牛车",
            "马车",
            "随从",
            "马鞭",
            "坐着",
            "装束",
            "马背",
            "老妇",
            "老妇人"
        ]
    ],
    "黄犊": [
        "黄犊",
        "Yellow calf",
        "黄色小牛",
        [
            "黄色",
            "小牛",
            "红色",
            "白色",
            "紫色",
            "粉红色",
            "橙色",
            "黄绿色",
            "蓝色",
            "橙黄色",
            "深蓝色",
            "马刺",
            "热火",
            "勇士队",
            "纽约尼克斯",
            "公牛",
            "公牛队",
            "洛杉矶湖人队",
            "圣安东尼奥马刺队",
            "杜兰特"
        ]
    ],
    "门边": [
        "门边",
        "The door",
        "门",
        [
            "门",
            "门内",
            "四门",
            "二门",
            "门上",
            "小门",
            "东门",
            "道门",
            "三门",
            "后门"
        ]
    ],
    "罗雀": [
        "罗雀",
        "Rosefinch",
        "朱雀",
        [
            "朱雀",
            "青龙",
            "白虎",
            "玄武",
            "盘龙",
            "麒麟",
            "七星",
            "和龙",
            "椿",
            "大鹰"
        ]
    ],
    "折腰": [
        "折腰",
        "bow",
        "弓",
        [
            "弓",
            "刀",
            "刀刃",
            "手",
            "刃",
            "绳",
            "腰",
            "镰",
            "槌",
            "头"
        ]
    ],
    "何苦": [
        "何苦",
        "why bother",
        "为什么这么麻烦",
        [
            "麻烦",
            "困难",
            "大麻烦",
            "棘手",
            "尴尬",
            "苦恼",
            "不快",
            "厌烦",
            "抱怨",
            "更糟"
        ]
    ],
    "致政": [
        "致政",
        "Administration",
        "管理",
        [
            "管理",
            "管理工作",
            "监管",
            "经营管理",
            "行政",
            "负责管理",
            "管理机构",
            "管理制度",
            "管理者",
            "政府机构"
        ]
    ],
    "辞闲": [
        "辞闲",
        "Idle words",
        "闲言碎语",
        []
    ],
    "宜先": [
        "宜先",
        "Appropriate first",
        "首先适当",
        [
            "适当",
            "必要",
            "合理",
            "合适",
            "恰当",
            "必需",
            "尽量",
            "相应",
            "前提",
            "须要"
        ]
    ],
    "角巾": [
        "角巾",
        "Corner towel",
        "角巾",
        []
    ],
    "银鱼": [
        "银鱼",
        "Whitebait",
        "银鱼",
        [
            "银鱼",
            "对虾",
            "泥鳅",
            "刀鱼",
            "肉松",
            "白鱼",
            "秋刀鱼",
            "鳖",
            "拟",
            "鳗鱼"
        ]
    ],
    "洛下": [
        "洛下",
        "Loxia",
        "洛西亚",
        [
            "西亚",
            "衣索比亚",
            "阿曼",
            "克里特",
            "马里",
            "萨拉",
            "奥拉",
            "迦纳",
            "的卡",
            "的希腊"
        ]
    ],
    "投版": [
        "投版",
        "Drop plate",
        "滑落炉篦",
        [
            "滑落",
            "炉",
            "篦",
            "下滑",
            "跌落",
            "攀升",
            "跌到",
            "失去平衡",
            "香烛",
            "上扬",
            "熔",
            "燃",
            "炼",
            "气化",
            "松动",
            "缩水",
            "磨",
            "火炉",
            "烧",
            "镂",
            "趺",
            "油灯",
            "缯",
            "蒸",
            "竹木",
            "竖",
            "绞",
            "琢",
            "锷",
            "大白"
        ]
    ],
    "非愚": [
        "非愚",
        "Not stupid",
        "不傻",
        [
            "傻",
            "屌",
            "傻瓜",
            "白痴",
            "疯",
            "蠢",
            "酷",
            "口头禅",
            "痴",
            "自嘲"
        ]
    ],
    "功成": [
        "功成",
        "Achievements",
        "成就",
        [
            "成就",
            "贡献",
            "成果",
            "才华",
            "建树",
            "功绩",
            "名声",
            "天分",
            "才智",
            "多才多艺"
        ]
    ],
    "身退": [
        "身退",
        "Back off",
        "后退",
        [
            "后退",
            "前进",
            "退却",
            "向前",
            "后撤",
            "继续前进",
            "退",
            "退后",
            "退到",
            "退缩"
        ]
    ]
}